{"type":"FeatureCollection","crs":{"type":"name","properties":{"name":"EPSG:4326"}},"features":[{"type":"Feature","id":1,"geometry":{"type":"LineString","coordinates":[[-63.5868772670285,44.6407761847087],[-63.5867270633231,44.6405299906631]]},"properties":{"GLOBALID":"9f0b1fff-c53f-40bd-aeef-4a1ed3394e29","OBJECTID":1,"TYPE":"SW_CLOSED","PERMIT_NO":"176395","START_DATE":"Mon, 15 Jul 2019 06:00:00 GMT","END_DATE":"Sat, 31 Aug 2019 06:00:00 GMT","COMMENTS":"Sidewalk closure at the corner of Spring Garden road and Robie Street","ADDDATE":"Thu, 01 Aug 2019 21:01:00 GMT","MODDATE":"Thu, 01 Aug 2019 21:01:00 GMT","STREET_NAME":"ROBIE ST","FROM_STR":"SPRING GARDEN RD","TO_STR":"BLISS ST","RDMID":2273}},{"type":"Feature","id":2,"geometry":{"type":"LineString","coordinates":[[-63.6057415672965,44.6572444916415],[-63.6059548021921,44.6570851801515]]},"properties":{"GLOBALID":"100c45db-86bd-4437-8305-dc5e934b4b53","OBJECTID":2,"TYPE":"SW_CLOSED","PERMIT_NO":"GP-2021-05550","START_DATE":"Mon, 07 Jun 2021 06:00:00 GMT","END_DATE":"Sun, 30 Apr 2023 03:00:00 GMT","COMMENTS":"Sidewalk encroachment to facilitate construction at 6189 Young Street.","ADDDATE":"Thu, 03 Jun 2021 18:57:09 GMT","MODDATE":"Wed, 05 Apr 2023 19:31:47 GMT","STREET_NAME":"YOUNG ST","FROM_STR":"WINDSOR ST","TO_STR":"KEMPT RD","RDMID":12161}},{"type":"Feature","id":3,"geometry":{"type":"LineString","coordinates":[[-63.5961778314905,44.6366367965094],[-63.5962797543427,44.6368810977312]]},"properties":{"GLOBALID":"532612e7-4691-4f90-acfd-fba6fc5fe01d","OBJECTID":3,"TYPE":"SW_CLOSED","PERMIT_NO":"174994","START_DATE":"Mon, 03 Jun 2019 06:00:00 GMT","END_DATE":"Fri, 05 Jul 2019 06:00:00 GMT","COMMENTS":"Sidewalk closed in front of 1459 Oxford Street","ADDDATE":"Thu, 30 May 2019 17:08:59 GMT","MODDATE":"Thu, 30 May 2019 17:08:59 GMT","STREET_NAME":"OXFORD ST","FROM_STR":"COBURG RD","TO_STR":"CASTINE WAY","RDMID":1601}},{"type":"Feature","id":4,"geometry":{"type":"LineString","coordinates":[[-63.5962064140863,44.6607356066945],[-63.5964853634399,44.6609225716245],[-63.5968716021811,44.6606402164004]]},"properties":{"GLOBALID":"35321ab8-f721-432b-b56a-c9dbe6d3a777","OBJECTID":4,"TYPE":"SW_CLOSED","PERMIT_NO":"DEV-ROW-2024-02070","START_DATE":"Wed, 22 May 2024 06:00:00 GMT","END_DATE":"Fri, 22 May 2026 06:00:00 GMT","COMMENTS":"Encroachment to Facilitate safe construction activities for the Multi Family Development at 5510 Macara St.","ADDDATE":"Fri, 15 Nov 2024 20:51:06 GMT","MODDATE":"Fri, 15 Nov 2024 20:52:49 GMT","STREET_NAME":"MACARA ST","FROM_STR":"GOTTINGEN ST","TO_STR":"ISLEVILLE ST","RDMID":30053}},{"type":"Feature","id":5,"geometry":{"type":"LineString","coordinates":[[-63.6076259021825,44.6528684826773],[-63.6081449083295,44.6532701291515]]},"properties":{"GLOBALID":"cc28fdaa-fdfb-490a-8054-e37fe7926565","OBJECTID":5,"TYPE":"SW_CLOSED","PERMIT_NO":"TPW-ROW-2023-05023","START_DATE":"Tue, 23 May 2023 03:00:00 GMT","END_DATE":"Wed, 24 May 2023 03:00:00 GMT","COMMENTS":"May 23-24: Partial street closure (including sidewalk) to replace lead water line in front of 2913 Oxford St.","ADDDATE":"Wed, 10 May 2023 15:36:07 GMT","MODDATE":"Wed, 10 May 2023 15:36:07 GMT","STREET_NAME":"OXFORD ST","FROM_STR":"LIVERPOOL ST","TO_STR":"LONDON ST","RDMID":24321}},{"type":"Feature","id":6,"geometry":{"type":"LineString","coordinates":[[-63.5789544451245,44.670645808154],[-63.5795740365322,44.6710005983169]]},"properties":{"GLOBALID":"03db1c7a-bcc0-4417-a455-33a1a2844763","OBJECTID":6,"TYPE":"SW_CLOSED","PERMIT_NO":"DEV-ROW-2025-01628","START_DATE":"Mon, 09 Jun 2025 06:00:00 GMT","END_DATE":"Thu, 12 Jun 2025 06:00:00 GMT","COMMENTS":"Sidewalk closed for water line installation","ADDDATE":"Mon, 09 Jun 2025 21:33:00 GMT","MODDATE":"Mon, 09 Jun 2025 21:35:15 GMT","STREET_NAME":"WYSE RD","FROM_STR":"FAULKNER ST","TO_STR":"DAWSON ST","RDMID":30101}},{"type":"Feature","id":7,"geometry":{"type":"LineString","coordinates":[[-63.5773855976679,44.6496082123626],[-63.5769939959844,44.6488449391692],[-63.5769886312456,44.6488449391692]]},"properties":{"GLOBALID":"b99e0449-2106-4d47-9568-5863a44a43cb","OBJECTID":7,"TYPE":"SW_CLOSED","PERMIT_NO":"DEV-ROW-2023-01291","START_DATE":"Mon, 01 May 2023 03:00:00 GMT","END_DATE":"Fri, 31 Oct 2025 06:00:00 GMT","COMMENTS":"Sidewalk closed. Public parking removed on east side of street.","ADDDATE":"Tue, 10 Oct 2023 20:12:54 GMT","MODDATE":"Mon, 07 Apr 2025 19:49:36 GMT","STREET_NAME":"ALBEMARLE ST","FROM_STR":"DUKE ST","TO_STR":"COGSWELL ST","RDMID":28817}},{"type":"Feature","id":8,"geometry":{"type":"LineString","coordinates":[[-63.610045533265,44.6540998049794],[-63.6110352691972,44.6533976475997],[-63.6110272220889,44.6534033714428],[-63.6110299044583,44.6534014639212]]},"properties":{"GLOBALID":"468d4893-99fa-4cb2-97fb-7cd869d310ed","OBJECTID":8,"TYPE":"SW_CLOSED","PERMIT_NO":"186214","START_DATE":"Mon, 13 Jul 2020 06:00:00 GMT","END_DATE":"Sat, 31 Dec 2022 08:00:00 GMT","COMMENTS":"Sidewalk closed. Use other side.","ADDDATE":"Wed, 08 Sep 2021 20:04:47 GMT","MODDATE":"Thu, 10 Feb 2022 16:48:02 GMT","STREET_NAME":"YOUNG ST","FROM_STR":"OXFORD ST","TO_STR":"CONNOLLY ST","RDMID":13490}},{"type":"Feature","id":9,"geometry":{"type":"LineString","coordinates":[[-63.580907475977,44.652080246357],[-63.5813761710782,44.6517558692805]]},"properties":{"GLOBALID":"8af736af-0d66-45e9-ac0d-624cdf144562","OBJECTID":9,"TYPE":"SW_CLOSED","PERMIT_NO":"168090","START_DATE":"Tue, 04 Dec 2018 08:00:00 GMT","END_DATE":"Mon, 31 Jan 2022 08:00:00 GMT","COMMENTS":null,"ADDDATE":"Wed, 24 Apr 2019 20:12:51 GMT","MODDATE":"Tue, 22 Feb 2022 17:38:37 GMT","STREET_NAME":"PORTLAND PL","FROM_STR":"GOTTINGEN ST","TO_STR":"BRUNSWICK ST","RDMID":701}},{"type":"Feature","id":10,"geometry":{"type":"LineString","coordinates":[[-63.5903450559777,44.6546424599259],[-63.59083858231,44.6542732592916],[-63.5908399234947,44.6542742127185],[-63.5908399234947,44.6542732592916]]},"properties":{"GLOBALID":"7a69664e-60d6-4d56-97ef-b1983b8dbe10","OBJECTID":10,"TYPE":"SW_CLOSED","PERMIT_NO":"173267","START_DATE":"Mon, 02 Sep 2019 06:00:00 GMT","END_DATE":"Fri, 30 Sep 2022 06:00:00 GMT","COMMENTS":"Sidewalk closed. Use other side.","ADDDATE":"Wed, 08 Sep 2021 19:56:02 GMT","MODDATE":"Wed, 08 Sep 2021 19:56:02 GMT","STREET_NAME":"ROBERTS ST","FROM_STR":"MAYNARD ST","TO_STR":"AGRICOLA ST","RDMID":13474}},{"type":"Feature","id":11,"geometry":{"type":"LineString","coordinates":[[-63.5690342299661,44.6429908582725],[-63.5687847839813,44.6425948668016]]},"properties":{"GLOBALID":"29904382-1224-4f3e-997a-c2485b7288e7","OBJECTID":11,"TYPE":"SW_TEMP","PERMIT_NO":"2021-06679","START_DATE":"Mon, 10 Oct 2022 03:00:00 GMT","END_DATE":"Sat, 30 Sep 2023 03:00:00 GMT","COMMENTS":"Bike lane closed. Relocated, protected sidewalk on street.","ADDDATE":"Mon, 24 Oct 2022 20:03:31 GMT","MODDATE":"Mon, 24 Oct 2022 20:03:31 GMT","STREET_NAME":"LOWER WATER ST","FROM_STR":"MORRIS ST","TO_STR":"BISHOP ST","RDMID":21138}},{"type":"Feature","id":12,"geometry":{"type":"LineString","coordinates":[[-63.6100840072103,44.6539233198684],[-63.6096535129665,44.6542247872236]]},"properties":{"GLOBALID":"194e6608-6431-41ee-a5b3-851eba476496","OBJECTID":12,"TYPE":"SW_CLOSED","PERMIT_NO":"DEV-ROW-2023-07960","START_DATE":"Mon, 08 Apr 2024 06:00:00 GMT","END_DATE":"Fri, 31 Oct 2025 06:00:00 GMT","COMMENTS":null,"ADDDATE":"Fri, 05 Apr 2024 19:26:54 GMT","MODDATE":"Tue, 29 Jul 2025 16:31:13 GMT","STREET_NAME":"YOUNG ST","FROM_STR":"CONNOLLY ST","TO_STR":"OXFORD ST","RDMID":30019}},{"type":"Feature","id":13,"geometry":{"type":"LineString","coordinates":[[-63.5852658564955,44.653351519424],[-63.5856279548101,44.6536358170168]]},"properties":{"GLOBALID":"574d8811-3a58-4cbd-bf8f-eeb56e2034ad","OBJECTID":13,"TYPE":"SW_CLOSED","PERMIT_NO":"DEV-ROW-2022-06284","START_DATE":"Mon, 01 May 2023 03:00:00 GMT","END_DATE":"Wed, 31 Dec 2025 04:00:00 GMT","COMMENTS":null,"ADDDATE":"Thu, 14 Sep 2023 17:51:02 GMT","MODDATE":"Tue, 29 Apr 2025 15:44:02 GMT","STREET_NAME":"GOTTINGEN ST","FROM_STR":"PRINCE WILLIAM ST","TO_STR":"CUNARD ST","RDMID":28481}},{"type":"Feature","id":14,"geometry":{"type":"LineString","coordinates":[[-63.5863054983333,44.6369564237392],[-63.5864248565868,44.6371978592964],[-63.5864261977716,44.6371978592964]]},"properties":{"GLOBALID":"e0b7d10e-0c4e-413e-a06e-63c875eab11a","OBJECTID":14,"TYPE":"SW_CLOSED","PERMIT_NO":"DEV-ROW-2025-05016","START_DATE":"Thu, 17 Jul 2025 06:00:00 GMT","END_DATE":"Sun, 31 Aug 2025 06:00:00 GMT","COMMENTS":null,"ADDDATE":"Thu, 17 Jul 2025 20:34:40 GMT","MODDATE":"Thu, 17 Jul 2025 20:34:40 GMT","STREET_NAME":"EDWARD ST","FROM_STR":"EDWARD ST","TO_STR":"EDWARD ST","RDMID":30109}},{"type":"Feature","id":16,"geometry":{"type":"LineString","coordinates":[[-63.6315679942727,44.6521251300358],[-63.6315063033689,44.6524037103385]]},"properties":{"GLOBALID":"1da23315-72b5-4c3d-8d86-4b148a76461b","OBJECTID":16,"TYPE":"SW_CLOSED","PERMIT_NO":"DEV-ROW-2025-03029","START_DATE":"Mon, 24 Mar 2025 06:00:00 GMT","END_DATE":"Tue, 24 Jun 2025 06:00:00 GMT","COMMENTS":null,"ADDDATE":"Mon, 24 Mar 2025 21:34:45 GMT","MODDATE":"Mon, 24 Mar 2025 21:34:45 GMT","STREET_NAME":"WESTERWALD ST","FROM_STR":"MELROSE AVE","TO_STR":"WESTERWALD ST","RDMID":30074}},{"type":"Feature","id":17,"geometry":{"type":"LineString","coordinates":[[-63.5961053904477,44.6501975410905],[-63.5956547802298,44.6503082140264],[-63.5954294737734,44.6501250314079]]},"properties":{"GLOBALID":"7c2c3ef7-1d6b-44f6-93a3-b22cee18560e","OBJECTID":17,"TYPE":"SW_CLOSED","PERMIT_NO":"DEV-ROW-2024-12410","START_DATE":"Wed, 23 Apr 2025 06:00:00 GMT","END_DATE":"Fri, 23 Apr 2027 06:00:00 GMT","COMMENTS":"Sidewalk Closed to facilitate safe construction of a new building at 2300 Windsor Street","ADDDATE":"Tue, 27 May 2025 20:27:46 GMT","MODDATE":"Tue, 27 May 2025 20:27:46 GMT","STREET_NAME":"WINDSOR ST","FROM_STR":"CHEBUCTO RD","TO_STR":"CUNARD ST","RDMID":30099}},{"type":"Feature","id":19,"geometry":{"type":"LineString","coordinates":[[-63.5893561087663,44.6448614763179],[-63.5891603074754,44.6445141593541]]},"properties":{"GLOBALID":"2da1f3b9-2feb-44a9-81fe-555cb6812649","OBJECTID":19,"TYPE":"S_CLOSED_SW_TEMP","PERMIT_NO":"DEV-ROW-2024-03737","START_DATE":"Wed, 17 Jul 2024 06:00:00 GMT","END_DATE":"Wed, 30 Sep 2026 06:00:00 GMT","COMMENTS":"Emergency 24 hour Contact - J2K Properties, Jim Kanellakos 902-471-4349. Sidewalk closed. Reloacted, protected sidewalk on street.","ADDDATE":"Fri, 19 Jul 2024 18:15:47 GMT","MODDATE":"Tue, 19 Nov 2024 18:03:49 GMT","STREET_NAME":"ROBIE ST","FROM_STR":"CHERRY ST","TO_STR":"CEDAR ST","RDMID":30034}},{"type":"Feature","id":20,"geometry":{"type":"LineString","coordinates":[[-63.5714384037374,44.6450870982908],[-63.5706163069119,44.6453046465998]]},"properties":{"GLOBALID":"36bd07ed-e59a-4290-bfb1-13d80b78239f","OBJECTID":20,"TYPE":"SW_CLOSED","PERMIT_NO":"DEV-ROW-2023-04032","START_DATE":"Fri, 12 Apr 2024 06:00:00 GMT","END_DATE":"Tue, 30 Jun 2026 06:00:00 GMT","COMMENTS":"24 hour Emergency Contact, Universal Contracts Ltd, Pam Priest, 902-425-8877.  North side sidewalk on Salter closed from Lower Water to Hollis.","ADDDATE":"Fri, 19 Apr 2024 18:52:08 GMT","MODDATE":"Tue, 19 Nov 2024 19:10:06 GMT","STREET_NAME":"SALTER ST","FROM_STR":"HOLLIS ST","TO_STR":"LOWER WATER ST","RDMID":30023}},{"type":"Feature","id":21,"geometry":{"type":"LineString","coordinates":[[-63.6257266254758,44.6398999109554],[-63.6260310573391,44.6398178453632],[-63.6260756479132,44.6398060370513],[-63.6261242629397,44.6397951817627],[-63.6264964205889,44.6397200352162],[-63.6275042602691,44.6394912539521],[-63.6282344917804,44.6391842219098]]},"properties":{"GLOBALID":"1516613c-8119-4dce-8a49-bf65e00be32a","OBJECTID":21,"TYPE":"SW_CLOSED","PERMIT_NO":"186215","START_DATE":"Mon, 26 Oct 2020 06:00:00 GMT","END_DATE":"Fri, 30 Oct 2020 06:00:00 GMT","COMMENTS":null,"ADDDATE":"Fri, 23 Oct 2020 02:47:37 GMT","MODDATE":"Fri, 23 Oct 2020 02:49:36 GMT","STREET_NAME":"ST MARGARETS BAY RD","FROM_STR":"BALCOMES DR","TO_STR":"FENWOOD RD","RDMID":8961}},{"type":"Feature","id":22,"geometry":{"type":"LineString","coordinates":[[-63.5901847866496,44.6471416581402],[-63.5866549986744,44.6468210708366]]},"properties":{"GLOBALID":"d343f45a-2ca6-4002-b11f-1d954e9ea701","OBJECTID":22,"TYPE":"SW_CLOSED","PERMIT_NO":"DEV-ROW-2023-05208","START_DATE":"Thu, 21 Mar 2024 06:00:00 GMT","END_DATE":"Mon, 31 Dec 2029 08:00:00 GMT","COMMENTS":"South side sidewalk closed between Robie Street and Summer Street. Pedestrians to use north side sidewalk on Bell Road. South side bike lane closed. Cylists are asked to share the Bell Road between Robie Street and Summer Street.","ADDDATE":"Tue, 26 Mar 2024 15:16:44 GMT","MODDATE":"Wed, 19 Feb 2025 18:43:11 GMT","STREET_NAME":"BELL RD","FROM_STR":"ROBIE ST","TO_STR":"SUMMER ST","RDMID":30013}},{"type":"Feature","id":23,"geometry":{"type":"LineString","coordinates":[[-63.594479791923,44.6804524559825],[-63.5950108705291,44.6802235964984],[-63.5950940185918,44.6802369468035],[-63.5952361751889,44.68050013389]]},"properties":{"GLOBALID":"03ddbd3f-afd9-4c94-b073-8a0678735e6d","OBJECTID":23,"TYPE":"SW_CLOSED","PERMIT_NO":"DEV-ROW-2024-08665","START_DATE":"Thu, 04 Jul 2024 06:00:00 GMT","END_DATE":"Fri, 04 Jul 2025 06:00:00 GMT","COMMENTS":null,"ADDDATE":"Sat, 09 Nov 2024 00:35:19 GMT","MODDATE":"Sat, 09 Nov 2024 00:35:19 GMT","STREET_NAME":"WINDMILL RD","FROM_STR":"PARKSTONE RD","TO_STR":"STONE AVE","RDMID":30049}},{"type":"Feature","id":24,"geometry":{"type":"LineString","coordinates":[[-63.5883661527468,44.6421774748539],[-63.588017465381,44.6422690784654],[-63.5879799149038,44.642188924754]]},"properties":{"GLOBALID":"b2c7fb67-b48a-47da-9565-c0ae443ffe45","OBJECTID":24,"TYPE":"SW_CLOSED","PERMIT_NO":"DEMO-2021-19225","START_DATE":"Tue, 14 Jun 2022 06:00:00 GMT","END_DATE":"Wed, 15 Jun 2022 06:00:00 GMT","COMMENTS":null,"ADDDATE":"Tue, 17 May 2022 22:29:08 GMT","MODDATE":"Tue, 14 Jun 2022 14:42:08 GMT","STREET_NAME":"BINNEY ST","FROM_STR":"ROBIE ST","TO_STR":"BINNEY ST","RDMID":17297}},{"type":"Feature","id":25,"geometry":{"type":"LineString","coordinates":[[-63.5790767983612,44.6340766296369],[-63.5793409964795,44.6346206020979]]},"properties":{"GLOBALID":"7975b8a0-272b-4100-9e8a-50c084b30a9d","OBJECTID":25,"TYPE":"SW_CLOSED","PERMIT_NO":"TPW-ROW-2023-07588","START_DATE":"Mon, 07 Aug 2023 03:00:00 GMT","END_DATE":"Fri, 18 Aug 2023 03:00:00 GMT","COMMENTS":"Sidewalk in front of and near 1041 Wellington Street to be closed Only. Sidewalk located on opposite side. Appropriate signs shall be in place.","ADDDATE":"Tue, 20 Jun 2023 20:41:27 GMT","MODDATE":"Tue, 20 Jun 2023 20:41:27 GMT","STREET_NAME":"WELLINGTON ST","FROM_STR":"LUNDYS LANE","TO_STR":"INGLIS ST","RDMID":26241}},{"type":"Feature","id":26,"geometry":{"type":"LineString","coordinates":[[-63.5737795418269,44.6450901245586],[-63.5735300958421,44.6451550074472]]},"properties":{"GLOBALID":"c3486da9-52ed-4a3f-b0f8-a2431c9b9c50","OBJECTID":26,"TYPE":"S_CLOSED_SW_CLOSED","PERMIT_NO":"177327","START_DATE":"Mon, 27 Apr 2020 06:00:00 GMT","END_DATE":"Sun, 31 May 2020 06:00:00 GMT","COMMENTS":"sidewalk and lane closed to facilitate demolition","ADDDATE":"Mon, 27 Apr 2020 14:08:45 GMT","MODDATE":"Wed, 13 May 2020 17:03:17 GMT","STREET_NAME":"BLOWERS ST","FROM_STR":"ARGYLE ST","TO_STR":"BARRINGTON ST","RDMID":5761}},{"type":"Feature","id":27,"geometry":{"type":"LineString","coordinates":[[-63.5962010439575,44.6607340361433],[-63.5956297334031,44.660350566083]]},"properties":{"GLOBALID":"60d59c52-933a-410a-b00f-a49704c160ab","OBJECTID":27,"TYPE":"SW_CLOSED","PERMIT_NO":"DEV-ROW-2022-00242","START_DATE":"Fri, 01 Apr 2022 03:00:00 GMT","END_DATE":"Fri, 28 Mar 2025 06:00:00 GMT","COMMENTS":"Sidewalk Closed to Facilitate safe Construction Activities","ADDDATE":"Tue, 06 Sep 2022 18:41:35 GMT","MODDATE":"Fri, 12 Apr 2024 21:11:09 GMT","STREET_NAME":"GOTTINGEN ST","FROM_STR":"MACARA ST","TO_STR":"ALMON ST","RDMID":20801}},{"type":"Feature","id":28,"geometry":{"type":"LineString","coordinates":[[-63.6327761510747,44.6552718670235],[-63.6324891546128,44.6554435861042],[-63.6322195926539,44.6555303991797]]},"properties":{"GLOBALID":"b42fb720-ba06-4246-8322-81d0e660c1a6","OBJECTID":28,"TYPE":"SW_TEMP","PERMIT_NO":"182768","START_DATE":"Mon, 25 May 2020 06:00:00 GMT","END_DATE":"Mon, 01 Nov 2021 06:00:00 GMT","COMMENTS":"Relocated protected sidewalk across street.","ADDDATE":"Mon, 25 May 2020 15:46:53 GMT","MODDATE":"Thu, 25 Feb 2021 22:00:04 GMT","STREET_NAME":"ROSEDALE AVE","FROM_STR":"DUTCH VILLAGE RD","TO_STR":"ALEX ST","RDMID":6401}},{"type":"Feature","id":29,"geometry":{"type":"LineString","coordinates":[[-63.5774178561698,44.6441184665323],[-63.5772220548789,44.6441356420852],[-63.5771845044017,44.6441222834643],[-63.5771469530262,44.6441031994408],[-63.5770611216957,44.6440573987815],[-63.5760955270884,44.6433665707672],[-63.576092844719,44.6433665707672],[-63.576092844719,44.6433684786188]]},"properties":{"GLOBALID":"53355110-7670-4060-8122-5df76a498462","OBJECTID":29,"TYPE":"S_CLOSED_SW_TEMP","PERMIT_NO":"DEV-ROW-2025-0166","START_DATE":"Mon, 03 Mar 2025 08:00:00 GMT","END_DATE":"Tue, 04 Mar 2025 08:00:00 GMT","COMMENTS":"Closure is to facilitate development work,pedestrian detour will be in place .Traffic should expect delay and are advise to use alternative routes.","ADDDATE":"Thu, 13 Feb 2025 22:49:34 GMT","MODDATE":"Wed, 19 Feb 2025 16:54:07 GMT","STREET_NAME":"QUEEN ST","FROM_STR":"ARTILLERY PL","TO_STR":"SPRING GARDEN RD","RDMID":30070}},{"type":"Feature","id":30,"geometry":{"type":"LineString","coordinates":[[-63.5827812161326,44.6525248453508],[-63.5815742226489,44.6517043672687],[-63.581906815798,44.651566983826]]},"properties":{"GLOBALID":"6e3619e6-54a2-4719-8393-5170bc341abf","OBJECTID":30,"TYPE":"SW_CLOSED","PERMIT_NO":"DEV-ROW-2021-19681","START_DATE":"Thu, 18 Aug 2022 03:00:00 GMT","END_DATE":"Wed, 25 Dec 2024 08:00:00 GMT","COMMENTS":"Sidewalk Closure to Facilitate Safe Construction Activities For a Multi Unit Development","ADDDATE":"Mon, 29 Aug 2022 21:07:31 GMT","MODDATE":"Mon, 04 Mar 2024 23:40:37 GMT","STREET_NAME":"MAITLAND ST","FROM_STR":"CORNWALLIS ST","TO_STR":"PORTLAND PL","RDMID":20481}},{"type":"Feature","id":31,"geometry":{"type":"LineString","coordinates":[[-63.5710061020833,44.6397803047153],[-63.5704321091595,44.6399329836292]]},"properties":{"GLOBALID":"fadee6db-3580-4fbe-9e45-017ff2a435e7","OBJECTID":31,"TYPE":"SW_CLOSED","PERMIT_NO":"DEV-ROW-2022-01800","START_DATE":"Sat, 30 Dec 2023 08:00:00 GMT","END_DATE":"Wed, 31 Dec 2025 08:00:00 GMT","COMMENTS":"24hr Emergency Contact: Universal Group: Pam Priest: 902-430-6721 Sidewalk closed due to construction. Please use temporary crosswalk in front of 5236 South St.","ADDDATE":"Thu, 28 Mar 2024 15:03:11 GMT","MODDATE":"Thu, 02 Jan 2025 20:40:04 GMT","STREET_NAME":"SOUTH ST","FROM_STR":"CHURCH ST","TO_STR":"BARRINGTON ST","RDMID":30014}},{"type":"Feature","id":32,"geometry":{"type":"LineString","coordinates":[[-63.5967327190449,44.6619316680869],[-63.5960889899056,44.6623723604871]]},"properties":{"GLOBALID":"5f55bebf-fc1e-4124-b22c-3f8a5e901b05","OBJECTID":32,"TYPE":"SW_CLOSED","PERMIT_NO":"DEV-ROW-2024-17261","START_DATE":"Wed, 20 Nov 2024 08:00:00 GMT","END_DATE":"Thu, 21 Nov 2024 08:00:00 GMT","COMMENTS":null,"ADDDATE":"Tue, 19 Nov 2024 21:59:59 GMT","MODDATE":"Tue, 19 Nov 2024 21:59:59 GMT","STREET_NAME":"RUSSELL ST","FROM_STR":"GOTTINGEN ST","TO_STR":"VINCENT ST","RDMID":30061}},{"type":"Feature","id":33,"geometry":{"type":"LineString","coordinates":[[-63.6031682470454,44.6488632496171],[-63.6031400839629,44.6488441677924],[-63.6032996750631,44.6487325379058],[-63.603429761896,44.648640943861],[-63.6034820654051,44.6486008717406],[-63.603504864647,44.6486180453273],[-63.6035048637487,44.6486170911683]]},"properties":{"GLOBALID":"3e190ca5-f42d-4ebd-bfe5-f689af8f4050","OBJECTID":33,"TYPE":"SW_TEMP","PERMIT_NO":"DEV-ROW-2023-07630","START_DATE":"Wed, 25 Jun 2025 06:00:00 GMT","END_DATE":"Mon, 22 Sep 2025 06:00:00 GMT","COMMENTS":null,"ADDDATE":"Wed, 30 Jul 2025 18:26:39 GMT","MODDATE":"Wed, 30 Jul 2025 18:26:39 GMT","STREET_NAME":"NORTH ST","FROM_STR":"CONNOLLY ST","TO_STR":"OXFORD ST","RDMID":30113}},{"type":"Feature","id":34,"geometry":{"type":"LineString","coordinates":[[-63.5898152781322,44.6354725324009],[-63.5908157426439,44.6352377703192]]},"properties":{"GLOBALID":"cde2413e-9894-425c-af71-21789c13bde9","OBJECTID":34,"TYPE":"SW_CLOSED","PERMIT_NO":"DEV-ROW-2022-11406","START_DATE":"Wed, 07 Sep 2022 06:00:00 GMT","END_DATE":"Wed, 31 Dec 2025 08:00:00 GMT","COMMENTS":"Sidewalk closed, please use nearby crosswalks. ELLIS DON emergency contact Tim Clarke 902-403-1062","ADDDATE":"Thu, 22 May 2025 18:05:16 GMT","MODDATE":"Thu, 22 May 2025 21:32:04 GMT","STREET_NAME":"SOUTH ST","FROM_STR":"LEMARCHANT ST","TO_STR":"DALHOUSIE ST","RDMID":30095}},{"type":"Feature","id":35,"geometry":{"type":"LineString","coordinates":[[-63.6167280656292,44.6613017499173],[-63.6161460264954,44.6609068367698]]},"properties":{"GLOBALID":"c6d234df-8f67-40e1-b7f6-102f76c06809","OBJECTID":35,"TYPE":"S_CLOSED_SW_CLOSED","PERMIT_NO":"DEV-ROW-2024-04128","START_DATE":"Fri, 04 Oct 2024 06:00:00 GMT","END_DATE":"Sun, 04 Oct 2026 06:00:00 GMT","COMMENTS":"Lane and sidewalk closed, please use nearby crosswalk. Peter Metlej Holdings Limited: 24hr emergency contact Peter Metlej 902-440-5100","ADDDATE":"Thu, 22 May 2025 17:40:19 GMT","MODDATE":"Thu, 22 May 2025 17:40:19 GMT","STREET_NAME":"STRAWBERRY HILL ST","FROM_STR":"WINDSOR ST","TO_STR":"WINDSOR ST","RDMID":30094}},{"type":"Feature","id":36,"geometry":{"type":"LineString","coordinates":[[-63.5866676325806,44.68356839721],[-63.5865737541418,44.683640865709]]},"properties":{"GLOBALID":"c9f463c5-8359-4be5-a3fb-5b21e060b311","OBJECTID":36,"TYPE":"SW_TEMP","PERMIT_NO":"DEV-ROW-2025-03620","START_DATE":"Mon, 14 Apr 2025 06:00:00 GMT","END_DATE":"Thu, 01 May 2025 06:00:00 GMT","COMMENTS":null,"ADDDATE":"Mon, 14 Apr 2025 19:20:41 GMT","MODDATE":"Thu, 24 Apr 2025 14:59:40 GMT","STREET_NAME":"BRULE ST","FROM_STR":"PINECREST DR","TO_STR":"BURKE ST","RDMID":30086}},{"type":"Feature","id":37,"geometry":{"type":"LineString","coordinates":[[-63.5855016831222,44.6415197109234],[-63.5856626145087,44.641815518404],[-63.5855258217522,44.6418498702293],[-63.5854238989,44.6416571188032]]},"properties":{"GLOBALID":"c40e6ae5-cde9-4afd-bfcf-840e4dd48d05","OBJECTID":37,"TYPE":"S_CLOSED_SW_CLOSED","PERMIT_NO":"DEV-ROW-2022-02359","START_DATE":"Mon, 02 May 2022 06:00:00 GMT","END_DATE":"Fri, 31 Jan 2025 08:00:00 GMT","COMMENTS":null,"ADDDATE":"Tue, 19 Nov 2024 18:06:07 GMT","MODDATE":"Tue, 19 Nov 2024 18:51:19 GMT","STREET_NAME":"CARLTON ST","FROM_STR":"SPRING GARDEN RD","TO_STR":"CARLTON ST","RDMID":30058}},{"type":"Feature","id":38,"geometry":{"type":"LineString","coordinates":[[-63.5910944961648,44.6552520741662],[-63.5907860425439,44.6554733992582]]},"properties":{"GLOBALID":"8d3ac87d-bdfc-4d48-8826-15307e447901","OBJECTID":38,"TYPE":"S_CLOSED_SW_CLOSED","PERMIT_NO":"DEV-ROW-2021-17823","START_DATE":"Fri, 25 Feb 2022 08:00:00 GMT","END_DATE":"Fri, 30 Jun 2023 06:00:00 GMT","COMMENTS":"Sidewalk and lane closure to facilitate construction at 2495 Maynard Street.","ADDDATE":"Tue, 19 Apr 2022 14:22:50 GMT","MODDATE":"Tue, 19 Apr 2022 14:22:50 GMT","STREET_NAME":"CHARLES ST","FROM_STR":"MAYNARD ST","TO_STR":"CREIGHTON ST","RDMID":16657}},{"type":"Feature","id":39,"geometry":{"type":"LineString","coordinates":[[-63.5784244588698,44.6379252460284],[-63.5786068483135,44.6378832578343]]},"properties":{"GLOBALID":"30651878-5551-4067-9d8c-c3713c85f234","OBJECTID":39,"TYPE":"SW_CLOSED","PERMIT_NO":"DEV-ROW-2022-06329","START_DATE":"Wed, 25 May 2022 06:00:00 GMT","END_DATE":"Tue, 31 May 2022 06:00:00 GMT","COMMENTS":null,"ADDDATE":"Wed, 18 May 2022 15:45:39 GMT","MODDATE":"Wed, 18 May 2022 15:45:39 GMT","STREET_NAME":"SOUTH ST","FROM_STR":"SOUTH PARK ST","TO_STR":"TOWER RD","RDMID":17313}},{"type":"Feature","id":41,"geometry":{"type":"LineString","coordinates":[[-63.5704554860181,44.6430777564599],[-63.5705907893679,44.6433184225792]]},"properties":{"GLOBALID":"90303886-e6a5-4dd2-84f3-51159dd3d837","OBJECTID":41,"TYPE":"S_CLOSED_SW_CLOSED","PERMIT_NO":"157600","START_DATE":"Mon, 04 Jan 2016 08:00:00 GMT","END_DATE":"Thu, 31 Oct 2019 06:00:00 GMT","COMMENTS":null,"ADDDATE":"Wed, 24 Apr 2019 20:12:51 GMT","MODDATE":"Thu, 16 May 2019 17:58:04 GMT","STREET_NAME":"HOLLIS ST","FROM_STR":"BISHOP ST","TO_STR":"MORRIS ST","RDMID":679}},{"type":"Feature","id":42,"geometry":{"type":"LineString","coordinates":[[-63.5860288082427,44.6530056451242],[-63.5859081088045,44.6530924618494]]},"properties":{"GLOBALID":"7686e93a-a02e-4e77-adb9-008504c93a7c","OBJECTID":42,"TYPE":"SW_CLOSED","PERMIT_NO":"2024-03584","START_DATE":"Mon, 01 Jul 2024 06:00:00 GMT","END_DATE":"Tue, 31 Mar 2026 06:00:00 GMT","COMMENTS":"Sidewalk closed adjacent project site. Parking lane removed to accommodate drive-thru for construction material deliveries.","ADDDATE":"Fri, 19 Jul 2024 17:22:40 GMT","MODDATE":"Tue, 29 Jul 2025 20:14:11 GMT","STREET_NAME":"CUNARD ST","FROM_STR":"CREIGHTON ST","TO_STR":"GOTTINGEN ST","RDMID":30033}},{"type":"Feature","id":43,"geometry":{"type":"LineString","coordinates":[[-63.592130235721,44.6467022713607],[-63.5922495939745,44.646674601746]]},"properties":{"GLOBALID":"e42e8a72-ba49-47ba-819a-f80554e3b1c0","OBJECTID":43,"TYPE":"SW_TEMP","PERMIT_NO":"DEV-ROW-2024-15046","START_DATE":"Wed, 09 Oct 2024 06:00:00 GMT","END_DATE":"Fri, 29 Aug 2025 06:00:00 GMT","COMMENTS":"24HR Emergency Contact: BG custom homes: Terry Hollman: 902-300-4970: Sidewalk encroachment for construction at 6058 Quinpool Rd. Sidewalk to remain open and 1.5m wide maintained.","ADDDATE":"Wed, 09 Oct 2024 18:39:34 GMT","MODDATE":"Tue, 19 Nov 2024 20:32:20 GMT","STREET_NAME":"QUINPOOL RD","FROM_STR":"ROBIE ST","TO_STR":"VERNON ST","RDMID":30044}},{"type":"Feature","id":44,"geometry":{"type":"LineString","coordinates":[[-63.5666886461142,44.6756286444837],[-63.5668562843226,44.6754941782369],[-63.5668536019532,44.67549322452]]},"properties":{"GLOBALID":"40d77c1f-453d-432a-b19e-a97125bfb6a3","OBJECTID":44,"TYPE":"SW_TEMP","PERMIT_NO":"DEV-ROW-2023-10460","START_DATE":"Mon, 15 Jan 2024 08:00:00 GMT","END_DATE":"Fri, 26 Jan 2024 08:00:00 GMT","COMMENTS":"Sidewalk closure for residential demolition and construction","ADDDATE":"Tue, 02 Jan 2024 16:51:25 GMT","MODDATE":"Tue, 02 Jan 2024 16:51:25 GMT","STREET_NAME":"THISTLE ST","FROM_STR":"MAYFLOWER ST","TO_STR":"CLEVELAND CRES","RDMID":30007}},{"type":"Feature","id":45,"geometry":{"type":"LineString","coordinates":[[-63.5730477211958,44.6464567000328],[-63.5732857001859,44.6469168686066]]},"properties":{"GLOBALID":"6f3960de-36f8-408b-9ee8-46ba10fe1914","OBJECTID":45,"TYPE":"SW_CLOSED","PERMIT_NO":"139178","START_DATE":"Wed, 02 Jan 2019 08:00:00 GMT","END_DATE":"Fri, 24 May 2019 06:00:00 GMT","COMMENTS":null,"ADDDATE":"Wed, 24 Apr 2019 20:12:51 GMT","MODDATE":"Fri, 10 May 2019 16:32:14 GMT","STREET_NAME":"GRANVILLE ST","FROM_STR":"SACKVILLE ST","TO_STR":"PRINCE ST","RDMID":692}},{"type":"Feature","id":46,"geometry":{"type":"LineString","coordinates":[[-63.5724498447635,44.6466307581554],[-63.572625529182,44.6469818779124]]},"properties":{"GLOBALID":"f68e2b47-eef9-4705-9405-1960850f108e","OBJECTID":46,"TYPE":"SW_TEMP","PERMIT_NO":"DEV-ROW-2023-00287","START_DATE":"Tue, 12 Aug 2025 06:00:00 GMT","END_DATE":"Thu, 14 Aug 2025 06:00:00 GMT","COMMENTS":null,"ADDDATE":"Wed, 13 Aug 2025 19:27:08 GMT","MODDATE":"Wed, 13 Aug 2025 19:27:08 GMT","STREET_NAME":"HOLLIS ST","FROM_STR":"SACKVILLE ST","TO_STR":"PRINCE ST","RDMID":30119}},{"type":"Feature","id":47,"geometry":{"type":"LineString","coordinates":[[-63.5986774773119,44.6449380670279],[-63.59837438843,44.645022033814]]},"properties":{"GLOBALID":"d99f6bde-8769-4c1c-ad5e-fe51a702d8b7","OBJECTID":47,"TYPE":"SW_TEMP","PERMIT_NO":"173172","START_DATE":"Sat, 14 Dec 2019 08:00:00 GMT","END_DATE":"Tue, 01 Nov 2022 06:00:00 GMT","COMMENTS":null,"ADDDATE":"Tue, 07 Jan 2020 19:18:00 GMT","MODDATE":"Tue, 28 Apr 2020 15:01:31 GMT","STREET_NAME":"QUINPOOL RD","FROM_STR":"PRESTON ST","TO_STR":"OXFORD ST","RDMID":4161}},{"type":"Feature","id":48,"geometry":{"type":"LineString","coordinates":[[-63.5895325989735,44.6526974640315],[-63.5885871203403,44.6534139398142],[-63.5889874401737,44.6536896516994]]},"properties":{"GLOBALID":"ad931328-f0d6-493c-ae1b-219b6b23ad42","OBJECTID":48,"TYPE":"SW_CLOSED","PERMIT_NO":"TPW-ROW-2023-10334","START_DATE":"Sat, 19 Aug 2023 03:00:00 GMT","END_DATE":"Sat, 09 Sep 2023 03:00:00 GMT","COMMENTS":"Sidewalk closure for window cleaning on Harris Street and Maynard Street for Apartment building 5677 Harris Street. Sidewalk detour signage shall be in place. Sidewalks shall reopen when work is not taking place.","ADDDATE":"Thu, 10 Aug 2023 15:48:23 GMT","MODDATE":"Thu, 10 Aug 2023 15:48:23 GMT","STREET_NAME":"HARRIS ST","FROM_STR":"AGRICOLA ST","TO_STR":"MAYNARD ST","RDMID":27841}},{"type":"Feature","id":49,"geometry":{"type":"LineString","coordinates":[[-63.5988323369854,44.6448595621241],[-63.5996960087406,44.6446152957734]]},"properties":{"GLOBALID":"66f5023e-0938-46be-b8a8-4ffec707fc90","OBJECTID":49,"TYPE":"SW_TEMP","PERMIT_NO":"DEV-ROW-2023-14529","START_DATE":"Fri, 12 Jan 2024 08:00:00 GMT","END_DATE":"Mon, 12 Jan 2026 08:00:00 GMT","COMMENTS":null,"ADDDATE":"Wed, 12 Jun 2024 22:19:30 GMT","MODDATE":"Wed, 12 Jun 2024 22:19:30 GMT","STREET_NAME":"QUINPOOL RD","FROM_STR":"PRESTON ST","TO_STR":"OXFORD ST","RDMID":30028}},{"type":"Feature","id":50,"geometry":{"type":"LineString","coordinates":[[-63.5702443540786,44.6395321997445],[-63.5707915251046,44.6393718852876]]},"properties":{"GLOBALID":"a017353a-433b-41b0-beeb-2749bd5a8d3e","OBJECTID":50,"TYPE":"SW_CLOSED","PERMIT_NO":"DEV-ROW-2022-01800","START_DATE":"Sat, 30 Dec 2023 08:00:00 GMT","END_DATE":"Fri, 30 Jan 2026 08:00:00 GMT","COMMENTS":"24hr Emergency Contact: Universal Group: Pam Priest: 902-430-6721 Sidewalk closed due to construction. Safe crossing is at intersection of Tobin St & Queen St.","ADDDATE":"Thu, 28 Mar 2024 15:07:28 GMT","MODDATE":"Tue, 19 Nov 2024 18:50:12 GMT","STREET_NAME":"TOBIN ST","FROM_STR":"QUEEN ST","TO_STR":"BARRINGTON ST","RDMID":30016}},{"type":"Feature","id":51,"geometry":{"type":"LineString","coordinates":[[-63.6110930901588,44.6031603800697],[-63.6099102362034,44.6024194113872]]},"properties":{"GLOBALID":"e39e0db2-8af1-4080-b9ff-84449bca774e","OBJECTID":51,"TYPE":"SW_CLOSED","PERMIT_NO":"Dev-Row 202407702","START_DATE":"Sat, 01 Jun 2024 06:00:00 GMT","END_DATE":"Tue, 31 Dec 2024 08:00:00 GMT","COMMENTS":"Sidewalk closed for utility installation.","ADDDATE":"Wed, 24 Jul 2024 15:40:02 GMT","MODDATE":"Fri, 08 Nov 2024 18:52:44 GMT","STREET_NAME":"HERRING COVE RD","FROM_STR":"GREYSTONE DR","TO_STR":"ROY ST","RDMID":30037}},{"type":"Feature","id":52,"geometry":{"type":"LineString","coordinates":[[-63.5386161731112,44.6821197752946],[-63.5382460285866,44.6821846173915]]},"properties":{"GLOBALID":"4d0060a2-a6a5-4e4f-8a70-bb89591a0138","OBJECTID":52,"TYPE":"S_CLOSED_SW_CLOSED","PERMIT_NO":"DEV-ROW-2023-13546","START_DATE":"Fri, 10 Nov 2023 08:00:00 GMT","END_DATE":"Mon, 31 Mar 2025 06:00:00 GMT","COMMENTS":null,"ADDDATE":"Fri, 15 Mar 2024 22:18:41 GMT","MODDATE":"Fri, 15 Nov 2024 22:05:22 GMT","STREET_NAME":"MAIN ST","FROM_STR":"MAJOR ST","TO_STR":"HELENE AVE","RDMID":30012}},{"type":"Feature","id":53,"geometry":{"type":"LineString","coordinates":[[-63.5843166408707,44.6383087339821],[-63.5836299947187,44.6384900459046]]},"properties":{"GLOBALID":"fe341fe3-d945-4a48-a548-251807e6bfb8","OBJECTID":53,"TYPE":"SW_CLOSED","PERMIT_NO":"2022-08013","START_DATE":"Thu, 01 Sep 2022 03:00:00 GMT","END_DATE":"Sun, 30 Nov 2025 04:00:00 GMT","COMMENTS":"Sidewalk closed. Temporary crosswalk installed at west end of closure.","ADDDATE":"Fri, 16 Jun 2023 15:01:18 GMT","MODDATE":"Fri, 16 Jun 2023 15:01:18 GMT","STREET_NAME":"UNIVERSITY AVE","FROM_STR":"ROBIE ST","TO_STR":"SUMMER ST","RDMID":25922}},{"type":"Feature","id":54,"geometry":{"type":"LineString","coordinates":[[-63.5680263426752,44.6644977961027],[-63.5681524122421,44.6643890599621],[-63.5682918873681,44.6644710882371]]},"properties":{"GLOBALID":"12d935ca-7b56-481b-8003-1799780c2c55","OBJECTID":54,"TYPE":"SW_CLOSED","PERMIT_NO":"177347","START_DATE":"Tue, 29 Oct 2019 06:00:00 GMT","END_DATE":"Thu, 28 Nov 2019 08:00:00 GMT","COMMENTS":"sidewalk will be temporarally closed during the erection and teardown of the walkthrough scaffolding. Proposed to be inaccessible until Nov 29th.","ADDDATE":"Mon, 28 Oct 2019 19:18:05 GMT","MODDATE":"Mon, 18 Nov 2019 16:00:56 GMT","STREET_NAME":"ALDERNEY DR","FROM_STR":"PORTLAND ST","TO_STR":"PORTLAND ST","RDMID":3201}},{"type":"Feature","id":55,"geometry":{"type":"LineString","coordinates":[[-63.6443923001497,44.6668936751654],[-63.6442099098076,44.6673801114856],[-63.6437458868442,44.6677730734893]]},"properties":{"GLOBALID":"60216c46-ec0c-48e9-ba2a-96e2c1560e7a","OBJECTID":55,"TYPE":"SW_CLOSED","PERMIT_NO":"DEV-ROW-2025-09220","START_DATE":"Mon, 21 Jul 2025 06:00:00 GMT","END_DATE":"Thu, 24 Jul 2025 06:00:00 GMT","COMMENTS":"Sidewalk closed for water tie in for Seton Ridge Subdivision","ADDDATE":"Tue, 08 Jul 2025 21:49:14 GMT","MODDATE":"Tue, 08 Jul 2025 21:49:14 GMT","STREET_NAME":"BAYVIEW CRES","FROM_STR":"WOODBANK TERR","TO_STR":"LADY SLIPPER DR","RDMID":30106}},{"type":"Feature","id":56,"geometry":{"type":"LineString","coordinates":[[-63.6063302674382,44.686311591315],[-63.6073924228537,44.6862353126357],[-63.6085155972332,44.6861666615469],[-63.6086088046305,44.6862429409552],[-63.608945422232,44.6868379110172],[-63.6095757413208,44.6871582770792],[-63.6089346927543,44.6868417251374],[-63.6086946350626,44.6863516373738],[-63.608526326711,44.6861599873973],[-63.6073924228537,44.6862276849539]]},"properties":{"GLOBALID":"c6480cb9-95f2-4ea1-bcf0-177186859ad4","OBJECTID":56,"TYPE":"SW_CLOSED","PERMIT_NO":"DEV-ROW-2025-10913","START_DATE":"Mon, 11 Aug 2025 06:00:00 GMT","END_DATE":"Fri, 19 Dec 2025 08:00:00 GMT","COMMENTS":null,"ADDDATE":"Fri, 25 Jul 2025 19:52:34 GMT","MODDATE":"Fri, 01 Aug 2025 15:43:08 GMT","STREET_NAME":"PRINCESS MARGARET BLVD","FROM_STR":"PRINCESS MARGARET BLVD","TO_STR":"HUDSON WAY","RDMID":30112}},{"type":"Feature","id":57,"geometry":{"type":"LineString","coordinates":[[-63.5982225947066,44.658659992287],[-63.5979329158752,44.6584577573865]]},"properties":{"GLOBALID":"de68def9-845b-449e-9f21-c39631a1b4a8","OBJECTID":57,"TYPE":"SW_TEMP","PERMIT_NO":"DEV-ROW-2022-04629","START_DATE":"Mon, 08 Aug 2022 03:00:00 GMT","END_DATE":"Mon, 22 Aug 2022 03:00:00 GMT","COMMENTS":"Sidewalk closure only.","ADDDATE":"Wed, 03 Aug 2022 16:06:52 GMT","MODDATE":"Wed, 03 Aug 2022 16:06:52 GMT","STREET_NAME":"AGRICOLA ST","FROM_STR":"BILBY ST","TO_STR":"ALMON ST","RDMID":19841}},{"type":"Feature","id":58,"geometry":{"type":"LineString","coordinates":[[-63.5897852618253,44.6448881925772],[-63.5894419391984,44.644983608784]]},"properties":{"GLOBALID":"8f8b2365-7977-4cae-bfba-8cec7791f47a","OBJECTID":58,"TYPE":"SW_CLOSED","PERMIT_NO":"DEV-ROW-2024-03733","START_DATE":"Mon, 03 Jun 2024 06:00:00 GMT","END_DATE":"Wed, 30 Sep 2026 06:00:00 GMT","COMMENTS":"Emergency 24 hour Contact - J2K Properties, Jim Kanellakos 902-471-4349.  Sidewalk closed.","ADDDATE":"Fri, 19 Jul 2024 18:23:25 GMT","MODDATE":"Tue, 19 Nov 2024 18:20:07 GMT","STREET_NAME":"CHERRY ST","FROM_STR":"ROBIE ST","TO_STR":"VERNON ST","RDMID":30036}},{"type":"Feature","id":59,"geometry":{"type":"LineString","coordinates":[[-63.5868105392709,44.6834274096904],[-63.586805174532,44.683484621642],[-63.5867863997426,44.6835284839935],[-63.5867166617305,44.683610487098],[-63.5866201027189,44.6837001187406],[-63.5864859923318,44.6838011919292],[-63.5864269828991,44.6838679386634],[-63.5863036019898,44.6838774738137]]},"properties":{"GLOBALID":"0bf707ab-7f5b-421c-802b-efc2ee7df1f5","OBJECTID":59,"TYPE":"S_CLOSED_SW_TEMP","PERMIT_NO":"DEV-ROW-2024-16675","START_DATE":"Mon, 25 Aug 2025 06:00:00 GMT","END_DATE":"Fri, 29 Aug 2025 06:00:00 GMT","COMMENTS":null,"ADDDATE":"Fri, 01 Aug 2025 14:58:00 GMT","MODDATE":"Fri, 01 Aug 2025 14:58:00 GMT","STREET_NAME":"BRULE ST","FROM_STR":"PINECREST DR","TO_STR":"BURKE ST","RDMID":30115}},{"type":"Feature","id":60,"geometry":{"type":"LineString","coordinates":[[-63.5817121553675,44.650817631584],[-63.5813058006521,44.6505428601722],[-63.5813044594674,44.6505428601722]]},"properties":{"GLOBALID":"8a09cf7b-f752-465d-a751-61525e439dc1","OBJECTID":60,"TYPE":"S_CLOSED_SW_TEMP","PERMIT_NO":"185182","START_DATE":"Mon, 22 Mar 2021 06:00:00 GMT","END_DATE":"Mon, 31 Mar 2025 03:00:00 GMT","COMMENTS":"West side sidewalk closed. Right lane lane closure from 9am until 9pm daily. Temporary crosswalk installed at 2020 Gotttingen Street.","ADDDATE":"Wed, 31 Mar 2021 15:40:09 GMT","MODDATE":"Wed, 05 Apr 2023 19:40:11 GMT","STREET_NAME":"GOTTINGEN ST","FROM_STR":"FALKLAND ST","TO_STR":"COGSWELL ST","RDMID":11526}},{"type":"Feature","id":61,"geometry":{"type":"LineString","coordinates":[[-63.5735703080275,44.6462501143028],[-63.572942662325,44.6464123175054]]},"properties":{"GLOBALID":"718d78b2-d9d2-4ec5-bdf1-99581b95b191","OBJECTID":61,"TYPE":"SW_CLOSED","PERMIT_NO":"152969","START_DATE":"Mon, 30 May 2016 06:00:00 GMT","END_DATE":"Sun, 31 Oct 2021 06:00:00 GMT","COMMENTS":"sidewalk open on Barrington and Sackville. Sidewalk Closed on Granville","ADDDATE":"Wed, 24 Apr 2019 20:12:51 GMT","MODDATE":"Tue, 28 Apr 2020 14:51:35 GMT","STREET_NAME":"SACKVILLE ST","FROM_STR":"BARRINGTON ST","TO_STR":"GRANVILLE ST","RDMID":643}},{"type":"Feature","id":62,"geometry":{"type":"LineString","coordinates":[[-63.5709934403294,44.6459559936962],[-63.570900850973,44.6456368116586]]},"properties":{"GLOBALID":"391a8ace-ce13-4c07-8528-4a08f46164a3","OBJECTID":62,"TYPE":"SW_TEMP","PERMIT_NO":"157628","START_DATE":"Thu, 08 Dec 2016 08:00:00 GMT","END_DATE":"Fri, 01 May 2020 06:00:00 GMT","COMMENTS":"This was required due to exterior façade exceeding lifespan and breaking away from building endangering pedestrians.\nContact Bob Blackmore at 902-490-6250 for more info.","ADDDATE":"Wed, 24 Apr 2019 20:12:51 GMT","MODDATE":"Thu, 16 Apr 2020 14:04:15 GMT","STREET_NAME":"LOWER WATER ST","FROM_STR":"SALTER ST","TO_STR":"SACKVILLE ST","RDMID":668}},{"type":"Feature","id":63,"geometry":{"type":"LineString","coordinates":[[-63.6057181131827,44.6572248668738],[-63.605921961582,44.6570731874897],[-63.6059233018684,44.6570731868507]]},"properties":{"GLOBALID":"3c430f37-1982-4640-980a-1c44a94d5014","OBJECTID":63,"TYPE":"S_CLOSED_SW_TEMP","PERMIT_NO":"GP-2021-05550","START_DATE":"Fri, 27 Aug 2021 06:00:00 GMT","END_DATE":"Sat, 31 Dec 2022 04:00:00 GMT","COMMENTS":"Lane closure and temporary sidewalk to facilitate construction at 6189 Young Street.","ADDDATE":"Fri, 27 Aug 2021 22:39:56 GMT","MODDATE":"Thu, 24 Nov 2022 19:38:30 GMT","STREET_NAME":"YOUNG ST","FROM_STR":"KEMPT RD","TO_STR":"WINDSOR ST","RDMID":13153}},{"type":"Feature","id":64,"geometry":{"type":"LineString","coordinates":[[-63.5728262370709,44.6463658182011],[-63.5724221164657,44.6455796026071],[-63.5724221164657,44.6455948686708]]},"properties":{"GLOBALID":"9008ecf8-4667-46e2-8ae7-9fac0e22ec8b","OBJECTID":64,"TYPE":"SW_CLOSED","PERMIT_NO":"Dev-Row-2021-13630","START_DATE":"Tue, 26 Nov 2024 08:00:00 GMT","END_DATE":"Thu, 31 Dec 2026 08:00:00 GMT","COMMENTS":"Sidewalk Closed for construction of a new building.","ADDDATE":"Fri, 06 Dec 2024 22:54:16 GMT","MODDATE":"Fri, 06 Dec 2024 22:54:16 GMT","STREET_NAME":"GRANVILLE ST","FROM_STR":"SACKVILLE ST","TO_STR":"BLOWERS ST","RDMID":30066}},{"type":"Feature","id":65,"geometry":{"type":"LineString","coordinates":[[-63.5995522136165,44.6578562996453],[-63.5992169371996,44.658110048987]]},"properties":{"GLOBALID":"16aac09a-fa1d-4441-92c8-28654acf2b0e","OBJECTID":65,"TYPE":"S_CLOSED_SW_CLOSED","PERMIT_NO":"181022","START_DATE":"Thu, 14 May 2020 06:00:00 GMT","END_DATE":"Mon, 30 Jun 2025 06:00:00 GMT","COMMENTS":null,"ADDDATE":"Thu, 30 Apr 2020 20:43:55 GMT","MODDATE":"Fri, 10 Jan 2025 23:56:06 GMT","STREET_NAME":"BILBY ST","FROM_STR":"ROBIE ST","TO_STR":"AGRICOLA ST","RDMID":5857}},{"type":"Feature","id":66,"geometry":{"type":"LineString","coordinates":[[-63.5954878885214,44.6379639953363],[-63.5950163933715,44.6380885527631]]},"properties":{"GLOBALID":"a72b446c-645f-4a18-a5ee-990e874bed07","OBJECTID":66,"TYPE":"SW_CLOSED","PERMIT_NO":"166051","START_DATE":"Tue, 08 May 2018 06:00:00 GMT","END_DATE":"Sat, 31 Oct 2020 06:00:00 GMT","COMMENTS":null,"ADDDATE":"Wed, 24 Apr 2019 20:12:51 GMT","MODDATE":"Tue, 28 Apr 2020 14:53:22 GMT","STREET_NAME":"COBURG RD","FROM_STR":"LARCH ST","TO_STR":"LILAC ST","RDMID":688}},{"type":"Feature","id":67,"geometry":{"type":"LineString","coordinates":[[-63.5792286154408,44.6693028182506],[-63.5793680905668,44.6691883662835]]},"properties":{"GLOBALID":"282a518e-6042-4b96-9378-7fd253a51b30","OBJECTID":67,"TYPE":"SW_CLOSED","PERMIT_NO":"Dev-Row-2022-14201","START_DATE":"Wed, 07 Dec 2022 04:00:00 GMT","END_DATE":"Fri, 16 Dec 2022 04:00:00 GMT","COMMENTS":"Sidewalk Closed to Facilitate safe Demolition Activities","ADDDATE":"Wed, 07 Dec 2022 18:22:16 GMT","MODDATE":"Wed, 07 Dec 2022 18:22:16 GMT","STREET_NAME":"LYLE ST","FROM_STR":"DICKSON ST","TO_STR":"WILLIAMS ST","RDMID":22721}},{"type":"Feature","id":68,"geometry":{"type":"LineString","coordinates":[[-63.6110329326792,44.6543734297433],[-63.6117557899203,44.6539498491914]]},"properties":{"GLOBALID":"6aa91e50-eb4f-4ef8-bd1c-2cf8db6ba515","OBJECTID":68,"TYPE":"SW_CLOSED","PERMIT_NO":"186214","START_DATE":"Mon, 13 Jul 2020 06:00:00 GMT","END_DATE":"Fri, 30 Dec 2022 08:00:00 GMT","COMMENTS":"Sidewalk closed. Use other side.","ADDDATE":"Wed, 08 Sep 2021 19:59:09 GMT","MODDATE":"Wed, 08 Sep 2021 20:01:44 GMT","STREET_NAME":"BAYERS RD","FROM_STR":"OXFORD ST","TO_STR":"CONNOLLY ST","RDMID":13489}},{"type":"Feature","id":69,"geometry":{"type":"LineString","coordinates":[[-63.5974216756639,44.658278150054],[-63.5972366038507,44.6584117067186],[-63.5972419694879,44.6584078913659]]},"properties":{"GLOBALID":"1bdcc566-0056-43a9-9b03-83de3b86de4f","OBJECTID":69,"TYPE":"SW_CLOSED","PERMIT_NO":"174175","START_DATE":"Wed, 29 May 2019 06:00:00 GMT","END_DATE":"Fri, 31 May 2019 06:00:00 GMT","COMMENTS":"side walk closure is from 2797 Agicola Street to 5690 Almon Street","ADDDATE":"Wed, 08 May 2019 16:08:33 GMT","MODDATE":"Wed, 08 May 2019 16:13:36 GMT","STREET_NAME":"ALMON ST","FROM_STR":"AGRICOLA ST","TO_STR":"ISLEVILLE ST","RDMID":961}},{"type":"Feature","id":70,"geometry":{"type":"LineString","coordinates":[[-63.5845235192874,44.6527476052781],[-63.5844604871989,44.6526999032603]]},"properties":{"GLOBALID":"935044b0-c291-4451-99b8-de710335060f","OBJECTID":70,"TYPE":"SW_CLOSED","PERMIT_NO":"173914","START_DATE":"Fri, 05 Apr 2019 06:00:00 GMT","END_DATE":"Tue, 30 Jun 2020 06:00:00 GMT","COMMENTS":null,"ADDDATE":"Wed, 06 Nov 2019 17:51:38 GMT","MODDATE":"Fri, 24 Apr 2020 14:48:08 GMT","STREET_NAME":"GOTTINGEN ST","FROM_STR":"CUNARD ST","TO_STR":"CORNWALLIS ST","RDMID":3553}},{"type":"Feature","id":71,"geometry":{"type":"LineString","coordinates":[[-63.5729865306536,44.6441658592348],[-63.5730911367735,44.6441334172465]]},"properties":{"GLOBALID":"909e6aee-81e9-4348-9ff2-9731c44a268b","OBJECTID":71,"TYPE":"SW_TEMP","PERMIT_NO":"DEV-ROW-2024-17741","START_DATE":"Sat, 18 Jan 2025 08:00:00 GMT","END_DATE":"Sun, 15 Jun 2025 06:00:00 GMT","COMMENTS":"Walkthrough Scaffolding for exterior repairs to building. Emergency contact Jonathan Bacon (DORA Construction) 902-292-4702","ADDDATE":"Thu, 16 Jan 2025 19:35:30 GMT","MODDATE":"Thu, 22 May 2025 18:27:50 GMT","STREET_NAME":"ROBIE ST","FROM_STR":"BARRINGTON ST","TO_STR":"GRAFTON ST","RDMID":30068}},{"type":"Feature","id":72,"geometry":{"type":"LineString","coordinates":[[-63.5849788330841,44.6540345422887],[-63.5848111939774,44.6539248311742],[-63.5846516028772,44.6538189355071]]},"properties":{"GLOBALID":"774d3fd0-1e9e-4ba1-9213-02ae341a7f11","OBJECTID":72,"TYPE":"SW_CLOSED","PERMIT_NO":"DEV-ROW-2022-06284","START_DATE":"Mon, 01 May 2023 03:00:00 GMT","END_DATE":"Wed, 31 Dec 2025 04:00:00 GMT","COMMENTS":null,"ADDDATE":"Thu, 14 Sep 2023 17:53:08 GMT","MODDATE":"Tue, 29 Apr 2025 15:43:00 GMT","STREET_NAME":"MAITLAND ST","FROM_STR":"PRINCE WILLIAM ST","TO_STR":"MAITLAND ST","RDMID":28482}},{"type":"Feature","id":73,"geometry":{"type":"LineString","coordinates":[[-63.5503110622158,44.6574233750037],[-63.5501528114021,44.6574443620334],[-63.5499918791172,44.657486335431],[-63.5499087310545,44.6575168619259],[-63.5498228997241,44.657566468005],[-63.5495707722682,44.6577610739458],[-63.5495707722682,44.657762981963]]},"properties":{"GLOBALID":"2648b656-900c-4911-8b51-3149084621c6","OBJECTID":73,"TYPE":"SW_CLOSED","PERMIT_NO":"DEV-ROW-2023-13431","START_DATE":"Fri, 17 Nov 2023 08:00:00 GMT","END_DATE":"Mon, 01 Dec 2025 08:00:00 GMT","COMMENTS":null,"ADDDATE":"Wed, 22 Nov 2023 20:43:31 GMT","MODDATE":"Tue, 19 Nov 2024 19:03:24 GMT","STREET_NAME":"CHADWICK ST","FROM_STR":"PLEASANT ST","TO_STR":"GLENVIEW DR","RDMID":30005}},{"type":"Feature","id":74,"geometry":{"type":"LineString","coordinates":[[-63.5744949879669,44.6481676952207],[-63.5742965034083,44.6478089486245]]},"properties":{"GLOBALID":"48e03ab5-db1e-4c13-b4c5-c41af06625b0","OBJECTID":74,"TYPE":"SW_CLOSED","PERMIT_NO":"GP-2021-01055","START_DATE":"Thu, 03 Jul 2025 06:00:00 GMT","END_DATE":"Thu, 17 Jul 2025 06:00:00 GMT","COMMENTS":"Sidewalk closed during the day for manlift. Sidewalk will reopen at the end of each day.","ADDDATE":"Thu, 03 Jul 2025 21:03:35 GMT","MODDATE":"Thu, 03 Jul 2025 21:03:35 GMT","STREET_NAME":"BARRINGTON ST","FROM_STR":"GEORGE ST","TO_STR":"PRINCE ST","RDMID":30105}},{"type":"Feature","id":75,"geometry":{"type":"LineString","coordinates":[[-63.5869316079167,44.6566615497563],[-63.5865426877043,44.6563734495933],[-63.5865426877043,44.6563753576561]]},"properties":{"GLOBALID":"8d5efdeb-c660-4e47-8dcd-7074a6ea6dde","OBJECTID":75,"TYPE":"SW_CLOSED","PERMIT_NO":"DEV-ROW-2023-11994","START_DATE":"Thu, 05 Oct 2023 06:00:00 GMT","END_DATE":"Thu, 31 Jul 2025 06:00:00 GMT","COMMENTS":"24HR Emergency Contact: Dora Construction: Mauricio Vargas: 902-818-8554: Sidewalk closed due to construction.","ADDDATE":"Thu, 28 Mar 2024 15:31:54 GMT","MODDATE":"Thu, 22 May 2025 17:25:58 GMT","STREET_NAME":"BRUNSWICK ST","FROM_STR":"ARTZ ST","TO_STR":"UNIACKE ST","RDMID":30017}},{"type":"Feature","id":76,"geometry":{"type":"LineString","coordinates":[[-63.5710199792578,44.6459954515349],[-63.5706592212296,44.6453323162288]]},"properties":{"GLOBALID":"f57cd20b-2417-417e-97b5-c0e4ed905400","OBJECTID":76,"TYPE":"SW_CLOSED","PERMIT_NO":"DEV-ROW-2023-04032","START_DATE":"Fri, 12 Apr 2024 06:00:00 GMT","END_DATE":"Tue, 30 Jun 2026 06:00:00 GMT","COMMENTS":"24 hour Emergency Contact, Universal Contracts Ltd, Pam Priest, 902-425-8877.  West side sidewalk on Lower Water Street closed. Lower Water Street vehicular travel lane narrowed to 4 meters.","ADDDATE":"Fri, 19 Apr 2024 18:59:15 GMT","MODDATE":"Tue, 19 Nov 2024 19:09:13 GMT","STREET_NAME":"LOWER WATER ST","FROM_STR":"SACKVILLE ST","TO_STR":"SALTER ST","RDMID":30024}},{"type":"Feature","id":77,"geometry":{"type":"LineString","coordinates":[[-63.5776518690979,44.6405925609966],[-63.5775740848758,44.6404456089402]]},"properties":{"GLOBALID":"52beca06-86db-4ae2-a0b3-48cca51d881f","OBJECTID":77,"TYPE":"SW_CLOSED","PERMIT_NO":"182296","START_DATE":"Wed, 01 Jul 2020 06:00:00 GMT","END_DATE":"Thu, 31 Dec 2020 08:00:00 GMT","COMMENTS":"Sidewalk closed. Pedestrian management in place.","ADDDATE":"Mon, 14 Sep 2020 14:51:57 GMT","MODDATE":"Mon, 14 Sep 2020 14:51:57 GMT","STREET_NAME":"BRENTON ST","FROM_STR":"CLYDE ST","TO_STR":"MORRIS ST","RDMID":8641}},{"type":"Feature","id":79,"geometry":{"type":"LineString","coordinates":[[-63.6300420782018,44.6537136927377],[-63.6292132754527,44.6536774404252],[-63.6292132754527,44.6536755322736]]},"properties":{"GLOBALID":"5795439f-70c1-451d-95f3-56887b2103c8","OBJECTID":79,"TYPE":"SW_CLOSED","PERMIT_NO":"182768","START_DATE":"Mon, 01 Jun 2020 06:00:00 GMT","END_DATE":"Wed, 31 Aug 2022 06:00:00 GMT","COMMENTS":"Occasional sidewalk closures on Bayers Road frontage depending on construction activities.","ADDDATE":"Tue, 26 May 2020 15:00:05 GMT","MODDATE":"Thu, 10 Feb 2022 16:49:37 GMT","STREET_NAME":"BAYERS RD","FROM_STR":"JOSEPH HOWE DR","TO_STR":"ROWE AVE","RDMID":6418}},{"type":"Feature","id":80,"geometry":{"type":"LineString","coordinates":[[-63.5899074821112,44.6393333472136],[-63.5896848607192,44.6389106085827]]},"properties":{"GLOBALID":"5c5d5d43-515d-472e-821f-808a03e74e68","OBJECTID":80,"TYPE":"SW_CLOSED","PERMIT_NO":"166055","START_DATE":"Mon, 16 Apr 2018 06:00:00 GMT","END_DATE":"Sat, 31 Oct 2020 06:00:00 GMT","COMMENTS":null,"ADDDATE":"Wed, 24 Apr 2019 20:12:51 GMT","MODDATE":"Wed, 13 May 2020 17:02:15 GMT","STREET_NAME":"SEYMOUR ST","FROM_STR":"COBURG RD","TO_STR":"UNIVERSITY AVE","RDMID":671}},{"type":"Feature","id":81,"geometry":{"type":"LineString","coordinates":[[-63.6328860536615,44.6589882943027],[-63.6324823813156,44.6584474122994],[-63.6324823822139,44.658449320294]]},"properties":{"GLOBALID":"7b9a4ffe-54fc-4ed1-a7b4-2c6bf13f5e66","OBJECTID":81,"TYPE":"SW_CLOSED","PERMIT_NO":"DEV-ROW-2022-00120","START_DATE":"Fri, 02 Sep 2022 03:00:00 GMT","END_DATE":"Thu, 02 Oct 2025 06:00:00 GMT","COMMENTS":"Partial Sidewalk redirection and encroachment to facilitate the safe construction of a multi family residential building.","ADDDATE":"Tue, 06 Sep 2022 18:29:29 GMT","MODDATE":"Fri, 23 Aug 2024 16:25:31 GMT","STREET_NAME":"ALMA CRES","FROM_STR":"TITUS ST","TO_STR":"DUTCH VILLAGE RD","RDMID":20482}},{"type":"Feature","id":82,"geometry":{"type":"LineString","coordinates":[[-63.5641930364234,44.6703715184769],[-63.564124639596,44.6704354186435],[-63.5640401494503,44.6705536827018],[-63.5640052804442,44.6706051852212],[-63.5640441730044,44.670647149091],[-63.5640776999274,44.6706700395652],[-63.5641058639083,44.6707844879677],[-63.5641340260924,44.6709221734104],[-63.5641568253343,44.6710061025773]]},"properties":{"GLOBALID":"36d58979-fbf6-4c10-9d43-46d792bf5eef","OBJECTID":82,"TYPE":"SW_TEMP","PERMIT_NO":"DEV-ROW-2025-06633","START_DATE":"Thu, 15 May 2025 06:00:00 GMT","END_DATE":"Sat, 08 May 2027 06:00:00 GMT","COMMENTS":null,"ADDDATE":"Thu, 15 May 2025 18:47:06 GMT","MODDATE":"Thu, 15 May 2025 18:47:06 GMT","STREET_NAME":"CRICHTON AVE","FROM_STR":"OCHTERLONEY ST","TO_STR":"DAHLIA ST","RDMID":30091}},{"type":"Feature","id":83,"geometry":{"type":"LineString","coordinates":[[-63.5811804299744,44.6874176231122],[-63.580461598084,44.6875015283883]]},"properties":{"GLOBALID":"5e080ad1-f76f-4db1-a407-66f27bd35ef8","OBJECTID":83,"TYPE":"SW_CLOSED","PERMIT_NO":"DEV-ROW-2024-09236","START_DATE":"Mon, 12 Aug 2024 06:00:00 GMT","END_DATE":"Sat, 28 Feb 2026 08:00:00 GMT","COMMENTS":"24HR Emergency Contact: Innovation Architects: Amit Gandhi: 782-414-9955: Sidewalk closed due to construction, use temporary crosswalk at Primrose St.","ADDDATE":"Fri, 08 Nov 2024 19:58:46 GMT","MODDATE":"Tue, 19 Nov 2024 19:22:07 GMT","STREET_NAME":"CRYSTAL DR","FROM_STR":"PRIMROSE ST","TO_STR":"LEAMAN DR","RDMID":30046}},{"type":"Feature","id":84,"geometry":{"type":"LineString","coordinates":[[-63.5803122280152,44.669211256695],[-63.5800225500822,44.669035764374]]},"properties":{"GLOBALID":"f4cdf1f6-8d78-41cc-a571-edd8e1cd52e3","OBJECTID":84,"TYPE":"SW_CLOSED","PERMIT_NO":"DEV-ROW-2022-14208","START_DATE":"Thu, 08 Dec 2022 04:00:00 GMT","END_DATE":"Wed, 14 Dec 2022 04:00:00 GMT","COMMENTS":"Partial Lane Use to facilitate safe Demolition activities.","ADDDATE":"Wed, 07 Dec 2022 21:24:54 GMT","MODDATE":"Wed, 07 Dec 2022 21:24:54 GMT","STREET_NAME":"WILLIAM ST","FROM_STR":"FAULKNER ST","TO_STR":"LYLE ST","RDMID":22737}},{"type":"Feature","id":85,"geometry":{"type":"LineString","coordinates":[[-63.6115661636487,44.6674431071004],[-63.6112349116843,44.6675823599855]]},"properties":{"GLOBALID":"61b983f6-ca98-4c61-886b-ddce8b2f9de9","OBJECTID":85,"TYPE":"SW_CLOSED","PERMIT_NO":"Dev-Row-2024-17568","START_DATE":"Mon, 24 Mar 2025 06:00:00 GMT","END_DATE":"Wed, 31 Dec 2025 08:00:00 GMT","COMMENTS":"DEV-ROW-2024-17568","ADDDATE":"Thu, 10 Apr 2025 19:17:48 GMT","MODDATE":"Thu, 10 Apr 2025 19:17:48 GMT","STREET_NAME":"NORMANDY DR","FROM_STR":"HIGHLAND AVE","TO_STR":"ROSEMEADE AVE","RDMID":30085}},{"type":"Feature","id":86,"geometry":{"type":"LineString","coordinates":[[-63.5927734312611,44.6501462715951],[-63.5922772225594,44.6502626687819]]},"properties":{"GLOBALID":"75e86af2-efa6-428d-9b49-0e9fac270557","OBJECTID":86,"TYPE":"SW_CLOSED","PERMIT_NO":"DEV-ROW-2023-05801","START_DATE":"Thu, 01 Jun 2023 03:00:00 GMT","END_DATE":"Fri, 31 Oct 2025 03:00:00 GMT","COMMENTS":"24 hour Emergency Contact, Commonc View Holdings Ltd, Nick Tran. 902-943-9783 or Mahmood Albraheemi, 782-414-4857.  Sidewalk closed.","ADDDATE":"Tue, 10 Oct 2023 20:20:50 GMT","MODDATE":"Tue, 19 Nov 2024 18:52:36 GMT","STREET_NAME":"COMPTON AVE","FROM_STR":"WINDSOR ST","TO_STR":"ROBIE ST","RDMID":28818}},{"type":"Feature","id":88,"geometry":{"type":"LineString","coordinates":[[-63.5909259704208,44.6472452735351],[-63.5914074278872,44.6471164665451]]},"properties":{"GLOBALID":"bcddec4a-e427-40f8-9da7-318ed4696c34","OBJECTID":88,"TYPE":"SW_TEMP","PERMIT_NO":"181563","START_DATE":"Thu, 30 Apr 2020 03:00:00 GMT","END_DATE":"Wed, 30 Apr 2025 03:00:00 GMT","COMMENTS":"24 hour Emergency Contact, Design Build Solutions, Mike Ryall, 782-641-5877.  Sidewalk open however bus stop has been relocated 1 block west to former St Patricks School site.","ADDDATE":"Wed, 05 Apr 2023 20:48:48 GMT","MODDATE":"Tue, 19 Nov 2024 18:45:35 GMT","STREET_NAME":"QUINPOOL RD","FROM_STR":"ROBIE ST","TO_STR":"WINDSOR ST","RDMID":23697}},{"type":"Feature","id":90,"geometry":{"type":"LineString","coordinates":[[-63.5944559838731,44.6507016719927],[-63.5943057783711,44.6504726950228]]},"properties":{"GLOBALID":"a4509cfd-f855-413f-a38c-da9eb46c690f","OBJECTID":90,"TYPE":"SW_CLOSED","PERMIT_NO":"GP-2021-00162","START_DATE":"Thu, 28 Jan 2021 08:00:00 GMT","END_DATE":"Sun, 28 Feb 2021 08:00:00 GMT","COMMENTS":"Sidewalk encroachment for a single 4-hour period between January 28, 2021 and February 28, 2021 for service to signage at 6065 Cunard Street.","ADDDATE":"Thu, 28 Jan 2021 23:39:52 GMT","MODDATE":"Thu, 28 Jan 2021 23:39:52 GMT","STREET_NAME":"HUNTER ST","FROM_STR":"CHARLES ST","TO_STR":"CUNARD ST","RDMID":11217}},{"type":"Feature","id":91,"geometry":{"type":"LineString","coordinates":[[-63.5788991358525,44.6377444756681],[-63.5788642668464,44.6376280527226]]},"properties":{"GLOBALID":"c7675cb8-e508-4061-9817-6dccf59567d1","OBJECTID":91,"TYPE":"SW_CLOSED","PERMIT_NO":"DEV-ROW-2024-00740","START_DATE":"Mon, 04 Mar 2024 08:00:00 GMT","END_DATE":"Wed, 06 Mar 2024 08:00:00 GMT","COMMENTS":null,"ADDDATE":"Mon, 26 Feb 2024 19:30:16 GMT","MODDATE":"Mon, 26 Feb 2024 19:30:16 GMT","STREET_NAME":"TOWER RD","FROM_STR":"TOWER TERR","TO_STR":"SOUTH ST","RDMID":30010}},{"type":"Feature","id":92,"geometry":{"type":"LineString","coordinates":[[-63.598548022893,44.6443557613692],[-63.599250761465,44.644149659654]]},"properties":{"GLOBALID":"2c2954c2-a49e-4808-a2ac-6bbb3cd26a32","OBJECTID":92,"TYPE":"SW_TEMP","PERMIT_NO":"DEV-ROW-2023-14529","START_DATE":"Fri, 12 Jan 2024 08:00:00 GMT","END_DATE":"Mon, 12 Jan 2026 08:00:00 GMT","COMMENTS":"Sidewalk Closure to Facilitate safe construction activities","ADDDATE":"Wed, 12 Jun 2024 22:21:32 GMT","MODDATE":"Wed, 12 Jun 2024 22:21:32 GMT","STREET_NAME":"PEPPERELL ST","FROM_STR":"PRESTON ST","TO_STR":"OXFORD ST","RDMID":30029}},{"type":"Feature","id":93,"geometry":{"type":"LineString","coordinates":[[-63.6340929483306,44.6594104406252],[-63.6338300922953,44.6593112328576]]},"properties":{"GLOBALID":"bed97911-e643-4f1f-9e78-222fef021d3a","OBJECTID":93,"TYPE":"SW_CLOSED","PERMIT_NO":"DEV-ROW-2024-10548","START_DATE":"Tue, 01 Oct 2024 06:00:00 GMT","END_DATE":"Fri, 04 Oct 2024 06:00:00 GMT","COMMENTS":"Sidewalk Closure to facilitate the safe demolition of residential houses","ADDDATE":"Fri, 23 Aug 2024 16:11:27 GMT","MODDATE":"Fri, 23 Aug 2024 16:11:27 GMT","STREET_NAME":"TITUS ST","FROM_STR":"MAIN AVE","TO_STR":"ALMA CRES","RDMID":30043}},{"type":"Feature","id":94,"geometry":{"type":"LineString","coordinates":[[-63.5798728260771,44.6516026009584],[-63.5793810631378,44.651272812853],[-63.5793682721755,44.6512668834451],[-63.5793562224868,44.6512602143509],[-63.57934499837,44.6512528522263],[-63.579334678348,44.6512448485759],[-63.5793253346185,44.6512362593921],[-63.5793170325495,44.6512271447637],[-63.5793098302213,44.6512175684555],[-63.5793037780208,44.6512075974622],[-63.5792989182884,44.6511973015398],[-63.5792952850224,44.6511867527172],[-63.5792929036408,44.6511760247929],[-63.5792917908035,44.6511651928182],[-63.5792919542958,44.6511543325727],[-63.5792933929738,44.6511435200334],[-63.5792960967728,44.6511328308438],[-63.5793000467773,44.6511223397846]]},"properties":{"GLOBALID":"2a9f799b-b77c-40a6-93a3-d789cbfc77f1","OBJECTID":94,"TYPE":"SW_CLOSED","PERMIT_NO":"180485","START_DATE":"Sat, 01 Jun 2019 06:00:00 GMT","END_DATE":"Mon, 30 Jun 2025 06:00:00 GMT","COMMENTS":"Sidewalk and parking lane closure on Brunswick Street. Cogswell sidewalk to be closed and temporary protected sidewalk to be constructed for pedestrians.","ADDDATE":"Wed, 24 Apr 2019 20:12:51 GMT","MODDATE":"Wed, 28 May 2025 16:50:14 GMT","STREET_NAME":"BRUNSWICK ST","FROM_STR":"COGSWELL ST","TO_STR":"PORTLAND PL","RDMID":704}},{"type":"Feature","id":95,"geometry":{"type":"LineString","coordinates":[[-63.6078928374676,44.6614581930904],[-63.6074475910902,44.6617710685862]]},"properties":{"GLOBALID":"3bda99db-e3c9-45b2-91ef-f18deb2657a4","OBJECTID":95,"TYPE":"S_CLOSED_SW_CLOSED","PERMIT_NO":"174903","START_DATE":"Sat, 01 Dec 2018 08:00:00 GMT","END_DATE":"Mon, 31 Oct 2022 06:00:00 GMT","COMMENTS":null,"ADDDATE":"Thu, 16 Apr 2020 15:25:16 GMT","MODDATE":"Tue, 28 Apr 2020 15:03:48 GMT","STREET_NAME":"COLUMBUS ST","FROM_STR":"KEMPT RD","TO_STR":"ROBIE ST","RDMID":5123}},{"type":"Feature","id":96,"geometry":{"type":"LineString","coordinates":[[-63.5808091706405,44.6717804144317],[-63.5810988485736,44.6719330091149],[-63.5816352901219,44.6714141836363],[-63.5812812398139,44.6712158083745]]},"properties":{"GLOBALID":"aab50a71-5965-42fa-b816-1d908a375e71","OBJECTID":96,"TYPE":"SW_CLOSED","PERMIT_NO":"DEV-ROW-2022-13574","START_DATE":"Fri, 16 Dec 2022 04:00:00 GMT","END_DATE":"Thu, 01 Jan 2026 08:00:00 GMT","COMMENTS":"Multi Family Development ROW Encroachment","ADDDATE":"Mon, 17 Apr 2023 21:20:58 GMT","MODDATE":"Sat, 09 Nov 2024 00:28:19 GMT","STREET_NAME":"WYSE RD","FROM_STR":"PELZANT ST","TO_STR":"GEORGE ST","RDMID":24002}},{"type":"Feature","id":97,"geometry":{"type":"LineString","coordinates":[[-63.6688730104061,44.6375577811832],[-63.66828577362,44.6375617960628]]},"properties":{"GLOBALID":"a00cd07b-f459-4bc9-a349-f944fe78157e","OBJECTID":97,"TYPE":"SW_CLOSED","PERMIT_NO":"171504","START_DATE":"Wed, 09 Jan 2019 08:00:00 GMT","END_DATE":"Thu, 31 Oct 2024 06:00:00 GMT","COMMENTS":null,"ADDDATE":"Wed, 24 Apr 2019 20:12:51 GMT","MODDATE":"Tue, 28 Apr 2020 14:59:11 GMT","STREET_NAME":"CHAIN LAKE DR","FROM_STR":"LAKELANDS BLVD","TO_STR":"HOBSONS LAKE DR","RDMID":703}},{"type":"Feature","id":98,"geometry":{"type":"LineString","coordinates":[[-63.5704428377389,44.6399329836292],[-63.5702336263975,44.6395398335725]]},"properties":{"GLOBALID":"36f6dee9-b2d0-4704-a46e-c434f027b56b","OBJECTID":98,"TYPE":"SW_CLOSED","PERMIT_NO":"DEV-ROW-2022-01800","START_DATE":"Sat, 30 Dec 2023 08:00:00 GMT","END_DATE":"Wed, 31 Dec 2025 08:00:00 GMT","COMMENTS":"24hr Emergency Contact: Universal Group: Pam Priest: 902-430-6721 Sidewalk closed due to construction, but there is a temporary sidewalk in place.","ADDDATE":"Thu, 28 Mar 2024 15:05:29 GMT","MODDATE":"Thu, 02 Jan 2025 20:41:14 GMT","STREET_NAME":"BARRINGTON ST","FROM_STR":"SOUTH ST","TO_STR":"TOBIN ST","RDMID":30015}},{"type":"Feature","id":99,"geometry":{"type":"LineString","coordinates":[[-63.5916813206241,44.6474889382823],[-63.591670590248,44.6473114718432],[-63.5914057237831,44.6471153992398],[-63.5914828360654,44.6471721696294]]},"properties":{"GLOBALID":"046d07ba-ebb7-4a2b-baec-65949466f6d0","OBJECTID":99,"TYPE":"S_CLOSED_SW_TEMP","PERMIT_NO":"181563","START_DATE":"Thu, 09 Apr 2020 06:00:00 GMT","END_DATE":"Mon, 30 Jun 2025 03:00:00 GMT","COMMENTS":"24 hour Emergency Contact, Design Build Solutions, Mike Ryall, 782-641-5877.  Lane geometry changed. Relocated, protected sidewalk installed. Robie Street will not be affected until August 2020.","ADDDATE":"Tue, 28 Apr 2020 15:48:14 GMT","MODDATE":"Tue, 19 Nov 2024 18:46:32 GMT","STREET_NAME":"PARKER ST","FROM_STR":"QUINPOOL RD","TO_STR":"WINDSOR ST","RDMID":5809}},{"type":"Feature","id":100,"geometry":{"type":"LineString","coordinates":[[-63.5886473460919,44.6434252833543],[-63.5890818647881,44.6433107815786],[-63.5890818647881,44.6433088724467]]},"properties":{"GLOBALID":"a1681fec-98eb-47ff-a91c-863fdaa096da","OBJECTID":100,"TYPE":"SW_CLOSED","PERMIT_NO":"DEV-ROW-2024-16548","START_DATE":"Mon, 23 Jun 2025 06:00:00 GMT","END_DATE":"Mon, 21 Jun 2027 06:00:00 GMT","COMMENTS":"Sidewalk closed for construction. Please use alternative routes to cross at Jubilee & Edward St. Emergency Contact (TATE ENGINEERING) Tom Perry 902-818-3965","ADDDATE":"Mon, 23 Jun 2025 17:26:57 GMT","MODDATE":"Mon, 23 Jun 2025 17:26:57 GMT","STREET_NAME":"JUBILEE RD","FROM_STR":"EDWARD ST","TO_STR":"ROBIE ST","RDMID":30103}},{"type":"Feature","id":101,"geometry":{"type":"LineString","coordinates":[[-63.5893539384365,44.6380415002666],[-63.5890428024463,44.6374517546383]]},"properties":{"GLOBALID":"e4def14b-e6b7-473e-92e8-dca2325f4855","OBJECTID":101,"TYPE":"SW_CLOSED","PERMIT_NO":"DEV-ROW-2024-05606","START_DATE":"Fri, 17 May 2024 06:00:00 GMT","END_DATE":"Sun, 31 Aug 2025 06:00:00 GMT","COMMENTS":"Sidewalk closed. BIRD Construction Emergency contact Spencer Jarvis (902-266-2473)","ADDDATE":"Thu, 22 May 2025 18:21:21 GMT","MODDATE":"Thu, 22 May 2025 18:21:21 GMT","STREET_NAME":"SEYMOUR ST","FROM_STR":"UNIVERSITY AVE","TO_STR":"COBURG RD","RDMID":30097}},{"type":"Feature","id":102,"geometry":{"type":"LineString","coordinates":[[-63.6041941922701,44.6482344951404],[-63.6033627071516,44.648446307314]]},"properties":{"GLOBALID":"aa5aa7ba-dde8-4137-aefd-adfe88d944dc","OBJECTID":102,"TYPE":"S_CLOSED_SW_TEMP","PERMIT_NO":"DEV-ROW-2025-05075","START_DATE":"Tue, 29 Apr 2025 06:00:00 GMT","END_DATE":"Tue, 06 May 2025 06:00:00 GMT","COMMENTS":null,"ADDDATE":"Tue, 29 Apr 2025 15:53:09 GMT","MODDATE":"Tue, 29 Apr 2025 15:53:09 GMT","STREET_NAME":"CHEBUCTO RD","FROM_STR":"BEECH ST","TO_STR":"KLINE ST","RDMID":30088}},{"type":"Feature","id":103,"geometry":{"type":"LineString","coordinates":[[-63.5762459940002,44.6347215448144],[-63.5761212728044,44.6344638755735]]},"properties":{"GLOBALID":"a0909f3c-50c7-4d64-8232-7d8a38965872","OBJECTID":103,"TYPE":"SW_CLOSED","PERMIT_NO":"DEV-ROW-2023-10906","START_DATE":"Wed, 27 Mar 2024 06:00:00 GMT","END_DATE":"Fri, 28 Nov 2025 08:00:00 GMT","COMMENTS":"24HR Emergency Contact: Lindsay Construction: Robert Rooney 782-641-5069 Sidewalk closed for construction. Temporary crosswalk at Rhuland St. Bike lane closure Cyclists can merge single file with vehicles or take the detour down Rhuland St and Lucknow St.","ADDDATE":"Fri, 05 Apr 2024 20:22:33 GMT","MODDATE":"Thu, 22 May 2025 17:12:04 GMT","STREET_NAME":"SOUTH PARK ST","FROM_STR":"RHULAND ST","TO_STR":"INGLIS ST","RDMID":30020}},{"type":"Feature","id":104,"geometry":{"type":"LineString","coordinates":[[-63.6322104280414,44.6558929269545],[-63.6322117728194,44.6556487083448]]},"properties":{"GLOBALID":"6f956490-1f36-442f-ac16-efe8bec53b6b","OBJECTID":104,"TYPE":"SW_CLOSED","PERMIT_NO":"173438","START_DATE":"Mon, 15 Apr 2019 06:00:00 GMT","END_DATE":"Tue, 31 Aug 2021 06:00:00 GMT","COMMENTS":"Sidewalk closed adjacent 1 Rosedale Avenue.","ADDDATE":"Thu, 16 May 2019 21:21:06 GMT","MODDATE":"Wed, 08 Sep 2021 20:06:55 GMT","STREET_NAME":"DUTCH VILLAGE RD","FROM_STR":"FREDERICK AVE","TO_STR":"ROSEDALE AVE","RDMID":1283}},{"type":"Feature","id":105,"geometry":{"type":"LineString","coordinates":[[-63.6029172011611,44.6499500545575],[-63.6033101440294,44.6496581044837],[-63.6033128272971,44.6496581051228],[-63.6033114852141,44.6496581051228]]},"properties":{"GLOBALID":"84328f30-87bc-4438-8d72-a26a4e92dd04","OBJECTID":105,"TYPE":"SW_CLOSED","PERMIT_NO":"2021-05886","START_DATE":"Mon, 13 Sep 2021 06:00:00 GMT","END_DATE":"Sun, 29 Jun 2025 06:00:00 GMT","COMMENTS":"Sidewalk closed. Use north side sidewalk. New temporary crosswalk installed south side of Summit St and Oxford St.","ADDDATE":"Wed, 15 Sep 2021 15:04:53 GMT","MODDATE":"Thu, 03 Apr 2025 21:20:02 GMT","STREET_NAME":"SEAFORTH ST","FROM_STR":"DUBLIN ST","TO_STR":"OXFORD ST","RDMID":13761}},{"type":"Feature","id":107,"geometry":{"type":"LineString","coordinates":[[-63.572645633478,44.644701790153],[-63.5720662767136,44.6448468229868]]},"properties":{"GLOBALID":"2353bf93-4bc9-465d-886e-00b3c23d7a80","OBJECTID":107,"TYPE":"S_CLOSED_SW_CLOSED","PERMIT_NO":"168959","START_DATE":"Fri, 31 Jan 2020 08:00:00 GMT","END_DATE":"Wed, 30 Jun 2021 06:00:00 GMT","COMMENTS":null,"ADDDATE":"Thu, 16 Apr 2020 15:13:38 GMT","MODDATE":"Tue, 28 Apr 2020 14:57:00 GMT","STREET_NAME":"SALTER ST","FROM_STR":"BARRINGTON ST","TO_STR":"HOLLIS ST","RDMID":5121}},{"type":"Feature","id":108,"geometry":{"type":"LineString","coordinates":[[-63.5956714035542,44.6383015039678],[-63.5954878885214,44.6379639953363]]},"properties":{"GLOBALID":"201a4440-5337-4afa-8b08-2886175fbb5c","OBJECTID":108,"TYPE":"SW_CLOSED","PERMIT_NO":"166051","START_DATE":"Tue, 08 May 2018 06:00:00 GMT","END_DATE":"Sat, 31 Oct 2020 06:00:00 GMT","COMMENTS":null,"ADDDATE":"Wed, 24 Apr 2019 20:12:51 GMT","MODDATE":"Tue, 28 Apr 2020 14:53:21 GMT","STREET_NAME":"LARCH ST","FROM_STR":"COBURG RD","TO_STR":"PAYZANT AVE","RDMID":687}},{"type":"Feature","id":109,"geometry":{"type":"LineString","coordinates":[[-63.58574981577,44.6502446092913],[-63.5856867845797,44.6502045382787],[-63.5856867854781,44.6502054924116]]},"properties":{"GLOBALID":"a66c18a6-20d1-4234-a440-0b8d28a5d7d2","OBJECTID":109,"TYPE":"SW_CLOSED","PERMIT_NO":"DEVROW 2021-19881","START_DATE":"Thu, 13 Jan 2022 08:00:00 GMT","END_DATE":"Thu, 20 Jan 2022 08:00:00 GMT","COMMENTS":"Pedestrians to cross at mark crosswalks. Local property access will be maintained.","ADDDATE":"Thu, 06 Jan 2022 20:34:55 GMT","MODDATE":"Thu, 06 Jan 2022 20:34:55 GMT","STREET_NAME":"NORTH PARK ST","FROM_STR":"COGSWELL ST","TO_STR":"CORNWALLIS ST","RDMID":14081}},{"type":"Feature","id":110,"geometry":{"type":"LineString","coordinates":[[-63.5850624527623,44.6532553181853],[-63.5849296835599,44.6531665935356]]},"properties":{"GLOBALID":"0a82f73b-3bfa-46d0-b1da-3b56dacd94fc","OBJECTID":110,"TYPE":"SW_CLOSED","PERMIT_NO":"DEV-ROW-2022-00599","START_DATE":"Thu, 17 Feb 2022 08:00:00 GMT","END_DATE":"Mon, 18 Apr 2022 06:00:00 GMT","COMMENTS":"Partial sidewalk closure only in front of civic 2203 Gottingen Street to facilitate building renovations. Developer will maintain 1.5m of open sidewalk width at all times.","ADDDATE":"Thu, 10 Feb 2022 22:40:38 GMT","MODDATE":"Thu, 10 Feb 2022 22:40:38 GMT","STREET_NAME":"GOTTINGEN ST","FROM_STR":"CUNARD ST","TO_STR":"CORNWALLIS ST","RDMID":15058}},{"type":"Feature","id":112,"geometry":{"type":"LineString","coordinates":[[-63.5721857607313,44.6489291623249],[-63.5720243460511,44.6487687415432],[-63.5714285519136,44.6478585444742]]},"properties":{"GLOBALID":"d35335df-562a-453e-95fc-bdddd9eab42b","OBJECTID":112,"TYPE":"S_CLOSED_SW_CLOSED","PERMIT_NO":"157256","START_DATE":"Tue, 31 Jan 2017 08:00:00 GMT","END_DATE":"Tue, 30 Jun 2020 06:00:00 GMT","COMMENTS":null,"ADDDATE":"Wed, 24 Apr 2019 20:12:51 GMT","MODDATE":"Fri, 24 Apr 2020 14:30:47 GMT","STREET_NAME":"LOWER WATER ST","FROM_STR":"GEORGE ST","TO_STR":"PRINCE ST","RDMID":683}},{"type":"Feature","id":113,"geometry":{"type":"LineString","coordinates":[[-63.5705180563726,44.6404640716072],[-63.5703651702977,44.6400842840639]]},"properties":{"GLOBALID":"91241a70-1474-4af2-997a-5f4fbfbb6722","OBJECTID":113,"TYPE":"SW_CLOSED","PERMIT_NO":"DEV-ROW-2022-12242","START_DATE":"Tue, 20 Feb 2024 08:00:00 GMT","END_DATE":"Wed, 31 Dec 2025 08:00:00 GMT","COMMENTS":"24HR Emergency Contact: Galaxy Properties Limited: Elias Metlej: 902-489-3131: Sidewalk closed due to construction.","ADDDATE":"Thu, 28 Mar 2024 15:34:04 GMT","MODDATE":"Thu, 02 Jan 2025 20:39:39 GMT","STREET_NAME":"BARRINGTON ST","FROM_STR":"HARVEY ST","TO_STR":"SOUTH ST","RDMID":30018}},{"type":"Feature","id":114,"geometry":{"type":"LineString","coordinates":[[-63.6071525466217,44.6610918983518],[-63.6067287591999,44.6614314844635]]},"properties":{"GLOBALID":"7d6075b3-cd67-4022-8475-8c740f1896d5","OBJECTID":114,"TYPE":"S_CLOSED_SW_CLOSED","PERMIT_NO":"174903","START_DATE":"Sat, 01 Dec 2018 08:00:00 GMT","END_DATE":"Mon, 31 Oct 2022 06:00:00 GMT","COMMENTS":null,"ADDDATE":"Thu, 16 Apr 2020 15:27:46 GMT","MODDATE":"Tue, 28 Apr 2020 15:03:49 GMT","STREET_NAME":"STANLEY ST","FROM_STR":"KEMPT RD","TO_STR":"ROBIE ST","RDMID":5140}},{"type":"Feature","id":115,"geometry":{"type":"LineString","coordinates":[[-63.5924837524297,44.6507339792993],[-63.5922477191905,44.6502951073424]]},"properties":{"GLOBALID":"4b06c693-7c3d-42b0-ba44-61be820ec8d1","OBJECTID":115,"TYPE":"SW_CLOSED","PERMIT_NO":"DEV-ROW-2023-05801","START_DATE":"Tue, 10 Oct 2023 03:00:00 GMT","END_DATE":"Thu, 30 Oct 2025 06:00:00 GMT","COMMENTS":"24 hour Emergency Contact, Commonc View Holdings Ltd, Nick Tran. 902-943-9783 or Mahmood Albraheemi, 782-414-4857.  Walk-through scaffolding installed to protect pedestrians. Bus stop #8205 remains open.","ADDDATE":"Tue, 10 Oct 2023 20:19:20 GMT","MODDATE":"Tue, 19 Nov 2024 18:53:01 GMT","STREET_NAME":"ROBIE ST","FROM_STR":"CUNARD ST","TO_STR":"COMPTON AVE","RDMID":28803}},{"type":"Feature","id":116,"geometry":{"type":"LineString","coordinates":[[-63.5718360933036,44.6458343963027],[-63.5715892245854,44.6453480284666]]},"properties":{"GLOBALID":"8320e6cf-4645-4f83-aa8d-e06064d6342a","OBJECTID":116,"TYPE":"SW_TEMP","PERMIT_NO":"157628","START_DATE":"Thu, 08 Dec 2016 08:00:00 GMT","END_DATE":"Fri, 01 May 2020 06:00:00 GMT","COMMENTS":"This was required due to exterior façade exceeding lifespan and breaking away from building endangering pedestrians.","ADDDATE":"Wed, 24 Apr 2019 20:12:51 GMT","MODDATE":"Thu, 16 Apr 2020 14:03:57 GMT","STREET_NAME":"HOLLIS ST","FROM_STR":"SACKVILLE ST","TO_STR":"SALTER ST","RDMID":669}},{"type":"Feature","id":117,"geometry":{"type":"LineString","coordinates":[[-63.5800458910082,44.6508594404263],[-63.5792573202074,44.6510578853513]]},"properties":{"GLOBALID":"b3901d79-dfa7-4fef-b8dd-769b0837b8f9","OBJECTID":117,"TYPE":"SW_TEMP","PERMIT_NO":"180485","START_DATE":"Wed, 06 Mar 2024 08:00:00 GMT","END_DATE":"Thu, 07 Mar 2024 08:00:00 GMT","COMMENTS":"Sidewalk an Lane Closed to facilitate safe Crane Work","ADDDATE":"Tue, 28 Nov 2023 01:18:45 GMT","MODDATE":"Mon, 04 Mar 2024 23:42:06 GMT","STREET_NAME":"COGSWELL ST","FROM_STR":"BRUNSWICK ST","TO_STR":"COGSWELL ST","RDMID":30006}},{"type":"Feature","id":118,"geometry":{"type":"LineString","coordinates":[[-63.595916729865,44.660543254754],[-63.5962627348613,44.6602895160608]]},"properties":{"GLOBALID":"07f4662c-4fb7-469b-b1ae-8b48426ef222","OBJECTID":118,"TYPE":"SW_CLOSED","PERMIT_NO":"DEV-ROW-2021-10313","START_DATE":"Tue, 20 Jul 2021 03:00:00 GMT","END_DATE":"Tue, 31 Oct 2023 03:00:00 GMT","COMMENTS":"Sidewalk Closed to Facilitate safe Construction activities","ADDDATE":"Tue, 06 Sep 2022 19:39:21 GMT","MODDATE":"Tue, 06 Sep 2022 19:39:21 GMT","STREET_NAME":"BILBY ST","FROM_STR":"GOTTINGEN ST","TO_STR":"ISLEVILLE ST","RDMID":20802}},{"type":"Feature","id":119,"geometry":{"type":"LineString","coordinates":[[-63.6334396997442,44.659012636018],[-63.6332197580266,44.6589382300172],[-63.6330856485379,44.6588905330917],[-63.6329743364944,44.6588332974961],[-63.6328764362981,44.6587693839004],[-63.6328301676711,44.6587250254912],[-63.6327845691873,44.6586820989967],[-63.6327322674748,44.6586200932233],[-63.6326813060487,44.6585456854408],[-63.632638389036,44.6584579235213],[-63.6326196142466,44.6583739761853],[-63.6326182730619,44.6583453587786]]},"properties":{"GLOBALID":"72617971-ab02-421c-833c-7afd12261757","OBJECTID":119,"TYPE":"SW_CLOSED","PERMIT_NO":"TPW-ROW-2023-07222","START_DATE":"Mon, 12 Jun 2023 03:00:00 GMT","END_DATE":"Tue, 13 Jun 2023 03:00:00 GMT","COMMENTS":"Sidewalk Closure and Single Lane Drop to facilitate private driveway paving.","ADDDATE":"Thu, 08 Jun 2023 16:14:27 GMT","MODDATE":"Thu, 08 Jun 2023 16:14:27 GMT","STREET_NAME":"TITUS ST","FROM_STR":"ASHDALE AVE","TO_STR":"SUPREME CRT","RDMID":25921}},{"type":"Feature","id":120,"geometry":{"type":"LineString","coordinates":[[-63.5699034757676,44.6385826026311],[-63.5702012008089,44.6385234389818],[-63.5701985184395,44.6385234389818]]},"properties":{"GLOBALID":"b72bd045-b186-4913-817a-428dc1d6b992","OBJECTID":120,"TYPE":"SW_CLOSED","PERMIT_NO":"DEV-ROW-2022-02318","START_DATE":"Tue, 22 Aug 2023 03:00:00 GMT","END_DATE":"Wed, 31 Dec 2025 08:00:00 GMT","COMMENTS":"24HR Emergency Contact: Kosta Karmas: 902-830-5423:  Sidewalk closed. Use other side.","ADDDATE":"Mon, 11 Sep 2023 22:32:29 GMT","MODDATE":"Thu, 22 May 2025 17:13:20 GMT","STREET_NAME":"KENT ST","FROM_STR":"BARRINGTON ST","TO_STR":"QUEEN ST","RDMID":28165}},{"type":"Feature","id":121,"geometry":{"type":"LineString","coordinates":[[-63.5788298164553,44.6372108909557],[-63.5788003130864,44.6371211874149]]},"properties":{"GLOBALID":"91a93e13-1221-4241-9009-cb8036f9148a","OBJECTID":121,"TYPE":"SW_CLOSED","PERMIT_NO":"DEMO-2022-10316 & DEV-ROW-2022-13876","START_DATE":"Wed, 19 Apr 2023 03:00:00 GMT","END_DATE":"Fri, 21 Apr 2023 03:00:00 GMT","COMMENTS":"Sidewalk closed to facilitate safe Demolition activities.","ADDDATE":"Mon, 24 Oct 2022 19:39:06 GMT","MODDATE":"Mon, 17 Apr 2023 15:04:34 GMT","STREET_NAME":"TOWER RD","FROM_STR":"SOUTH ST","TO_STR":"TOWER TERR","RDMID":21121}},{"type":"Feature","id":122,"geometry":{"type":"LineString","coordinates":[[-63.5739013425996,44.6461106976949],[-63.5736170285071,44.6461755794419],[-63.5736156873224,44.6461755794419]]},"properties":{"GLOBALID":"75294069-a9ba-4d8b-add3-55b3c5cf3c7d","OBJECTID":122,"TYPE":"SW_TEMP","PERMIT_NO":"DEV-ROW-2023-09294","START_DATE":"Tue, 18 Jul 2023 06:00:00 GMT","END_DATE":"Fri, 28 Feb 2025 08:00:00 GMT","COMMENTS":"24HR Emergency Contact: Hank McCloklin: 902-830-4232: Walkthrough Scaffolding. Safe for pedestrians to walk under.","ADDDATE":"Mon, 18 Nov 2024 23:52:40 GMT","MODDATE":"Thu, 21 Nov 2024 15:56:37 GMT","STREET_NAME":"SACKVILLE ST","FROM_STR":"ARGYLE ST","TO_STR":"BARRINGTON ST","RDMID":30055}},{"type":"Feature","id":123,"geometry":{"type":"LineString","coordinates":[[-63.572942662325,44.6464123175054],[-63.5727468628308,44.6460306624147]]},"properties":{"GLOBALID":"c77883eb-2675-4923-af15-f6172f6387d5","OBJECTID":123,"TYPE":"S_CLOSED_SW_CLOSED","PERMIT_NO":"152969","START_DATE":"Mon, 30 May 2016 06:00:00 GMT","END_DATE":"Sun, 31 Oct 2021 06:00:00 GMT","COMMENTS":"sidewalk open on Barrington and Sackville. Sidewalk Closed on Granville","ADDDATE":"Wed, 24 Apr 2019 20:12:51 GMT","MODDATE":"Tue, 28 Apr 2020 14:51:36 GMT","STREET_NAME":"GRANVILLE ST","FROM_STR":"BLOWERS ST","TO_STR":"SACKVILLE ST","RDMID":644}},{"type":"Feature","id":124,"geometry":{"type":"LineString","coordinates":[[-63.580544747045,44.6878867252174],[-63.580461598084,44.6875034354266]]},"properties":{"GLOBALID":"81f0fb16-7048-4a3e-95ca-821ce985431d","OBJECTID":124,"TYPE":"S_CLOSED_SW_TEMP","PERMIT_NO":"DEV-ROW-2024-09236","START_DATE":"Mon, 12 Aug 2024 06:00:00 GMT","END_DATE":"Sat, 28 Feb 2026 08:00:00 GMT","COMMENTS":"24HR Emergency Contact: Innovation Architects: Amit Gandhi: 782-414-9955: Northbound lane closed, use detour on Crystal Dr to Farthington Pl to Monique Ave. Sidewalk closed. Use temporary sidewalk on Leaman Dr.","ADDDATE":"Fri, 08 Nov 2024 20:04:36 GMT","MODDATE":"Tue, 19 Nov 2024 19:22:19 GMT","STREET_NAME":"LEAMAN DR","FROM_STR":"MONIQUE AVE","TO_STR":"CRYSTAL DR","RDMID":30047}},{"type":"Feature","id":125,"geometry":{"type":"LineString","coordinates":[[-63.5793000467773,44.6511223397846],[-63.5793095169905,44.6511051457538],[-63.5793223330393,44.6510890865596],[-63.5793382336093,44.651074489644],[-63.5793568944937,44.6510616526339],[-63.5793779352042,44.6510508372724],[-63.5794009267283,44.6510422640817],[-63.5794254002776,44.6510361078672],[-63.5794508568455,44.6510324941526],[-63.5800706881033,44.6508774460441]]},"properties":{"GLOBALID":"ccb23743-4747-4350-8f91-77a7febebb2d","OBJECTID":125,"TYPE":"SW_CLOSED","PERMIT_NO":"170816","START_DATE":"Sat, 01 Jun 2019 06:00:00 GMT","END_DATE":"Tue, 31 Oct 2023 06:00:00 GMT","COMMENTS":"Sidewalk and parking lane closure on Brunswick Street. Cogswell sidewalk to be closed and temporary protected sidewalk to be constructed for pedestrians.","ADDDATE":"Wed, 24 Apr 2019 20:12:51 GMT","MODDATE":"Tue, 28 Apr 2020 14:58:38 GMT","STREET_NAME":"COGSWELL ST","FROM_STR":"BRUNSWICK ST","TO_STR":"GOTTINGEN ST","RDMID":705}},{"type":"Feature","id":126,"geometry":{"type":"LineString","coordinates":[[-63.5827861218324,44.6513065212974],[-63.5825742245282,44.651395726808]]},"properties":{"GLOBALID":"1a77cae9-6ddd-4cfd-a47d-356c860ae1ef","OBJECTID":126,"TYPE":"SW_CLOSED","PERMIT_NO":"178901","START_DATE":"Mon, 28 Oct 2019 06:00:00 GMT","END_DATE":"Sat, 30 Oct 2021 06:00:00 GMT","COMMENTS":null,"ADDDATE":"Wed, 06 Nov 2019 17:45:45 GMT","MODDATE":"Tue, 07 Sep 2021 22:06:14 GMT","STREET_NAME":"FALKLAND ST","FROM_STR":"CREIGHTON ST","TO_STR":"GOTTINGEN ST","RDMID":3521}},{"type":"Feature","id":127,"geometry":{"type":"LineString","coordinates":[[-63.5774875923853,44.6440669411211],[-63.5769887022125,44.6431356569812]]},"properties":{"GLOBALID":"db1c0cbf-d2bc-4107-ab19-1af69db93a15","OBJECTID":127,"TYPE":"SW_CLOSED","PERMIT_NO":"DEV-ROW-2025-01666","START_DATE":"Tue, 25 Feb 2025 08:00:00 GMT","END_DATE":"Wed, 26 Feb 2025 08:00:00 GMT","COMMENTS":"Closure is to facilitate demolition work,pedestrian will be in place while work is going on.","ADDDATE":"Thu, 13 Feb 2025 22:31:12 GMT","MODDATE":"Thu, 13 Feb 2025 22:31:12 GMT","STREET_NAME":"BIRMINGHAM ST","FROM_STR":"ARTILLERY PL","TO_STR":"SPRING GARDEN RD","RDMID":30069}},{"type":"Feature","id":128,"geometry":{"type":"LineString","coordinates":[[-63.5744481147737,44.6481926115493],[-63.5740102435649,44.6483009032199],[-63.5740109146064,44.6483009032199],[-63.5740109146064,44.6483004264573]]},"properties":{"GLOBALID":"d32ee004-69a2-4f17-8bda-ef6093deb20c","OBJECTID":128,"TYPE":"S_CLOSED_SW_CLOSED","PERMIT_NO":"2021-01055","START_DATE":"Mon, 09 Aug 2021 06:00:00 GMT","END_DATE":"Wed, 07 May 2025 06:00:00 GMT","COMMENTS":"Sidewalk closed on south side. Street narrowed to 6 meters. On street parking removed on both sides.","ADDDATE":"Tue, 07 Sep 2021 22:02:46 GMT","MODDATE":"Thu, 22 May 2025 17:44:17 GMT","STREET_NAME":"GEORGE ST","FROM_STR":"BARRINGTON ST","TO_STR":"GRANVILLE ST","RDMID":13441}},{"type":"Feature","id":129,"geometry":{"type":"LineString","coordinates":[[-63.5827746548377,44.6525306958109],[-63.581648126149,44.6517483802079]]},"properties":{"GLOBALID":"9e4ef076-cdf6-437c-a548-38682ae64c3c","OBJECTID":129,"TYPE":"SW_CLOSED","PERMIT_NO":"ZURB GRADEALT-2021-19682","START_DATE":"Mon, 06 Jun 2022 06:00:00 GMT","END_DATE":"Thu, 09 Jun 2022 06:00:00 GMT","COMMENTS":"Public Safety Sidewalk Closure","ADDDATE":"Mon, 06 Jun 2022 15:39:41 GMT","MODDATE":"Mon, 06 Jun 2022 15:39:41 GMT","STREET_NAME":"MAITLAND ST","FROM_STR":"CORNWALLIS ST","TO_STR":"PORTLAND PL","RDMID":18241}},{"type":"Feature","id":130,"geometry":{"type":"LineString","coordinates":[[-63.5976255581991,44.661705072076],[-63.5974941301814,44.6616268531115]]},"properties":{"GLOBALID":"743038ae-95af-498b-ab62-9d1dc00defb2","OBJECTID":130,"TYPE":"SW_CLOSED","PERMIT_NO":"DEV-ROW-2022-13869","START_DATE":"Wed, 09 Nov 2022 04:00:00 GMT","END_DATE":"Wed, 09 Nov 2022 04:00:00 GMT","COMMENTS":"Sidewalk Closure to Facilitate Safe Demolition activities at 3050 Gottingen Street.","ADDDATE":"Mon, 07 Nov 2022 18:17:16 GMT","MODDATE":"Mon, 07 Nov 2022 18:17:16 GMT","STREET_NAME":"GOTTINGEN ST","FROM_STR":"SULLIVAN ST","TO_STR":"RUSSELL ST","RDMID":21761}},{"type":"Feature","id":131,"geometry":{"type":"LineString","coordinates":[[-63.5832434766014,44.6541363950734],[-63.5830154886738,44.653983752901],[-63.5830181710433,44.653983752901],[-63.5830168298586,44.6539827988302]]},"properties":{"GLOBALID":"472cd50c-269b-44bc-9c35-a1e7d870b733","OBJECTID":131,"TYPE":"SW_TEMP","PERMIT_NO":"DEV-ROW-2024-08496","START_DATE":"Tue, 23 Jul 2024 06:00:00 GMT","END_DATE":"Fri, 18 Jul 2025 06:00:00 GMT","COMMENTS":"24HR Emergency Contact: David O'Carroll: 587-228-7332: Walkthrough Scaffolding. Safe for pedestrians to walk under.","ADDDATE":"Mon, 18 Nov 2024 23:56:00 GMT","MODDATE":"Tue, 19 Nov 2024 19:24:05 GMT","STREET_NAME":"BRUNSWICK ST","FROM_STR":"NORA BERNARD ST","TO_STR":"LONGARD PLZ","RDMID":30057}},{"type":"Feature","id":132,"geometry":{"type":"LineString","coordinates":[[-63.5509351164538,44.6791623552477],[-63.5505381491331,44.6792386438789],[-63.5505327852925,44.6792367359298]]},"properties":{"GLOBALID":"964c75ef-bce3-4e98-b5a3-6e0e2be5810b","OBJECTID":132,"TYPE":"SW_TEMP","PERMIT_NO":"173310","START_DATE":"Mon, 25 Mar 2019 06:00:00 GMT","END_DATE":"Wed, 30 Sep 2020 06:00:00 GMT","COMMENTS":"Sidewalk closed. Relocated, protected sidewalk available.","ADDDATE":"Mon, 01 Jun 2020 19:59:15 GMT","MODDATE":"Mon, 01 Jun 2020 19:59:15 GMT","STREET_NAME":"PRINCE ALBERT RD","FROM_STR":"GLENWOOD AVE","TO_STR":"LAWRENCE ST","RDMID":6723}},{"type":"Feature","id":133,"geometry":{"type":"LineString","coordinates":[[-63.5735117396676,44.6463246279773],[-63.5735787962087,44.6464543909202]]},"properties":{"GLOBALID":"73c3b51c-9921-404e-be6f-ca637806bfcb","OBJECTID":133,"TYPE":"SW_CLOSED","PERMIT_NO":"172090","START_DATE":"Sun, 31 May 2020 06:00:00 GMT","END_DATE":"Mon, 31 Oct 2022 06:00:00 GMT","COMMENTS":"Ongoing short term sidewalk closures.","ADDDATE":"Thu, 16 Apr 2020 15:18:53 GMT","MODDATE":"Tue, 28 Apr 2020 14:59:37 GMT","STREET_NAME":"BARRINGTON ST","FROM_STR":"SACKVILLE ST","TO_STR":"PRINCE ST","RDMID":5122}},{"type":"Feature","id":134,"geometry":{"type":"LineString","coordinates":[[-63.589500654882,44.6387209666752],[-63.5891895188918,44.6380949659008]]},"properties":{"GLOBALID":"3d6ba098-2f2c-4698-9e89-a05210b62d51","OBJECTID":134,"TYPE":"SW_TEMP","PERMIT_NO":"172917","START_DATE":"Mon, 06 Apr 2020 06:00:00 GMT","END_DATE":"Mon, 31 Oct 2022 03:00:00 GMT","COMMENTS":null,"ADDDATE":"Thu, 16 Apr 2020 15:22:03 GMT","MODDATE":"Wed, 05 Apr 2023 20:50:12 GMT","STREET_NAME":"SEYMOUR ST","FROM_STR":"UNIVERSITY AVE","TO_STR":"COBURG RD","RDMID":5139}},{"type":"Feature","id":135,"geometry":{"type":"LineString","coordinates":[[-63.5705907893679,44.6433184225792],[-63.5699653157918,44.6434746330464]]},"properties":{"GLOBALID":"b0387f6b-68b0-4298-babb-8d7120a939a8","OBJECTID":135,"TYPE":"SW_CLOSED","PERMIT_NO":"157600","START_DATE":"Mon, 04 Jan 2016 08:00:00 GMT","END_DATE":"Thu, 31 Oct 2019 06:00:00 GMT","COMMENTS":null,"ADDDATE":"Wed, 24 Apr 2019 20:12:51 GMT","MODDATE":"Thu, 16 May 2019 17:56:55 GMT","STREET_NAME":"BISHOP ST","FROM_STR":"HOLLIS ST","TO_STR":"LOWER WATER ST","RDMID":680}},{"type":"Feature","id":136,"geometry":{"type":"LineString","coordinates":[[-63.5930228772458,44.6506366649388],[-63.592532033283,44.6507492452847],[-63.5925320323847,44.6507511528936]]},"properties":{"GLOBALID":"b7cec456-689b-4cac-bc5a-28ae85d4e46d","OBJECTID":136,"TYPE":"SW_CLOSED","PERMIT_NO":"DEV-ROW-2023-05801","START_DATE":"Thu, 01 Jun 2023 03:00:00 GMT","END_DATE":"Fri, 31 Oct 2025 03:00:00 GMT","COMMENTS":"24 hour Emergency Contact, Commonc View Holdings Ltd, Nick Tran. 902-943-9783 or Mahmood Albraheemi, 782-414-4857.  Sidewalk closed. Temporary RRFB crosswalk installed across Cunard at Clifton.","ADDDATE":"Tue, 10 Oct 2023 20:16:10 GMT","MODDATE":"Tue, 19 Nov 2024 18:53:19 GMT","STREET_NAME":"CUNARD ST","FROM_STR":"CLIFTON ST","TO_STR":"ROBIE ST","RDMID":28802}},{"type":"Feature","id":137,"geometry":{"type":"LineString","coordinates":[[-63.5770807238336,44.6476313483144],[-63.5759729717308,44.6479156752258],[-63.575975653202,44.6479156752258]]},"properties":{"GLOBALID":"ba348d5e-79b5-4d5d-9c5d-ae684fa23963","OBJECTID":137,"TYPE":"SW_CLOSED","PERMIT_NO":"DEV-ROW-2025-07215","START_DATE":"Wed, 21 May 2025 06:00:00 GMT","END_DATE":"Wed, 28 May 2025 06:00:00 GMT","COMMENTS":"Sidewalk closed","ADDDATE":"Tue, 18 Mar 2025 16:04:23 GMT","MODDATE":"Tue, 20 May 2025 20:25:40 GMT","STREET_NAME":"CARMICHAEL ST","FROM_STR":"BRUNSWICK ST","TO_STR":"GRAFTON ST","RDMID":30073}},{"type":"Feature","id":138,"geometry":{"type":"LineString","coordinates":[[-63.5734956463493,44.6463208118293],[-63.5732596122118,44.6463837855889]]},"properties":{"GLOBALID":"a53f4fe9-e14a-4de4-9466-c39ede2029f8","OBJECTID":138,"TYPE":"S_CLOSED_SW_CLOSED","PERMIT_NO":"172090","START_DATE":"Sun, 31 May 2020 06:00:00 GMT","END_DATE":"Mon, 31 Oct 2022 06:00:00 GMT","COMMENTS":"Sidewalk Closure, Parking Removed","ADDDATE":"Thu, 16 Apr 2020 15:17:36 GMT","MODDATE":"Wed, 15 Jul 2020 21:14:32 GMT","STREET_NAME":"SACKVILLE ST","FROM_STR":"BARRINGTON ST","TO_STR":"GRANVILLE ST","RDMID":5137}},{"type":"Feature","id":139,"geometry":{"type":"LineString","coordinates":[[-63.5504546129982,44.6576562172511],[-63.5504894811059,44.6576361843087],[-63.5504921634754,44.6575923023578],[-63.5504331558393,44.6574368078793],[-63.5504184028074,44.6574072353566],[-63.5503231849805,44.6574034186598]]},"properties":{"GLOBALID":"4762c174-7d78-46ed-942b-c8b67185b721","OBJECTID":139,"TYPE":"S_CLOSED_SW_TEMP","PERMIT_NO":"DEV-ROW-2021-13982","START_DATE":"Sat, 23 Aug 2025 06:00:00 GMT","END_DATE":"Sun, 24 Aug 2025 06:00:00 GMT","COMMENTS":null,"ADDDATE":"Fri, 08 Aug 2025 17:11:44 GMT","MODDATE":"Fri, 08 Aug 2025 17:11:44 GMT","STREET_NAME":"PLEASANT ST","FROM_STR":"CHADWICK ST","TO_STR":"MARVIN ST","RDMID":30116}},{"type":"Feature","id":140,"geometry":{"type":"LineString","coordinates":[[-63.6299374711836,44.6543338012329],[-63.6300528067813,44.6537117845873]]},"properties":{"GLOBALID":"7fdc0f03-f8f8-4ca9-a65a-f4c7580ad1d7","OBJECTID":140,"TYPE":"SW_CLOSED","PERMIT_NO":"182768","START_DATE":"Mon, 01 Jun 2020 06:00:00 GMT","END_DATE":"Wed, 01 Nov 2023 06:00:00 GMT","COMMENTS":"Sidewalk closed on Joseph Howe Drive frontage.","ADDDATE":"Tue, 26 May 2020 14:57:44 GMT","MODDATE":"Thu, 25 Feb 2021 21:58:22 GMT","STREET_NAME":"JOSEPH HOWE DR","FROM_STR":"BAYERS RD","TO_STR":"SCOT ST","RDMID":6417}},{"type":"Feature","id":141,"geometry":{"type":"LineString","coordinates":[[-63.5899587256083,44.6531316975602],[-63.5899613657569,44.65313789304],[-63.5900042396505,44.6531650770976],[-63.5898353438007,44.6532907585457],[-63.5897795467434,44.6532364314339],[-63.5898364029144,44.6532984953654],[-63.5898309052248,44.653295160871]]},"properties":{"GLOBALID":"598c84b8-716d-448e-8451-f3233b3d3f07","OBJECTID":141,"TYPE":"SW_TEMP","PERMIT_NO":"DEV-ROW-2024-02447","START_DATE":"Fri, 11 Apr 2025 06:00:00 GMT","END_DATE":"Fri, 11 Jul 2025 06:00:00 GMT","COMMENTS":null,"ADDDATE":"Thu, 10 Apr 2025 19:00:23 GMT","MODDATE":"Wed, 30 Apr 2025 16:02:03 GMT","STREET_NAME":"WEST ST","FROM_STR":"AGRICOLA ST","TO_STR":"MAYNARD ST","RDMID":30084}},{"type":"Feature","id":142,"geometry":{"type":"LineString","coordinates":[[-63.5838575245054,44.6706124271803],[-63.5836027137818,44.6708470467466],[-63.5836053970496,44.6708470467466]]},"properties":{"GLOBALID":"ffe8377f-16a7-4d4d-805b-f957543c16c5","OBJECTID":142,"TYPE":"SW_CLOSED","PERMIT_NO":"DEV-ROW-2024-17502","START_DATE":"Thu, 28 Nov 2024 08:00:00 GMT","END_DATE":"Mon, 09 Jun 2025 06:00:00 GMT","COMMENTS":"Sidewalk Closed to Facilitate safe construction Activities","ADDDATE":"Wed, 27 Nov 2024 19:39:41 GMT","MODDATE":"Tue, 20 May 2025 15:28:36 GMT","STREET_NAME":"BROOKSIDE AVE","FROM_STR":"BROOKSIDE AVE","TO_STR":"BROOKSIDE AVE","RDMID":30063}},{"type":"Feature","id":143,"geometry":{"type":"LineString","coordinates":[[-63.629527098304,44.6562903887328],[-63.6282575946529,44.6564865555645],[-63.628252229914,44.6564884636236]]},"properties":{"GLOBALID":"93830791-f5be-46eb-a624-ae9dabf1c274","OBJECTID":143,"TYPE":"SW_CLOSED","PERMIT_NO":"DEV-ROW-2022-03153","START_DATE":"Tue, 17 May 2022 06:00:00 GMT","END_DATE":"Sat, 30 May 2026 06:00:00 GMT","COMMENTS":"24 HR Emergency Contact: Kingsbrook Properties: Joe Faddoul: 902-830-6688 Sidewalk closed due to construction.","ADDDATE":"Thu, 05 May 2022 16:19:31 GMT","MODDATE":"Thu, 22 May 2025 15:56:06 GMT","STREET_NAME":"SCOT ST","FROM_STR":"JOSEPH HOWE DR","TO_STR":"DESMOND AVE","RDMID":16961}},{"type":"Feature","id":144,"geometry":{"type":"LineString","coordinates":[[-63.5981370292774,44.6475561588725],[-63.5980491884157,44.6474268777204]]},"properties":{"GLOBALID":"a31e28d5-baa0-453c-9e77-dc497dec46ca","OBJECTID":144,"TYPE":"SW_CLOSED","PERMIT_NO":"176930","START_DATE":"Mon, 02 Dec 2019 08:00:00 GMT","END_DATE":"Fri, 13 Dec 2019 08:00:00 GMT","COMMENTS":"Sidewalk Encroachment/Closure is to safely facilitate an external renovation","ADDDATE":"Thu, 15 Aug 2019 18:02:02 GMT","MODDATE":"Tue, 03 Dec 2019 22:21:05 GMT","STREET_NAME":"MONASTERY LANE","FROM_STR":"ALLAN ST","TO_STR":"MONASTERY LANE","RDMID":2561}},{"type":"Feature","id":145,"geometry":{"type":"LineString","coordinates":[[-63.5886837036064,44.6536224797547],[-63.5883779314568,44.6538171002097]]},"properties":{"GLOBALID":"4d5d70e4-6ed9-421b-8284-3dafdadddaa4","OBJECTID":145,"TYPE":"SW_CLOSED","PERMIT_NO":"DEV-ROW-2023-00393","START_DATE":"Wed, 21 Jun 2023 03:00:00 GMT","END_DATE":"Thu, 19 Dec 2024 04:00:00 GMT","COMMENTS":"Sidewalk closed. Use other side.","ADDDATE":"Mon, 11 Sep 2023 22:24:44 GMT","MODDATE":"Mon, 11 Sep 2023 22:24:44 GMT","STREET_NAME":"BUDDY DAYE ST","FROM_STR":"MAYNARD ST","TO_STR":"CREIGHTON ST","RDMID":28163}},{"type":"Feature","id":146,"geometry":{"type":"LineString","coordinates":[[-63.668997256393,44.6367983502976],[-63.6688730104061,44.6375577811832]]},"properties":{"GLOBALID":"8544627c-c94e-4574-9e25-74ce49c043bc","OBJECTID":146,"TYPE":"SW_CLOSED","PERMIT_NO":"171504","START_DATE":"Wed, 09 Jan 2019 08:00:00 GMT","END_DATE":"Thu, 31 Oct 2024 06:00:00 GMT","COMMENTS":"Road Shoulder closed to facilitate construction","ADDDATE":"Wed, 24 Apr 2019 20:12:51 GMT","MODDATE":"Tue, 28 Apr 2020 14:59:08 GMT","STREET_NAME":"LAKELANDS BLVD","FROM_STR":"CHAIN LAKE DR","TO_STR":"ST MARGARETS BAY RD","RDMID":702}},{"type":"Feature","id":147,"geometry":{"type":"LineString","coordinates":[[-63.5648357944839,44.6643533324837],[-63.5639117730096,44.6637819773498]]},"properties":{"GLOBALID":"0bbe830c-8029-4692-a697-d6d65263a25e","OBJECTID":147,"TYPE":"SW_CLOSED","PERMIT_NO":"DEV-ROW-2023-03658","START_DATE":"Fri, 12 May 2023 06:00:00 GMT","END_DATE":"Sat, 31 May 2025 06:00:00 GMT","COMMENTS":"Sidewalk Closed to Facilitate safe construction activity at 16 Kings Wharf Place.","ADDDATE":"Thu, 05 May 2022 16:22:57 GMT","MODDATE":"Fri, 08 Nov 2024 21:41:28 GMT","STREET_NAME":"KINGS WHARF PL","FROM_STR":"KINGS WHARF PL","TO_STR":"ALDERNEY DR","RDMID":16962}},{"type":"Feature","id":148,"geometry":{"type":"LineString","coordinates":[[-63.6012491662225,44.6606090110614],[-63.6014315556662,44.6604716487138]]},"properties":{"GLOBALID":"ea011dde-7f2a-4b88-8477-b9b3240e91fa","OBJECTID":148,"TYPE":"SW_CLOSED","PERMIT_NO":"DEV-ROW-2022-03380","START_DATE":"Mon, 13 Jun 2022 06:00:00 GMT","END_DATE":"Sat, 31 Dec 2022 04:00:00 GMT","COMMENTS":"Sidewalk closure to facilitate construction activities at 5755 Young Street.","ADDDATE":"Fri, 03 Jun 2022 21:49:50 GMT","MODDATE":"Fri, 04 Nov 2022 16:27:06 GMT","STREET_NAME":"YOUNG ST","FROM_STR":"AGRICOLA ST","TO_STR":"HILFORD ST","RDMID":17921}},{"type":"Feature","id":149,"geometry":{"type":"LineString","coordinates":[[-63.584909870318,44.6531186477496],[-63.5847601076855,44.6530184744915],[-63.5846130283206,44.6529259324879],[-63.5846219737442,44.6529245310711],[-63.5846094620089,44.6529307610812]]},"properties":{"GLOBALID":"e7a5381b-6140-4f0b-949e-cc7d173be908","OBJECTID":149,"TYPE":"SW_CLOSED","PERMIT_NO":"DEV-ROW- 2024 06551","START_DATE":"Tue, 05 Nov 2024 08:00:00 GMT","END_DATE":"Sat, 29 Nov 2025 08:00:00 GMT","COMMENTS":null,"ADDDATE":"Wed, 13 Nov 2024 19:42:16 GMT","MODDATE":"Tue, 29 Apr 2025 15:45:03 GMT","STREET_NAME":"GOTTINGEN ST","FROM_STR":"PRINCE WILLIAM ST","TO_STR":"NORAWARREN DR","RDMID":30050}},{"type":"Feature","id":150,"geometry":{"type":"LineString","coordinates":[[-63.5786835437776,44.6709090394434],[-63.5781551475409,44.6706000284551]]},"properties":{"GLOBALID":"6cb90008-3347-4920-a5e5-cf3fbc585ec7","OBJECTID":150,"TYPE":"SW_CLOSED","PERMIT_NO":"DEV-ROW-2025-01628","START_DATE":"Tue, 10 Jun 2025 06:00:00 GMT","END_DATE":"Fri, 13 Jun 2025 06:00:00 GMT","COMMENTS":"Sidewalk closed for lateral installation","ADDDATE":"Mon, 09 Jun 2025 21:34:43 GMT","MODDATE":"Mon, 09 Jun 2025 21:34:43 GMT","STREET_NAME":"WYSE RD","FROM_STR":"NANTUCKET AVE","TO_STR":"DAWSON ST","RDMID":30102}},{"type":"Feature","id":152,"geometry":{"type":"LineString","coordinates":[[-63.5709183995621,44.639375655871],[-63.5710169707999,44.6393498913846],[-63.5710162997584,44.6393498913846]]},"properties":{"GLOBALID":"f9a8da13-1b50-4d08-bbbc-83b370c60b3c","OBJECTID":152,"TYPE":"SW_CLOSED","PERMIT_NO":"DEV-ROW-2023-01393","START_DATE":"Mon, 27 Mar 2023 03:00:00 GMT","END_DATE":"Mon, 24 Apr 2023 03:00:00 GMT","COMMENTS":"Sidewalk closure to facilitate safe renovation activities","ADDDATE":"Thu, 23 Mar 2023 17:20:09 GMT","MODDATE":"Thu, 23 Mar 2023 17:20:09 GMT","STREET_NAME":"TOBIN ST","FROM_STR":"BARRINGTON ST","TO_STR":"QUEEN ST","RDMID":23362}},{"type":"Feature","id":153,"geometry":{"type":"LineString","coordinates":[[-63.5994072991915,44.6447132325244],[-63.6001583186167,44.6444956819976]]},"properties":{"GLOBALID":"098ed106-8a76-4a11-aa54-e15fdfa5b48e","OBJECTID":153,"TYPE":"SW_CLOSED","PERMIT_NO":"DEV-ROW-2023-14529","START_DATE":"Mon, 24 Jun 2024 06:00:00 GMT","END_DATE":"Mon, 08 Jul 2024 06:00:00 GMT","COMMENTS":"Sidewalk closed to facilitate the safe support of a power pole and sidewalk reinstatement activities","ADDDATE":"Tue, 25 Jun 2024 17:21:25 GMT","MODDATE":"Tue, 25 Jun 2024 17:21:25 GMT","STREET_NAME":"QUINPOOL RD","FROM_STR":"PRESTON ST","TO_STR":"OXFORD ST","RDMID":30032}},{"type":"Feature","id":154,"geometry":{"type":"LineString","coordinates":[[-63.5748786844759,44.6457292726204],[-63.5745595013774,44.6451090727625]]},"properties":{"GLOBALID":"f208edee-b945-45a3-afc4-dd84ceab53aa","OBJECTID":154,"TYPE":"SW_CLOSED","PERMIT_NO":"GO-2021-02959","START_DATE":"Mon, 15 Mar 2021 06:00:00 GMT","END_DATE":"Mon, 31 May 2021 06:00:00 GMT","COMMENTS":"West side sidewalk closed. Parking removed for one week for safe zone.","ADDDATE":"Wed, 31 Mar 2021 15:33:01 GMT","MODDATE":"Wed, 31 Mar 2021 15:33:01 GMT","STREET_NAME":"GRAFTON ST","FROM_STR":"SACKVILLE ST","TO_STR":"BLOWERS ST","RDMID":11525}},{"type":"Feature","id":155,"geometry":{"type":"LineString","coordinates":[[-63.5844433509365,44.6536834089901],[-63.5839636478798,44.6533418693365],[-63.5839605522854,44.6533463636792]]},"properties":{"GLOBALID":"4cd35a2d-1e83-4722-acb5-9f205e17f6ae","OBJECTID":155,"TYPE":"SW_CLOSED","PERMIT_NO":"DEV-ROW - 2024 06551","START_DATE":"Tue, 05 Nov 2024 08:00:00 GMT","END_DATE":"Sat, 29 Nov 2025 08:00:00 GMT","COMMENTS":null,"ADDDATE":"Wed, 13 Nov 2024 19:43:40 GMT","MODDATE":"Tue, 29 Apr 2025 15:45:28 GMT","STREET_NAME":"MAITLAND ST","FROM_STR":"PRINCE WILLIAM ST","TO_STR":"NORA BERNARD ST","RDMID":30051}},{"type":"Feature","id":156,"geometry":{"type":"LineString","coordinates":[[-63.5965482949171,44.6594290192995],[-63.5963055557543,44.6592534967238],[-63.5960359937954,44.6594519129258]]},"properties":{"GLOBALID":"a7d4c3ee-9129-4e61-8677-6e89c2096a2f","OBJECTID":156,"TYPE":"SW_CLOSED","PERMIT_NO":"DEV-ROW-2021-18504","START_DATE":"Mon, 14 Feb 2022 08:00:00 GMT","END_DATE":"Thu, 14 Nov 2024 08:00:00 GMT","COMMENTS":"Sidewalk Closed","ADDDATE":"Wed, 09 Mar 2022 22:14:59 GMT","MODDATE":"Fri, 15 Nov 2024 20:54:39 GMT","STREET_NAME":"ISLEVILLE ST","FROM_STR":"BILBY ST","TO_STR":"ALMON ST","RDMID":15697}},{"type":"Feature","id":158,"geometry":{"type":"LineString","coordinates":[[-63.553564638004,44.6621320079158],[-63.5536370583856,44.6624296175076],[-63.5534788075718,44.6632098824567],[-63.5534761252024,44.6632098818178]]},"properties":{"GLOBALID":"8db9003e-e1e1-4843-9ac8-8cb8a979cbbc","OBJECTID":158,"TYPE":"SW_CLOSED","PERMIT_NO":"DEV-ROW-2023-02296","START_DATE":"Fri, 05 May 2023 06:00:00 GMT","END_DATE":"Fri, 31 Oct 2025 06:00:00 GMT","COMMENTS":"Sidewalk Closed to facilitate safe construction activities related to the new multi-family development at 171 Pleasant Street.","ADDDATE":"Fri, 08 Nov 2024 21:23:23 GMT","MODDATE":"Fri, 08 Nov 2024 21:36:43 GMT","STREET_NAME":"PLEASANT ST","FROM_STR":"OLD FERRY RD","TO_STR":"CAMERON ST","RDMID":30048}},{"type":"Feature","id":159,"geometry":{"type":"LineString","coordinates":[[-63.5768367045715,44.6430176252469],[-63.5764906995752,44.6423783118074],[-63.5764853357346,44.6423783111683]]},"properties":{"GLOBALID":"72c3784c-47e6-4cd4-9d2f-0f1b17009043","OBJECTID":159,"TYPE":"SW_CLOSED","PERMIT_NO":"179808","START_DATE":"Tue, 30 Mar 2021 06:00:00 GMT","END_DATE":"Sun, 30 Jun 2024 03:00:00 GMT","COMMENTS":"East side sidewalk closed. Relocated, protected sidewalk on portion of east side of Birmingham to safely move pedestrians past side. Pedestrians are to cross to east side sidewalk when protected sidewalk ends.","ADDDATE":"Wed, 31 Mar 2021 14:44:40 GMT","MODDATE":"Mon, 29 May 2023 20:03:26 GMT","STREET_NAME":"BIRMINGHAM ST","FROM_STR":"SPRING GARDEN RD","TO_STR":"CLYDE ST","RDMID":11523}},{"type":"Feature","id":160,"geometry":{"type":"LineString","coordinates":[[-63.586724381852,44.6405318998863],[-63.5862576801125,44.6406597684855]]},"properties":{"GLOBALID":"70fcf119-b4a9-4c0f-bc8f-eb53dcedd761","OBJECTID":160,"TYPE":"SW_CLOSED","PERMIT_NO":"176395","START_DATE":"Mon, 15 Jul 2019 06:00:00 GMT","END_DATE":"Sat, 31 Aug 2019 06:00:00 GMT","COMMENTS":null,"ADDDATE":"Thu, 01 Aug 2019 21:02:42 GMT","MODDATE":"Thu, 01 Aug 2019 21:02:42 GMT","STREET_NAME":"SPRING GARDEN RD","FROM_STR":"ROBIE ST","TO_STR":"CARLTON ST","RDMID":2258}},{"type":"Feature","id":161,"geometry":{"type":"LineString","coordinates":[[-63.5975334323734,44.6566441395653],[-63.5973349496114,44.6565163074771]]},"properties":{"GLOBALID":"35836fe9-bb18-4358-9dac-403a1955feb4","OBJECTID":161,"TYPE":"SW_CLOSED","PERMIT_NO":"DEV-ROW-2023-11519","START_DATE":"Sat, 18 Nov 2023 08:00:00 GMT","END_DATE":"Tue, 21 Nov 2023 08:00:00 GMT","COMMENTS":"Sidewalk Closed to facilitate safe demolition activities","ADDDATE":"Sat, 18 Nov 2023 00:22:21 GMT","MODDATE":"Sat, 18 Nov 2023 00:22:21 GMT","STREET_NAME":"ROBIE ST","FROM_STR":"MAY ST","TO_STR":"ALMON ST","RDMID":30004}},{"type":"Feature","id":162,"geometry":{"type":"LineString","coordinates":[[-63.5975147186694,44.6556517372566],[-63.597074837031,44.6553483692228]]},"properties":{"GLOBALID":"7904e2f4-b44a-41b0-bccf-625ae3139cb9","OBJECTID":162,"TYPE":"SW_CLOSED","PERMIT_NO":"DEV-ROW-2023-16359","START_DATE":"Wed, 22 May 2024 06:00:00 GMT","END_DATE":"Thu, 20 Jun 2024 06:00:00 GMT","COMMENTS":"Sidewalk Closure for 30days to facilitate demolition of 2688 Robie St. The sidewalk on the opposite site of the street will remain open.","ADDDATE":"Thu, 16 May 2024 15:21:23 GMT","MODDATE":"Thu, 16 May 2024 15:21:23 GMT","STREET_NAME":"KING ST","FROM_STR":"NORTH ST","TO_STR":"ST ALBANS ST","RDMID":30025}},{"type":"Feature","id":163,"geometry":{"type":"LineString","coordinates":[[-63.5762033527703,44.6350483458942],[-63.5758975815189,44.6345196470602]]},"properties":{"GLOBALID":"1dfbbd41-fda6-4209-b01e-aac931e71b7c","OBJECTID":163,"TYPE":"SW_CLOSED","PERMIT_NO":"DEV-ROW-2025-06754","START_DATE":"Wed, 02 Jul 2025 06:00:00 GMT","END_DATE":"Fri, 11 Jul 2025 06:00:00 GMT","COMMENTS":"Sidewalk closed due to construction and to provide a safety around excavation. Pedestrians should detour on Inglis St \u003e Lucknow St \u003e Rhuland St to navigate around the closure.","ADDDATE":"Wed, 02 Jul 2025 19:19:59 GMT","MODDATE":"Wed, 02 Jul 2025 19:19:59 GMT","STREET_NAME":"SOUTH PARK ST","FROM_STR":"RHULAND ST","TO_STR":"INGLIS ST","RDMID":30104}},{"type":"Feature","id":164,"geometry":{"type":"LineString","coordinates":[[-63.6055994376489,44.6602056020467],[-63.604629576044,44.6609397383678],[-63.6046338672961,44.6609427906446]]},"properties":{"GLOBALID":"980fcbd5-05f9-410c-b57c-e89691b8bade","OBJECTID":164,"TYPE":"SW_CLOSED","PERMIT_NO":"175740","START_DATE":"Mon, 01 Jul 2019 06:00:00 GMT","END_DATE":"Sun, 01 Dec 2019 08:00:00 GMT","COMMENTS":null,"ADDDATE":"Tue, 25 Jun 2019 21:44:13 GMT","MODDATE":"Tue, 25 Jun 2019 21:44:13 GMT","STREET_NAME":"LIVINGSTONE ST","FROM_STR":"KEMPT RD","TO_STR":"MASSACHUSETTS AVE","RDMID":1921}},{"type":"Feature","id":165,"geometry":{"type":"LineString","coordinates":[[-63.5851562728106,44.6510720987174],[-63.5851059815277,44.6510353673745]]},"properties":{"GLOBALID":"b3c7cd21-b941-4943-b5f1-6f9cff596e8f","OBJECTID":165,"TYPE":"S_CLOSED_SW_TEMP","PERMIT_NO":"177053","START_DATE":"Wed, 21 Aug 2019 06:00:00 GMT","END_DATE":"Fri, 20 Sep 2019 06:00:00 GMT","COMMENTS":"sidewalk and street encroachment of bin to facilitate the renovation of 2108 maynard","ADDDATE":"Wed, 21 Aug 2019 18:01:52 GMT","MODDATE":"Wed, 21 Aug 2019 18:01:52 GMT","STREET_NAME":"MAYNARD ST","FROM_STR":"CORNWALLIS ST","TO_STR":"FALKLAND ST","RDMID":2881}},{"type":"Feature","id":166,"geometry":{"type":"LineString","coordinates":[[-63.5850536887984,44.6532625252478],[-63.5849236019655,44.65317189308]]},"properties":{"GLOBALID":"7672e34c-746d-4309-83df-4746b7ac9689","OBJECTID":166,"TYPE":"SW_CLOSED","PERMIT_NO":"DEV-ROW-2022-00599","START_DATE":"Sat, 09 Apr 2022 06:00:00 GMT","END_DATE":"Sat, 09 Apr 2022 06:00:00 GMT","COMMENTS":"The sidewalk will be closed to pedestrians in front of the Bus Stop Theatre to facilitate development activity. A Pedestrian Management Plan including appropriate signage will be in place redirecting pedestrians to the west side of Gottingen.","ADDDATE":"Mon, 28 Mar 2022 19:23:41 GMT","MODDATE":"Thu, 31 Mar 2022 14:51:10 GMT","STREET_NAME":"GOTTINGEN ST","FROM_STR":"CUNARD ST","TO_STR":"CORNWALLIS ST","RDMID":16001}},{"type":"Feature","id":168,"geometry":{"type":"LineString","coordinates":[[-63.582573554385,44.6513947726947],[-63.5823542819124,44.6512468938851],[-63.5823542819124,44.6512464165077]]},"properties":{"GLOBALID":"6c173651-0768-4d94-88e8-62665a44e396","OBJECTID":168,"TYPE":"SW_CLOSED","PERMIT_NO":"178901","START_DATE":"Mon, 28 Oct 2019 06:00:00 GMT","END_DATE":"Sat, 30 Oct 2021 06:00:00 GMT","COMMENTS":null,"ADDDATE":"Wed, 06 Nov 2019 17:47:11 GMT","MODDATE":"Tue, 07 Sep 2021 22:06:43 GMT","STREET_NAME":"GOTTINGEN ST","FROM_STR":"FALKLAND ST","TO_STR":"COGSWELL ST","RDMID":3537}},{"type":"Feature","id":169,"geometry":{"type":"LineString","coordinates":[[-63.5995833159865,44.643379613824],[-63.5994438408606,44.6431343869925]]},"properties":{"GLOBALID":"57c50b23-6103-4a42-aa34-0a5fbd452741","OBJECTID":169,"TYPE":"SW_CLOSED","PERMIT_NO":"DEV-ROW-2025-10039","START_DATE":"Mon, 14 Jul 2025 06:00:00 GMT","END_DATE":"Tue, 22 Jul 2025 06:00:00 GMT","COMMENTS":"Sidewalk closure for demolition. Please use alternative routes and marked crosswalks. Sidewalk will reopen at night.","ADDDATE":"Fri, 11 Jul 2025 14:58:30 GMT","MODDATE":"Fri, 11 Jul 2025 14:58:30 GMT","STREET_NAME":"OXFORD ST","FROM_STR":"NORWOOD ST","TO_STR":"PEPPERELL ST","RDMID":30107}},{"type":"Feature","id":170,"geometry":{"type":"LineString","coordinates":[[-63.5984087427014,44.658937173792],[-63.5984006964914,44.6589328811597],[-63.5983993553067,44.6589295418775],[-63.598277984827,44.6588398757523]]},"properties":{"GLOBALID":"a5e747c0-557f-4246-97d4-4163baf7cd83","OBJECTID":170,"TYPE":"SW_CLOSED","PERMIT_NO":"176941","START_DATE":"Tue, 06 Aug 2019 06:00:00 GMT","END_DATE":"Tue, 20 Aug 2019 06:00:00 GMT","COMMENTS":"Sidewalk closure at the corner of Bilby Street and Agricola Street","ADDDATE":"Thu, 01 Aug 2019 20:43:48 GMT","MODDATE":"Thu, 01 Aug 2019 20:43:48 GMT","STREET_NAME":"AGRICOLA ST","FROM_STR":"BILBY ST","TO_STR":"MACARA ST","RDMID":2257}},{"type":"Feature","id":171,"geometry":{"type":"LineString","coordinates":[[-63.6125073725893,44.6653314858867],[-63.6125073734876,44.6652532730929],[-63.6129485963108,44.6652523185686],[-63.6131443976017,44.6652523185686],[-63.6131430564169,44.6653353020617],[-63.6131417152322,44.6653362553068],[-63.6131443985,44.6653333942937]]},"properties":{"GLOBALID":"50648002-8331-4319-8192-3db0efc72f33","OBJECTID":171,"TYPE":"S_CLOSED_SW_TEMP","PERMIT_NO":"DEV-ROW-2024-18726:","START_DATE":"Sat, 26 Jul 2025 06:00:00 GMT","END_DATE":"Sun, 27 Jul 2025 06:00:00 GMT","COMMENTS":null,"ADDDATE":"Wed, 23 Jul 2025 19:14:33 GMT","MODDATE":"Wed, 23 Jul 2025 19:15:09 GMT","STREET_NAME":"LADY HAMMOND RD","FROM_STR":"INGLIS ST","TO_STR":"JOHN PARR DR","RDMID":30110}},{"type":"Feature","id":172,"geometry":{"type":"LineString","coordinates":[[-63.5736197099782,44.6461774884794],[-63.5735580199728,44.6460591746924],[-63.5735580199728,44.6460582198521]]},"properties":{"GLOBALID":"b4d55ccb-fc7e-45d7-a977-4d5ae2ae534c","OBJECTID":172,"TYPE":"SW_TEMP","PERMIT_NO":"DEV-ROW-2023-09294","START_DATE":"Tue, 18 Jul 2023 06:00:00 GMT","END_DATE":"Fri, 28 Feb 2025 08:00:00 GMT","COMMENTS":"24HR Emergency Contact: Hank McCloklin: 902-830-4232: Walkthrough Scaffolding. Safe for pedestrians to walk under.","ADDDATE":"Mon, 18 Nov 2024 23:53:52 GMT","MODDATE":"Thu, 21 Nov 2024 15:56:50 GMT","STREET_NAME":"BARRINGTON ST","FROM_STR":"SACKVILLE ST","TO_STR":"BLOWERS ST","RDMID":30056}},{"type":"Feature","id":173,"geometry":{"type":"LineString","coordinates":[[-63.6493091408224,44.6773192919573],[-63.6494043595476,44.6774518465999],[-63.6495733380424,44.677699788729],[-63.6496833089012,44.6778418786448],[-63.6498093730782,44.6779620343029],[-63.649918001854,44.6780736079209],[-63.6501205081702,44.6782633779455],[-63.6502787589839,44.6784102341847]]},"properties":{"GLOBALID":"40c6bb02-ecb0-4d71-b4f6-19861097e1c5","OBJECTID":173,"TYPE":"SW_CLOSED","PERMIT_NO":"TPW-ROW-2023-10368","START_DATE":"Wed, 23 Aug 2023 03:00:00 GMT","END_DATE":"Wed, 23 Aug 2023 03:00:00 GMT","COMMENTS":"Sidewalk closure to facilitate private sewer lateral replacement near 256 Bedford Hwy. Barricades to be used at all nearby intersection to clearly outline the pedestrian detour.","ADDDATE":"Thu, 03 Aug 2023 22:43:36 GMT","MODDATE":"Thu, 03 Aug 2023 22:43:36 GMT","STREET_NAME":"BEDFORD HWY","FROM_STR":"TREMONT DR","TO_STR":"FOREST HILL DR","RDMID":27521}},{"type":"Feature","id":174,"geometry":{"type":"LineString","coordinates":[[-63.6202813310743,44.6410115443806],[-63.6198843637536,44.6405916821285],[-63.6196912448322,44.6403015941832]]},"properties":{"GLOBALID":"0d26f205-cd7b-4867-ab5d-7373c2c2ddbb","OBJECTID":174,"TYPE":"SW_CLOSED","PERMIT_NO":"188443","START_DATE":"Thu, 29 Apr 2021 06:00:00 GMT","END_DATE":"Thu, 30 Jun 2022 06:00:00 GMT","COMMENTS":"Sidewalk closed on the west side of Herring Cove Road for safety reasons between Fairmount Rd and Windermere Rd. Signage will direct pedestrians to cross at the marked crosswalk at Purcells Cove Road and at the Armdale Rotary, and to use east sidewalk.","ADDDATE":"Wed, 28 Apr 2021 16:42:56 GMT","MODDATE":"Wed, 28 Apr 2021 16:42:56 GMT","STREET_NAME":"HERRING COVE RD","FROM_STR":"FAIRMOUNT RD","TO_STR":"WINDERMERE RD","RDMID":11841}},{"type":"Feature","id":176,"geometry":{"type":"LineString","coordinates":[[-63.5736070149867,44.646236718461],[-63.5739194930599,44.6461498914735]]},"properties":{"GLOBALID":"03555d33-6e51-412b-9543-bff813586a41","OBJECTID":176,"TYPE":"SW_CLOSED","PERMIT_NO":"183617","START_DATE":"Mon, 13 Jul 2020 06:00:00 GMT","END_DATE":"Mon, 31 Aug 2020 06:00:00 GMT","COMMENTS":null,"ADDDATE":"Mon, 13 Jul 2020 18:33:35 GMT","MODDATE":"Mon, 13 Jul 2020 18:33:35 GMT","STREET_NAME":"SACKVILLE ST","FROM_STR":"BARRINGTON ST","TO_STR":"ARGYLE ST","RDMID":7042}},{"type":"Feature","id":177,"geometry":{"type":"LineString","coordinates":[[-63.5834958843316,44.6385243996988],[-63.5824605517121,44.6387877768342]]},"properties":{"GLOBALID":"b0c74c18-0615-4aff-82b5-58ba680e4f93","OBJECTID":177,"TYPE":"S_CLOSED_SW_CLOSED","PERMIT_NO":"2022-08013","START_DATE":"Thu, 01 Sep 2022 03:00:00 GMT","END_DATE":"Sun, 30 Nov 2025 04:00:00 GMT","COMMENTS":"Sidewalk closed. Paking lane removed and street narrowed to 3.5 meters.","ADDDATE":"Fri, 16 Jun 2023 15:04:10 GMT","MODDATE":"Fri, 16 Jun 2023 15:04:10 GMT","STREET_NAME":"UNIVERSITY AVE","FROM_STR":"ROBIE ST","TO_STR":"SUMMER ST","RDMID":25923}},{"type":"Feature","id":178,"geometry":{"type":"LineString","coordinates":[[-63.5633786139054,44.6675934592369],[-63.5631586721878,44.6670345361674]]},"properties":{"GLOBALID":"a6c408c9-ab35-4d45-87b7-ab88805b7279","OBJECTID":178,"TYPE":"SW_CLOSED","PERMIT_NO":"DEV-ROW-2024-02741","START_DATE":"Thu, 21 Mar 2024 06:00:00 GMT","END_DATE":"Fri, 29 Aug 2025 06:00:00 GMT","COMMENTS":"24HR Emergency Contact : Anchor Group Management : Alec Chedrawe : 902-830-4198 Sidewalk closure to facilitate construction of 190 Portland St.","ADDDATE":"Mon, 24 Jun 2024 19:32:46 GMT","MODDATE":"Tue, 19 Nov 2024 18:47:15 GMT","STREET_NAME":"CANAL ST","FROM_STR":"PORTLAND ST","TO_STR":"MILL LANE","RDMID":30031}},{"type":"Feature","id":179,"geometry":{"type":"LineString","coordinates":[[-63.5987773987176,44.6572353853462],[-63.5981175753616,44.6568003780464]]},"properties":{"GLOBALID":"880f888c-0279-4fcf-ac5b-c1e374837fa8","OBJECTID":179,"TYPE":"SW_CLOSED","PERMIT_NO":"DEV-ROW-2025-01616","START_DATE":"Wed, 12 Mar 2025 06:00:00 GMT","END_DATE":"Sat, 31 Oct 2026 06:00:00 GMT","COMMENTS":"Sidewalk Closed to Facilitate Safe Construction Activities","ADDDATE":"Tue, 20 May 2025 22:36:25 GMT","MODDATE":"Tue, 20 May 2025 22:36:25 GMT","STREET_NAME":"ROBIE ST","FROM_STR":"ALMON ST","TO_STR":"ST ALBANS ST","RDMID":30092}},{"type":"Feature","id":181,"geometry":{"type":"LineString","coordinates":[[-63.5903436743688,44.6377933884998],[-63.5900218080025,44.6371998229625]]},"properties":{"GLOBALID":"2aeff1e2-8a6c-4407-adcf-971a60c30c86","OBJECTID":181,"TYPE":"SW_CLOSED","PERMIT_NO":"DEV-ROW-2024-05606","START_DATE":"Fri, 17 May 2024 06:00:00 GMT","END_DATE":"Sun, 31 Aug 2025 06:00:00 GMT","COMMENTS":"Sidewalk closed. BIRD Construction Emergency contact Spencer Jarvis (902-266-2473)","ADDDATE":"Thu, 22 May 2025 18:20:24 GMT","MODDATE":"Thu, 22 May 2025 18:20:24 GMT","STREET_NAME":"LEMARCHANT ST","FROM_STR":"UNIVERSITY AVE","TO_STR":"COBURG RD","RDMID":30096}},{"type":"Feature","id":182,"geometry":{"type":"LineString","coordinates":[[-63.580158164249,44.6713316196186],[-63.5797397397695,44.6710950944355],[-63.5802332661018,44.6707021549537],[-63.5806087753652,44.6709119774812]]},"properties":{"GLOBALID":"32c9c677-0f2e-41e9-b08a-aed481bdb4fa","OBJECTID":182,"TYPE":"SW_CLOSED","PERMIT_NO":"DEV-ROW-2022-10922","START_DATE":"Tue, 03 Jan 2023 08:00:00 GMT","END_DATE":"Tue, 31 Mar 2026 06:00:00 GMT","COMMENTS":null,"ADDDATE":"Fri, 15 Mar 2024 21:46:01 GMT","MODDATE":"Fri, 15 Mar 2024 21:46:01 GMT","STREET_NAME":"WYSE RD","FROM_STR":"DAWSON ST","TO_STR":"GEORGE ST","RDMID":30011}},{"type":"Feature","id":183,"geometry":{"type":"LineString","coordinates":[[-63.6280653722501,44.660680472528],[-63.6278293372142,44.6609628275561],[-63.6277864219982,44.6612222870129],[-63.6278507952714,44.6614359596497],[-63.6278454314309,44.6614397748032]]},"properties":{"GLOBALID":"f3257d9a-3ce4-4669-bdb4-d1d45f38fe70","OBJECTID":183,"TYPE":"S_CLOSED_SW_TEMP","PERMIT_NO":"2021-16260","START_DATE":"Wed, 01 Jun 2022 03:00:00 GMT","END_DATE":"Wed, 31 Jul 2024 03:00:00 GMT","COMMENTS":"Sidewalk closure only required for 6 months.","ADDDATE":"Mon, 24 Oct 2022 19:56:34 GMT","MODDATE":"Mon, 24 Oct 2022 19:56:34 GMT","STREET_NAME":"JOSEPH HOWE DR","FROM_STR":"MAIN AVE","TO_STR":"DUTCH VILLAGE RD","RDMID":21137}},{"type":"Feature","id":184,"geometry":{"type":"LineString","coordinates":[[-63.5687350586371,44.6662687655335],[-63.5690301022073,44.6660093280226]]},"properties":{"GLOBALID":"bab42590-3d3d-48a3-9946-e6f4547ec624","OBJECTID":184,"TYPE":"SW_TEMP","PERMIT_NO":"DEV-ROW-2024-06357","START_DATE":"Wed, 09 Oct 2024 06:00:00 GMT","END_DATE":"Fri, 30 Oct 2026 06:00:00 GMT","COMMENTS":"Sidewalk Closure to facilitate the safe operation of pile driving equipment","ADDDATE":"Wed, 07 Aug 2024 17:57:46 GMT","MODDATE":"Sat, 09 Nov 2024 00:25:41 GMT","STREET_NAME":"OCHTERLONEY ST","FROM_STR":"EDWARD ST","TO_STR":"KING ST","RDMID":30042}},{"type":"Feature","id":185,"geometry":{"type":"LineString","coordinates":[[-63.5744611915493,44.6481650634341],[-63.574273438265,44.6478053632883]]},"properties":{"GLOBALID":"40897f14-9b70-4591-938d-0dc503b1d598","OBJECTID":185,"TYPE":"SW_TEMP","PERMIT_NO":"DEV-ROW-2021-01055","START_DATE":"Wed, 26 Oct 2022 03:00:00 GMT","END_DATE":"Wed, 07 May 2025 06:00:00 GMT","COMMENTS":"Sidewalk closed. Use crosswalk at George & Barrington St and Prince & Barrington for safe pedestrian movement.","ADDDATE":"Tue, 10 Oct 2023 20:09:05 GMT","MODDATE":"Thu, 22 May 2025 17:43:34 GMT","STREET_NAME":"BARRINGTON ST","FROM_STR":"PRINCE ST","TO_STR":"GEORGE ST","RDMID":28801}},{"type":"Feature","id":186,"geometry":{"type":"LineString","coordinates":[[-63.5920827965892,44.6535809853917],[-63.5920291518954,44.6535475958691],[-63.5920304921818,44.6535475958691]]},"properties":{"GLOBALID":"4444a67b-a702-4dbb-9cb7-3d66266989ec","OBJECTID":186,"TYPE":"SW_TEMP","PERMIT_NO":"DEV-ROW-2024-06282","START_DATE":"Tue, 18 Jun 2024 06:00:00 GMT","END_DATE":"Wed, 18 Sep 2024 06:00:00 GMT","COMMENTS":null,"ADDDATE":"Thu, 06 Jun 2024 15:52:16 GMT","MODDATE":"Thu, 06 Jun 2024 15:52:16 GMT","STREET_NAME":"JOHN ST","FROM_STR":"CHARLES ST","TO_STR":"WEST ST","RDMID":30027}},{"type":"Feature","id":187,"geometry":{"type":"LineString","coordinates":[[-63.5748317897231,44.6491745257091],[-63.5749229848941,44.649147811424],[-63.5746708574383,44.6486440479123]]},"properties":{"GLOBALID":"99392c91-167a-4616-ad0d-72c08383d1a9","OBJECTID":187,"TYPE":"SW_TEMP","PERMIT_NO":"DEV-ROW-2022-07842","START_DATE":"Mon, 27 Jun 2022 06:00:00 GMT","END_DATE":"Mon, 27 Jun 2022 06:00:00 GMT","COMMENTS":"Minimum 1.5m clear sidewalk width to be maintained at all times.","ADDDATE":"Thu, 23 Jun 2022 21:01:29 GMT","MODDATE":"Thu, 23 Jun 2022 21:01:29 GMT","STREET_NAME":"BARRINGTON ST","FROM_STR":"DUKE ST","TO_STR":"GEORGE ST","RDMID":18561}},{"type":"Feature","id":188,"geometry":{"type":"MultiLineString","coordinates":[[[-63.5736603713213,44.6494727469434],[-63.5732419468417,44.6486465007325],[-63.5732419468417,44.6486484096886]],[[-63.5732446292112,44.6486465007325],[-63.5732419468417,44.6486445924153],[-63.5732419468417,44.6486465007325]]]},"properties":{"GLOBALID":"ceda9001-5384-4cf1-8f54-71a10afd588c","OBJECTID":188,"TYPE":"SW_CLOSED","PERMIT_NO":"TPW-ROW-2024-13306","START_DATE":"Wed, 11 Dec 2024 08:00:00 GMT","END_DATE":"Wed, 11 Dec 2024 08:00:00 GMT","COMMENTS":"SW close facilitate the dismantling of scaffold. There will be no impact to traffic lanes.","ADDDATE":"Fri, 06 Dec 2024 19:56:47 GMT","MODDATE":"Fri, 06 Dec 2024 19:56:47 GMT","STREET_NAME":"HOLLIS ST","FROM_STR":"DUKE ST","TO_STR":"GEORGE ST","RDMID":30065}},{"type":"Feature","id":189,"geometry":{"type":"LineString","coordinates":[[-63.615821478658,44.660872496869],[-63.6161460264954,44.6608972978395]]},"properties":{"GLOBALID":"db8f1199-3393-4fa9-9969-301df96d2fdf","OBJECTID":189,"TYPE":"SW_CLOSED","PERMIT_NO":"DEV-ROW-2024-04128","START_DATE":"Fri, 04 Oct 2024 06:00:00 GMT","END_DATE":"Sun, 04 Oct 2026 06:00:00 GMT","COMMENTS":"sidewalk closed, please use nearby crosswalk. Peter Metlej Holdings Limited: 24hr emergency contact Peter Metlej 902-440-5100","ADDDATE":"Thu, 22 May 2025 17:38:37 GMT","MODDATE":"Thu, 22 May 2025 17:38:37 GMT","STREET_NAME":"WINDSOR ST","FROM_STR":"STRAWBERRY HILL ST","TO_STR":"HOOD ST","RDMID":30093}},{"type":"Feature","id":190,"geometry":{"type":"LineString","coordinates":[[-63.585603787434,44.65363767213],[-63.584984197823,44.6540345429277]]},"properties":{"GLOBALID":"c13ae54d-d895-475b-af28-8216f6e999ed","OBJECTID":190,"TYPE":"SW_CLOSED","PERMIT_NO":"DEV-ROW-2022-06284","START_DATE":"Mon, 01 May 2023 03:00:00 GMT","END_DATE":"Wed, 31 Dec 2025 04:00:00 GMT","COMMENTS":null,"ADDDATE":"Thu, 14 Sep 2023 17:52:02 GMT","MODDATE":"Tue, 29 Apr 2025 15:43:12 GMT","STREET_NAME":"PRINCE WILLIAM ST","FROM_STR":"GOTTINGEN ST","TO_STR":"MAITLAND ST","RDMID":28497}},{"type":"Feature","id":191,"geometry":{"type":"LineString","coordinates":[[-63.6002039898641,44.6582893910238],[-63.5995602598265,44.6578601150344]]},"properties":{"GLOBALID":"3198b8c4-228c-4cc3-8164-b4091740175f","OBJECTID":191,"TYPE":"SW_CLOSED","PERMIT_NO":"181022","START_DATE":"Thu, 14 May 2020 06:00:00 GMT","END_DATE":"Mon, 30 Jun 2025 06:00:00 GMT","COMMENTS":null,"ADDDATE":"Thu, 30 Apr 2020 20:43:14 GMT","MODDATE":"Fri, 10 Jan 2025 23:57:08 GMT","STREET_NAME":"ROBIE ST","FROM_STR":"MACARA ST","TO_STR":"BILBY ST","RDMID":5841}},{"type":"Feature","id":192,"geometry":{"type":"LineString","coordinates":[[-63.5844035340098,44.6399122516888],[-63.5840937392043,44.6399971794108]]},"properties":{"GLOBALID":"3c9954ab-bc09-4f4e-a9b8-41f1b5aeeccb","OBJECTID":192,"TYPE":"SW_CLOSED","PERMIT_NO":"2021-11747","START_DATE":"Wed, 01 Sep 2021 06:00:00 GMT","END_DATE":"Fri, 30 Sep 2022 06:00:00 GMT","COMMENTS":"Sidewalk closed on east side of Carleton Street adjacent 5853 College Street.","ADDDATE":"Thu, 10 Feb 2022 17:05:46 GMT","MODDATE":"Thu, 10 Feb 2022 17:05:46 GMT","STREET_NAME":"COLLEGE ST","FROM_STR":"SUMMER ST","TO_STR":"CARLETON ST","RDMID":15057}},{"type":"Feature","id":193,"geometry":{"type":"LineString","coordinates":[[-63.5813098233079,44.6505419066839],[-63.582113145344,44.6503415517322],[-63.5821118041593,44.6503415517322]]},"properties":{"GLOBALID":"dbcefd44-9565-4225-bfda-dcedf0f29e11","OBJECTID":193,"TYPE":"SW_TEMP","PERMIT_NO":"185182","START_DATE":"Mon, 22 Mar 2021 06:00:00 GMT","END_DATE":"Mon, 31 Mar 2025 03:00:00 GMT","COMMENTS":"North side sidewalk closed. Temporary protected sidewalk installed.","ADDDATE":"Wed, 31 Mar 2021 15:42:16 GMT","MODDATE":"Wed, 05 Apr 2023 19:40:34 GMT","STREET_NAME":"COGSWELL ST","FROM_STR":"CREIGHTON ST","TO_STR":"GOTTINGEN ST","RDMID":11537}},{"type":"Feature","id":194,"geometry":{"type":"LineString","coordinates":[[-63.5796249728054,44.6348790607432],[-63.5796196080665,44.6348752438423],[-63.5792789570293,44.6341499373445]]},"properties":{"GLOBALID":"19313e44-5e83-4c1f-9a99-2586b7011c0e","OBJECTID":194,"TYPE":"S_CLOSED_SW_CLOSED","PERMIT_NO":"160584","START_DATE":"Fri, 25 Aug 2017 06:00:00 GMT","END_DATE":"Fri, 29 May 2020 06:00:00 GMT","COMMENTS":"Streets narrowed/sidewalk closed adjacent 1048 Wellington Street. Extends 15 meters beyond property line on both ends.","ADDDATE":"Thu, 16 May 2019 18:48:48 GMT","MODDATE":"Fri, 24 Apr 2020 14:37:26 GMT","STREET_NAME":"WELLINGTON ST","FROM_STR":"LUNDYS LANE","TO_STR":"INGLIS ST","RDMID":1281}},{"type":"Feature","id":195,"geometry":{"type":"LineString","coordinates":[[-63.5964262551925,44.6599622597284],[-63.5957825251548,44.6604411237744],[-63.5957878898937,44.6604392158454]]},"properties":{"GLOBALID":"c97718c7-7045-4fb9-b17e-3aca01f27551","OBJECTID":195,"TYPE":"SW_CLOSED","PERMIT_NO":"185921","START_DATE":"Wed, 30 Sep 2020 06:00:00 GMT","END_DATE":"Fri, 28 Mar 2025 06:00:00 GMT","COMMENTS":"Sidewalk Closed","ADDDATE":"Wed, 09 Mar 2022 22:32:03 GMT","MODDATE":"Fri, 12 Apr 2024 21:10:56 GMT","STREET_NAME":"BILBY ST","FROM_STR":"GOTTINGEN ST","TO_STR":"ISLEVILLE ST","RDMID":15682}},{"type":"Feature","id":196,"geometry":{"type":"LineString","coordinates":[[-63.5784803870811,44.6379085109677],[-63.5789202687195,44.6378016317215],[-63.5788719896629,44.637664215989]]},"properties":{"GLOBALID":"89c45e10-b162-42af-979b-ee2fb4e55b6d","OBJECTID":196,"TYPE":"SW_CLOSED","PERMIT_NO":"DEV-ROW-2022-10744","START_DATE":"Tue, 22 Aug 2023 03:00:00 GMT","END_DATE":"Fri, 25 Aug 2023 03:00:00 GMT","COMMENTS":"Sidewalk Closed to Facilitate safe Demolition activitie","ADDDATE":"Thu, 13 Jul 2023 20:06:43 GMT","MODDATE":"Thu, 13 Jul 2023 20:06:43 GMT","STREET_NAME":"SOUTH ST","FROM_STR":"TOWER RD","TO_STR":"SOUTH ST","RDMID":26562}},{"type":"Feature","id":197,"geometry":{"type":"LineString","coordinates":[[-63.598086234938,44.6468618944992],[-63.5979856523723,44.6468857479138]]},"properties":{"GLOBALID":"0aae4083-32ea-4914-9b24-8fe69502c2cf","OBJECTID":197,"TYPE":"SW_TEMP","PERMIT_NO":"DEV-ROW-2022-06727","START_DATE":"Thu, 09 Jun 2022 06:00:00 GMT","END_DATE":"Thu, 23 Jun 2022 06:00:00 GMT","COMMENTS":"Sidewalk closed for two weeks for development activity. Signage in place to direct pedestrians to opposite side of Yukon.","ADDDATE":"Tue, 17 May 2022 20:09:48 GMT","MODDATE":"Thu, 09 Jun 2022 17:03:46 GMT","STREET_NAME":"YUKON ST","FROM_STR":"MONASTERY LANE","TO_STR":"HARVARD ST","RDMID":17281}},{"type":"Feature","id":198,"geometry":{"type":"LineString","coordinates":[[-63.5841724199451,44.6858548278489],[-63.5839739362848,44.6859997577585]]},"properties":{"GLOBALID":"9c29041f-80fd-4ac1-bb9c-5e5b1178fd5f","OBJECTID":198,"TYPE":"SW_TEMP","PERMIT_NO":"DEV-ROW-2024-18323","START_DATE":"Sat, 07 Jun 2025 06:00:00 GMT","END_DATE":"Sat, 28 Jun 2025 06:00:00 GMT","COMMENTS":null,"ADDDATE":"Thu, 10 Apr 2025 14:52:47 GMT","MODDATE":"Mon, 05 May 2025 20:59:39 GMT","STREET_NAME":"CRYSTAL DR","FROM_STR":"PINECREST DR","TO_STR":"FRANKLYN CRT","RDMID":30083}},{"type":"Feature","id":199,"geometry":{"type":"LineString","coordinates":[[-63.5707903554981,44.6437120014617],[-63.570613329895,44.6433608612732]]},"properties":{"GLOBALID":"7980cfb8-524e-4837-874c-029e295e55d4","OBJECTID":199,"TYPE":"S_CLOSED_SW_TEMP","PERMIT_NO":"GP-2021-00152","START_DATE":"Mon, 11 Jan 2021 08:00:00 GMT","END_DATE":"Tue, 31 Oct 2023 06:00:00 GMT","COMMENTS":null,"ADDDATE":"Fri, 08 Jan 2021 17:33:44 GMT","MODDATE":"Fri, 08 Jan 2021 17:33:44 GMT","STREET_NAME":"HOLLIS ST","FROM_STR":"BISHOP AVE","TO_STR":"SALTER ST","RDMID":10561}},{"type":"Feature","id":201,"geometry":{"type":"LineString","coordinates":[[-63.5759971732429,44.6432504479973],[-63.5756860363544,44.642613045]]},"properties":{"GLOBALID":"7de4098c-9aaa-47fe-9ecd-a4ccf2de6bdf","OBJECTID":201,"TYPE":"SW_CLOSED","PERMIT_NO":"179808","START_DATE":"Tue, 30 Mar 2021 06:00:00 GMT","END_DATE":"Sun, 30 Jun 2024 03:00:00 GMT","COMMENTS":"West side sidewalk closed","ADDDATE":"Wed, 31 Mar 2021 14:42:42 GMT","MODDATE":"Mon, 29 May 2023 20:01:56 GMT","STREET_NAME":"QUEEN ST","FROM_STR":"SPRING GARDEN RD","TO_STR":"CLYDE ST","RDMID":11522}},{"type":"Feature","id":202,"geometry":{"type":"LineString","coordinates":[[-63.581365776672,44.669624658015],[-63.5808078770665,44.670071014132]]},"properties":{"GLOBALID":"4b7e717f-9d2b-46d3-8a4c-723e3e807512","OBJECTID":202,"TYPE":"S_CLOSED_SW_CLOSED","PERMIT_NO":"DEV-ROW-2023-6768","START_DATE":"Thu, 14 Sep 2023 06:00:00 GMT","END_DATE":"Fri, 20 Jun 2025 06:00:00 GMT","COMMENTS":null,"ADDDATE":"Fri, 10 Nov 2023 23:28:54 GMT","MODDATE":"Sat, 09 Nov 2024 00:29:15 GMT","STREET_NAME":"DAWSON ST","FROM_STR":"JOHN ST","TO_STR":"BLIGH ST","RDMID":30003}},{"type":"Feature","id":203,"geometry":{"type":"LineString","coordinates":[[-63.5706052827867,44.6433780364112],[-63.5702512306821,44.6434658217914]]},"properties":{"GLOBALID":"a4165774-7775-45cf-b237-ebe1ee838a62","OBJECTID":203,"TYPE":"S_CLOSED_SW_CLOSED","PERMIT_NO":"GP-2021-00152","START_DATE":"Mon, 11 Jan 2021 08:00:00 GMT","END_DATE":"Tue, 31 Oct 2023 06:00:00 GMT","COMMENTS":null,"ADDDATE":"Fri, 08 Jan 2021 17:35:25 GMT","MODDATE":"Fri, 08 Jan 2021 17:35:25 GMT","STREET_NAME":"BISHOP ST","FROM_STR":"HOLLIS ST","TO_STR":"LOWER WATER ST","RDMID":10577}},{"type":"Feature","id":204,"geometry":{"type":"LineString","coordinates":[[-63.5902615333175,44.6392474642068],[-63.5899074821112,44.6393333472136]]},"properties":{"GLOBALID":"857e8aa7-38eb-4097-84ac-7c2bc4c8e9f2","OBJECTID":204,"TYPE":"SW_CLOSED","PERMIT_NO":"166055","START_DATE":"Mon, 16 Apr 2018 06:00:00 GMT","END_DATE":"Thu, 31 Oct 2019 06:00:00 GMT","COMMENTS":null,"ADDDATE":"Wed, 24 Apr 2019 20:12:51 GMT","MODDATE":"Wed, 13 May 2020 17:01:56 GMT","STREET_NAME":"COBURG RD","FROM_STR":"SEYMOUR ST","TO_STR":"LEMARCHANT ST","RDMID":670}},{"type":"Feature","id":205,"geometry":{"type":"LineString","coordinates":[[-63.5734989602344,44.6463356239273],[-63.5730477211958,44.6464567000328]]},"properties":{"GLOBALID":"b3a2b3ba-299f-4528-9bb0-e69bf93bd222","OBJECTID":205,"TYPE":"SW_CLOSED","PERMIT_NO":"139178","START_DATE":"Wed, 02 Jan 2019 08:00:00 GMT","END_DATE":"Fri, 24 May 2019 06:00:00 GMT","COMMENTS":null,"ADDDATE":"Wed, 24 Apr 2019 20:12:51 GMT","MODDATE":"Fri, 10 May 2019 16:36:49 GMT","STREET_NAME":"SACKVILLE ST","FROM_STR":"GRANVILLE ST","TO_STR":"BARRINGTON ST","RDMID":691}},{"type":"Feature","id":206,"geometry":{"type":"LineString","coordinates":[[-63.5910436470281,44.6768037762988],[-63.5907190991907,44.6770784239086],[-63.5907164177195,44.6770765158883]]},"properties":{"GLOBALID":"b4c92bfd-dee5-4494-86c1-1c73f0ecffb0","OBJECTID":206,"TYPE":"SW_CLOSED","PERMIT_NO":"DEV-ROW-2024-09411","START_DATE":"Mon, 25 Nov 2024 08:00:00 GMT","END_DATE":"Tue, 25 Nov 2025 08:00:00 GMT","COMMENTS":null,"ADDDATE":"Tue, 19 Nov 2024 19:39:44 GMT","MODDATE":"Tue, 19 Nov 2024 19:39:44 GMT","STREET_NAME":"FARRELL ST","FROM_STR":"WINDMILL RD","TO_STR":"CATHERINE ST","RDMID":30059}},{"type":"Feature","id":207,"geometry":{"type":"LineString","coordinates":[[-63.5732856929994,44.6455458767735],[-63.5733607957504,44.6456956785327]]},"properties":{"GLOBALID":"b59438f7-365e-47c6-8664-a300d3bcb24a","OBJECTID":207,"TYPE":"SW_CLOSED","PERMIT_NO":"DEV-ROW-2022-09132","START_DATE":"Mon, 31 Oct 2022 03:00:00 GMT","END_DATE":"Fri, 25 Nov 2022 04:00:00 GMT","COMMENTS":"Sidewalk closure to facilitate work at 1572 Barrington Street.","ADDDATE":"Fri, 04 Nov 2022 16:25:29 GMT","MODDATE":"Fri, 04 Nov 2022 16:25:29 GMT","STREET_NAME":"BARRINGTON ST","FROM_STR":"BLOWERS ST","TO_STR":"SACKVILLE ST","RDMID":21457}},{"type":"Feature","id":208,"geometry":{"type":"LineString","coordinates":[[-63.5917775966663,44.6493562989622],[-63.591852698519,44.6495127698915],[-63.5922335716231,44.6494097286063]]},"properties":{"GLOBALID":"72b06d7b-e547-4193-a1d5-be1fe8ae3f36","OBJECTID":208,"TYPE":"S_CLOSED_SW_CLOSED","PERMIT_NO":"DEV-ROW-2022-04825","START_DATE":"Mon, 25 Apr 2022 06:00:00 GMT","END_DATE":"Thu, 28 Apr 2022 06:00:00 GMT","COMMENTS":null,"ADDDATE":"Fri, 15 Apr 2022 02:32:31 GMT","MODDATE":"Fri, 15 Apr 2022 02:32:31 GMT","STREET_NAME":"ROBIE ST","FROM_STR":"WILLIAMS ST","TO_STR":"ROBIE ST","RDMID":16322}},{"type":"Feature","id":209,"geometry":{"type":"LineString","coordinates":[[-63.7009315688361,44.6371393021284],[-63.7003441640651,44.6372156447907],[-63.6995958288058,44.6374179537664],[-63.699598510277,44.6374179537664]]},"properties":{"GLOBALID":"33531be8-ae6e-4e9c-9b61-1db1207878eb","OBJECTID":209,"TYPE":"SW_CLOSED","PERMIT_NO":"DEV-ROW-2023-12862","START_DATE":"Mon, 06 Nov 2023 08:00:00 GMT","END_DATE":"Fri, 10 Nov 2023 08:00:00 GMT","COMMENTS":"sidewalk closed to facilitate safe utility work.","ADDDATE":"Tue, 31 Oct 2023 18:45:45 GMT","MODDATE":"Tue, 31 Oct 2023 18:45:45 GMT","STREET_NAME":"ST MARGARETS BAY RD","FROM_STR":"NORTH GREEN RD","TO_STR":"CHURCH DR","RDMID":30000}},{"type":"Feature","id":210,"geometry":{"type":"LineString","coordinates":[[-63.578824453513,44.6372108903165],[-63.578797630717,44.6371307302562]]},"properties":{"GLOBALID":"09c1ca6b-b415-4240-95a9-f949455496a4","OBJECTID":210,"TYPE":"SW_CLOSED","PERMIT_NO":"DEV-ROW-2022-13876 & DEMO-2022-10316","START_DATE":"Wed, 19 Apr 2023 03:00:00 GMT","END_DATE":"Fri, 21 Apr 2023 03:00:00 GMT","COMMENTS":"Encroachment for Demolition activities","ADDDATE":"Mon, 17 Apr 2023 15:07:47 GMT","MODDATE":"Mon, 17 Apr 2023 15:07:47 GMT","STREET_NAME":"TOWER RD","FROM_STR":"TOWER TERR","TO_STR":"SOUTH ST","RDMID":24001}},{"type":"Feature","id":211,"geometry":{"type":"LineString","coordinates":[[-63.590454336032,44.6548297378139],[-63.5907641308375,44.6550443874231],[-63.5907668141053,44.6550443874231]]},"properties":{"GLOBALID":"dda80d1b-b6e5-4a5d-adc3-03dc4fd60a95","OBJECTID":211,"TYPE":"SW_CLOSED","PERMIT_NO":"TPW-ROW-2023-04729","START_DATE":"Wed, 07 Jun 2023 03:00:00 GMT","END_DATE":"Thu, 08 Jun 2023 03:00:00 GMT","COMMENTS":"June 7-8. Installation of Monitoring wells to assess potential hydrocarbon impacts within or around the sidewalk or roadway area of properties 2495 and 2487 Maynard Street","ADDDATE":"Wed, 17 May 2023 15:10:54 GMT","MODDATE":"Wed, 17 May 2023 21:32:14 GMT","STREET_NAME":"MAYNARD ST","FROM_STR":"CHARLES ST","TO_STR":"ROBERTS ST","RDMID":24641}},{"type":"Feature","id":212,"geometry":{"type":"LineString","coordinates":[[-63.5734108777258,44.6474958130899],[-63.5738333257596,44.6483201673644]]},"properties":{"GLOBALID":"00e371d7-5d21-4319-8621-3c677255907c","OBJECTID":212,"TYPE":"SW_CLOSED","PERMIT_NO":"N/A - Provincial Project","START_DATE":"Wed, 09 Aug 2023 03:00:00 GMT","END_DATE":"Sun, 20 Aug 2023 03:00:00 GMT","COMMENTS":"Sidewalk closure for one week to complete gate renovation at Province House (1726 Hollis St) on Granville Street","ADDDATE":"Wed, 02 Aug 2023 16:00:12 GMT","MODDATE":"Thu, 10 Aug 2023 17:39:55 GMT","STREET_NAME":"GRANVILLE ST","FROM_STR":"GEORGE ST","TO_STR":"PRINCE ST","RDMID":27201}},{"type":"Feature","id":213,"geometry":{"type":"LineString","coordinates":[[-63.5807852961152,44.6395697859353],[-63.5797553273363,44.6398427007206],[-63.5797580097057,44.639840792753]]},"properties":{"GLOBALID":"98357cc7-864b-4f97-9bef-521b5b0638bf","OBJECTID":213,"TYPE":"SW_CLOSED","PERMIT_NO":"180621","START_DATE":"Mon, 03 Feb 2020 08:00:00 GMT","END_DATE":"Fri, 13 Mar 2020 06:00:00 GMT","COMMENTS":"Sidewalk closed for repairs to 5743 University Avenue.","ADDDATE":"Wed, 26 Feb 2020 19:08:29 GMT","MODDATE":"Wed, 26 Feb 2020 19:08:29 GMT","STREET_NAME":"UNIVERSITY AVE","FROM_STR":"CATHEDRAL LANE","TO_STR":"SUMMER ST","RDMID":4481}},{"type":"Feature","id":214,"geometry":{"type":"LineString","coordinates":[[-63.5906561928663,44.654861879871],[-63.590343714793,44.6546453221055],[-63.5903450559777,44.6546462761654]]},"properties":{"GLOBALID":"985cde3d-5d1d-407a-a012-4b6a5ac8cdb0","OBJECTID":214,"TYPE":"SW_CLOSED","PERMIT_NO":"173267","START_DATE":"Mon, 02 Sep 2019 06:00:00 GMT","END_DATE":"Fri, 30 Sep 2022 06:00:00 GMT","COMMENTS":"Sidewalk closed. Use other side.","ADDDATE":"Wed, 08 Sep 2021 19:54:33 GMT","MODDATE":"Wed, 08 Sep 2021 19:54:33 GMT","STREET_NAME":"MAYNARD ST","FROM_STR":"ROBERTS ST","TO_STR":"CHARLES ST","RDMID":13473}},{"type":"Feature","id":215,"geometry":{"type":"LineString","coordinates":[[-63.5874577377039,44.6570430179598],[-63.587354473667,44.6571107488968]]},"properties":{"GLOBALID":"0824be3f-6a93-46fa-8967-b70810690660","OBJECTID":215,"TYPE":"SW_CLOSED","PERMIT_NO":"184228, encr. 184649","START_DATE":"Wed, 30 Sep 2020 06:00:00 GMT","END_DATE":"Thu, 15 Oct 2020 06:00:00 GMT","COMMENTS":"Sidewalk closure for exterior renovation at 2487 Brunswick Street.","ADDDATE":"Thu, 20 Aug 2020 20:28:59 GMT","MODDATE":"Thu, 20 Aug 2020 20:28:59 GMT","STREET_NAME":"ARTZ ST","FROM_STR":"BRUNSWICK ST","TO_STR":"HAMILTON LANE","RDMID":7681}},{"type":"Feature","id":216,"geometry":{"type":"LineString","coordinates":[[-63.5718986690479,44.6459246551877],[-63.5714802445684,44.6451002668688]]},"properties":{"GLOBALID":"80f64f2e-675c-49aa-88c7-a4daf56ba3cd","OBJECTID":216,"TYPE":"SW_CLOSED","PERMIT_NO":"DEV-ROW-2023-04032","START_DATE":"Fri, 12 Apr 2024 06:00:00 GMT","END_DATE":"Tue, 30 Jun 2026 06:00:00 GMT","COMMENTS":"24 hour Emergency Contact, Universal Contracts Ltd, Pam Priest, 902-425-8877.  Portion of the east side sidewalk closed on the north end of the property with relocated, protected sidewalk installed that extends to a temporary RRFB crosswalk.","ADDDATE":"Fri, 19 Apr 2024 18:47:22 GMT","MODDATE":"Tue, 19 Nov 2024 19:12:11 GMT","STREET_NAME":"HOLLIS ST","FROM_STR":"SACKVILLE ST","TO_STR":"SALTER ST","RDMID":30022}},{"type":"Feature","id":217,"geometry":{"type":"LineString","coordinates":[[-63.5752145376112,44.6406817452734],[-63.5754398440676,44.6406244917063]]},"properties":{"GLOBALID":"f9341abd-e48a-4db1-b3bf-d85f54183f46","OBJECTID":217,"TYPE":"SW_CLOSED","PERMIT_NO":"DEV-ROW-2024-02982","START_DATE":"Thu, 14 Aug 2025 06:00:00 GMT","END_DATE":"Thu, 14 Aug 2025 06:00:00 GMT","COMMENTS":"Sidewalk will be closed for construction. Please use nearby crosswalks to detour around closure.","ADDDATE":"Fri, 08 Aug 2025 22:58:49 GMT","MODDATE":"Thu, 14 Aug 2025 13:42:31 GMT","STREET_NAME":"MORRIS ST","FROM_STR":"QUEEN ST","TO_STR":"BIRMINGHAM ST","RDMID":30117}},{"type":"Feature","id":218,"geometry":{"type":"LineString","coordinates":[[-63.5896028714832,44.6453614551916],[-63.5894177996701,44.6450160502969]]},"properties":{"GLOBALID":"2045af3e-6ec8-4140-9c2a-21cca4280b42","OBJECTID":218,"TYPE":"S_CLOSED_SW_TEMP","PERMIT_NO":"DEV-ROW-2024-03733","START_DATE":"Mon, 03 Jun 2024 06:00:00 GMT","END_DATE":"Wed, 30 Sep 2026 06:00:00 GMT","COMMENTS":"Emergency 24 hour Contact - J2K Properties, Jim Kanellakos 902-471-4349.  Sidewalk closed. Reloacted, protected sidewalk on street.","ADDDATE":"Fri, 19 Jul 2024 18:18:56 GMT","MODDATE":"Tue, 19 Nov 2024 18:19:16 GMT","STREET_NAME":"ROBIE ST","FROM_STR":"SHIRLEY ST","TO_STR":"CHERRY ST","RDMID":30035}},{"type":"Feature","id":219,"geometry":{"type":"LineString","coordinates":[[-63.6181722763317,44.6416618205016],[-63.6188562383177,44.6417782353533]]},"properties":{"GLOBALID":"c041e738-f5f8-41fc-a559-e8c558615a53","OBJECTID":219,"TYPE":"SW_TEMP","PERMIT_NO":"DEV-ROW-2022-10887","START_DATE":"Fri, 23 Sep 2022 06:00:00 GMT","END_DATE":"Fri, 30 May 2025 06:00:00 GMT","COMMENTS":"Redirected Sidewalk to Facilitate truck access to the Building being constructed at 7177 Quinpool","ADDDATE":"Fri, 15 Nov 2024 21:19:22 GMT","MODDATE":"Tue, 20 May 2025 19:13:19 GMT","STREET_NAME":"QUINPOOL RD","FROM_STR":"QUINPOOL RD","TO_STR":"QUINPOOL RD","RDMID":30054}},{"type":"Feature","id":220,"geometry":{"type":"LineString","coordinates":[[-63.5991122565195,44.6447819327231],[-63.5995843247946,44.6446445328835]]},"properties":{"GLOBALID":"0309e6e2-c9cf-47d6-a1a9-ecd1dd94b6dd","OBJECTID":220,"TYPE":"SW_CLOSED","PERMIT_NO":"DEV-ROW-2023-14530","START_DATE":"Mon, 04 Mar 2024 08:00:00 GMT","END_DATE":"Fri, 08 Mar 2024 08:00:00 GMT","COMMENTS":"Sidewalk Closure to Facilitate Safe Demolition Activities at 6330 Quinpool Rd","ADDDATE":"Mon, 08 Jan 2024 23:53:38 GMT","MODDATE":"Mon, 08 Jan 2024 23:54:24 GMT","STREET_NAME":"QUINPOOL RD","FROM_STR":"OXFORD ST","TO_STR":"PRESTON ST","RDMID":30008}},{"type":"Feature","id":221,"geometry":{"type":"LineString","coordinates":[[-63.5872027769616,44.6849970571346],[-63.5869774714035,44.6851906180731]]},"properties":{"GLOBALID":"2aa66a26-9967-4733-8471-bbd6f2f97392","OBJECTID":221,"TYPE":"SW_CLOSED","PERMIT_NO":"DEV-ROW-2024-03867","START_DATE":"Mon, 13 May 2024 06:00:00 GMT","END_DATE":"Sat, 15 Mar 2025 06:00:00 GMT","COMMENTS":null,"ADDDATE":"Wed, 13 Nov 2024 19:48:50 GMT","MODDATE":"Tue, 19 Nov 2024 18:59:54 GMT","STREET_NAME":"PINECREST DR","FROM_STR":"BRULE ST","TO_STR":"CRYSTAL DR","RDMID":30052}},{"type":"Feature","id":222,"geometry":{"type":"LineString","coordinates":[[-63.6096538642078,44.6542260524963],[-63.609246169206,44.6539112287811]]},"properties":{"GLOBALID":"51401009-a9b8-4d33-bfdc-1f49e8befb65","OBJECTID":222,"TYPE":"SW_CLOSED","PERMIT_NO":"DEV-ROW-2023-07960","START_DATE":"Fri, 01 Sep 2023 03:00:00 GMT","END_DATE":"Fri, 31 Oct 2025 06:00:00 GMT","COMMENTS":null,"ADDDATE":"Thu, 14 Sep 2023 17:59:04 GMT","MODDATE":"Tue, 29 Jul 2025 16:30:32 GMT","STREET_NAME":"OXFORD ST","FROM_STR":"YOUNG ST","TO_STR":"CORK ST","RDMID":28498}},{"type":"Feature","id":223,"geometry":{"type":"LineString","coordinates":[[-63.5899325127683,44.6475849963412],[-63.5877813818361,44.6489092982816],[-63.5877867456767,44.6489092982816]]},"properties":{"GLOBALID":"5a547769-f6d7-4931-a598-b77ea966c256","OBJECTID":223,"TYPE":"SW_CLOSED","PERMIT_NO":"DEV-ROW-2023-04458","START_DATE":"Wed, 24 May 2023 03:00:00 GMT","END_DATE":"Thu, 25 May 2023 03:00:00 GMT","COMMENTS":"Utility Work Servicing The New Halifax Commons Aquatic Project","ADDDATE":"Tue, 23 May 2023 22:33:14 GMT","MODDATE":"Tue, 23 May 2023 22:33:14 GMT","STREET_NAME":"COGSWELL ST","FROM_STR":"ROBIE ST","TO_STR":"TROLLOPE ST","RDMID":24961}},{"type":"Feature","id":224,"geometry":{"type":"LineString","coordinates":[[-63.5476515108839,44.6962381928327],[-63.547546904764,44.6956280658058]]},"properties":{"GLOBALID":"971ddfbb-52fc-4891-9d64-d6023760d232","OBJECTID":224,"TYPE":"S_CLOSED_SW_CLOSED","PERMIT_NO":"DEV-ROW-2022-01058","START_DATE":"Sun, 15 May 2022 06:00:00 GMT","END_DATE":"Fri, 20 May 2022 06:00:00 GMT","COMMENTS":"West side sidewalk closed. Stop and go traffic off-peak only. Signage directing pedestrians to cross to other side at intersections.","ADDDATE":"Fri, 04 Feb 2022 23:52:19 GMT","MODDATE":"Fri, 04 Feb 2022 23:52:19 GMT","STREET_NAME":"WAVERLEY RD","FROM_STR":"BOUTILIERS LANE","TO_STR":"EVANS CRT","RDMID":14721}},{"type":"Feature","id":225,"geometry":{"type":"LineString","coordinates":[[-63.5980217053579,44.6519562768611],[-63.5977159332082,44.6518083994833],[-63.5977145920235,44.6518083994833],[-63.5977132508388,44.6518083988443]]},"properties":{"GLOBALID":"d282c946-0cc1-4c6d-9deb-969eb20b0f78","OBJECTID":225,"TYPE":"SW_CLOSED","PERMIT_NO":"DEV-ROW-2022-08949","START_DATE":"Fri, 10 Jan 2025 08:00:00 GMT","END_DATE":"Fri, 30 May 2025 06:00:00 GMT","COMMENTS":null,"ADDDATE":"Thu, 02 Jan 2025 23:55:26 GMT","MODDATE":"Mon, 07 Apr 2025 19:50:12 GMT","STREET_NAME":"WINDSOR ST","FROM_STR":"NORTH ST","TO_STR":"WILLOW ST","RDMID":30067}},{"type":"Feature","id":226,"geometry":{"type":"LineString","coordinates":[[-63.5873749184246,44.6765221940599],[-63.5874983002322,44.6766061144781],[-63.5872837223553,44.6767739549499]]},"properties":{"GLOBALID":"1c509347-b587-4d8d-b7c5-336f37df98a2","OBJECTID":226,"TYPE":"SW_CLOSED","PERMIT_NO":"DEV-ROW-2024-01182","START_DATE":"Fri, 26 Apr 2024 06:00:00 GMT","END_DATE":"Fri, 31 Oct 2025 06:00:00 GMT","COMMENTS":"Sidewalk Closure to facilitate safe construction activities at 278 Wyse Road.","ADDDATE":"Mon, 03 Jun 2024 22:42:33 GMT","MODDATE":"Mon, 03 Jun 2024 22:42:33 GMT","STREET_NAME":"WYSE RD","FROM_STR":"ALBRO LAKE RD","TO_STR":"WYSE RD","RDMID":30026}},{"type":"Feature","id":227,"geometry":{"type":"LineString","coordinates":[[-63.5960677959531,44.6571364524588],[-63.595834444185,44.6569780953324],[-63.5958331030003,44.6569780953324]]},"properties":{"GLOBALID":"a5bbc168-a8a8-4a11-9fea-de87cac4ea80","OBJECTID":227,"TYPE":"SW_TEMP","PERMIT_NO":"185183","START_DATE":"Tue, 01 Sep 2020 06:00:00 GMT","END_DATE":"Fri, 31 Mar 2023 06:00:00 GMT","COMMENTS":"Temporary Sidewalk to Facilitate Development","ADDDATE":"Tue, 01 Sep 2020 16:00:58 GMT","MODDATE":"Thu, 07 Apr 2022 20:36:46 GMT","STREET_NAME":"AGRICOLA ST","FROM_STR":"ONTARIO ST","TO_STR":"MAY ST","RDMID":8001}},{"type":"Feature","id":228,"geometry":{"type":"LineString","coordinates":[[-63.5754538227517,44.6502659114245],[-63.5750193049539,44.6493385433917],[-63.5750193040555,44.6493461759295],[-63.5750193049539,44.6493404510469]]},"properties":{"GLOBALID":"2300588d-f517-4f99-966f-cda20ab4dfdc","OBJECTID":228,"TYPE":"SW_CLOSED","PERMIT_NO":"TPW-ROW-2022-06335","START_DATE":"Mon, 04 Jul 2022 06:00:00 GMT","END_DATE":"Fri, 29 Jul 2022 06:00:00 GMT","COMMENTS":"Sidewalk closed for window cleaning. Work zone will be closed for five hours, pedestrian will be directed to crosswalks.","ADDDATE":"Mon, 27 Jun 2022 20:01:26 GMT","MODDATE":"Mon, 27 Jun 2022 20:01:26 GMT","STREET_NAME":"BARRINGTON ST","FROM_STR":"BARRINGTON ST","TO_STR":"DUKE ST","RDMID":18881}},{"type":"Feature","id":229,"geometry":{"type":"LineString","coordinates":[[-63.5775393802614,44.6484442513604],[-63.5771424138391,44.6476084500212],[-63.5771424138391,44.6476198988494],[-63.5771450962085,44.6476198988494]]},"properties":{"GLOBALID":"f640e74e-a7bd-4fcc-a1b8-caa67c61d0bc","OBJECTID":229,"TYPE":"SW_CLOSED","PERMIT_NO":"DEV-ROW-2025-04484","START_DATE":"Wed, 21 May 2025 06:00:00 GMT","END_DATE":"Tue, 27 May 2025 06:00:00 GMT","COMMENTS":"for the power wash of the scotia center signs","ADDDATE":"Tue, 18 Mar 2025 15:58:42 GMT","MODDATE":"Tue, 20 May 2025 20:12:23 GMT","STREET_NAME":"BRUNSWICK ST","FROM_STR":"DUKE ST","TO_STR":"CARMICHAEL ST","RDMID":30072}},{"type":"Feature","id":230,"geometry":{"type":"LineString","coordinates":[[-63.5983985279583,44.6443693832601],[-63.598151764343,44.6444342669547],[-63.598151764343,44.6444361760495]]},"properties":{"GLOBALID":"ca815000-a3ed-4771-8c59-bd28fcf322e0","OBJECTID":230,"TYPE":"S_CLOSED_SW_CLOSED","PERMIT_NO":"173172","START_DATE":"Sat, 14 Dec 2019 08:00:00 GMT","END_DATE":"Tue, 01 Nov 2022 06:00:00 GMT","COMMENTS":null,"ADDDATE":"Tue, 07 Jan 2020 19:19:08 GMT","MODDATE":"Tue, 28 Apr 2020 15:01:32 GMT","STREET_NAME":"PEPPERELL ST","FROM_STR":"PRESTON ST","TO_STR":"OXFORD ST","RDMID":4177}},{"type":"Feature","id":231,"geometry":{"type":"LineString","coordinates":[[-63.5958331030003,44.6569733252248],[-63.5961093708827,44.6567758545658]]},"properties":{"GLOBALID":"f6c16885-af39-4f78-8fd0-7b55f049b0b0","OBJECTID":231,"TYPE":"S_CLOSED_SW_CLOSED","PERMIT_NO":"185183","START_DATE":"Tue, 01 Sep 2020 06:00:00 GMT","END_DATE":"Fri, 31 Mar 2023 06:00:00 GMT","COMMENTS":"Sidewalk Closed and Lane Closed","ADDDATE":"Tue, 01 Sep 2020 16:03:11 GMT","MODDATE":"Thu, 07 Apr 2022 20:36:29 GMT","STREET_NAME":"MAY ST","FROM_STR":"AGRICOLA ST","TO_STR":"FERN LANE","RDMID":8002}},{"type":"Feature","id":232,"geometry":{"type":"LineString","coordinates":[[-63.5920841485537,44.6499317265585],[-63.5920305038599,44.6498076962316]]},"properties":{"GLOBALID":"664e4c58-dbd8-447c-acbc-0e95b90fc9f1","OBJECTID":232,"TYPE":"SW_CLOSED","PERMIT_NO":"DEV-ROW-2022-04825","START_DATE":"Mon, 18 Jul 2022 06:00:00 GMT","END_DATE":"Thu, 21 Jul 2022 06:00:00 GMT","COMMENTS":null,"ADDDATE":"Mon, 18 Jul 2022 22:30:51 GMT","MODDATE":"Mon, 18 Jul 2022 22:30:51 GMT","STREET_NAME":"ROBIE ST","FROM_STR":"COMPTON AVE","TO_STR":"WILLIAMS ST","RDMID":19201}},{"type":"Feature","id":233,"geometry":{"type":"LineString","coordinates":[[-63.5734947534239,44.6463463131008],[-63.5732392734554,44.6464111945843],[-63.5732292159175,44.6464135797531]]},"properties":{"GLOBALID":"9071542b-5a84-4ed4-b35d-3aef8edc7a14","OBJECTID":233,"TYPE":"S_CLOSED_SW_CLOSED","PERMIT_NO":"184386","START_DATE":"Wed, 17 Jun 2020 06:00:00 GMT","END_DATE":"Thu, 17 Jun 2021 06:00:00 GMT","COMMENTS":"Temporary sidewalk closure, parking stalls removed.","ADDDATE":"Tue, 28 Jul 2020 14:25:51 GMT","MODDATE":"Tue, 28 Jul 2020 14:25:51 GMT","STREET_NAME":"SACKVILLE ST","FROM_STR":"BARRINGTON ST","TO_STR":"GRANVILLE ST","RDMID":7361}},{"type":"Feature","id":234,"geometry":{"type":"LineString","coordinates":[[-63.5900218080025,44.6371998229625],[-63.5890401200769,44.6374498465921]]},"properties":{"GLOBALID":"bb240109-fd47-4e24-94e9-ac3fdc8d5b25","OBJECTID":234,"TYPE":"SW_TEMP","PERMIT_NO":"DEV-ROW-2024-05606","START_DATE":"Fri, 14 Feb 2025 08:00:00 GMT","END_DATE":"Sun, 31 Aug 2025 06:00:00 GMT","COMMENTS":"Sidewalk closed, and temporary sidewalk provided.. BIRD Construction Emergency contact Spencer Jarvis (902-266-2473)","ADDDATE":"Thu, 22 May 2025 18:23:46 GMT","MODDATE":"Thu, 22 May 2025 18:23:46 GMT","STREET_NAME":"UNIVERSITY AVE","FROM_STR":"LEMARCHANT ST","TO_STR":"SEYMOUR ST","RDMID":30098}},{"type":"Feature","id":235,"geometry":{"type":"LineString","coordinates":[[-63.6040831991286,44.6861488833988],[-63.6040724696508,44.6862289757138],[-63.6049039547694,44.6863662770237],[-63.6049307757688,44.6862785565848]]},"properties":{"GLOBALID":"04d0da00-1248-4cd0-a182-feeb73d3ba44","OBJECTID":235,"TYPE":"S_CLOSED_SW_TEMP","PERMIT_NO":"DEV-ROW-2025 06483","START_DATE":"Mon, 18 Aug 2025 06:00:00 GMT","END_DATE":"Thu, 18 Sep 2025 06:00:00 GMT","COMMENTS":null,"ADDDATE":"Wed, 13 Aug 2025 15:04:20 GMT","MODDATE":"Wed, 13 Aug 2025 15:04:20 GMT","STREET_NAME":"PRINCESS MARGARET BLVD","FROM_STR":"HUDSON WAY","TO_STR":"PRINCESS MARGARET BLVD","RDMID":30118}},{"type":"Feature","id":236,"geometry":{"type":"LineString","coordinates":[[-63.5974184417288,44.6582768222494],[-63.5973118233827,44.6582033725006]]},"properties":{"GLOBALID":"82891b03-c48f-4136-97da-ca06df2e75d5","OBJECTID":236,"TYPE":"SW_CLOSED","PERMIT_NO":"174175","START_DATE":"Wed, 29 May 2019 06:00:00 GMT","END_DATE":"Fri, 31 May 2019 06:00:00 GMT","COMMENTS":"side walk closed in front of 2797 and 2793 Agricola Street","ADDDATE":"Wed, 08 May 2019 16:17:34 GMT","MODDATE":"Wed, 08 May 2019 16:17:34 GMT","STREET_NAME":"AGRICOLA ST","FROM_STR":"ALMON ST","TO_STR":"BLOOMFIELD ST","RDMID":977}},{"type":"Feature","id":237,"geometry":{"type":"LineString","coordinates":[[-63.5792510239156,44.6511812733055],[-63.5800986014541,44.650898870645]]},"properties":{"GLOBALID":"d40a7665-cdb9-4b82-bd5c-75f2409a8249","OBJECTID":237,"TYPE":"S_CLOSED_SW_CLOSED","PERMIT_NO":"180485","START_DATE":"Tue, 05 Mar 2024 08:00:00 GMT","END_DATE":"Wed, 06 Mar 2024 08:00:00 GMT","COMMENTS":"Sidewalk Closed and Temp Lane Closure to facilitate safe crane lifting activities.","ADDDATE":"Fri, 18 Nov 2022 16:47:51 GMT","MODDATE":"Mon, 04 Mar 2024 23:47:13 GMT","STREET_NAME":"BRUNSWICK ST","FROM_STR":"COGSWELL ST","TO_STR":"PORTLAND PL","RDMID":22081}},{"type":"Feature","id":238,"geometry":{"type":"LineString","coordinates":[[-63.5888660930501,44.6537503188611],[-63.5886890683453,44.6536243885471],[-63.588689067447,44.6536262960613]]},"properties":{"GLOBALID":"6e523a8a-fa85-4f42-b4e1-d490dc9a828a","OBJECTID":238,"TYPE":"SW_CLOSED","PERMIT_NO":"DEV-ROW-2023-00393","START_DATE":"Wed, 21 Jun 2023 03:00:00 GMT","END_DATE":"Thu, 19 Dec 2024 04:00:00 GMT","COMMENTS":"Sidewalk closed. Use other side.","ADDDATE":"Mon, 11 Sep 2023 22:22:47 GMT","MODDATE":"Mon, 11 Sep 2023 22:22:47 GMT","STREET_NAME":"MAYNARD ST","FROM_STR":"WEST ST","TO_STR":"BUDDY DAYE ST","RDMID":28162}},{"type":"Feature","id":239,"geometry":{"type":"LineString","coordinates":[[-63.5768393869409,44.6430176246077],[-63.5760025370835,44.6432485401418],[-63.5760025370835,44.6432466310079]]},"properties":{"GLOBALID":"53bf1d25-82e7-4f3a-ad1c-2800ad728d16","OBJECTID":239,"TYPE":"SW_TEMP","PERMIT_NO":"179808","START_DATE":"Tue, 30 Mar 2021 06:00:00 GMT","END_DATE":"Sun, 30 Jun 2024 03:00:00 GMT","COMMENTS":"Sidewalk closed and relocated protected sidewalk in place until SGR Street Scaping project starts.","ADDDATE":"Wed, 31 Mar 2021 14:40:26 GMT","MODDATE":"Mon, 29 May 2023 20:02:27 GMT","STREET_NAME":"SPRING GARDEN RD","FROM_STR":"BIRMINGHAM ST","TO_STR":"QUEEN ST","RDMID":11521}},{"type":"Feature","id":240,"geometry":{"type":"LineString","coordinates":[[-63.6328902784383,44.6589881435048],[-63.6324772186976,44.6584463081418]]},"properties":{"GLOBALID":"89d7fa00-6860-4ce5-9ac8-03f3258a9977","OBJECTID":240,"TYPE":"SW_CLOSED","PERMIT_NO":"DEV-ROW-2021-14480","START_DATE":"Mon, 03 Jan 2022 08:00:00 GMT","END_DATE":"Fri, 04 Mar 2022 08:00:00 GMT","COMMENTS":"Sidewalk Closed","ADDDATE":"Wed, 16 Feb 2022 18:58:09 GMT","MODDATE":"Thu, 03 Mar 2022 23:17:50 GMT","STREET_NAME":"ALMA CRES","FROM_STR":"TITUS ST","TO_STR":"DUTCH VILLAGE RD","RDMID":15377}},{"type":"Feature","id":241,"geometry":{"type":"LineString","coordinates":[[-63.5845295981869,44.6400830606687],[-63.5844357206465,44.6399208397689],[-63.5844343794618,44.6399227483731],[-63.5844343794618,44.6399237026751]]},"properties":{"GLOBALID":"edfd7621-abfb-4d05-b1aa-ad52cef7aac5","OBJECTID":241,"TYPE":"SW_CLOSED","PERMIT_NO":"2021-11747","START_DATE":"Wed, 01 Sep 2021 06:00:00 GMT","END_DATE":"Fri, 30 Sep 2022 06:00:00 GMT","COMMENTS":"Sidewalk closed on east side of Carleton Street adjacent 5853 College Street.","ADDDATE":"Thu, 10 Feb 2022 17:01:22 GMT","MODDATE":"Thu, 10 Feb 2022 17:06:00 GMT","STREET_NAME":"CARLETON ST","FROM_STR":"COLLEGE ST","TO_STR":"SPRING GARDEN RD","RDMID":15041}},{"type":"Feature","id":242,"geometry":{"type":"LineString","coordinates":[[-63.6005116367978,44.655841815856],[-63.5990417854821,44.6570476378977]]},"properties":{"GLOBALID":"43ece828-ad77-4aa0-ac1c-a31ebdd17107","OBJECTID":242,"TYPE":"S_CLOSED_SW_CLOSED","PERMIT_NO":"177889","START_DATE":"Sun, 01 Dec 2019 08:00:00 GMT","END_DATE":"Thu, 31 Oct 2024 06:00:00 GMT","COMMENTS":null,"ADDDATE":"Thu, 16 Apr 2020 15:31:18 GMT","MODDATE":"Tue, 28 Apr 2020 15:04:52 GMT","STREET_NAME":"ALMON ST","FROM_STR":"ROBIE ST","TO_STR":"WINDSOR ST","RDMID":5124}},{"type":"Feature","id":243,"geometry":{"type":"LineString","coordinates":[[-63.6322198190294,44.6556506157924],[-63.6327857612516,44.65543691864]]},"properties":{"GLOBALID":"fd956007-ba14-47ee-95e9-9dcabc80d731","OBJECTID":243,"TYPE":"SW_TEMP","PERMIT_NO":"173438","START_DATE":"Mon, 15 Apr 2019 06:00:00 GMT","END_DATE":"Tue, 31 Aug 2021 06:00:00 GMT","COMMENTS":"Relocated protected sidewalk from Dutch Village up Rosedale Avenue past construction sites.","ADDDATE":"Thu, 16 May 2019 21:23:11 GMT","MODDATE":"Wed, 08 Sep 2021 20:07:42 GMT","STREET_NAME":"ROSEDALE AVE","FROM_STR":"DUTCH VILLAGE RD","TO_STR":"ALEX ST","RDMID":1313}},{"type":"Feature","id":244,"geometry":{"type":"LineString","coordinates":[[-63.5864786971134,44.6525237877307],[-63.586337881701,44.6526153762827],[-63.5863398939273,44.6526148989165]]},"properties":{"GLOBALID":"09af40ae-a46b-4721-803c-be20d2e8c50f","OBJECTID":244,"TYPE":"SW_TEMP","PERMIT_NO":"2021-07354","START_DATE":"Mon, 17 May 2021 06:00:00 GMT","END_DATE":"Sun, 31 Mar 2024 03:00:00 GMT","COMMENTS":"South sidewalk closed. Street narrowed to maintaining 2 way traffic. Parking removed on north side of street.","ADDDATE":"Tue, 07 Sep 2021 22:19:45 GMT","MODDATE":"Wed, 05 Apr 2023 19:43:58 GMT","STREET_NAME":"CUNARD ST","FROM_STR":"MAYNARD ST","TO_STR":"CREIGHTON ST","RDMID":13457}},{"type":"Feature","id":245,"geometry":{"type":"LineString","coordinates":[[-63.5967964293615,44.6541840275337],[-63.5962385288577,44.6538100529739]]},"properties":{"GLOBALID":"bae86c72-2823-4f1c-af4b-24037469f86d","OBJECTID":245,"TYPE":"S_CLOSED_SW_CLOSED","PERMIT_NO":"DEV-ROW-2022-11817","START_DATE":"Mon, 30 Jan 2023 08:00:00 GMT","END_DATE":"Fri, 28 Nov 2025 08:00:00 GMT","COMMENTS":"24HR Emergency Contact: Emerald Properties: Khalil Francis: 902-488-7075 Lane and sidewalk closed on Clifton St. Vehicles only allowed to travel SW on Clifton St at the encroachment.","ADDDATE":"Wed, 30 Oct 2024 14:37:10 GMT","MODDATE":"Thu, 22 May 2025 17:19:50 GMT","STREET_NAME":"CLIFTON ST","FROM_STR":"ST ALBANS ST","TO_STR":"NORTH ST","RDMID":30045}},{"type":"Feature","id":246,"geometry":{"type":"LineString","coordinates":[[-63.5752329952953,44.6387100952037],[-63.574093056556,44.6389944658417],[-63.574093056556,44.6389982824717]]},"properties":{"GLOBALID":"803cc37c-5806-4dc9-b212-b5bade15a07d","OBJECTID":246,"TYPE":"SW_CLOSED","PERMIT_NO":"GP-2021-01217","START_DATE":"Mon, 01 Mar 2021 08:00:00 GMT","END_DATE":"Mon, 01 Sep 2025 06:00:00 GMT","COMMENTS":"24 HR Emergency Contact: Templeton Properties: Joe Metlege: 902-488-7081 Sidewalk closed due to construction. Please use temporary crosswalk in front of 5620 South St.","ADDDATE":"Wed, 13 Jan 2021 17:30:33 GMT","MODDATE":"Thu, 22 May 2025 17:15:45 GMT","STREET_NAME":"SOUTH ST","FROM_STR":"QUEEN ST","TO_STR":"SOUTH PARK ST","RDMID":10881}},{"type":"Feature","id":247,"geometry":{"type":"LineString","coordinates":[[-63.6062557881179,44.6865150204341],[-63.6062531048502,44.6865112062924],[-63.6062450586402,44.6864120442676],[-63.6058266341606,44.6864539979685],[-63.6052955564529,44.6864387420227],[-63.604630368358,44.6863205103824],[-63.6039008087866,44.6862060920241],[-63.6039115364677,44.6862976267288]]},"properties":{"GLOBALID":"044ec171-df6f-4a28-8030-1b61d5498806","OBJECTID":247,"TYPE":"S_CLOSED_SW_TEMP","PERMIT_NO":"DEV-ROW-2025-06483","START_DATE":"Mon, 14 Jul 2025 06:00:00 GMT","END_DATE":"Thu, 14 Aug 2025 06:00:00 GMT","COMMENTS":null,"ADDDATE":"Fri, 25 Jul 2025 17:05:18 GMT","MODDATE":"Wed, 30 Jul 2025 15:03:33 GMT","STREET_NAME":"PRINCESS MARGARET BLVD","FROM_STR":"HIGHWAY 111 EB EXIT 1 OFF RAMP","TO_STR":"HUDSON WAY","RDMID":30111}},{"type":"Feature","id":248,"geometry":{"type":"LineString","coordinates":[[-63.567850146217,44.664650730693],[-63.5676744609003,44.6648081142495],[-63.5676771432697,44.6648062064641],[-63.5676744609003,44.6648062064641]]},"properties":{"GLOBALID":"a3669add-b260-4065-a1da-039db4d2e7e1","OBJECTID":248,"TYPE":"SW_CLOSED","PERMIT_NO":"177005","START_DATE":"Fri, 01 Nov 2019 06:00:00 GMT","END_DATE":"Fri, 31 Jul 2020 06:00:00 GMT","COMMENTS":"Closed sidewalk with signage as per the TCM.","ADDDATE":"Mon, 01 Jun 2020 19:29:29 GMT","MODDATE":"Mon, 01 Jun 2020 19:29:29 GMT","STREET_NAME":"PORTLAND ST","FROM_STR":"PRINCE ST","TO_STR":"ALDERNEY DR","RDMID":6721}},{"type":"Feature","id":249,"geometry":{"type":"LineString","coordinates":[[-63.5646986325198,44.6705813415625],[-63.5644304108474,44.6704182515178],[-63.5643445804152,44.67036579567],[-63.5642708188489,44.6703429057144]]},"properties":{"GLOBALID":"894ad545-327b-4986-8e29-7cb9e7451256","OBJECTID":249,"TYPE":"SW_TEMP","PERMIT_NO":"DEV-ROW-2025-06633","START_DATE":"Thu, 15 May 2025 06:00:00 GMT","END_DATE":"Sat, 08 May 2027 06:00:00 GMT","COMMENTS":null,"ADDDATE":"Thu, 15 May 2025 18:44:16 GMT","MODDATE":"Thu, 15 May 2025 18:44:16 GMT","STREET_NAME":"MAPLE ST","FROM_STR":"OCHTERLONEY ST","TO_STR":"MYRTLE ST","RDMID":30090}},{"type":"Feature","id":250,"geometry":{"type":"LineString","coordinates":[[-63.5769559334675,44.6488317056154],[-63.576572377994,44.6489290230044],[-63.5765750594652,44.6489347479275]]},"properties":{"GLOBALID":"eb02cda7-2cbb-45eb-b293-cba1f90811fc","OBJECTID":250,"TYPE":"SW_TEMP","PERMIT_NO":"DEV-ROW-2025-03446","START_DATE":"Wed, 30 Apr 2025 06:00:00 GMT","END_DATE":"Fri, 02 May 2025 06:00:00 GMT","COMMENTS":"Bus stop will be active.","ADDDATE":"Fri, 28 Mar 2025 15:11:28 GMT","MODDATE":"Mon, 28 Apr 2025 20:29:22 GMT","STREET_NAME":"DUKE ST","FROM_STR":"ALBEMARLE ST","TO_STR":"ARGYLE ST","RDMID":30076}},{"type":"Feature","id":251,"geometry":{"type":"LineString","coordinates":[[-63.5503101621038,44.6785978217483],[-63.5507795480095,44.6789067907312],[-63.5509458459315,44.6791585412606]]},"properties":{"GLOBALID":"be2bcaca-4b3a-41cd-9f9f-7762d86c538b","OBJECTID":251,"TYPE":"SW_CLOSED","PERMIT_NO":"173310","START_DATE":"Mon, 25 Mar 2019 06:00:00 GMT","END_DATE":"Wed, 30 Sep 2020 06:00:00 GMT","COMMENTS":"Sidewalk closed with signage as per the TCM.","ADDDATE":"Mon, 01 Jun 2020 19:57:02 GMT","MODDATE":"Mon, 01 Jun 2020 19:57:02 GMT","STREET_NAME":"GLENWOOD AVE","FROM_STR":"PRINCE ALBERT RD","TO_STR":"SOMERSET ST","RDMID":6722}},{"type":"Feature","id":252,"geometry":{"type":"LineString","coordinates":[[-63.5751773922742,44.6477539114527],[-63.575107654262,44.647624152695]]},"properties":{"GLOBALID":"5dd7daf4-263d-4426-ad06-2ac055a8edfe","OBJECTID":252,"TYPE":"S_CLOSED_SW_CLOSED","PERMIT_NO":"172604","START_DATE":"Sun, 31 May 2020 06:00:00 GMT","END_DATE":"Sun, 31 Oct 2021 06:00:00 GMT","COMMENTS":null,"ADDDATE":"Thu, 16 Apr 2020 15:20:22 GMT","MODDATE":"Tue, 28 Apr 2020 15:00:08 GMT","STREET_NAME":"ARGYLE ST","FROM_STR":"PRINCE ST","TO_STR":"CARMICHAEL ST","RDMID":5138}},{"type":"Feature","id":253,"geometry":{"type":"LineString","coordinates":[[-63.5885902249179,44.6433931892864],[-63.5884373379448,44.643105023848],[-63.5884373379448,44.6431069317083]]},"properties":{"GLOBALID":"0bc71372-ec8f-49ac-959e-114ba65c15b0","OBJECTID":253,"TYPE":"SW_TEMP","PERMIT_NO":"DEV-ROW-2024-16548","START_DATE":"Mon, 09 Jun 2025 06:00:00 GMT","END_DATE":"Mon, 21 Jun 2027 06:00:00 GMT","COMMENTS":"Sidewalk closed for construction. Please use alternative routes to cross at Robie & Binney. Emergency Contact (TATE ENGINEERING) Tom Perry 902-818-3965","ADDDATE":"Thu, 05 Jun 2025 20:33:22 GMT","MODDATE":"Mon, 23 Jun 2025 17:27:10 GMT","STREET_NAME":"ROBIE ST","FROM_STR":"JUBILEE RD","TO_STR":"BINNEY ST","RDMID":30100}},{"type":"Feature","id":254,"geometry":{"type":"LineString","coordinates":[[-63.5663345526871,44.6664952580953],[-63.5662433575161,44.6664380293682]]},"properties":{"GLOBALID":"9e783fc6-8011-4f29-a41c-b17b84393424","OBJECTID":254,"TYPE":"SW_CLOSED","PERMIT_NO":"GP-2021-07271","START_DATE":"Mon, 14 Jun 2021 06:00:00 GMT","END_DATE":"Mon, 01 Nov 2021 06:00:00 GMT","COMMENTS":"Sidewalk closure for renovation at 22 Wentworth Street.","ADDDATE":"Fri, 23 Jul 2021 17:04:29 GMT","MODDATE":"Tue, 05 Oct 2021 15:16:49 GMT","STREET_NAME":"WENTWORTH ST","FROM_STR":"QUEEN ST","TO_STR":"PORTLAND ST","RDMID":12801}},{"type":"Feature","id":256,"geometry":{"type":"LineString","coordinates":[[-63.6176696581505,44.61138646937],[-63.617857412333,44.6114876692826],[-63.6180558959934,44.6114781215856],[-63.6183723967225,44.6110885978712],[-63.6183777605631,44.6110847794059]]},"properties":{"GLOBALID":"827fa734-bb34-40b0-9c7c-3e294e776e5a","OBJECTID":256,"TYPE":"SW_CLOSED","PERMIT_NO":"183869","START_DATE":"Mon, 30 Nov 2020 08:00:00 GMT","END_DATE":"Thu, 01 Sep 2022 06:00:00 GMT","COMMENTS":null,"ADDDATE":"Mon, 30 Nov 2020 16:50:57 GMT","MODDATE":"Tue, 19 Jul 2022 21:57:17 GMT","STREET_NAME":"SUSSEX ST","FROM_STR":"HERRING COVE RD","TO_STR":"KIDSTON RD","RDMID":9601}},{"type":"Feature","id":257,"geometry":{"type":"LineString","coordinates":[[-63.5746763308733,44.6296856066295],[-63.5745462431421,44.6297218739366]]},"properties":{"GLOBALID":"2a787a65-4b06-44ca-91d5-c479b20732e6","OBJECTID":257,"TYPE":"SW_CLOSED","PERMIT_NO":"179602","START_DATE":"Mon, 02 Dec 2019 08:00:00 GMT","END_DATE":"Fri, 06 Dec 2019 08:00:00 GMT","COMMENTS":"closed for pedestrian safety due to equipment occupying the sidewalk. detour to Harbourview Drive","ADDDATE":"Thu, 28 Nov 2019 16:02:08 GMT","MODDATE":"Thu, 28 Nov 2019 16:02:08 GMT","STREET_NAME":"SOUTHWOOD DR","FROM_STR":"TOWER RD","TO_STR":"YOUNG AVE","RDMID":3841}},{"type":"Feature","id":258,"geometry":{"type":"LineString","coordinates":[[-63.5761212710078,44.6344600573669],[-63.5764766651955,44.6343569893434]]},"properties":{"GLOBALID":"cadb2307-675d-4638-bf06-2d4b52f9211e","OBJECTID":258,"TYPE":"SW_CLOSED","PERMIT_NO":"DEV-ROW-2023-10906","START_DATE":"Wed, 27 Mar 2024 06:00:00 GMT","END_DATE":"Fri, 28 Nov 2025 08:00:00 GMT","COMMENTS":"24HR Emergency Contact: Lindsay Construction: Robert Rooney 782-641-5069: Sidewalk closed due to construction. Pedestrians to take temporary sidewalk at Ivanhoe St to safely navigate around the sidewalk closure.","ADDDATE":"Fri, 05 Apr 2024 20:26:18 GMT","MODDATE":"Tue, 19 Nov 2024 19:13:54 GMT","STREET_NAME":"INGLIS ST","FROM_STR":"IVANHOE ST","TO_STR":"SOUTH PARK ST","RDMID":30021}},{"type":"Feature","id":259,"geometry":{"type":"LineString","coordinates":[[-63.5699598019325,44.6388039926137],[-63.569906158137,44.6385845119185],[-63.5699061572387,44.6385826032704]]},"properties":{"GLOBALID":"faafb1ef-e5fd-42ac-bd24-8c58d93c5d6e","OBJECTID":259,"TYPE":"SW_CLOSED","PERMIT_NO":"DEV-ROW-2022-02318","START_DATE":"Tue, 22 Aug 2023 03:00:00 GMT","END_DATE":"Wed, 31 Dec 2025 08:00:00 GMT","COMMENTS":"24HR Emergency Contact: Kosta Karmas: 902-830-5423: Sidewalk closed. Use other side.","ADDDATE":"Mon, 11 Sep 2023 22:30:26 GMT","MODDATE":"Thu, 22 May 2025 17:13:27 GMT","STREET_NAME":"BARRINGTON ST","FROM_STR":"HOLLIS ST","TO_STR":"KENT ST","RDMID":28164}},{"type":"Feature","id":260,"geometry":{"type":"LineString","coordinates":[[-63.5895160618874,44.6458239153878],[-63.5884074141644,44.6436492651194]]},"properties":{"GLOBALID":"3759e166-a370-4816-b414-183de97c2d19","OBJECTID":260,"TYPE":"SW_CLOSED","PERMIT_NO":"DEV-ROW-2023-05208","START_DATE":"Tue, 06 Aug 2024 06:00:00 GMT","END_DATE":"Mon, 31 Dec 2029 08:00:00 GMT","COMMENTS":"Sidewalk closed from Bell to Veterans Memorial Lane","ADDDATE":"Thu, 01 Aug 2024 17:07:31 GMT","MODDATE":"Wed, 19 Feb 2025 18:27:31 GMT","STREET_NAME":"ROBIE ST","FROM_STR":"SHIRLEY ST","TO_STR":"VETERANS MEMORIAL LANE","RDMID":30041}},{"type":"Feature","id":261,"geometry":{"type":"LineString","coordinates":[[-63.5982779911152,44.6450415284943],[-63.5986561818498,44.64493084487]]},"properties":{"GLOBALID":"3413c7af-2503-43e0-b90a-ae5387f67eac","OBJECTID":261,"TYPE":"SW_CLOSED","PERMIT_NO":"DEV-ROW-2023-02418","START_DATE":"Mon, 29 May 2023 03:00:00 GMT","END_DATE":"Mon, 29 May 2023 03:00:00 GMT","COMMENTS":"One Day Sidewalk Closure to complete Boulevard Reinstatement","ADDDATE":"Fri, 26 May 2023 19:45:43 GMT","MODDATE":"Fri, 26 May 2023 19:45:43 GMT","STREET_NAME":"QUINPOOL RD","FROM_STR":"OXFORD ST","TO_STR":"PRESTON ST","RDMID":25281}},{"type":"Feature","id":262,"geometry":{"type":"LineString","coordinates":[[-63.5982817712259,44.6450552377847],[-63.5986854435719,44.6449445554648]]},"properties":{"GLOBALID":"bed57d46-6cf4-4e9d-bf1b-988dc21e1ab0","OBJECTID":262,"TYPE":"SW_CLOSED","PERMIT_NO":"DEV-ROW-2023-02418","START_DATE":"Mon, 13 Mar 2023 03:00:00 GMT","END_DATE":"Thu, 23 Mar 2023 03:00:00 GMT","COMMENTS":"Sidewalk Closure to facilitate safe construction activities.  Sidewalk to be reopened on evenings and weekends","ADDDATE":"Fri, 10 Mar 2023 23:46:48 GMT","MODDATE":"Fri, 10 Mar 2023 23:46:48 GMT","STREET_NAME":"QUINPOOL RD","FROM_STR":"PRESTON ST","TO_STR":"OXFORD ST","RDMID":23041}},{"type":"Feature","id":263,"geometry":{"type":"LineString","coordinates":[[-63.6510077481251,44.6570226678636],[-63.6524024957915,44.6574271469697]]},"properties":{"GLOBALID":"dc203aed-9db7-4b22-a55d-73b7fb57cbbb","OBJECTID":263,"TYPE":"SW_CLOSED","PERMIT_NO":"DEV-ROW-2022-07335","START_DATE":"Sat, 27 Jul 2024 06:00:00 GMT","END_DATE":"Sun, 11 Aug 2024 06:00:00 GMT","COMMENTS":"Sidewalk Closed to Facilitate the safe installation of the water and sewer connections at 214 Willett Street","ADDDATE":"Wed, 31 Jul 2024 22:22:55 GMT","MODDATE":"Wed, 31 Jul 2024 22:24:27 GMT","STREET_NAME":"WILLETT ST","FROM_STR":"DUNBRACK ST","TO_STR":"WESTRIDGE DR","RDMID":30038}},{"type":"Feature","id":264,"geometry":{"type":"LineString","coordinates":[[-63.5739804931593,44.6482819739532],[-63.5737313454152,44.6477822317931]]},"properties":{"GLOBALID":"ce35d718-0e4e-4b41-bc7b-e747bb502fd5","OBJECTID":264,"TYPE":"S_CLOSED_SW_CLOSED","PERMIT_NO":"2021-01055","START_DATE":"Mon, 01 Aug 2022 06:00:00 GMT","END_DATE":"Wed, 30 Jul 2025 06:00:00 GMT","COMMENTS":"Sidewalk Closure along the development project from George St to 1700 Granville St","ADDDATE":"Fri, 21 Feb 2025 18:04:18 GMT","MODDATE":"Fri, 21 Feb 2025 18:04:18 GMT","STREET_NAME":"GRANVILLE ST","FROM_STR":"GEORGE ST","TO_STR":"PRINCE ST","RDMID":30071}},{"type":"Feature","id":265,"geometry":{"type":"LineString","coordinates":[[-63.5796202180226,44.6699647250319],[-63.5804356098229,44.6692894654263]]},"properties":{"GLOBALID":"01bef171-0c58-41ac-8097-454e0251ec74","OBJECTID":265,"TYPE":"S_CLOSED_SW_TEMP","PERMIT_NO":"DEV-ROW-2023-00878","START_DATE":"Mon, 13 Mar 2023 03:00:00 GMT","END_DATE":"Thu, 31 Dec 2026 04:00:00 GMT","COMMENTS":"Sidewalk Closure to facilitate Safe Construction activities related to Wyse Tower Development","ADDDATE":"Mon, 13 Mar 2023 17:20:26 GMT","MODDATE":"Mon, 13 Mar 2023 17:20:26 GMT","STREET_NAME":"FAULKNER ST","FROM_STR":"DICKSON ST","TO_STR":"WILLIAMS ST","RDMID":23361}},{"type":"Feature","id":266,"geometry":{"type":"LineString","coordinates":[[-63.5901872112025,44.6471058510106],[-63.5895381155277,44.6458731064552]]},"properties":{"GLOBALID":"1b350a2c-ffac-471f-bb4a-3756b78eaf00","OBJECTID":266,"TYPE":"SW_CLOSED","PERMIT_NO":"DEV-ROW-2023-05208","START_DATE":"Wed, 08 May 2024 06:00:00 GMT","END_DATE":"Mon, 31 Dec 2029 08:00:00 GMT","COMMENTS":"Sidewalk closed from Bell Road to Shirley St","ADDDATE":"Thu, 01 Aug 2024 16:59:16 GMT","MODDATE":"Wed, 19 Feb 2025 18:29:30 GMT","STREET_NAME":"ROBIE ST","FROM_STR":"BELL RD","TO_STR":"SHIRLEY ST","RDMID":30040}},{"type":"Feature","id":267,"geometry":{"type":"LineString","coordinates":[[-63.5802731099779,44.6362016308721],[-63.5800719439481,44.6357845975632],[-63.5800679203939,44.6357884156828],[-63.5800706027634,44.6357884156828],[-63.5800692615787,44.6357874606735],[-63.5800652380245,44.6357874606735]]},"properties":{"GLOBALID":"ae4bb697-521b-455d-a070-3d8e37c44f42","OBJECTID":267,"TYPE":"SW_CLOSED","PERMIT_NO":"GP-2021-02514","START_DATE":"Mon, 16 Aug 2021 06:00:00 GMT","END_DATE":"Tue, 03 Jun 2025 06:00:00 GMT","COMMENTS":"Sidewalk closed.","ADDDATE":"Mon, 23 Aug 2021 21:26:55 GMT","MODDATE":"Fri, 04 Apr 2025 21:17:50 GMT","STREET_NAME":"WELLINGTON ST","FROM_STR":"TOWER TERR","TO_STR":"LUNDYS LANE","RDMID":13121}},{"type":"Feature","id":268,"geometry":{"type":"LineString","coordinates":[[-63.5726298815195,44.646987652878],[-63.5725735553546,44.6470000560144],[-63.5723857993754,44.6466489357283],[-63.5724555373875,44.6466288989834],[-63.5724515138333,44.6466298538143]]},"properties":{"GLOBALID":"90fe6055-17dc-4492-a181-cd5ea01e328e","OBJECTID":268,"TYPE":"S_CLOSED_SW_TEMP","PERMIT_NO":"DEV-ROW-2025-09310","START_DATE":"Tue, 26 Aug 2025 06:00:00 GMT","END_DATE":"Tue, 26 Aug 2025 06:00:00 GMT","COMMENTS":null,"ADDDATE":"Wed, 16 Jul 2025 14:36:26 GMT","MODDATE":"Wed, 13 Aug 2025 19:21:18 GMT","STREET_NAME":"HOLLIS ST","FROM_STR":"SACKVILLE ST","TO_STR":"PRINCE ST","RDMID":30108}},{"type":"Feature","id":269,"geometry":{"type":"LineString","coordinates":[[-63.5721549296524,44.6461057234544],[-63.5718947559865,44.6456191079967]]},"properties":{"GLOBALID":"7a7a9136-21de-4c54-ab76-5b00548168a9","OBJECTID":269,"TYPE":"SW_CLOSED","PERMIT_NO":"DEV-ROW-2021-13630","START_DATE":"Thu, 01 Dec 2022 04:00:00 GMT","END_DATE":"Mon, 31 Mar 2025 06:00:00 GMT","COMMENTS":"Encroachment to facilitate construction at 1568 Hollis Street.","ADDDATE":"Thu, 01 Dec 2022 17:45:23 GMT","MODDATE":"Fri, 21 Feb 2025 22:18:11 GMT","STREET_NAME":"HOLLIS ST","FROM_STR":"SACKVILLE ST","TO_STR":"SALTER ST","RDMID":22401}},{"type":"Feature","id":270,"geometry":{"type":"LineString","coordinates":[[-63.5849019417874,44.6540981575651],[-63.5832362900791,44.6529170785748]]},"properties":{"GLOBALID":"3797da09-0863-48b5-b5b0-e571dbfaeab2","OBJECTID":270,"TYPE":"S_CLOSED_SW_TEMP","PERMIT_NO":"DEV-ROW-2025-03213","START_DATE":"Tue, 06 May 2025 06:00:00 GMT","END_DATE":"Tue, 06 May 2025 06:00:00 GMT","COMMENTS":null,"ADDDATE":"Tue, 29 Apr 2025 15:19:40 GMT","MODDATE":"Tue, 29 Apr 2025 15:19:40 GMT","STREET_NAME":"MAITLAND ST","FROM_STR":"PRINCE WILLIAM ST","TO_STR":"NORA BERNARD ST","RDMID":30087}},{"type":"Feature","id":271,"geometry":{"type":"LineString","coordinates":[[-63.5679814278093,44.6663444661074],[-63.5677735549576,44.6662199936292]]},"properties":{"GLOBALID":"2d3b258e-8847-47ad-99f5-a99c968df2b0","OBJECTID":271,"TYPE":"S_CLOSED_SW_TEMP","PERMIT_NO":"187158","START_DATE":"Sat, 14 May 2022 06:00:00 GMT","END_DATE":"Sat, 31 Dec 2022 08:00:00 GMT","COMMENTS":null,"ADDDATE":"Tue, 19 Jul 2022 21:00:10 GMT","MODDATE":"Tue, 19 Jul 2022 21:00:10 GMT","STREET_NAME":"KING ST","FROM_STR":"QUEEN ST","TO_STR":"OCHTERLONEY ST","RDMID":19521}},{"type":"Feature","id":272,"geometry":{"type":"LineString","coordinates":[[-63.5920297232239,44.6498066270586],[-63.5920887317583,44.6499363828511]]},"properties":{"GLOBALID":"67a4a220-be15-4250-93ac-48c4147543df","OBJECTID":272,"TYPE":"S_CLOSED_SW_CLOSED","PERMIT_NO":"DEV-ROW-2022-04825","START_DATE":"Mon, 25 Apr 2022 06:00:00 GMT","END_DATE":"Thu, 28 Apr 2022 06:00:00 GMT","COMMENTS":null,"ADDDATE":"Fri, 15 Apr 2022 02:34:26 GMT","MODDATE":"Fri, 15 Apr 2022 02:34:26 GMT","STREET_NAME":"ROBIE ST","FROM_STR":"ROBIE ST","TO_STR":"ROBIE ST","RDMID":16323}},{"type":"Feature","id":273,"geometry":{"type":"LineString","coordinates":[[-63.6328675986723,44.6589755978849],[-63.6324813608294,44.6584528410742],[-63.6317088842452,44.6589488874754]]},"properties":{"GLOBALID":"42b8d48e-7702-4394-b255-be4c0b82020f","OBJECTID":273,"TYPE":"SW_CLOSED","PERMIT_NO":"DEV-ROW-2022-00120","START_DATE":"Tue, 23 May 2023 03:00:00 GMT","END_DATE":"Wed, 01 Oct 2025 06:00:00 GMT","COMMENTS":"Sidewalk closure and encroachment to facilitate safe construction activities.","ADDDATE":"Thu, 18 May 2023 17:36:12 GMT","MODDATE":"Fri, 23 Aug 2024 16:22:51 GMT","STREET_NAME":"ALMA CRES","FROM_STR":"DUTCH SETTLEMENT RD","TO_STR":"TITUS ST","RDMID":24657}},{"type":"Feature","id":274,"geometry":{"type":"LineString","coordinates":[[-63.5986468240995,44.6449201829183],[-63.5982418114671,44.6450327737206]]},"properties":{"GLOBALID":"64b63e07-97d6-49fd-a350-36a76e1919a5","OBJECTID":274,"TYPE":"SW_CLOSED","PERMIT_NO":"173172","START_DATE":"Mon, 07 Nov 2022 04:00:00 GMT","END_DATE":"Fri, 18 Nov 2022 04:00:00 GMT","COMMENTS":"Sidewalk Closure To facilitate reinstatement of Sidewalk","ADDDATE":"Thu, 03 Nov 2022 19:17:07 GMT","MODDATE":"Mon, 14 Nov 2022 23:18:41 GMT","STREET_NAME":"QUINPOOL RD","FROM_STR":"OXFORD ST","TO_STR":"PRESTON ST","RDMID":21441}},{"type":"Feature","id":275,"geometry":{"type":"LineString","coordinates":[[-63.5726141942397,44.6379372215559],[-63.5724465560313,44.6379820727128],[-63.5724492375024,44.6379820727128]]},"properties":{"GLOBALID":"1cf1c486-ee00-4861-9b0c-1cff6d7b4bdc","OBJECTID":275,"TYPE":"SW_CLOSED","PERMIT_NO":"2023-04821","START_DATE":"Mon, 05 Jun 2023 03:00:00 GMT","END_DATE":"Wed, 31 Dec 2025 08:00:00 GMT","COMMENTS":"24HR Emergency Contact: Alex Dunphy: 902-489-0566 Sidewalk close for development project","ADDDATE":"Tue, 27 Jun 2023 16:50:01 GMT","MODDATE":"Tue, 19 Nov 2024 19:17:25 GMT","STREET_NAME":"KENT ST","FROM_STR":"QUEEN ST","TO_STR":"BARRINGTON ST","RDMID":26561}},{"type":"Feature","id":276,"geometry":{"type":"LineString","coordinates":[[-63.5983611113301,44.6512976754448],[-63.5976691013375,44.6517842432646],[-63.5976691004392,44.6517823350507]]},"properties":{"GLOBALID":"dbafd615-3e48-4527-9dd0-a3e6b87b1e34","OBJECTID":276,"TYPE":"SW_TEMP","PERMIT_NO":"DEV-ROW-2022-08949","START_DATE":"Mon, 07 Apr 2025 06:00:00 GMT","END_DATE":"Sat, 31 May 2025 06:00:00 GMT","COMMENTS":null,"ADDDATE":"Mon, 07 Apr 2025 19:51:54 GMT","MODDATE":"Mon, 07 Apr 2025 19:51:54 GMT","STREET_NAME":"WILLOW ST","FROM_STR":"DUBLIN ST","TO_STR":"WINDSOR ST","RDMID":30081}},{"type":"Feature","id":277,"geometry":{"type":"LineString","coordinates":[[-63.575310519006,44.6454449356311],[-63.5751066715051,44.6450460982582]]},"properties":{"GLOBALID":"3b3afe28-5e30-44f0-9a04-1999414979fd","OBJECTID":277,"TYPE":"SW_CLOSED","PERMIT_NO":"GP-2021-02959","START_DATE":"Mon, 15 Mar 2021 06:00:00 GMT","END_DATE":"Mon, 31 May 2021 06:00:00 GMT","COMMENTS":"East side sidewalk closed. Parking removed for one week for safe zone.","ADDDATE":"Wed, 31 Mar 2021 15:31:16 GMT","MODDATE":"Wed, 31 Mar 2021 15:31:16 GMT","STREET_NAME":"MARKET ST","FROM_STR":"SACKVILLE ST","TO_STR":"BLOWERS ST","RDMID":11524}},{"type":"Feature","id":278,"geometry":{"type":"LineString","coordinates":[[-63.5913172325411,44.6770517218397],[-63.5910785151358,44.6767942393456],[-63.5910758336647,44.6767942399844]]},"properties":{"GLOBALID":"765895d1-bf63-4506-adb0-b1d5defa6954","OBJECTID":278,"TYPE":"SW_CLOSED","PERMIT_NO":"DEV-ROW-2024-09411","START_DATE":"Mon, 25 Nov 2024 08:00:00 GMT","END_DATE":"Tue, 25 Nov 2025 08:00:00 GMT","COMMENTS":null,"ADDDATE":"Tue, 19 Nov 2024 19:41:58 GMT","MODDATE":"Tue, 19 Nov 2024 19:41:58 GMT","STREET_NAME":"WINDMILL RD","FROM_STR":"COURTNEY RD","TO_STR":"NIVENS AVE","RDMID":30060}}]}