{"type":"FeatureCollection","crs":{"type":"name","properties":{"name":"EPSG:4326"}},"features":[{"type":"Feature","id":1,"geometry":{"type":"Point","coordinates":[-63.362649143794,44.6837852090819]},"properties":{"OBJECTID":1,"ASSETID":"STP299","STEPID":"STP299","ASSETCODE":"STP","OWNER":"HRM","INSTYR":null,"INSTYRCONF":null,"MAT":"WOOD","MATCONF":1,"LOCGEN":"OSP","HRMINTRST":"Y","LENGTHM":null,"SIZE1UNIT":"M","WIDTHM":null,"SIZE2UNIT":"M","NUMSTEPS":null,"SIZE3UNIT":"UNIT","ASSETDESC":null,"PARTNER":null,"ASSETSTAT":"INS","INSTDATE":null,"LOCATION":"NICKIE PARK","MAINTBY":"HRM","ADDDATE":"Wed, 15 Jun 2022 16:15:31 GMT","MODDATE":"Wed, 15 Jun 2022 16:18:03 GMT","SDATE":null,"SOURCE":null,"SACC":"DG","WINT_PLOW":null,"WINT_MAINT":null,"WINT_ROUTE":null,"WINT_LOS":null,"WINT_MAT":null,"WINT_COMM":null,"GLOBALID":"f05b9845-8515-490c-b1cb-9790e71f9231","WINT_ADDDATE":null,"WINT_MODDATE":null,"CONDITPERD":null,"CONDITEXP":null}},{"type":"Feature","id":2,"geometry":{"type":"Point","coordinates":[-63.3910926838914,44.7346219767203]},"properties":{"OBJECTID":2,"ASSETID":"STP233","STEPID":"STP233","ASSETCODE":"STP","OWNER":"HRM","INSTYR":null,"INSTYRCONF":null,"MAT":null,"MATCONF":null,"LOCGEN":"BLD","HRMINTRST":"Y","LENGTHM":null,"SIZE1UNIT":"M","WIDTHM":null,"SIZE2UNIT":"M","NUMSTEPS":null,"SIZE3UNIT":"UNIT","ASSETDESC":null,"PARTNER":null,"ASSETSTAT":"INS","INSTDATE":null,"LOCATION":null,"MAINTBY":"HRM","ADDDATE":"Thu, 25 Jul 2019 21:47:22 GMT","MODDATE":"Thu, 15 Jul 2021 00:07:56 GMT","SDATE":null,"SOURCE":"HRMGIS","SACC":"PH","WINT_PLOW":"N","WINT_MAINT":"NA","WINT_ROUTE":null,"WINT_LOS":null,"WINT_MAT":null,"WINT_COMM":null,"GLOBALID":"4bbf6f2f-fd83-4796-aef1-b699ae895fa5","WINT_ADDDATE":"Thu, 10 Oct 2019 03:00:00 GMT","WINT_MODDATE":"Thu, 28 Jan 2021 04:00:00 GMT","CONDITPERD":null,"CONDITEXP":null}},{"type":"Feature","id":3,"geometry":{"type":"Point","coordinates":[-63.641721227026,44.6586972676823]},"properties":{"OBJECTID":3,"ASSETID":"STP50","STEPID":"STP50","ASSETCODE":"STP","OWNER":"HRM","INSTYR":null,"INSTYRCONF":null,"MAT":"WOOD","MATCONF":3,"LOCGEN":"OSP","HRMINTRST":"Y","LENGTHM":null,"SIZE1UNIT":"M","WIDTHM":1.2,"SIZE2UNIT":"M","NUMSTEPS":null,"SIZE3UNIT":"UNIT","ASSETDESC":" ","PARTNER":null,"ASSETSTAT":"INS","INSTDATE":null,"LOCATION":"ADJACENT 1 FISKE ST HALIFAX TO GLENFOREST PARK","MAINTBY":"HRM","ADDDATE":null,"MODDATE":"Thu, 15 Jul 2021 00:07:38 GMT","SDATE":null,"SOURCE":null,"SACC":null,"WINT_PLOW":"N","WINT_MAINT":"NA","WINT_ROUTE":null,"WINT_LOS":null,"WINT_MAT":null,"WINT_COMM":null,"GLOBALID":"eaf3afcc-e358-4dac-b49c-f48fdc99de83","WINT_ADDDATE":"Thu, 07 Jul 2016 03:00:00 GMT","WINT_MODDATE":null,"CONDITPERD":null,"CONDITEXP":null}},{"type":"Feature","id":4,"geometry":{"type":"Point","coordinates":[-63.5611086682004,44.671519095942]},"properties":{"OBJECTID":4,"ASSETID":"STP219","STEPID":"STP219","ASSETCODE":"STP","OWNER":"HRM","INSTYR":null,"INSTYRCONF":null,"MAT":"CONC","MATCONF":1,"LOCGEN":"BLD","HRMINTRST":"Y","LENGTHM":null,"SIZE1UNIT":"M","WIDTHM":null,"SIZE2UNIT":"M","NUMSTEPS":null,"SIZE3UNIT":"UNIT","ASSETDESC":null,"PARTNER":null,"ASSETSTAT":"INS","INSTDATE":null,"LOCATION":null,"MAINTBY":"HRM","ADDDATE":"Thu, 25 Jul 2019 21:47:22 GMT","MODDATE":"Wed, 19 Apr 2023 19:43:36 GMT","SDATE":null,"SOURCE":"HRMGIS","SACC":"PH","WINT_PLOW":"N","WINT_MAINT":"NA","WINT_ROUTE":null,"WINT_LOS":null,"WINT_MAT":null,"WINT_COMM":null,"GLOBALID":"5b0e0206-8347-46e1-a4cd-402b7c3b1d60","WINT_ADDDATE":"Thu, 10 Oct 2019 03:00:00 GMT","WINT_MODDATE":"Thu, 28 Jan 2021 04:00:00 GMT","CONDITPERD":null,"CONDITEXP":null}},{"type":"Feature","id":5,"geometry":{"type":"Point","coordinates":[-63.5140936884992,44.675375544178]},"properties":{"OBJECTID":5,"ASSETID":"STP31","STEPID":"STP31","ASSETCODE":"STP","OWNER":"HRM","INSTYR":null,"INSTYRCONF":null,"MAT":"CONC","MATCONF":1,"LOCGEN":"ROW","HRMINTRST":"Y","LENGTHM":5.39224678,"SIZE1UNIT":"M","WIDTHM":1.5,"SIZE2UNIT":"M","NUMSTEPS":13,"SIZE3UNIT":"UNIT","ASSETDESC":"steel handrails","PARTNER":null,"ASSETSTAT":"INS","INSTDATE":null,"LOCATION":"12 MEDWAY CT TO 111 REGAL RD","MAINTBY":"HRM","ADDDATE":null,"MODDATE":"Wed, 19 Apr 2023 19:43:36 GMT","SDATE":null,"SOURCE":null,"SACC":null,"WINT_PLOW":"Y","WINT_MAINT":"WSZ1","WINT_ROUTE":null,"WINT_LOS":"PRI3","WINT_MAT":null,"WINT_COMM":null,"GLOBALID":"a77ee7c1-f87e-4bb4-b893-80483304f81d","WINT_ADDDATE":null,"WINT_MODDATE":"Wed, 01 Jun 2022 03:00:00 GMT","CONDITPERD":null,"CONDITEXP":null}},{"type":"Feature","id":6,"geometry":{"type":"Point","coordinates":[-63.5806438851198,44.649428248494]},"properties":{"OBJECTID":6,"ASSETID":"STP214","STEPID":"STP214","ASSETCODE":"STP","OWNER":"HRM","INSTYR":null,"INSTYRCONF":null,"MAT":null,"MATCONF":null,"LOCGEN":"BLD","HRMINTRST":"Y","LENGTHM":null,"SIZE1UNIT":"M","WIDTHM":null,"SIZE2UNIT":"M","NUMSTEPS":null,"SIZE3UNIT":"UNIT","ASSETDESC":null,"PARTNER":null,"ASSETSTAT":"INS","INSTDATE":null,"LOCATION":null,"MAINTBY":"HRM","ADDDATE":"Thu, 25 Jul 2019 21:47:22 GMT","MODDATE":"Thu, 15 Jul 2021 00:07:53 GMT","SDATE":null,"SOURCE":"HRMGIS","SACC":"PH","WINT_PLOW":"N","WINT_MAINT":"NA","WINT_ROUTE":null,"WINT_LOS":null,"WINT_MAT":null,"WINT_COMM":null,"GLOBALID":"fefc1bf1-da05-4939-a952-111559b667cd","WINT_ADDDATE":"Thu, 10 Oct 2019 03:00:00 GMT","WINT_MODDATE":"Thu, 28 Jan 2021 04:00:00 GMT","CONDITPERD":null,"CONDITEXP":null}},{"type":"Feature","id":7,"geometry":{"type":"Point","coordinates":[-63.617217784003,44.6100821239571]},"properties":{"OBJECTID":7,"ASSETID":"STP203","STEPID":"STP203","ASSETCODE":"STP","OWNER":"HRM","INSTYR":null,"INSTYRCONF":null,"MAT":"CONC","MATCONF":1,"LOCGEN":"OSP","HRMINTRST":"Y","LENGTHM":null,"SIZE1UNIT":"M","WIDTHM":null,"SIZE2UNIT":"M","NUMSTEPS":7,"SIZE3UNIT":"UNIT","ASSETDESC":null,"PARTNER":null,"ASSETSTAT":"INS","INSTDATE":null,"LOCATION":null,"MAINTBY":"HRM","ADDDATE":"Thu, 25 Jul 2019 21:47:22 GMT","MODDATE":"Wed, 19 Apr 2023 19:43:36 GMT","SDATE":null,"SOURCE":"HRMGIS","SACC":"PH","WINT_PLOW":"N","WINT_MAINT":"NA","WINT_ROUTE":null,"WINT_LOS":null,"WINT_MAT":null,"WINT_COMM":null,"GLOBALID":"59c56686-978a-45d6-b837-04c9bd4cd0a9","WINT_ADDDATE":"Thu, 10 Oct 2019 03:00:00 GMT","WINT_MODDATE":"Thu, 28 Jan 2021 04:00:00 GMT","CONDITPERD":null,"CONDITEXP":null}},{"type":"Feature","id":8,"geometry":{"type":"Point","coordinates":[-63.6177021421295,44.6476368982525]},"properties":{"OBJECTID":8,"ASSETID":"STP264","STEPID":"STP264","ASSETCODE":"STP","OWNER":"HRM","INSTYR":null,"INSTYRCONF":null,"MAT":"CONC","MATCONF":1,"LOCGEN":"OSP","HRMINTRST":"Y","LENGTHM":null,"SIZE1UNIT":"M","WIDTHM":null,"SIZE2UNIT":"M","NUMSTEPS":null,"SIZE3UNIT":"UNIT","ASSETDESC":null,"PARTNER":"HRSB","ASSETSTAT":"INS","INSTDATE":null,"LOCATION":"ST AGNES JR HIGH SCHOOL PARK","MAINTBY":"HRSB","ADDDATE":"Wed, 18 Nov 2020 19:26:59 GMT","MODDATE":"Wed, 19 Apr 2023 19:43:36 GMT","SDATE":null,"SOURCE":null,"SACC":null,"WINT_PLOW":"N","WINT_MAINT":"NA","WINT_ROUTE":null,"WINT_LOS":null,"WINT_MAT":null,"WINT_COMM":"HRCE","GLOBALID":"b85157b3-240c-4c85-96f3-bad87fa0d049","WINT_ADDDATE":null,"WINT_MODDATE":null,"CONDITPERD":null,"CONDITEXP":null}},{"type":"Feature","id":9,"geometry":{"type":"Point","coordinates":[-63.4907543587782,44.6667628807876]},"properties":{"OBJECTID":9,"ASSETID":"STP47","STEPID":"STP47","ASSETCODE":"STP","OWNER":"HRM","INSTYR":null,"INSTYRCONF":null,"MAT":"CONC","MATCONF":1,"LOCGEN":"OSP","HRMINTRST":"Y","LENGTHM":5.9,"SIZE1UNIT":"M","WIDTHM":1.5,"SIZE2UNIT":"M","NUMSTEPS":9,"SIZE3UNIT":"UNIT","ASSETDESC":" ","PARTNER":null,"ASSETSTAT":"INS","INSTDATE":null,"LOCATION":"COLBY VILLAGE REC CENTRE PARK","MAINTBY":"HRM","ADDDATE":null,"MODDATE":"Wed, 19 Apr 2023 19:43:36 GMT","SDATE":null,"SOURCE":null,"SACC":null,"WINT_PLOW":"N","WINT_MAINT":"NA","WINT_ROUTE":null,"WINT_LOS":null,"WINT_MAT":null,"WINT_COMM":null,"GLOBALID":"03cedcfd-9e91-49d2-b386-4a968417689e","WINT_ADDDATE":null,"WINT_MODDATE":"Thu, 14 Jul 2016 03:00:00 GMT","CONDITPERD":null,"CONDITEXP":null}},{"type":"Feature","id":10,"geometry":{"type":"Point","coordinates":[-63.666798831856,44.7277164495847]},"properties":{"OBJECTID":10,"ASSETID":"STP78","STEPID":"STP78","ASSETCODE":"STP","OWNER":"HRM","INSTYR":null,"INSTYRCONF":null,"MAT":"STEEL","MATCONF":3,"LOCGEN":"ROW","HRMINTRST":"Y","LENGTHM":6.6,"SIZE1UNIT":"M","WIDTHM":0.84,"SIZE2UNIT":"M","NUMSTEPS":null,"SIZE3UNIT":"UNIT","ASSETDESC":" ","PARTNER":null,"ASSETSTAT":"DIS","INSTDATE":null,"LOCATION":"TEACHERY PARK","MAINTBY":"HRM","ADDDATE":null,"MODDATE":"Thu, 15 Jul 2021 00:07:44 GMT","SDATE":null,"SOURCE":null,"SACC":null,"WINT_PLOW":"N","WINT_MAINT":"NA","WINT_ROUTE":null,"WINT_LOS":null,"WINT_MAT":null,"WINT_COMM":null,"GLOBALID":"bbb5c698-704b-4230-99f7-2bef72b8497a","WINT_ADDDATE":null,"WINT_MODDATE":"Thu, 18 Aug 2016 03:00:00 GMT","CONDITPERD":null,"CONDITEXP":null}},{"type":"Feature","id":11,"geometry":{"type":"Point","coordinates":[-63.5569502104434,44.7395825431661]},"properties":{"OBJECTID":11,"ASSETID":"STP126","STEPID":"STP126","ASSETCODE":"STP","OWNER":"UN","INSTYR":null,"INSTYRCONF":null,"MAT":"WOOD","MATCONF":3,"LOCGEN":"ROW","HRMINTRST":"Y","LENGTHM":2,"SIZE1UNIT":"M","WIDTHM":1.1,"SIZE2UNIT":"M","NUMSTEPS":null,"SIZE3UNIT":"UNIT","ASSETDESC":" ","PARTNER":null,"ASSETSTAT":"INS","INSTDATE":null,"LOCATION":"SHUBIE CANAL GREENWAY","MAINTBY":"HRM","ADDDATE":null,"MODDATE":"Thu, 15 Jul 2021 00:07:47 GMT","SDATE":null,"SOURCE":null,"SACC":null,"WINT_PLOW":"N","WINT_MAINT":"NA","WINT_ROUTE":null,"WINT_LOS":null,"WINT_MAT":null,"WINT_COMM":null,"GLOBALID":"72843dc9-7e06-4f09-b68c-92b95cfb8aee","WINT_ADDDATE":"Wed, 22 Feb 2017 04:00:00 GMT","WINT_MODDATE":null,"CONDITPERD":null,"CONDITEXP":null}},{"type":"Feature","id":12,"geometry":{"type":"Point","coordinates":[-63.553583417285,44.7018323679733]},"properties":{"OBJECTID":12,"ASSETID":"STP64","STEPID":"STP64","ASSETCODE":"STP","OWNER":"UN","INSTYR":null,"INSTYRCONF":null,"MAT":"WOOD","MATCONF":3,"LOCGEN":"OSP","HRMINTRST":"Y","LENGTHM":4.3,"SIZE1UNIT":"M","WIDTHM":1.2,"SIZE2UNIT":"M","NUMSTEPS":null,"SIZE3UNIT":"UNIT","ASSETDESC":" ","PARTNER":null,"ASSETSTAT":"INS","INSTDATE":null,"LOCATION":"SHUBIE PARK","MAINTBY":"HRM","ADDDATE":null,"MODDATE":"Thu, 15 Jul 2021 00:07:41 GMT","SDATE":null,"SOURCE":null,"SACC":null,"WINT_PLOW":"N","WINT_MAINT":"NA","WINT_ROUTE":null,"WINT_LOS":null,"WINT_MAT":null,"WINT_COMM":null,"GLOBALID":"72db0d58-8dea-4ce9-aea0-43892ff955b5","WINT_ADDDATE":"Thu, 10 Oct 2019 03:00:00 GMT","WINT_MODDATE":null,"CONDITPERD":null,"CONDITEXP":null}},{"type":"Feature","id":13,"geometry":{"type":"Point","coordinates":[-63.9349067300086,44.5221806732012]},"properties":{"OBJECTID":13,"ASSETID":"STP428","STEPID":"STP428","ASSETCODE":"RMP","OWNER":"HRM","INSTYR":2022,"INSTYRCONF":3,"MAT":"WOOD","MATCONF":3,"LOCGEN":"OSP","HRMINTRST":"Y","LENGTHM":null,"SIZE1UNIT":"M","WIDTHM":null,"SIZE2UNIT":"M","NUMSTEPS":null,"SIZE3UNIT":"UNIT","ASSETDESC":null,"PARTNER":"HRSB","ASSETSTAT":"INS","INSTDATE":null,"LOCATION":"EAST ST. MARGARET'S BAY SCHOOL PARK PLAYGROUND","MAINTBY":"HRM","ADDDATE":"Mon, 17 Mar 2025 20:15:24 GMT","MODDATE":"Wed, 19 Mar 2025 20:03:25 GMT","SDATE":"Mon, 17 Mar 2025 06:00:00 GMT","SOURCE":"Field Work","SACC":"DG","WINT_PLOW":null,"WINT_MAINT":null,"WINT_ROUTE":null,"WINT_LOS":null,"WINT_MAT":null,"WINT_COMM":null,"GLOBALID":"45d15e63-efda-4ba5-938e-636529a01a96","WINT_ADDDATE":null,"WINT_MODDATE":null,"CONDITPERD":null,"CONDITEXP":null}},{"type":"Feature","id":14,"geometry":{"type":"Point","coordinates":[-63.6725420381485,44.7771621724867]},"properties":{"OBJECTID":14,"ASSETID":"STP44","STEPID":"STP44","ASSETCODE":"STP","OWNER":"HRM","INSTYR":null,"INSTYRCONF":null,"MAT":"WOOD","MATCONF":3,"LOCGEN":"OSP","HRMINTRST":"Y","LENGTHM":14,"SIZE1UNIT":"M","WIDTHM":1.8,"SIZE2UNIT":"M","NUMSTEPS":null,"SIZE3UNIT":"UNIT","ASSETDESC":" ","PARTNER":null,"ASSETSTAT":"DIS","INSTDATE":null,"LOCATION":"KINSMEN PARK","MAINTBY":"HRM","ADDDATE":null,"MODDATE":"Thu, 15 Jul 2021 00:07:36 GMT","SDATE":null,"SOURCE":null,"SACC":null,"WINT_PLOW":"N","WINT_MAINT":"NA","WINT_ROUTE":null,"WINT_LOS":null,"WINT_MAT":null,"WINT_COMM":null,"GLOBALID":"90f2d3d3-45f7-4dd2-aef1-fd0ffc402401","WINT_ADDDATE":"Thu, 10 Oct 2019 03:00:00 GMT","WINT_MODDATE":null,"CONDITPERD":null,"CONDITEXP":null}},{"type":"Feature","id":15,"geometry":{"type":"Point","coordinates":[-63.5608388268655,44.6798224407824]},"properties":{"OBJECTID":15,"ASSETID":"STP59","STEPID":"STP59","ASSETCODE":"STP","OWNER":"HRM","INSTYR":2009,"INSTYRCONF":null,"MAT":"WOOD","MATCONF":3,"LOCGEN":"OSP","HRMINTRST":"Y","LENGTHM":4.7,"SIZE1UNIT":"M","WIDTHM":1.9,"SIZE2UNIT":"M","NUMSTEPS":null,"SIZE3UNIT":"UNIT","ASSETDESC":" ","PARTNER":null,"ASSETSTAT":"INS","INSTDATE":"Fri, 01 May 2009 03:00:00 GMT","LOCATION":"BIRCH COVE PARK","MAINTBY":"HRM","ADDDATE":null,"MODDATE":"Thu, 15 Jul 2021 00:07:38 GMT","SDATE":null,"SOURCE":null,"SACC":null,"WINT_PLOW":"N","WINT_MAINT":"NA","WINT_ROUTE":null,"WINT_LOS":null,"WINT_MAT":null,"WINT_COMM":null,"GLOBALID":"c0b467d3-a11a-45eb-a658-659bde632f54","WINT_ADDDATE":"Thu, 10 Oct 2019 03:00:00 GMT","WINT_MODDATE":null,"CONDITPERD":null,"CONDITEXP":null}},{"type":"Feature","id":16,"geometry":{"type":"Point","coordinates":[-63.6706705213233,44.6697110620723]},"properties":{"OBJECTID":16,"ASSETID":"STP2","STEPID":"STP2","ASSETCODE":"STP","OWNER":"HRM","INSTYR":null,"INSTYRCONF":null,"MAT":"WOOD","MATCONF":1,"LOCGEN":"ROW","HRMINTRST":"Y","LENGTHM":8.03624626,"SIZE1UNIT":"M","WIDTHM":1.8,"SIZE2UNIT":"M","NUMSTEPS":19,"SIZE3UNIT":"UNIT","ASSETDESC":" ","PARTNER":null,"ASSETSTAT":"INS","INSTDATE":null,"LOCATION":"112 RED FERN TERR TO 45 GLENBOURNE CRT","MAINTBY":"HRM","ADDDATE":null,"MODDATE":"Wed, 19 Apr 2023 19:43:36 GMT","SDATE":null,"SOURCE":null,"SACC":null,"WINT_PLOW":"Y","WINT_MAINT":"SWZ7","WINT_ROUTE":null,"WINT_LOS":"PRI3","WINT_MAT":null,"WINT_COMM":null,"GLOBALID":"1f916545-81a6-4633-b839-50be90e9988a","WINT_ADDDATE":null,"WINT_MODDATE":"Thu, 11 Aug 2016 03:00:00 GMT","CONDITPERD":null,"CONDITEXP":null}},{"type":"Feature","id":17,"geometry":{"type":"Point","coordinates":[-63.6502239132425,44.6575516504682]},"properties":{"OBJECTID":17,"ASSETID":"STP153","STEPID":"STP153","ASSETCODE":"STP","OWNER":"HRM","INSTYR":null,"INSTYRCONF":null,"MAT":null,"MATCONF":null,"LOCGEN":null,"HRMINTRST":"Y","LENGTHM":null,"SIZE1UNIT":"M","WIDTHM":null,"SIZE2UNIT":"M","NUMSTEPS":null,"SIZE3UNIT":"UNIT","ASSETDESC":null,"PARTNER":null,"ASSETSTAT":"INS","INSTDATE":null,"LOCATION":null,"MAINTBY":null,"ADDDATE":"Mon, 25 Jul 2016 19:07:45 GMT","MODDATE":"Thu, 15 Jul 2021 00:07:48 GMT","SDATE":null,"SOURCE":null,"SACC":null,"WINT_PLOW":"Y","WINT_MAINT":"SWZ7","WINT_ROUTE":null,"WINT_LOS":"PRI3","WINT_MAT":null,"WINT_COMM":null,"GLOBALID":"01596f59-7983-4541-83c9-f946dbec7f67","WINT_ADDDATE":"Wed, 22 Feb 2017 04:00:00 GMT","WINT_MODDATE":"Mon, 13 Mar 2017 03:00:00 GMT","CONDITPERD":null,"CONDITEXP":null}},{"type":"Feature","id":18,"geometry":{"type":"Point","coordinates":[-63.4888697373295,44.6842527138457]},"properties":{"OBJECTID":18,"ASSETID":"STP42","STEPID":"STP42","ASSETCODE":"STP","OWNER":"HRM","INSTYR":null,"INSTYRCONF":null,"MAT":"WOOD","MATCONF":3,"LOCGEN":"OSP","HRMINTRST":"Y","LENGTHM":6.9,"SIZE1UNIT":"M","WIDTHM":1.6,"SIZE2UNIT":"M","NUMSTEPS":null,"SIZE3UNIT":"UNIT","ASSETDESC":" ","PARTNER":null,"ASSETSTAT":"DIS","INSTDATE":null,"LOCATION":"COLE HARBOUR COMMONS","MAINTBY":"HRM","ADDDATE":null,"MODDATE":"Wed, 09 Mar 2022 19:50:05 GMT","SDATE":null,"SOURCE":null,"SACC":null,"WINT_PLOW":"N","WINT_MAINT":"NA","WINT_ROUTE":null,"WINT_LOS":null,"WINT_MAT":null,"WINT_COMM":null,"GLOBALID":"aed539d8-6ee1-405e-8342-4938b9d4d658","WINT_ADDDATE":"Thu, 10 Oct 2019 03:00:00 GMT","WINT_MODDATE":null,"CONDITPERD":null,"CONDITEXP":null}},{"type":"Feature","id":19,"geometry":{"type":"Point","coordinates":[-63.568597033392,44.6641208928142]},"properties":{"OBJECTID":19,"ASSETID":"STP357","STEPID":"STP357","ASSETCODE":"STP","OWNER":"HRM","INSTYR":null,"INSTYRCONF":null,"MAT":"CONC","MATCONF":1,"LOCGEN":"OSP","HRMINTRST":"Y","LENGTHM":null,"SIZE1UNIT":"M","WIDTHM":null,"SIZE2UNIT":"M","NUMSTEPS":null,"SIZE3UNIT":"UNIT","ASSETDESC":null,"PARTNER":null,"ASSETSTAT":"INS","INSTDATE":null,"LOCATION":"FERRY TERMINAL PARK","MAINTBY":"HRM","ADDDATE":"Tue, 04 Jul 2023 21:17:58 GMT","MODDATE":"Tue, 04 Jul 2023 21:17:58 GMT","SDATE":"Thu, 16 Dec 2021 04:00:00 GMT","SOURCE":"WOOD (2021)","SACC":"IN","WINT_PLOW":null,"WINT_MAINT":null,"WINT_ROUTE":null,"WINT_LOS":null,"WINT_MAT":null,"WINT_COMM":null,"GLOBALID":"cd48acba-ed66-416d-a95e-66e4471265d8","WINT_ADDDATE":null,"WINT_MODDATE":null,"CONDITPERD":null,"CONDITEXP":null}},{"type":"Feature","id":20,"geometry":{"type":"Point","coordinates":[-63.6210498218335,44.6284484425262]},"properties":{"OBJECTID":20,"ASSETID":"STP316","STEPID":"STP316","ASSETCODE":"STP","OWNER":"UN","INSTYR":null,"INSTYRCONF":null,"MAT":"CONC","MATCONF":1,"LOCGEN":null,"HRMINTRST":"Y","LENGTHM":null,"SIZE1UNIT":"M","WIDTHM":null,"SIZE2UNIT":"M","NUMSTEPS":null,"SIZE3UNIT":"UNIT","ASSETDESC":null,"PARTNER":null,"ASSETSTAT":"INS","INSTDATE":null,"LOCATION":"66 BROMLEY RD, HALIFAX","MAINTBY":null,"ADDDATE":"Tue, 04 Jul 2023 21:17:58 GMT","MODDATE":"Tue, 04 Jul 2023 21:17:58 GMT","SDATE":"Thu, 16 Dec 2021 04:00:00 GMT","SOURCE":"WOOD (2021)","SACC":"IN","WINT_PLOW":null,"WINT_MAINT":null,"WINT_ROUTE":null,"WINT_LOS":null,"WINT_MAT":null,"WINT_COMM":null,"GLOBALID":"af67ef27-e2bc-4a44-ab87-772520ee38d8","WINT_ADDDATE":null,"WINT_MODDATE":null,"CONDITPERD":null,"CONDITEXP":null}},{"type":"Feature","id":21,"geometry":{"type":"Point","coordinates":[-63.7431206281512,44.6572902780544]},"properties":{"OBJECTID":21,"ASSETID":"STP295","STEPID":"STP295","ASSETCODE":"STP","OWNER":"HRSB","INSTYR":null,"INSTYRCONF":null,"MAT":"CONC","MATCONF":1,"LOCGEN":"OSPREC","HRMINTRST":"Y","LENGTHM":null,"SIZE1UNIT":"M","WIDTHM":null,"SIZE2UNIT":"M","NUMSTEPS":null,"SIZE3UNIT":"UNIT","ASSETDESC":null,"PARTNER":null,"ASSETSTAT":"INS","INSTDATE":null,"LOCATION":"BEECHVILLE LAKESIDE TIMBERLEA SCHOOL PARK","MAINTBY":"HRSB","ADDDATE":"Thu, 31 Mar 2022 16:25:27 GMT","MODDATE":"Thu, 31 Mar 2022 16:31:26 GMT","SDATE":null,"SOURCE":null,"SACC":"DG","WINT_PLOW":null,"WINT_MAINT":null,"WINT_ROUTE":null,"WINT_LOS":null,"WINT_MAT":null,"WINT_COMM":null,"GLOBALID":"8cfb7570-47ae-45e2-b7d2-7944e0f82fad","WINT_ADDDATE":null,"WINT_MODDATE":null,"CONDITPERD":null,"CONDITEXP":null}},{"type":"Feature","id":22,"geometry":{"type":"Point","coordinates":[-63.5394516988519,44.6873133910249]},"properties":{"OBJECTID":22,"ASSETID":"STP21","STEPID":"STP21","ASSETCODE":"STP","OWNER":"HRM","INSTYR":null,"INSTYRCONF":null,"MAT":"WOOD","MATCONF":1,"LOCGEN":"ROW","HRMINTRST":"Y","LENGTHM":26.0883142,"SIZE1UNIT":"M","WIDTHM":1.5,"SIZE2UNIT":"M","NUMSTEPS":77,"SIZE3UNIT":"UNIT","ASSETDESC":" ","PARTNER":null,"ASSETSTAT":"INS","INSTDATE":null,"LOCATION":"58 MOUNTAIN AVE TO 18 BIRCHDALE AVE","MAINTBY":"HRM","ADDDATE":null,"MODDATE":"Wed, 19 Apr 2023 19:43:36 GMT","SDATE":null,"SOURCE":null,"SACC":null,"WINT_PLOW":"Y","WINT_MAINT":"WSZ1","WINT_ROUTE":null,"WINT_LOS":"PRI3","WINT_MAT":null,"WINT_COMM":null,"GLOBALID":"c163a3cc-1828-4923-a154-b8d1425f91a9","WINT_ADDDATE":null,"WINT_MODDATE":"Wed, 01 Jun 2022 03:00:00 GMT","CONDITPERD":null,"CONDITEXP":null}},{"type":"Feature","id":23,"geometry":{"type":"Point","coordinates":[-63.6839134430209,44.6347517764558]},"properties":{"OBJECTID":23,"ASSETID":"STP297","STEPID":"STP297","ASSETCODE":"STP","OWNER":"HRSB","INSTYR":null,"INSTYRCONF":null,"MAT":"CONC","MATCONF":1,"LOCGEN":"OSP","HRMINTRST":"Y","LENGTHM":null,"SIZE1UNIT":"M","WIDTHM":null,"SIZE2UNIT":"M","NUMSTEPS":4,"SIZE3UNIT":"UNIT","ASSETDESC":null,"PARTNER":null,"ASSETSTAT":"INS","INSTDATE":null,"LOCATION":"RIDGECLIFF MIDDLE SCHOOL PARK","MAINTBY":"HRSB","ADDDATE":"Thu, 21 Apr 2022 17:52:17 GMT","MODDATE":"Thu, 21 Apr 2022 18:13:24 GMT","SDATE":null,"SOURCE":null,"SACC":"DG","WINT_PLOW":null,"WINT_MAINT":null,"WINT_ROUTE":null,"WINT_LOS":null,"WINT_MAT":null,"WINT_COMM":null,"GLOBALID":"50f75ff5-c270-4a5f-9308-0426af923061","WINT_ADDDATE":null,"WINT_MODDATE":null,"CONDITPERD":null,"CONDITEXP":null}},{"type":"Feature","id":24,"geometry":{"type":"Point","coordinates":[-63.744279125186,44.6555393325704]},"properties":{"OBJECTID":24,"ASSETID":"STP302","STEPID":"STP302","ASSETCODE":"STP","OWNER":"HRM","INSTYR":null,"INSTYRCONF":null,"MAT":"WOOD","MATCONF":1,"LOCGEN":"OSPREC","HRMINTRST":"Y","LENGTHM":null,"SIZE1UNIT":"M","WIDTHM":null,"SIZE2UNIT":"M","NUMSTEPS":9,"SIZE3UNIT":"UNIT","ASSETDESC":"Steps down into water","PARTNER":null,"ASSETSTAT":"INS","INSTDATE":null,"LOCATION":"GLENGARRY ESTATES PARK","MAINTBY":"HRM","ADDDATE":"Wed, 22 Jun 2022 20:35:06 GMT","MODDATE":"Wed, 22 Jun 2022 20:39:41 GMT","SDATE":null,"SOURCE":null,"SACC":"DG","WINT_PLOW":null,"WINT_MAINT":null,"WINT_ROUTE":null,"WINT_LOS":null,"WINT_MAT":null,"WINT_COMM":null,"GLOBALID":"6c7ab9fe-4c3e-4ab4-9d03-feed550a3e2f","WINT_ADDDATE":null,"WINT_MODDATE":null,"CONDITPERD":null,"CONDITEXP":null}},{"type":"Feature","id":25,"geometry":{"type":"Point","coordinates":[-63.558601557379,44.7067873240244]},"properties":{"OBJECTID":25,"ASSETID":"STP26","STEPID":"STP26","ASSETCODE":"STP","OWNER":"HRM","INSTYR":null,"INSTYRCONF":null,"MAT":"CONC","MATCONF":1,"LOCGEN":null,"HRMINTRST":"Y","LENGTHM":3.43483585,"SIZE1UNIT":"M","WIDTHM":1.8,"SIZE2UNIT":"M","NUMSTEPS":null,"SIZE3UNIT":"UNIT","ASSETDESC":" ","PARTNER":null,"ASSETSTAT":"INS","INSTDATE":null,"LOCATION":"SHUBIE DR (DARTMOUTH CROSSING) PARKING LOT TO TRAIL","MAINTBY":null,"ADDDATE":null,"MODDATE":"Wed, 19 Apr 2023 19:43:36 GMT","SDATE":null,"SOURCE":null,"SACC":null,"WINT_PLOW":"Y","WINT_MAINT":"HRM2","WINT_ROUTE":"R4","WINT_LOS":"PRI3","WINT_MAT":null,"WINT_COMM":null,"GLOBALID":"08934067-1bc7-43e7-b365-6a40b30f54d5","WINT_ADDDATE":null,"WINT_MODDATE":"Thu, 26 Sep 2019 03:00:00 GMT","CONDITPERD":null,"CONDITEXP":null}},{"type":"Feature","id":26,"geometry":{"type":"Point","coordinates":[-63.5602670357124,44.6799747952011]},"properties":{"OBJECTID":26,"ASSETID":"STP61","STEPID":"STP61","ASSETCODE":"STP","OWNER":"HRM","INSTYR":null,"INSTYRCONF":null,"MAT":"CONC","MATCONF":3,"LOCGEN":"OSP","HRMINTRST":"Y","LENGTHM":2.9,"SIZE1UNIT":"M","WIDTHM":1.5,"SIZE2UNIT":"M","NUMSTEPS":null,"SIZE3UNIT":"UNIT","ASSETDESC":" ","PARTNER":null,"ASSETSTAT":"INS","INSTDATE":null,"LOCATION":"BIRCH COVE PARK","MAINTBY":"HRM","ADDDATE":null,"MODDATE":"Thu, 15 Jul 2021 00:07:43 GMT","SDATE":null,"SOURCE":null,"SACC":null,"WINT_PLOW":"N","WINT_MAINT":"NA","WINT_ROUTE":null,"WINT_LOS":null,"WINT_MAT":null,"WINT_COMM":null,"GLOBALID":"4b7a4b70-de4d-42b4-9359-e5e382fa2836","WINT_ADDDATE":"Thu, 10 Oct 2019 03:00:00 GMT","WINT_MODDATE":null,"CONDITPERD":null,"CONDITEXP":null}},{"type":"Feature","id":27,"geometry":{"type":"Point","coordinates":[-63.6041107253055,44.6377099577746]},"properties":{"OBJECTID":27,"ASSETID":"STP293","STEPID":"STP293","ASSETCODE":"STP","OWNER":"HRM","INSTYR":null,"INSTYRCONF":null,"MAT":"CONC","MATCONF":1,"LOCGEN":"OSP","HRMINTRST":"Y","LENGTHM":null,"SIZE1UNIT":"M","WIDTHM":null,"SIZE2UNIT":"M","NUMSTEPS":null,"SIZE3UNIT":"UNIT","ASSETDESC":null,"PARTNER":null,"ASSETSTAT":"INS","INSTDATE":null,"LOCATION":"ST. MARY'S BOAT CLUB PARK","MAINTBY":"HRM","ADDDATE":"Wed, 16 Mar 2022 16:12:49 GMT","MODDATE":"Wed, 16 Mar 2022 16:21:08 GMT","SDATE":null,"SOURCE":null,"SACC":"DG","WINT_PLOW":null,"WINT_MAINT":null,"WINT_ROUTE":null,"WINT_LOS":null,"WINT_MAT":null,"WINT_COMM":null,"GLOBALID":"44c50161-1a8a-42de-a83d-387aa982724e","WINT_ADDDATE":null,"WINT_MODDATE":null,"CONDITPERD":null,"CONDITEXP":null}},{"type":"Feature","id":28,"geometry":{"type":"Point","coordinates":[-63.4906619041691,44.6666394742372]},"properties":{"OBJECTID":28,"ASSETID":"STP215","STEPID":"STP215","ASSETCODE":"STP","OWNER":"HRM","INSTYR":null,"INSTYRCONF":null,"MAT":null,"MATCONF":null,"LOCGEN":"OSP","HRMINTRST":"Y","LENGTHM":null,"SIZE1UNIT":"M","WIDTHM":null,"SIZE2UNIT":"M","NUMSTEPS":null,"SIZE3UNIT":"UNIT","ASSETDESC":null,"PARTNER":null,"ASSETSTAT":"INS","INSTDATE":null,"LOCATION":null,"MAINTBY":"HRM","ADDDATE":"Thu, 25 Jul 2019 21:47:22 GMT","MODDATE":"Thu, 15 Jul 2021 00:07:53 GMT","SDATE":null,"SOURCE":"HRMGIS","SACC":"PH","WINT_PLOW":"N","WINT_MAINT":"NA","WINT_ROUTE":null,"WINT_LOS":null,"WINT_MAT":null,"WINT_COMM":null,"GLOBALID":"74e9ac7b-dfc3-4172-947b-8acc1b9460a2","WINT_ADDDATE":"Thu, 10 Oct 2019 03:00:00 GMT","WINT_MODDATE":"Thu, 21 Nov 2019 04:00:00 GMT","CONDITPERD":null,"CONDITEXP":null}},{"type":"Feature","id":29,"geometry":{"type":"Point","coordinates":[-63.5858908494729,44.6539937588209]},"properties":{"OBJECTID":29,"ASSETID":"STP247","STEPID":"STP247","ASSETCODE":"STP","OWNER":"HRM","INSTYR":null,"INSTYRCONF":null,"MAT":"CONC","MATCONF":1,"LOCGEN":"BLD","HRMINTRST":"Y","LENGTHM":null,"SIZE1UNIT":"M","WIDTHM":null,"SIZE2UNIT":"M","NUMSTEPS":null,"SIZE3UNIT":"UNIT","ASSETDESC":null,"PARTNER":null,"ASSETSTAT":"INS","INSTDATE":null,"LOCATION":null,"MAINTBY":"HRM","ADDDATE":"Thu, 25 Jul 2019 21:47:22 GMT","MODDATE":"Wed, 19 Apr 2023 19:43:36 GMT","SDATE":null,"SOURCE":"HRMGIS","SACC":"PH","WINT_PLOW":"N","WINT_MAINT":"NA","WINT_ROUTE":null,"WINT_LOS":null,"WINT_MAT":null,"WINT_COMM":null,"GLOBALID":"a8abb103-97bb-47ac-8498-c611fdc4e95d","WINT_ADDDATE":"Thu, 10 Oct 2019 03:00:00 GMT","WINT_MODDATE":null,"CONDITPERD":null,"CONDITEXP":null}},{"type":"Feature","id":30,"geometry":{"type":"Point","coordinates":[-63.5159858872372,44.6721587353082]},"properties":{"OBJECTID":30,"ASSETID":"STP115","STEPID":"STP115","ASSETCODE":"STP","OWNER":"HRM","INSTYR":null,"INSTYRCONF":null,"MAT":"CONC","MATCONF":1,"LOCGEN":"OSP","HRMINTRST":"Y","LENGTHM":2.8,"SIZE1UNIT":"M","WIDTHM":1.5,"SIZE2UNIT":"M","NUMSTEPS":null,"SIZE3UNIT":"UNIT","ASSETDESC":" ","PARTNER":null,"ASSETSTAT":"INS","INSTDATE":null,"LOCATION":"COLLINS GROVE PARK","MAINTBY":"HRM","ADDDATE":null,"MODDATE":"Wed, 19 Apr 2023 19:43:36 GMT","SDATE":null,"SOURCE":null,"SACC":null,"WINT_PLOW":"Y","WINT_MAINT":"WSZ1","WINT_ROUTE":null,"WINT_LOS":"PRI2","WINT_MAT":null,"WINT_COMM":null,"GLOBALID":"0d27f499-6c3c-4fca-986e-c9f05b0f5c6c","WINT_ADDDATE":null,"WINT_MODDATE":"Wed, 01 Jun 2022 03:00:00 GMT","CONDITPERD":null,"CONDITEXP":null}},{"type":"Feature","id":31,"geometry":{"type":"Point","coordinates":[-63.4881859693797,44.6835228467948]},"properties":{"OBJECTID":31,"ASSETID":"STP291","STEPID":"STP291","ASSETCODE":"STP","OWNER":"HRM","INSTYR":null,"INSTYRCONF":null,"MAT":"CONC","MATCONF":1,"LOCGEN":"OSP","HRMINTRST":"Y","LENGTHM":null,"SIZE1UNIT":"M","WIDTHM":null,"SIZE2UNIT":"M","NUMSTEPS":null,"SIZE3UNIT":"UNIT","ASSETDESC":"Multi-step stone structure with steel railings","PARTNER":null,"ASSETSTAT":"INS","INSTDATE":null,"LOCATION":"COLE HARBOUR COMMON","MAINTBY":"HRM","ADDDATE":"Wed, 09 Mar 2022 19:51:06 GMT","MODDATE":"Wed, 19 Apr 2023 19:43:36 GMT","SDATE":null,"SOURCE":null,"SACC":"DG","WINT_PLOW":null,"WINT_MAINT":null,"WINT_ROUTE":null,"WINT_LOS":null,"WINT_MAT":null,"WINT_COMM":null,"GLOBALID":"2e04d36d-f0e4-4b96-b345-11cebabf3c53","WINT_ADDDATE":null,"WINT_MODDATE":null,"CONDITPERD":null,"CONDITEXP":null}},{"type":"Feature","id":32,"geometry":{"type":"Point","coordinates":[-63.5693972966646,44.6396362863893]},"properties":{"OBJECTID":32,"ASSETID":"STP336","STEPID":"STP336","ASSETCODE":"STP","OWNER":"HRM","INSTYR":null,"INSTYRCONF":null,"MAT":"UNKN","MATCONF":null,"LOCGEN":"OSP","HRMINTRST":"Y","LENGTHM":null,"SIZE1UNIT":"M","WIDTHM":null,"SIZE2UNIT":"M","NUMSTEPS":null,"SIZE3UNIT":"UNIT","ASSETDESC":null,"PARTNER":null,"ASSETSTAT":"INS","INSTDATE":null,"LOCATION":"PEACE AND FRIENDSHIP PARK","MAINTBY":"HRM","ADDDATE":"Tue, 04 Jul 2023 21:17:58 GMT","MODDATE":"Tue, 04 Jul 2023 21:17:58 GMT","SDATE":"Thu, 16 Dec 2021 04:00:00 GMT","SOURCE":"WOOD (2021)","SACC":"IN","WINT_PLOW":null,"WINT_MAINT":null,"WINT_ROUTE":null,"WINT_LOS":null,"WINT_MAT":null,"WINT_COMM":null,"GLOBALID":"47e01547-25ac-4921-99b5-f01ea015f99d","WINT_ADDDATE":null,"WINT_MODDATE":null,"CONDITPERD":null,"CONDITEXP":null}},{"type":"Feature","id":33,"geometry":{"type":"Point","coordinates":[-63.5883926782005,44.6561482772898]},"properties":{"OBJECTID":33,"ASSETID":"STP314","STEPID":"STP314","ASSETCODE":"STP","OWNER":"HRM","INSTYR":null,"INSTYRCONF":null,"MAT":"CONC","MATCONF":1,"LOCGEN":"OSP","HRMINTRST":"Y","LENGTHM":null,"SIZE1UNIT":"M","WIDTHM":null,"SIZE2UNIT":"M","NUMSTEPS":null,"SIZE3UNIT":"UNIT","ASSETDESC":null,"PARTNER":null,"ASSETSTAT":"INS","INSTDATE":null,"LOCATION":"GEORGE DIXON CENTRE PARK","MAINTBY":"HRM","ADDDATE":"Tue, 04 Jul 2023 21:17:58 GMT","MODDATE":"Tue, 04 Jul 2023 21:17:58 GMT","SDATE":"Thu, 16 Dec 2021 04:00:00 GMT","SOURCE":"WOOD (2021)","SACC":"IN","WINT_PLOW":null,"WINT_MAINT":null,"WINT_ROUTE":null,"WINT_LOS":null,"WINT_MAT":null,"WINT_COMM":null,"GLOBALID":"64834fb2-0907-4225-9409-92e8a84d6c79","WINT_ADDDATE":null,"WINT_MODDATE":null,"CONDITPERD":null,"CONDITEXP":null}},{"type":"Feature","id":34,"geometry":{"type":"Point","coordinates":[-63.4677797279945,44.7453961591849]},"properties":{"OBJECTID":34,"ASSETID":"STP350","STEPID":"STP350","ASSETCODE":"STP","OWNER":"HRM","INSTYR":null,"INSTYRCONF":null,"MAT":"CONC","MATCONF":1,"LOCGEN":null,"HRMINTRST":"Y","LENGTHM":null,"SIZE1UNIT":"M","WIDTHM":null,"SIZE2UNIT":"M","NUMSTEPS":null,"SIZE3UNIT":"UNIT","ASSETDESC":null,"PARTNER":null,"ASSETSTAT":"INS","INSTDATE":null,"LOCATION":"NORTH PRESTON COMMUNITY CENTRE PARK","MAINTBY":"HRM","ADDDATE":"Tue, 04 Jul 2023 21:17:58 GMT","MODDATE":"Tue, 04 Jul 2023 21:17:58 GMT","SDATE":"Thu, 16 Dec 2021 04:00:00 GMT","SOURCE":"WOOD (2021)","SACC":"IN","WINT_PLOW":null,"WINT_MAINT":null,"WINT_ROUTE":null,"WINT_LOS":null,"WINT_MAT":null,"WINT_COMM":null,"GLOBALID":"c0e88184-7055-4527-9229-b2b9ae7e2dfd","WINT_ADDDATE":null,"WINT_MODDATE":null,"CONDITPERD":null,"CONDITEXP":null}},{"type":"Feature","id":35,"geometry":{"type":"Point","coordinates":[-63.6651894281593,44.7275537124977]},"properties":{"OBJECTID":35,"ASSETID":"STP84","STEPID":"STP84","ASSETCODE":"STP","OWNER":"HRM","INSTYR":null,"INSTYRCONF":null,"MAT":"CONC","MATCONF":1,"LOCGEN":"ROW","HRMINTRST":"Y","LENGTHM":1.9,"SIZE1UNIT":"M","WIDTHM":4.24,"SIZE2UNIT":"M","NUMSTEPS":5,"SIZE3UNIT":"unit","ASSETDESC":"steps from street to trail system","PARTNER":null,"ASSETSTAT":"INS","INSTDATE":null,"LOCATION":"BEDFORD HWY ACROSS FROM DIVISION ST","MAINTBY":"HRM","ADDDATE":null,"MODDATE":"Wed, 19 Apr 2023 19:43:36 GMT","SDATE":null,"SOURCE":null,"SACC":null,"WINT_PLOW":"N","WINT_MAINT":"NA","WINT_ROUTE":null,"WINT_LOS":null,"WINT_MAT":null,"WINT_COMM":null,"GLOBALID":"76606e49-8936-4b39-873e-8e8c2f25da5c","WINT_ADDDATE":null,"WINT_MODDATE":"Thu, 18 Aug 2016 03:00:00 GMT","CONDITPERD":null,"CONDITEXP":null}},{"type":"Feature","id":36,"geometry":{"type":"Point","coordinates":[-63.6950317044429,44.736327576245]},"properties":{"OBJECTID":36,"ASSETID":"STP94","STEPID":"STP94","ASSETCODE":"STP","OWNER":"HRM","INSTYR":null,"INSTYRCONF":null,"MAT":"WOOD","MATCONF":1,"LOCGEN":"OSP","HRMINTRST":"Y","LENGTHM":3.3,"SIZE1UNIT":"M","WIDTHM":1.85,"SIZE2UNIT":"M","NUMSTEPS":null,"SIZE3UNIT":"UNIT","ASSETDESC":"Steps to beach","PARTNER":null,"ASSETSTAT":"INS","INSTDATE":null,"LOCATION":"SANDY LAKE PARK","MAINTBY":"HRM","ADDDATE":null,"MODDATE":"Thu, 10 Mar 2022 20:08:02 GMT","SDATE":null,"SOURCE":null,"SACC":null,"WINT_PLOW":"N","WINT_MAINT":"NA","WINT_ROUTE":null,"WINT_LOS":null,"WINT_MAT":null,"WINT_COMM":null,"GLOBALID":"d65ed55f-3de4-4409-b398-1e6252b77aee","WINT_ADDDATE":"Wed, 22 Feb 2017 04:00:00 GMT","WINT_MODDATE":null,"CONDITPERD":null,"CONDITEXP":null}},{"type":"Feature","id":37,"geometry":{"type":"Point","coordinates":[-63.6182348368047,44.6379952614406]},"properties":{"OBJECTID":37,"ASSETID":"STP97","STEPID":"STP97","ASSETCODE":"STP","OWNER":"HRM","INSTYR":null,"INSTYRCONF":null,"MAT":"WOOD","MATCONF":3,"LOCGEN":"OSP","HRMINTRST":"Y","LENGTHM":null,"SIZE1UNIT":"M","WIDTHM":1.5,"SIZE2UNIT":"M","NUMSTEPS":null,"SIZE3UNIT":"UNIT","ASSETDESC":" ","PARTNER":null,"ASSETSTAT":"INS","INSTDATE":null,"LOCATION":"CHOCOLATE LAKE COMMUNITY CENTRE","MAINTBY":"HRM","ADDDATE":null,"MODDATE":"Thu, 15 Jul 2021 00:07:42 GMT","SDATE":null,"SOURCE":null,"SACC":null,"WINT_PLOW":"N","WINT_MAINT":"NA","WINT_ROUTE":null,"WINT_LOS":null,"WINT_MAT":null,"WINT_COMM":null,"GLOBALID":"b77d18f2-df81-47f0-8b3d-25e5d9571f6b","WINT_ADDDATE":"Thu, 10 Oct 2019 03:00:00 GMT","WINT_MODDATE":null,"CONDITPERD":null,"CONDITEXP":null}},{"type":"Feature","id":38,"geometry":{"type":"Point","coordinates":[-63.6857422386662,44.7766251054088]},"properties":{"OBJECTID":38,"ASSETID":"STP15","STEPID":"STP15","ASSETCODE":"STP","OWNER":"HRM","INSTYR":null,"INSTYRCONF":null,"MAT":"CONC","MATCONF":1,"LOCGEN":"OSP","HRMINTRST":"Y","LENGTHM":26.87557218,"SIZE1UNIT":"M","WIDTHM":1.8,"SIZE2UNIT":"M","NUMSTEPS":34,"SIZE3UNIT":"UNIT","ASSETDESC":"repaired October 2017","PARTNER":null,"ASSETSTAT":"INS","INSTDATE":null,"LOCATION":"ADJACENT 55 ALDER CRES SACKVILLE","MAINTBY":"HRM","ADDDATE":null,"MODDATE":"Wed, 19 Apr 2023 19:43:36 GMT","SDATE":null,"SOURCE":null,"SACC":null,"WINT_PLOW":"Y","WINT_MAINT":"WSZ2","WINT_ROUTE":null,"WINT_LOS":"PRI3","WINT_MAT":null,"WINT_COMM":null,"GLOBALID":"d8038493-8288-4595-90ac-5051f8d1114c","WINT_ADDDATE":null,"WINT_MODDATE":"Fri, 03 Mar 2017 04:00:00 GMT","CONDITPERD":null,"CONDITEXP":null}},{"type":"Feature","id":39,"geometry":{"type":"Point","coordinates":[-63.5859965398594,44.6540612786061]},"properties":{"OBJECTID":39,"ASSETID":"STP246","STEPID":"STP246","ASSETCODE":"STP","OWNER":"HRM","INSTYR":null,"INSTYRCONF":null,"MAT":"CONC","MATCONF":1,"LOCGEN":"BLD","HRMINTRST":"Y","LENGTHM":null,"SIZE1UNIT":"M","WIDTHM":null,"SIZE2UNIT":"M","NUMSTEPS":null,"SIZE3UNIT":"UNIT","ASSETDESC":null,"PARTNER":null,"ASSETSTAT":"INS","INSTDATE":null,"LOCATION":null,"MAINTBY":"HRM","ADDDATE":"Thu, 25 Jul 2019 21:47:22 GMT","MODDATE":"Wed, 19 Apr 2023 19:43:36 GMT","SDATE":null,"SOURCE":"HRMGIS","SACC":"PH","WINT_PLOW":"N","WINT_MAINT":"NA","WINT_ROUTE":null,"WINT_LOS":null,"WINT_MAT":null,"WINT_COMM":null,"GLOBALID":"035335db-463a-4bc6-8aaa-7b3a741c25bb","WINT_ADDDATE":"Thu, 10 Oct 2019 03:00:00 GMT","WINT_MODDATE":null,"CONDITPERD":null,"CONDITEXP":null}},{"type":"Feature","id":40,"geometry":{"type":"Point","coordinates":[-63.6771314994941,44.7300285052821]},"properties":{"OBJECTID":40,"ASSETID":"STP95","STEPID":"STP95","ASSETCODE":"STP","OWNER":"HRM","INSTYR":null,"INSTYRCONF":null,"MAT":"WOOD","MATCONF":3,"LOCGEN":"ROW","HRMINTRST":"Y","LENGTHM":8.2,"SIZE1UNIT":"M","WIDTHM":1.5,"SIZE2UNIT":"M","NUMSTEPS":null,"SIZE3UNIT":"UNIT","ASSETDESC":" ","PARTNER":null,"ASSETSTAT":"DIS","INSTDATE":null,"LOCATION":"29 WINDROCK DR TO PARK","MAINTBY":"HRM","ADDDATE":null,"MODDATE":"Tue, 14 Sep 2021 18:12:43 GMT","SDATE":null,"SOURCE":null,"SACC":null,"WINT_PLOW":"N","WINT_MAINT":"NA","WINT_ROUTE":null,"WINT_LOS":null,"WINT_MAT":null,"WINT_COMM":null,"GLOBALID":"0b1ed3f2-a3ff-4da9-981f-6792c01b2f8d","WINT_ADDDATE":"Thu, 10 Oct 2019 03:00:00 GMT","WINT_MODDATE":null,"CONDITPERD":null,"CONDITEXP":null}},{"type":"Feature","id":41,"geometry":{"type":"Point","coordinates":[-63.6780594636741,44.7140389937465]},"properties":{"OBJECTID":41,"ASSETID":"STP86","STEPID":"STP86","ASSETCODE":"STP","OWNER":"HRM","INSTYR":null,"INSTYRCONF":null,"MAT":"CONC","MATCONF":3,"LOCGEN":"ROW","HRMINTRST":"Y","LENGTHM":2.6,"SIZE1UNIT":"M","WIDTHM":1.53,"SIZE2UNIT":"M","NUMSTEPS":null,"SIZE3UNIT":"UNIT","ASSETDESC":" ","PARTNER":null,"ASSETSTAT":"INS","INSTDATE":null,"LOCATION":"MOIRS MILL PARK","MAINTBY":"HRM","ADDDATE":null,"MODDATE":"Thu, 15 Jul 2021 00:07:33 GMT","SDATE":null,"SOURCE":null,"SACC":null,"WINT_PLOW":"N","WINT_MAINT":"NA","WINT_ROUTE":null,"WINT_LOS":null,"WINT_MAT":null,"WINT_COMM":null,"GLOBALID":"bc54d945-eab7-4cdc-a6f3-62ab833fa27f","WINT_ADDDATE":null,"WINT_MODDATE":"Fri, 24 Feb 2017 04:00:00 GMT","CONDITPERD":null,"CONDITEXP":null}},{"type":"Feature","id":42,"geometry":{"type":"Point","coordinates":[-63.6805570559468,44.7110658594522]},"properties":{"OBJECTID":42,"ASSETID":"STP171","STEPID":"STP171","ASSETCODE":"STP","OWNER":"HRM","INSTYR":null,"INSTYRCONF":null,"MAT":null,"MATCONF":null,"LOCGEN":null,"HRMINTRST":"Y","LENGTHM":null,"SIZE1UNIT":"M","WIDTHM":null,"SIZE2UNIT":"M","NUMSTEPS":24,"SIZE3UNIT":"UNIT","ASSETDESC":null,"PARTNER":null,"ASSETSTAT":null,"INSTDATE":null,"LOCATION":null,"MAINTBY":null,"ADDDATE":"Wed, 08 Feb 2017 18:03:28 GMT","MODDATE":"Fri, 16 Jul 2021 14:52:45 GMT","SDATE":null,"SOURCE":null,"SACC":null,"WINT_PLOW":"N","WINT_MAINT":"NA","WINT_ROUTE":null,"WINT_LOS":null,"WINT_MAT":null,"WINT_COMM":null,"GLOBALID":"8355c54b-21e8-41cc-97fc-d6e5f24ac8db","WINT_ADDDATE":"Wed, 22 Feb 2017 04:00:00 GMT","WINT_MODDATE":null,"CONDITPERD":null,"CONDITEXP":null}},{"type":"Feature","id":43,"geometry":{"type":"Point","coordinates":[-63.7934207019307,44.7363900463697]},"properties":{"OBJECTID":43,"ASSETID":"STP164","STEPID":"STP164","ASSETCODE":"STP","OWNER":"PRIV","INSTYR":null,"INSTYRCONF":null,"MAT":"CONC","MATCONF":1,"LOCGEN":"ROW","HRMINTRST":"Y","LENGTHM":0.75,"SIZE1UNIT":"M","WIDTHM":0.9,"SIZE2UNIT":"M","NUMSTEPS":3,"SIZE3UNIT":"UNIT","ASSETDESC":"Concrete Blocks","PARTNER":null,"ASSETSTAT":"INS","INSTDATE":null,"LOCATION":"21 Pockwok Rd","MAINTBY":"UN","ADDDATE":"Fri, 16 Sep 2016 18:07:13 GMT","MODDATE":"Thu, 15 Jul 2021 00:07:49 GMT","SDATE":null,"SOURCE":null,"SACC":null,"WINT_PLOW":"N","WINT_MAINT":"NA","WINT_ROUTE":null,"WINT_LOS":null,"WINT_MAT":null,"WINT_COMM":null,"GLOBALID":"ad2aa61a-edfd-4270-99d8-1b387bcf64bd","WINT_ADDDATE":"Wed, 22 Feb 2017 04:00:00 GMT","WINT_MODDATE":null,"CONDITPERD":null,"CONDITEXP":null}},{"type":"Feature","id":44,"geometry":{"type":"Point","coordinates":[-63.6525471380269,44.7391999523028]},"properties":{"OBJECTID":44,"ASSETID":"STP307","STEPID":"STP307","ASSETCODE":"STP","OWNER":"HRM","INSTYR":null,"INSTYRCONF":null,"MAT":"CONC","MATCONF":1,"LOCGEN":"ROW","HRMINTRST":"Y","LENGTHM":null,"SIZE1UNIT":"M","WIDTHM":null,"SIZE2UNIT":"M","NUMSTEPS":null,"SIZE3UNIT":"UNIT","ASSETDESC":null,"PARTNER":null,"ASSETSTAT":"INS","INSTDATE":null,"LOCATION":"31 OAKMOUNT DR, BEDFORD","MAINTBY":"HRM","ADDDATE":"Tue, 04 Jul 2023 21:17:58 GMT","MODDATE":"Tue, 04 Jul 2023 21:17:58 GMT","SDATE":"Thu, 16 Dec 2021 04:00:00 GMT","SOURCE":"WOOD (2021)","SACC":"IN","WINT_PLOW":null,"WINT_MAINT":null,"WINT_ROUTE":null,"WINT_LOS":null,"WINT_MAT":null,"WINT_COMM":null,"GLOBALID":"42ce2251-d6e4-4102-bb4e-04df0f40c5ac","WINT_ADDDATE":null,"WINT_MODDATE":null,"CONDITPERD":null,"CONDITEXP":null}},{"type":"Feature","id":45,"geometry":{"type":"Point","coordinates":[-63.4337557177066,44.7197613853631]},"properties":{"OBJECTID":45,"ASSETID":"STP218","STEPID":"STP218","ASSETCODE":"STP","OWNER":"HRM","INSTYR":null,"INSTYRCONF":null,"MAT":"CONC","MATCONF":1,"LOCGEN":"BLD","HRMINTRST":"Y","LENGTHM":null,"SIZE1UNIT":"M","WIDTHM":null,"SIZE2UNIT":"M","NUMSTEPS":null,"SIZE3UNIT":"UNIT","ASSETDESC":null,"PARTNER":null,"ASSETSTAT":"INS","INSTDATE":null,"LOCATION":null,"MAINTBY":"HRM","ADDDATE":"Thu, 25 Jul 2019 21:47:22 GMT","MODDATE":"Wed, 19 Apr 2023 19:43:36 GMT","SDATE":null,"SOURCE":"HRMGIS","SACC":"PH","WINT_PLOW":"N","WINT_MAINT":"NA","WINT_ROUTE":null,"WINT_LOS":null,"WINT_MAT":null,"WINT_COMM":"RECREATION CENTRE IS RESPONSIBLE FOR SNOW MAINTENANCE","GLOBALID":"80d150ac-bde7-4236-984e-6f4a8448798f","WINT_ADDDATE":"Thu, 10 Oct 2019 03:00:00 GMT","WINT_MODDATE":"Thu, 28 Jan 2021 04:00:00 GMT","CONDITPERD":null,"CONDITEXP":null}},{"type":"Feature","id":46,"geometry":{"type":"Point","coordinates":[-63.7294957176419,44.5664929227478]},"properties":{"OBJECTID":46,"ASSETID":"STP344","STEPID":"STP344","ASSETCODE":"STP","OWNER":"HRM","INSTYR":null,"INSTYRCONF":null,"MAT":"CONC","MATCONF":1,"LOCGEN":"OSP","HRMINTRST":"Y","LENGTHM":null,"SIZE1UNIT":"M","WIDTHM":null,"SIZE2UNIT":"M","NUMSTEPS":null,"SIZE3UNIT":"UNIT","ASSETDESC":null,"PARTNER":null,"ASSETSTAT":"INS","INSTDATE":null,"LOCATION":"WESTERN COMMON","MAINTBY":"HRM","ADDDATE":"Tue, 04 Jul 2023 21:17:58 GMT","MODDATE":"Tue, 04 Jul 2023 21:17:58 GMT","SDATE":"Thu, 16 Dec 2021 04:00:00 GMT","SOURCE":"WOOD (2021)","SACC":"IN","WINT_PLOW":null,"WINT_MAINT":null,"WINT_ROUTE":null,"WINT_LOS":null,"WINT_MAT":null,"WINT_COMM":null,"GLOBALID":"bd4b7043-3801-4573-ad21-181e49d6668c","WINT_ADDDATE":null,"WINT_MODDATE":null,"CONDITPERD":null,"CONDITEXP":null}},{"type":"Feature","id":47,"geometry":{"type":"Point","coordinates":[-63.7664757565431,44.8164479125866]},"properties":{"OBJECTID":47,"ASSETID":"STP354","STEPID":"STP354","ASSETCODE":"STP","OWNER":"HRM","INSTYR":null,"INSTYRCONF":null,"MAT":"CONC","MATCONF":1,"LOCGEN":"BLD","HRMINTRST":"Y","LENGTHM":null,"SIZE1UNIT":"M","WIDTHM":null,"SIZE2UNIT":"M","NUMSTEPS":null,"SIZE3UNIT":"UNIT","ASSETDESC":null,"PARTNER":null,"ASSETSTAT":"INS","INSTDATE":null,"LOCATION":"479 PATTON RD, UPPER SACKVILLE","MAINTBY":"HRM","ADDDATE":"Tue, 04 Jul 2023 21:17:58 GMT","MODDATE":"Tue, 04 Jul 2023 21:17:58 GMT","SDATE":"Thu, 16 Dec 2021 04:00:00 GMT","SOURCE":"WOOD (2021)","SACC":"IN","WINT_PLOW":null,"WINT_MAINT":null,"WINT_ROUTE":null,"WINT_LOS":null,"WINT_MAT":null,"WINT_COMM":null,"GLOBALID":"9736117f-59a9-45aa-837b-e80d368c3ad8","WINT_ADDDATE":null,"WINT_MODDATE":null,"CONDITPERD":null,"CONDITEXP":null}},{"type":"Feature","id":48,"geometry":{"type":"Point","coordinates":[-63.4776930728377,44.6072029611435]},"properties":{"OBJECTID":48,"ASSETID":"STP289","STEPID":"STP289","ASSETCODE":"STP","OWNER":"HRM","INSTYR":null,"INSTYRCONF":null,"MAT":"CONC","MATCONF":1,"LOCGEN":"OSP","HRMINTRST":"Y","LENGTHM":null,"SIZE1UNIT":"M","WIDTHM":null,"SIZE2UNIT":"M","NUMSTEPS":null,"SIZE3UNIT":"UNIT","ASSETDESC":"Hand rails appear rusted","PARTNER":null,"ASSETSTAT":"INS","INSTDATE":null,"LOCATION":"EASTERN PASSAGE COMMON","MAINTBY":"HRM","ADDDATE":"Tue, 08 Mar 2022 21:56:42 GMT","MODDATE":"Tue, 08 Mar 2022 22:02:00 GMT","SDATE":null,"SOURCE":null,"SACC":"DG","WINT_PLOW":null,"WINT_MAINT":null,"WINT_ROUTE":null,"WINT_LOS":null,"WINT_MAT":null,"WINT_COMM":null,"GLOBALID":"59ae012a-e512-487e-a668-3885e8b29281","WINT_ADDDATE":null,"WINT_MODDATE":null,"CONDITPERD":null,"CONDITEXP":null}},{"type":"Feature","id":49,"geometry":{"type":"Point","coordinates":[-63.5747593262224,44.6439413604827]},"properties":{"OBJECTID":49,"ASSETID":"STP334","STEPID":"STP334","ASSETCODE":"STP","OWNER":"HRM","INSTYR":null,"INSTYRCONF":null,"MAT":"UNKN","MATCONF":null,"LOCGEN":"OSP","HRMINTRST":"Y","LENGTHM":null,"SIZE1UNIT":"M","WIDTHM":null,"SIZE2UNIT":"M","NUMSTEPS":null,"SIZE3UNIT":"UNIT","ASSETDESC":null,"PARTNER":null,"ASSETSTAT":"INS","INSTDATE":null,"LOCATION":"GRAFTON STREET PARK","MAINTBY":"HRM","ADDDATE":"Tue, 04 Jul 2023 21:17:58 GMT","MODDATE":"Tue, 04 Jul 2023 21:17:58 GMT","SDATE":"Thu, 16 Dec 2021 04:00:00 GMT","SOURCE":"WOOD (2021)","SACC":"IN","WINT_PLOW":null,"WINT_MAINT":null,"WINT_ROUTE":null,"WINT_LOS":null,"WINT_MAT":null,"WINT_COMM":null,"GLOBALID":"b614aee2-e0d2-42a3-af49-d36c43a59a9a","WINT_ADDDATE":null,"WINT_MODDATE":null,"CONDITPERD":null,"CONDITEXP":null}},{"type":"Feature","id":50,"geometry":{"type":"Point","coordinates":[-63.6017669497623,44.6298348797281]},"properties":{"OBJECTID":50,"ASSETID":"STP103","STEPID":"STP103","ASSETCODE":"STP","OWNER":"HRM","INSTYR":null,"INSTYRCONF":null,"MAT":"WOOD","MATCONF":3,"LOCGEN":"OSP","HRMINTRST":"Y","LENGTHM":null,"SIZE1UNIT":"M","WIDTHM":1.4,"SIZE2UNIT":"M","NUMSTEPS":null,"SIZE3UNIT":"UNIT","ASSETDESC":" ","PARTNER":null,"ASSETSTAT":"INS","INSTDATE":null,"LOCATION":"SIR SANDFORD FLEMING PARK","MAINTBY":"HRM","ADDDATE":null,"MODDATE":"Thu, 15 Jul 2021 00:07:36 GMT","SDATE":null,"SOURCE":null,"SACC":null,"WINT_PLOW":"N","WINT_MAINT":"NA","WINT_ROUTE":null,"WINT_LOS":null,"WINT_MAT":null,"WINT_COMM":null,"GLOBALID":"2aafca5b-5e9f-4862-aab9-47c7d4784021","WINT_ADDDATE":null,"WINT_MODDATE":"Fri, 02 Dec 2016 04:00:00 GMT","CONDITPERD":null,"CONDITEXP":null}},{"type":"Feature","id":51,"geometry":{"type":"Point","coordinates":[-63.5734428388853,44.6673460328886]},"properties":{"OBJECTID":51,"ASSETID":"STP110","STEPID":"STP110","ASSETCODE":"STP","OWNER":"HRM","INSTYR":null,"INSTYRCONF":null,"MAT":"CONC","MATCONF":1,"LOCGEN":"ROW","HRMINTRST":"Y","LENGTHM":6,"SIZE1UNIT":"M","WIDTHM":1.92,"SIZE2UNIT":"M","NUMSTEPS":null,"SIZE3UNIT":"UNIT","ASSETDESC":" ","PARTNER":null,"ASSETSTAT":"INS","INSTDATE":null,"LOCATION":"DARTMOUTH COMMON","MAINTBY":"HRM","ADDDATE":null,"MODDATE":"Wed, 19 Apr 2023 19:43:36 GMT","SDATE":null,"SOURCE":null,"SACC":null,"WINT_PLOW":"Y","WINT_MAINT":"HRM2","WINT_ROUTE":"R1","WINT_LOS":"PRI1","WINT_MAT":null,"WINT_COMM":null,"GLOBALID":"8641c913-cf7b-4323-b276-4475c9a6eb2d","WINT_ADDDATE":"Wed, 22 Feb 2017 04:00:00 GMT","WINT_MODDATE":"Thu, 26 Sep 2019 03:00:00 GMT","CONDITPERD":null,"CONDITEXP":null}},{"type":"Feature","id":52,"geometry":{"type":"Point","coordinates":[-63.5822817537329,44.651881426611]},"properties":{"OBJECTID":52,"ASSETID":"STP149","STEPID":"STP149","ASSETCODE":"STP","OWNER":"HRM","INSTYR":null,"INSTYRCONF":null,"MAT":"CONC","MATCONF":1,"LOCGEN":"ROW","HRMINTRST":"Y","LENGTHM":2.4,"SIZE1UNIT":"M","WIDTHM":1.45,"SIZE2UNIT":"M","NUMSTEPS":9,"SIZE3UNIT":"UNIT","ASSETDESC":null,"PARTNER":null,"ASSETSTAT":"INS","INSTDATE":null,"LOCATION":"Along the ROW in the parking lot East of Pickard Ln","MAINTBY":null,"ADDDATE":"Mon, 11 Jul 2016 19:00:03 GMT","MODDATE":"Thu, 15 Jul 2021 00:07:47 GMT","SDATE":null,"SOURCE":null,"SACC":null,"WINT_PLOW":"Y","WINT_MAINT":"SWZ6","WINT_ROUTE":"RB","WINT_LOS":"PRI3","WINT_MAT":null,"WINT_COMM":null,"GLOBALID":"790dcf16-bce0-4631-991e-56d8e966807c","WINT_ADDDATE":null,"WINT_MODDATE":"Mon, 21 Oct 2019 03:00:00 GMT","CONDITPERD":null,"CONDITEXP":null}},{"type":"Feature","id":53,"geometry":{"type":"Point","coordinates":[-63.6310127132562,44.8077403507378]},"properties":{"OBJECTID":53,"ASSETID":"STP175","STEPID":"STP175","ASSETCODE":"STP","OWNER":"HRM","INSTYR":null,"INSTYRCONF":null,"MAT":"CONC","MATCONF":2,"LOCGEN":"ROW","HRMINTRST":"Y","LENGTHM":null,"SIZE1UNIT":"M","WIDTHM":null,"SIZE2UNIT":"M","NUMSTEPS":6,"SIZE3UNIT":"UNIT","ASSETDESC":"concrete steps","PARTNER":null,"ASSETSTAT":"INS","INSTDATE":null,"LOCATION":"994 Fall River Rd","MAINTBY":"HRM","ADDDATE":"Thu, 23 Feb 2017 18:51:05 GMT","MODDATE":"Thu, 15 Jul 2021 00:07:50 GMT","SDATE":null,"SOURCE":null,"SACC":null,"WINT_PLOW":"N","WINT_MAINT":"NA","WINT_ROUTE":null,"WINT_LOS":null,"WINT_MAT":null,"WINT_COMM":null,"GLOBALID":"6d307c00-ddf6-4625-a965-f2fbae9be004","WINT_ADDDATE":"Mon, 13 Mar 2017 03:00:00 GMT","WINT_MODDATE":null,"CONDITPERD":null,"CONDITEXP":null}},{"type":"Feature","id":54,"geometry":{"type":"Point","coordinates":[-63.4964281181127,44.6770602935616]},"properties":{"OBJECTID":54,"ASSETID":"STP40","STEPID":"STP40","ASSETCODE":"STP","OWNER":"HRM","INSTYR":null,"INSTYRCONF":null,"MAT":"WOOD","MATCONF":3,"LOCGEN":"OSP","HRMINTRST":"Y","LENGTHM":10.8,"SIZE1UNIT":"M","WIDTHM":1.5,"SIZE2UNIT":"M","NUMSTEPS":null,"SIZE3UNIT":"UNIT","ASSETDESC":" ","PARTNER":null,"ASSETSTAT":"INS","INSTDATE":null,"LOCATION":"SIR ROBERT BORDEN JUNIOR HIGH SCHOOL PARK","MAINTBY":"HRM","ADDDATE":null,"MODDATE":"Thu, 15 Jul 2021 00:07:38 GMT","SDATE":null,"SOURCE":null,"SACC":null,"WINT_PLOW":"N","WINT_MAINT":"NA","WINT_ROUTE":null,"WINT_LOS":null,"WINT_MAT":null,"WINT_COMM":null,"GLOBALID":"a3e26fc5-7c42-4fb2-9e93-872ee7a374b5","WINT_ADDDATE":"Thu, 10 Oct 2019 03:00:00 GMT","WINT_MODDATE":null,"CONDITPERD":null,"CONDITEXP":null}},{"type":"Feature","id":55,"geometry":{"type":"Point","coordinates":[-63.5765037736558,44.6457318808701]},"properties":{"OBJECTID":55,"ASSETID":"STP170","STEPID":"STP170","ASSETCODE":"STP","OWNER":"HRM","INSTYR":null,"INSTYRCONF":null,"MAT":null,"MATCONF":null,"LOCGEN":null,"HRMINTRST":"Y","LENGTHM":null,"SIZE1UNIT":"M","WIDTHM":null,"SIZE2UNIT":"M","NUMSTEPS":12,"SIZE3UNIT":"UNIT","ASSETDESC":null,"PARTNER":null,"ASSETSTAT":null,"INSTDATE":null,"LOCATION":null,"MAINTBY":null,"ADDDATE":"Wed, 08 Feb 2017 17:47:18 GMT","MODDATE":"Fri, 16 Jul 2021 14:52:27 GMT","SDATE":null,"SOURCE":null,"SACC":null,"WINT_PLOW":"N","WINT_MAINT":"NA","WINT_ROUTE":null,"WINT_LOS":null,"WINT_MAT":null,"WINT_COMM":null,"GLOBALID":"70964961-d7cb-4010-994e-de9ae1c2cc88","WINT_ADDDATE":"Wed, 22 Feb 2017 04:00:00 GMT","WINT_MODDATE":null,"CONDITPERD":null,"CONDITEXP":null}},{"type":"Feature","id":56,"geometry":{"type":"Point","coordinates":[-63.5844791110713,44.6857561852239]},"properties":{"OBJECTID":56,"ASSETID":"STP23","STEPID":"STP23","ASSETCODE":"STP","OWNER":"HRM","INSTYR":null,"INSTYRCONF":null,"MAT":"WOOD","MATCONF":1,"LOCGEN":"ROW","HRMINTRST":"Y","LENGTHM":4.20640169,"SIZE1UNIT":"M","WIDTHM":2,"SIZE2UNIT":"M","NUMSTEPS":null,"SIZE3UNIT":"UNIT","ASSETDESC":" ","PARTNER":null,"ASSETSTAT":"INS","INSTDATE":null,"LOCATION":"49 BRULE ST TO PINECREST DR","MAINTBY":"HRM","ADDDATE":null,"MODDATE":"Thu, 15 Jul 2021 00:07:34 GMT","SDATE":null,"SOURCE":null,"SACC":null,"WINT_PLOW":"Y","WINT_MAINT":"SWZ8","WINT_ROUTE":null,"WINT_LOS":"PRI3","WINT_MAT":null,"WINT_COMM":null,"GLOBALID":"09df16a9-f555-4e76-a359-e0aa53286f31","WINT_ADDDATE":"Thu, 30 Jun 2016 03:00:00 GMT","WINT_MODDATE":null,"CONDITPERD":null,"CONDITEXP":null}},{"type":"Feature","id":57,"geometry":{"type":"Point","coordinates":[-63.6168201501324,44.6599316488997]},"properties":{"OBJECTID":57,"ASSETID":"STP178","STEPID":"STP178","ASSETCODE":"STP","OWNER":"HRM","INSTYR":2014,"INSTYRCONF":2,"MAT":"CONC","MATCONF":2,"LOCGEN":"ROW","HRMINTRST":"Y","LENGTHM":null,"SIZE1UNIT":"M","WIDTHM":null,"SIZE2UNIT":"M","NUMSTEPS":10,"SIZE3UNIT":"UNIT","ASSETDESC":"concrete steps in SW","PARTNER":null,"ASSETSTAT":"INS","INSTDATE":null,"LOCATION":"corner of Warren & Claremont St","MAINTBY":"HRM","ADDDATE":"Mon, 27 Feb 2017 23:05:23 GMT","MODDATE":"Thu, 15 Jul 2021 00:07:50 GMT","SDATE":null,"SOURCE":null,"SACC":null,"WINT_PLOW":"Y","WINT_MAINT":"SWZ6","WINT_ROUTE":"RA","WINT_LOS":"PRI3","WINT_MAT":null,"WINT_COMM":null,"GLOBALID":"1fc11d1e-52f1-48b0-9822-560f53b00ec5","WINT_ADDDATE":"Thu, 16 Nov 2017 04:00:00 GMT","WINT_MODDATE":"Thu, 24 Oct 2019 03:00:00 GMT","CONDITPERD":null,"CONDITEXP":null}},{"type":"Feature","id":58,"geometry":{"type":"Point","coordinates":[-63.6797897303024,44.714319386917]},"properties":{"OBJECTID":58,"ASSETID":"STP88","STEPID":"STP88","ASSETCODE":"STP","OWNER":"UN","INSTYR":null,"INSTYRCONF":null,"MAT":"WOOD","MATCONF":3,"LOCGEN":"OSP","HRMINTRST":"Y","LENGTHM":1.5,"SIZE1UNIT":"M","WIDTHM":1,"SIZE2UNIT":"M","NUMSTEPS":null,"SIZE3UNIT":"UNIT","ASSETDESC":" ","PARTNER":null,"ASSETSTAT":"INS","INSTDATE":null,"LOCATION":"MOIRS MILL PARK","MAINTBY":"UN","ADDDATE":null,"MODDATE":"Thu, 15 Jul 2021 00:07:39 GMT","SDATE":null,"SOURCE":null,"SACC":null,"WINT_PLOW":"N","WINT_MAINT":"NA","WINT_ROUTE":null,"WINT_LOS":null,"WINT_MAT":null,"WINT_COMM":null,"GLOBALID":"3ec332a3-848a-4720-aee3-04bce7853d08","WINT_ADDDATE":"Thu, 10 Oct 2019 03:00:00 GMT","WINT_MODDATE":null,"CONDITPERD":null,"CONDITEXP":null}},{"type":"Feature","id":59,"geometry":{"type":"Point","coordinates":[-63.6498308419152,44.7414669112312]},"properties":{"OBJECTID":59,"ASSETID":"STP161","STEPID":"STP161","ASSETCODE":"STP","OWNER":"HRM","INSTYR":null,"INSTYRCONF":null,"MAT":"CONC","MATCONF":1,"LOCGEN":"ROW","HRMINTRST":"Y","LENGTHM":9,"SIZE1UNIT":"M","WIDTHM":1.2,"SIZE2UNIT":"M","NUMSTEPS":18,"SIZE3UNIT":"UNIT","ASSETDESC":null,"PARTNER":null,"ASSETSTAT":"INS","INSTDATE":null,"LOCATION":"62 Birchwood crt to 122 Rockmanor dr","MAINTBY":"HRM","ADDDATE":"Thu, 25 Aug 2016 19:26:59 GMT","MODDATE":"Wed, 19 Apr 2023 19:43:36 GMT","SDATE":null,"SOURCE":null,"SACC":null,"WINT_PLOW":"Y","WINT_MAINT":"WSZ3","WINT_ROUTE":null,"WINT_LOS":"PRI3","WINT_MAT":null,"WINT_COMM":null,"GLOBALID":"baeb522d-c836-44ec-8487-f8c2f65b66f0","WINT_ADDDATE":"Wed, 22 Feb 2017 04:00:00 GMT","WINT_MODDATE":"Fri, 04 Oct 2019 03:00:00 GMT","CONDITPERD":null,"CONDITEXP":null}},{"type":"Feature","id":60,"geometry":{"type":"Point","coordinates":[-63.5853694124848,44.6379192189525]},"properties":{"OBJECTID":60,"ASSETID":"STP259","STEPID":"STP259","ASSETCODE":"STP","OWNER":"HRM","INSTYR":null,"INSTYRCONF":null,"MAT":"CONC","MATCONF":3,"LOCGEN":"BLD","HRMINTRST":"Y","LENGTHM":null,"SIZE1UNIT":"M","WIDTHM":null,"SIZE2UNIT":"M","NUMSTEPS":null,"SIZE3UNIT":"UNIT","ASSETDESC":null,"PARTNER":null,"ASSETSTAT":"INS","INSTDATE":null,"LOCATION":null,"MAINTBY":"HRM","ADDDATE":"Thu, 25 Jul 2019 21:47:22 GMT","MODDATE":"Thu, 15 Jul 2021 00:07:58 GMT","SDATE":null,"SOURCE":null,"SACC":null,"WINT_PLOW":"N","WINT_MAINT":"NA","WINT_ROUTE":null,"WINT_LOS":null,"WINT_MAT":null,"WINT_COMM":null,"GLOBALID":"3d6bdd75-a4cc-47da-9906-802c84413c9e","WINT_ADDDATE":"Thu, 10 Oct 2019 03:00:00 GMT","WINT_MODDATE":null,"CONDITPERD":null,"CONDITEXP":null}},{"type":"Feature","id":61,"geometry":{"type":"Point","coordinates":[-63.5911610460559,44.6765508044104]},"properties":{"OBJECTID":61,"ASSETID":"STP116","STEPID":"STP116","ASSETCODE":"STP","OWNER":"HRM","INSTYR":null,"INSTYRCONF":null,"MAT":"WOOD","MATCONF":3,"LOCGEN":"ROW","HRMINTRST":"Y","LENGTHM":1.7,"SIZE1UNIT":"M","WIDTHM":2,"SIZE2UNIT":"M","NUMSTEPS":null,"SIZE3UNIT":"UNIT","ASSETDESC":" ","PARTNER":null,"ASSETSTAT":"INS","INSTDATE":null,"LOCATION":"WINDMILL RD DARTMOUTH ADJACENT YETTER PARK","MAINTBY":"HRM","ADDDATE":null,"MODDATE":"Thu, 15 Jul 2021 00:07:37 GMT","SDATE":null,"SOURCE":null,"SACC":null,"WINT_PLOW":"N","WINT_MAINT":"NA","WINT_ROUTE":null,"WINT_LOS":null,"WINT_MAT":null,"WINT_COMM":null,"GLOBALID":"9f4cd5be-f206-478d-92a1-002059505a39","WINT_ADDDATE":"Thu, 10 Oct 2019 03:00:00 GMT","WINT_MODDATE":null,"CONDITPERD":null,"CONDITEXP":null}},{"type":"Feature","id":62,"geometry":{"type":"Point","coordinates":[-63.5887123715421,44.6488313873505]},"properties":{"OBJECTID":62,"ASSETID":"STP249","STEPID":"STP249","ASSETCODE":"STP","OWNER":"HRM","INSTYR":null,"INSTYRCONF":null,"MAT":"CONC","MATCONF":1,"LOCGEN":"BLD","HRMINTRST":"Y","LENGTHM":null,"SIZE1UNIT":"M","WIDTHM":null,"SIZE2UNIT":"M","NUMSTEPS":null,"SIZE3UNIT":"UNIT","ASSETDESC":null,"PARTNER":null,"ASSETSTAT":"INS","INSTDATE":null,"LOCATION":null,"MAINTBY":"HRM","ADDDATE":"Thu, 25 Jul 2019 21:47:22 GMT","MODDATE":"Wed, 19 Apr 2023 19:43:36 GMT","SDATE":null,"SOURCE":"HRMGIS","SACC":"PH","WINT_PLOW":"N","WINT_MAINT":"NA","WINT_ROUTE":null,"WINT_LOS":null,"WINT_MAT":null,"WINT_COMM":null,"GLOBALID":"b759a7de-5b22-456d-9354-e22b64381af2","WINT_ADDDATE":"Thu, 10 Oct 2019 03:00:00 GMT","WINT_MODDATE":null,"CONDITPERD":null,"CONDITEXP":null}},{"type":"Feature","id":63,"geometry":{"type":"Point","coordinates":[-63.568685011696,44.6672294815204]},"properties":{"OBJECTID":63,"ASSETID":"STP226","STEPID":"STP226","ASSETCODE":"STP","OWNER":"HRM","INSTYR":null,"INSTYRCONF":null,"MAT":null,"MATCONF":null,"LOCGEN":"BLD","HRMINTRST":"Y","LENGTHM":null,"SIZE1UNIT":"M","WIDTHM":null,"SIZE2UNIT":"M","NUMSTEPS":null,"SIZE3UNIT":"UNIT","ASSETDESC":null,"PARTNER":null,"ASSETSTAT":"INS","INSTDATE":null,"LOCATION":null,"MAINTBY":"HRM","ADDDATE":"Thu, 25 Jul 2019 21:47:22 GMT","MODDATE":"Thu, 15 Jul 2021 00:07:55 GMT","SDATE":null,"SOURCE":"HRMGIS","SACC":"PH","WINT_PLOW":"N","WINT_MAINT":"NA","WINT_ROUTE":null,"WINT_LOS":null,"WINT_MAT":null,"WINT_COMM":null,"GLOBALID":"6dcdb751-d4e7-459b-9c70-63209f57da77","WINT_ADDDATE":"Thu, 10 Oct 2019 03:00:00 GMT","WINT_MODDATE":"Thu, 28 Jan 2021 04:00:00 GMT","CONDITPERD":null,"CONDITEXP":null}},{"type":"Feature","id":64,"geometry":{"type":"Point","coordinates":[-63.556558970781,44.7072240017299]},"properties":{"OBJECTID":64,"ASSETID":"STP124","STEPID":"STP124","ASSETCODE":"STP","OWNER":"HRM","INSTYR":null,"INSTYRCONF":null,"MAT":"WOOD","MATCONF":1,"LOCGEN":"ROW","HRMINTRST":"Y","LENGTHM":17.1,"SIZE1UNIT":"M","WIDTHM":1.5,"SIZE2UNIT":"M","NUMSTEPS":null,"SIZE3UNIT":"UNIT","ASSETDESC":" ","PARTNER":null,"ASSETSTAT":"INS","INSTDATE":null,"LOCATION":"SHUBIE PARK","MAINTBY":"HRM","ADDDATE":null,"MODDATE":"Wed, 19 Apr 2023 19:43:36 GMT","SDATE":null,"SOURCE":null,"SACC":null,"WINT_PLOW":"Y","WINT_MAINT":"PARKS","WINT_ROUTE":null,"WINT_LOS":"PRI3","WINT_MAT":null,"WINT_COMM":null,"GLOBALID":"0b6d18b7-91c5-4868-b846-895fd189722b","WINT_ADDDATE":null,"WINT_MODDATE":"Thu, 28 Jan 2021 04:00:00 GMT","CONDITPERD":null,"CONDITEXP":null}},{"type":"Feature","id":65,"geometry":{"type":"Point","coordinates":[-63.5817944185896,44.7001051398662]},"properties":{"OBJECTID":65,"ASSETID":"STP25","STEPID":"STP25","ASSETCODE":"STP","OWNER":"HRM","INSTYR":null,"INSTYRCONF":null,"MAT":"WOOD","MATCONF":1,"LOCGEN":null,"HRMINTRST":"Y","LENGTHM":6.79050163,"SIZE1UNIT":"M","WIDTHM":1.2,"SIZE2UNIT":"M","NUMSTEPS":null,"SIZE3UNIT":"UNIT","ASSETDESC":" ","PARTNER":null,"ASSETSTAT":"INS","INSTDATE":null,"LOCATION":"COMMODORE DR ACROSS FROM BROWNLOW AVE","MAINTBY":null,"ADDDATE":null,"MODDATE":"Wed, 19 Apr 2023 19:43:36 GMT","SDATE":null,"SOURCE":null,"SACC":null,"WINT_PLOW":"Y","WINT_MAINT":"HRM2","WINT_ROUTE":"R4","WINT_LOS":"PRI3","WINT_MAT":null,"WINT_COMM":null,"GLOBALID":"6822ed36-1b50-4d3f-95ca-df1e6372a7d7","WINT_ADDDATE":null,"WINT_MODDATE":"Thu, 26 Sep 2019 03:00:00 GMT","CONDITPERD":null,"CONDITEXP":null}},{"type":"Feature","id":66,"geometry":{"type":"Point","coordinates":[-63.5563251536856,44.7071922877355]},"properties":{"OBJECTID":66,"ASSETID":"STP125","STEPID":"STP125","ASSETCODE":"STP","OWNER":"HRM","INSTYR":null,"INSTYRCONF":null,"MAT":"WOOD","MATCONF":1,"LOCGEN":"ROW","HRMINTRST":"Y","LENGTHM":6,"SIZE1UNIT":"M","WIDTHM":1.5,"SIZE2UNIT":"M","NUMSTEPS":null,"SIZE3UNIT":"UNIT","ASSETDESC":" ","PARTNER":null,"ASSETSTAT":"INS","INSTDATE":null,"LOCATION":"SHUBIE PARK","MAINTBY":"HRM","ADDDATE":null,"MODDATE":"Wed, 19 Apr 2023 19:43:36 GMT","SDATE":null,"SOURCE":null,"SACC":null,"WINT_PLOW":"Y","WINT_MAINT":"PARKS","WINT_ROUTE":null,"WINT_LOS":"PRI3","WINT_MAT":null,"WINT_COMM":null,"GLOBALID":"8565ceda-5f7c-4869-a986-586e723b752e","WINT_ADDDATE":null,"WINT_MODDATE":"Thu, 28 Jan 2021 04:00:00 GMT","CONDITPERD":null,"CONDITEXP":null}},{"type":"Feature","id":67,"geometry":{"type":"Point","coordinates":[-63.6096210819882,44.6306241247452]},"properties":{"OBJECTID":67,"ASSETID":"STP105","STEPID":"STP105","ASSETCODE":"STP","OWNER":"HRM","INSTYR":null,"INSTYRCONF":null,"MAT":"CONC","MATCONF":3,"LOCGEN":"OSP","HRMINTRST":"Y","LENGTHM":null,"SIZE1UNIT":"M","WIDTHM":0.9,"SIZE2UNIT":"M","NUMSTEPS":null,"SIZE3UNIT":"UNIT","ASSETDESC":" ","PARTNER":null,"ASSETSTAT":"INS","INSTDATE":null,"LOCATION":"JOHN W MACLEOD ELEMENTARY SCHOOL PARK","MAINTBY":"HRM","ADDDATE":null,"MODDATE":"Thu, 15 Jul 2021 00:07:46 GMT","SDATE":null,"SOURCE":null,"SACC":null,"WINT_PLOW":"N","WINT_MAINT":"NA","WINT_ROUTE":null,"WINT_LOS":null,"WINT_MAT":null,"WINT_COMM":null,"GLOBALID":"26e79caf-5074-43c9-9ccc-0099e52f8917","WINT_ADDDATE":null,"WINT_MODDATE":"Fri, 02 Dec 2016 04:00:00 GMT","CONDITPERD":null,"CONDITEXP":null}},{"type":"Feature","id":68,"geometry":{"type":"Point","coordinates":[-63.575384476405,44.6707674627687]},"properties":{"OBJECTID":68,"ASSETID":"STP346","STEPID":"STP346","ASSETCODE":"STP","OWNER":"HRM","INSTYR":null,"INSTYRCONF":null,"MAT":"CONC","MATCONF":1,"LOCGEN":"BLD","HRMINTRST":"Y","LENGTHM":null,"SIZE1UNIT":"M","WIDTHM":null,"SIZE2UNIT":"M","NUMSTEPS":null,"SIZE3UNIT":"UNIT","ASSETDESC":null,"PARTNER":null,"ASSETSTAT":"INS","INSTDATE":null,"LOCATION":"DARTMOUTH HIGH SCHOOL PARK","MAINTBY":"HRM","ADDDATE":"Tue, 04 Jul 2023 21:17:58 GMT","MODDATE":"Tue, 04 Jul 2023 21:17:58 GMT","SDATE":"Thu, 16 Dec 2021 04:00:00 GMT","SOURCE":"WOOD (2021)","SACC":"IN","WINT_PLOW":null,"WINT_MAINT":null,"WINT_ROUTE":null,"WINT_LOS":null,"WINT_MAT":null,"WINT_COMM":null,"GLOBALID":"a2dd088d-45ba-4c3f-ac7c-68f7db3d3770","WINT_ADDDATE":null,"WINT_MODDATE":null,"CONDITPERD":null,"CONDITEXP":null}},{"type":"Feature","id":69,"geometry":{"type":"Point","coordinates":[-63.5696305954321,44.6395038632317]},"properties":{"OBJECTID":69,"ASSETID":"STP337","STEPID":"STP337","ASSETCODE":"STP","OWNER":"HRM","INSTYR":null,"INSTYRCONF":null,"MAT":"UNKN","MATCONF":null,"LOCGEN":"OSP","HRMINTRST":"Y","LENGTHM":null,"SIZE1UNIT":"M","WIDTHM":null,"SIZE2UNIT":"M","NUMSTEPS":null,"SIZE3UNIT":"UNIT","ASSETDESC":null,"PARTNER":null,"ASSETSTAT":"INS","INSTDATE":null,"LOCATION":"PEACE AND FRIENDSHIP PARK","MAINTBY":"HRM","ADDDATE":"Tue, 04 Jul 2023 21:17:58 GMT","MODDATE":"Tue, 04 Jul 2023 21:17:58 GMT","SDATE":"Thu, 16 Dec 2021 04:00:00 GMT","SOURCE":"WOOD (2021)","SACC":"IN","WINT_PLOW":null,"WINT_MAINT":null,"WINT_ROUTE":null,"WINT_LOS":null,"WINT_MAT":null,"WINT_COMM":null,"GLOBALID":"c5f8ddcf-83d8-4f32-bf69-fe0c5ae24fe5","WINT_ADDDATE":null,"WINT_MODDATE":null,"CONDITPERD":null,"CONDITEXP":null}},{"type":"Feature","id":70,"geometry":{"type":"Point","coordinates":[-63.5483659688772,44.6496262081435]},"properties":{"OBJECTID":70,"ASSETID":"STP131","STEPID":"STP131","ASSETCODE":"STP","OWNER":"UN","INSTYR":null,"INSTYRCONF":null,"MAT":"CONC","MATCONF":3,"LOCGEN":"BLD","HRMINTRST":"Y","LENGTHM":11.1,"SIZE1UNIT":"M","WIDTHM":3.2,"SIZE2UNIT":"M","NUMSTEPS":null,"SIZE3UNIT":"UNIT","ASSETDESC":" ","PARTNER":null,"ASSETSTAT":"INS","INSTDATE":null,"LOCATION":"WOODSIDE FERRY TERMINAL PARKING LOT","MAINTBY":"HRM","ADDDATE":null,"MODDATE":"Thu, 15 Jul 2021 00:07:47 GMT","SDATE":null,"SOURCE":null,"SACC":null,"WINT_PLOW":"N","WINT_MAINT":"NA","WINT_ROUTE":null,"WINT_LOS":null,"WINT_MAT":null,"WINT_COMM":null,"GLOBALID":"4f588c57-d704-4aed-8782-f49173dd2806","WINT_ADDDATE":null,"WINT_MODDATE":"Thu, 14 Jul 2016 03:00:00 GMT","CONDITPERD":null,"CONDITEXP":null}},{"type":"Feature","id":71,"geometry":{"type":"Point","coordinates":[-63.6770904437906,44.7300139487867]},"properties":{"OBJECTID":71,"ASSETID":"STP266","STEPID":"STP266","ASSETCODE":"STP","OWNER":"HRM","INSTYR":null,"INSTYRCONF":null,"MAT":null,"MATCONF":null,"LOCGEN":null,"HRMINTRST":"Y","LENGTHM":null,"SIZE1UNIT":"M","WIDTHM":null,"SIZE2UNIT":"M","NUMSTEPS":null,"SIZE3UNIT":"UNIT","ASSETDESC":null,"PARTNER":null,"ASSETSTAT":null,"INSTDATE":null,"LOCATION":null,"MAINTBY":null,"ADDDATE":"Thu, 25 Feb 2021 16:42:14 GMT","MODDATE":"Tue, 14 Sep 2021 18:14:49 GMT","SDATE":null,"SOURCE":null,"SACC":null,"WINT_PLOW":"N","WINT_MAINT":"NA","WINT_ROUTE":null,"WINT_LOS":null,"WINT_MAT":null,"WINT_COMM":null,"GLOBALID":"a5c3a062-4711-496e-9b18-049032a1ec3d","WINT_ADDDATE":"Tue, 14 Sep 2021 03:00:00 GMT","WINT_MODDATE":null,"CONDITPERD":null,"CONDITEXP":null}},{"type":"Feature","id":72,"geometry":{"type":"Point","coordinates":[-63.7735144493579,44.7733346147135]},"properties":{"OBJECTID":72,"ASSETID":"STP191","STEPID":"STP191","ASSETCODE":"RMP","OWNER":"HRM","INSTYR":null,"INSTYRCONF":null,"MAT":"WOOD","MATCONF":null,"LOCGEN":"OSP","HRMINTRST":"Y","LENGTHM":null,"SIZE1UNIT":"M","WIDTHM":null,"SIZE2UNIT":"M","NUMSTEPS":null,"SIZE3UNIT":"UNIT","ASSETDESC":"small pedestrian foot bridge","PARTNER":null,"ASSETSTAT":"INS","INSTDATE":null,"LOCATION":null,"MAINTBY":"HRM","ADDDATE":"Wed, 11 Apr 2018 20:34:48 GMT","MODDATE":"Mon, 15 Apr 2024 14:22:55 GMT","SDATE":null,"SOURCE":null,"SACC":null,"WINT_PLOW":"N","WINT_MAINT":"NA","WINT_ROUTE":null,"WINT_LOS":null,"WINT_MAT":null,"WINT_COMM":null,"GLOBALID":"e543adda-2d29-46c1-b101-a53da3b306fe","WINT_ADDDATE":"Thu, 10 Oct 2019 03:00:00 GMT","WINT_MODDATE":"Thu, 21 Nov 2019 04:00:00 GMT","CONDITPERD":null,"CONDITEXP":null}},{"type":"Feature","id":73,"geometry":{"type":"Point","coordinates":[-63.6212082334457,44.6282516687772]},"properties":{"OBJECTID":73,"ASSETID":"STP319","STEPID":"STP319","ASSETCODE":"STP","OWNER":"UN","INSTYR":null,"INSTYRCONF":null,"MAT":"CONC","MATCONF":1,"LOCGEN":null,"HRMINTRST":"Y","LENGTHM":null,"SIZE1UNIT":"M","WIDTHM":null,"SIZE2UNIT":"M","NUMSTEPS":null,"SIZE3UNIT":"UNIT","ASSETDESC":null,"PARTNER":null,"ASSETSTAT":"INS","INSTDATE":null,"LOCATION":"68 BROMLEY RD, HALIFAX","MAINTBY":null,"ADDDATE":"Tue, 04 Jul 2023 21:17:58 GMT","MODDATE":"Tue, 04 Jul 2023 21:17:58 GMT","SDATE":"Thu, 16 Dec 2021 04:00:00 GMT","SOURCE":"WOOD (2021)","SACC":"IN","WINT_PLOW":null,"WINT_MAINT":null,"WINT_ROUTE":null,"WINT_LOS":null,"WINT_MAT":null,"WINT_COMM":null,"GLOBALID":"71d3119a-2abf-462a-bf85-a9061fa8a9e3","WINT_ADDDATE":null,"WINT_MODDATE":null,"CONDITPERD":null,"CONDITEXP":null}},{"type":"Feature","id":74,"geometry":{"type":"Point","coordinates":[-63.5807704855911,44.6495965466405]},"properties":{"OBJECTID":74,"ASSETID":"STP213","STEPID":"STP213","ASSETCODE":"STP","OWNER":"HRM","INSTYR":null,"INSTYRCONF":null,"MAT":null,"MATCONF":null,"LOCGEN":"BLD","HRMINTRST":"Y","LENGTHM":null,"SIZE1UNIT":"M","WIDTHM":null,"SIZE2UNIT":"M","NUMSTEPS":null,"SIZE3UNIT":"UNIT","ASSETDESC":null,"PARTNER":null,"ASSETSTAT":"INS","INSTDATE":null,"LOCATION":null,"MAINTBY":"HRM","ADDDATE":"Thu, 25 Jul 2019 21:47:22 GMT","MODDATE":"Thu, 15 Jul 2021 00:07:53 GMT","SDATE":null,"SOURCE":"HRMGIS","SACC":"PH","WINT_PLOW":"N","WINT_MAINT":"NA","WINT_ROUTE":null,"WINT_LOS":null,"WINT_MAT":null,"WINT_COMM":null,"GLOBALID":"7e8d6b66-5739-4930-b694-022658ceca9a","WINT_ADDDATE":"Thu, 10 Oct 2019 03:00:00 GMT","WINT_MODDATE":"Thu, 28 Jan 2021 04:00:00 GMT","CONDITPERD":null,"CONDITEXP":null}},{"type":"Feature","id":75,"geometry":{"type":"Point","coordinates":[-63.5570513311,44.7395296630944]},"properties":{"OBJECTID":75,"ASSETID":"STP127","STEPID":"STP127","ASSETCODE":"STP","OWNER":"UN","INSTYR":null,"INSTYRCONF":null,"MAT":"WOOD","MATCONF":3,"LOCGEN":"ROW","HRMINTRST":"Y","LENGTHM":2.4,"SIZE1UNIT":"M","WIDTHM":1.1,"SIZE2UNIT":"M","NUMSTEPS":null,"SIZE3UNIT":"UNIT","ASSETDESC":" ","PARTNER":null,"ASSETSTAT":"INS","INSTDATE":null,"LOCATION":"SHUBIE CANAL GREENWAY","MAINTBY":"HRM","ADDDATE":null,"MODDATE":"Thu, 15 Jul 2021 00:07:42 GMT","SDATE":null,"SOURCE":null,"SACC":null,"WINT_PLOW":"N","WINT_MAINT":"NA","WINT_ROUTE":null,"WINT_LOS":null,"WINT_MAT":null,"WINT_COMM":null,"GLOBALID":"13644cec-bd71-448a-85a7-6ae8364be073","WINT_ADDDATE":"Wed, 22 Feb 2017 04:00:00 GMT","WINT_MODDATE":null,"CONDITPERD":null,"CONDITEXP":null}},{"type":"Feature","id":76,"geometry":{"type":"Point","coordinates":[-63.5805540976088,44.6496553909628]},"properties":{"OBJECTID":76,"ASSETID":"STP211","STEPID":"STP211","ASSETCODE":"STP","OWNER":"HRM","INSTYR":null,"INSTYRCONF":null,"MAT":"CONC","MATCONF":1,"LOCGEN":"BLD","HRMINTRST":"Y","LENGTHM":null,"SIZE1UNIT":"M","WIDTHM":null,"SIZE2UNIT":"M","NUMSTEPS":null,"SIZE3UNIT":"UNIT","ASSETDESC":null,"PARTNER":null,"ASSETSTAT":"INS","INSTDATE":null,"LOCATION":null,"MAINTBY":"HRM","ADDDATE":"Thu, 25 Jul 2019 21:47:22 GMT","MODDATE":"Wed, 19 Apr 2023 19:43:36 GMT","SDATE":null,"SOURCE":"HRMGIS","SACC":"PH","WINT_PLOW":"N","WINT_MAINT":"NA","WINT_ROUTE":null,"WINT_LOS":null,"WINT_MAT":null,"WINT_COMM":null,"GLOBALID":"279bf364-ea28-4842-b1c6-33c771ca652e","WINT_ADDDATE":"Thu, 10 Oct 2019 03:00:00 GMT","WINT_MODDATE":"Thu, 28 Jan 2021 04:00:00 GMT","CONDITPERD":null,"CONDITEXP":null}},{"type":"Feature","id":77,"geometry":{"type":"Point","coordinates":[-63.6719971829792,44.7204686595992]},"properties":{"OBJECTID":77,"ASSETID":"STP263","STEPID":"STP263","ASSETCODE":"STP","OWNER":"HRM","INSTYR":null,"INSTYRCONF":null,"MAT":"WOOD","MATCONF":1,"LOCGEN":"ROW","HRMINTRST":"Y","LENGTHM":3,"SIZE1UNIT":"M","WIDTHM":1.5,"SIZE2UNIT":"M","NUMSTEPS":11,"SIZE3UNIT":"UNIT","ASSETDESC":"Wooden steps leading to 16 Locke st","PARTNER":null,"ASSETSTAT":"PND","INSTDATE":null,"LOCATION":"Across 1139 Bedford hwy","MAINTBY":"HRM","ADDDATE":"Fri, 24 Jul 2020 13:39:00 GMT","MODDATE":"Thu, 15 Jul 2021 00:07:59 GMT","SDATE":"Tue, 21 Jul 2020 06:00:00 GMT","SOURCE":null,"SACC":"IN","WINT_PLOW":"N","WINT_MAINT":"NA","WINT_ROUTE":null,"WINT_LOS":null,"WINT_MAT":null,"WINT_COMM":null,"GLOBALID":"667c9d35-2350-4e66-a079-09b5a063501d","WINT_ADDDATE":null,"WINT_MODDATE":null,"CONDITPERD":null,"CONDITEXP":null}},{"type":"Feature","id":78,"geometry":{"type":"Point","coordinates":[-63.5538935345857,44.7021132193425]},"properties":{"OBJECTID":78,"ASSETID":"STP122","STEPID":"STP122","ASSETCODE":"STP","OWNER":"UN","INSTYR":null,"INSTYRCONF":null,"MAT":"CONC","MATCONF":3,"LOCGEN":"OSP","HRMINTRST":"Y","LENGTHM":7.3,"SIZE1UNIT":"M","WIDTHM":3,"SIZE2UNIT":"M","NUMSTEPS":null,"SIZE3UNIT":"UNIT","ASSETDESC":" ","PARTNER":null,"ASSETSTAT":"INS","INSTDATE":null,"LOCATION":"SHUBIE PARK","MAINTBY":"HRM","ADDDATE":null,"MODDATE":"Thu, 15 Jul 2021 00:07:47 GMT","SDATE":null,"SOURCE":null,"SACC":null,"WINT_PLOW":"N","WINT_MAINT":"NA","WINT_ROUTE":null,"WINT_LOS":null,"WINT_MAT":null,"WINT_COMM":null,"GLOBALID":"84ca262e-2270-4e8f-8a90-5252f79be76c","WINT_ADDDATE":"Thu, 10 Oct 2019 03:00:00 GMT","WINT_MODDATE":"Thu, 28 Jan 2021 04:00:00 GMT","CONDITPERD":null,"CONDITEXP":null}},{"type":"Feature","id":79,"geometry":{"type":"Point","coordinates":[-63.6570066113542,44.6739216695408]},"properties":{"OBJECTID":79,"ASSETID":"STP54","STEPID":"STP54","ASSETCODE":"STP","OWNER":"HRM","INSTYR":null,"INSTYRCONF":null,"MAT":"WOOD","MATCONF":3,"LOCGEN":"OSP","HRMINTRST":"Y","LENGTHM":null,"SIZE1UNIT":"M","WIDTHM":2.1,"SIZE2UNIT":"M","NUMSTEPS":null,"SIZE3UNIT":"UNIT","ASSETDESC":" ","PARTNER":null,"ASSETSTAT":"INS","INSTDATE":null,"LOCATION":"TREMONT PLATEAU PARK","MAINTBY":"HRM","ADDDATE":null,"MODDATE":"Thu, 15 Jul 2021 00:07:41 GMT","SDATE":null,"SOURCE":null,"SACC":null,"WINT_PLOW":"N","WINT_MAINT":"NA","WINT_ROUTE":null,"WINT_LOS":null,"WINT_MAT":null,"WINT_COMM":null,"GLOBALID":"065f339b-a298-40f1-8afb-ab68c4324683","WINT_ADDDATE":"Fri, 08 Jul 2016 03:00:00 GMT","WINT_MODDATE":null,"CONDITPERD":null,"CONDITEXP":null}},{"type":"Feature","id":80,"geometry":{"type":"Point","coordinates":[-63.5749759163256,44.6669030968317]},"properties":{"OBJECTID":80,"ASSETID":"STP111","STEPID":"STP111","ASSETCODE":"STP","OWNER":"HRM","INSTYR":null,"INSTYRCONF":null,"MAT":"WOOD","MATCONF":1,"LOCGEN":"ROW","HRMINTRST":"Y","LENGTHM":null,"SIZE1UNIT":"M","WIDTHM":1.1,"SIZE2UNIT":"M","NUMSTEPS":null,"SIZE3UNIT":"UNIT","ASSETDESC":" ","PARTNER":null,"ASSETSTAT":"INS","INSTDATE":null,"LOCATION":"END OF FAIRBANKS ST DARTMOUTH","MAINTBY":"HRM","ADDDATE":null,"MODDATE":"Wed, 19 Apr 2023 19:43:36 GMT","SDATE":null,"SOURCE":null,"SACC":null,"WINT_PLOW":"N","WINT_MAINT":"NA","WINT_ROUTE":null,"WINT_LOS":null,"WINT_MAT":null,"WINT_COMM":null,"GLOBALID":"b8a855cb-9236-4741-8bec-e553ba4e2884","WINT_ADDDATE":"Fri, 02 Dec 2016 04:00:00 GMT","WINT_MODDATE":null,"CONDITPERD":null,"CONDITEXP":null}},{"type":"Feature","id":81,"geometry":{"type":"Point","coordinates":[-63.6001375127365,44.6666328566159]},"properties":{"OBJECTID":81,"ASSETID":"STP168","STEPID":"STP168","ASSETCODE":"STP","OWNER":"HRM","INSTYR":2017,"INSTYRCONF":2,"MAT":"CONC","MATCONF":1,"LOCGEN":"ROW","HRMINTRST":"Y","LENGTHM":40,"SIZE1UNIT":"M","WIDTHM":2.15,"SIZE2UNIT":"M","NUMSTEPS":48,"SIZE3UNIT":"UNIT","ASSETDESC":"Concrete steps with two landings","PARTNER":null,"ASSETSTAT":"INS","INSTDATE":null,"LOCATION":"3279 Union St to 3278 Devonshire Ave","MAINTBY":"HRM","ADDDATE":"Wed, 02 Nov 2016 14:09:17 GMT","MODDATE":"Thu, 15 Jul 2021 00:07:49 GMT","SDATE":null,"SOURCE":null,"SACC":null,"WINT_PLOW":"Y","WINT_MAINT":"SWZ6","WINT_ROUTE":"RB","WINT_LOS":"PRI3","WINT_MAT":null,"WINT_COMM":null,"GLOBALID":"27b8c8a3-4364-4528-a3a1-d1e30b88a2fa","WINT_ADDDATE":"Wed, 22 Feb 2017 04:00:00 GMT","WINT_MODDATE":"Thu, 24 Oct 2019 03:00:00 GMT","CONDITPERD":null,"CONDITEXP":null}},{"type":"Feature","id":82,"geometry":{"type":"Point","coordinates":[-63.5509953296289,44.6583591799412]},"properties":{"OBJECTID":82,"ASSETID":"STP352","STEPID":"STP352","ASSETCODE":"STP","OWNER":"HRM","INSTYR":null,"INSTYRCONF":null,"MAT":"WOOD","MATCONF":1,"LOCGEN":"OSP","HRMINTRST":"Y","LENGTHM":null,"SIZE1UNIT":"M","WIDTHM":null,"SIZE2UNIT":"M","NUMSTEPS":null,"SIZE3UNIT":"UNIT","ASSETDESC":null,"PARTNER":null,"ASSETSTAT":"INS","INSTDATE":null,"LOCATION":"NORTH WOODSIDE COMMUNITY CENTRE PARK","MAINTBY":"HRM","ADDDATE":"Tue, 04 Jul 2023 21:17:58 GMT","MODDATE":"Tue, 04 Jul 2023 21:17:58 GMT","SDATE":"Thu, 16 Dec 2021 04:00:00 GMT","SOURCE":"WOOD (2021)","SACC":"IN","WINT_PLOW":null,"WINT_MAINT":null,"WINT_ROUTE":null,"WINT_LOS":null,"WINT_MAT":null,"WINT_COMM":null,"GLOBALID":"e23354a3-1e78-432f-81c9-f3c8c097bcbf","WINT_ADDDATE":null,"WINT_MODDATE":null,"CONDITPERD":null,"CONDITEXP":null}},{"type":"Feature","id":83,"geometry":{"type":"Point","coordinates":[-63.5000379253184,44.6786220990191]},"properties":{"OBJECTID":83,"ASSETID":"STP17","STEPID":"STP17","ASSETCODE":"STP","OWNER":"HRM","INSTYR":null,"INSTYRCONF":null,"MAT":"CONC","MATCONF":1,"LOCGEN":"ROW","HRMINTRST":"Y","LENGTHM":0.98258231,"SIZE1UNIT":"M","WIDTHM":1.2,"SIZE2UNIT":"M","NUMSTEPS":null,"SIZE3UNIT":"UNIT","ASSETDESC":" ","PARTNER":null,"ASSETSTAT":"INS","INSTDATE":null,"LOCATION":"176 POPLAR DR TO 132 SIRIUS CRES","MAINTBY":null,"ADDDATE":null,"MODDATE":"Wed, 19 Apr 2023 19:43:36 GMT","SDATE":null,"SOURCE":null,"SACC":null,"WINT_PLOW":"Y","WINT_MAINT":"WSZ1","WINT_ROUTE":null,"WINT_LOS":"PRI3","WINT_MAT":null,"WINT_COMM":null,"GLOBALID":"f5886d58-6bd9-4fe3-b4fd-7e573cd7a855","WINT_ADDDATE":null,"WINT_MODDATE":"Wed, 01 Jun 2022 03:00:00 GMT","CONDITPERD":null,"CONDITEXP":null}},{"type":"Feature","id":84,"geometry":{"type":"Point","coordinates":[-63.4754656929042,44.6098764805529]},"properties":{"OBJECTID":84,"ASSETID":"STP287","STEPID":"STP287","ASSETCODE":"STP","OWNER":"HRM","INSTYR":null,"INSTYRCONF":null,"MAT":"CONC","MATCONF":1,"LOCGEN":"OSP","HRMINTRST":"Y","LENGTHM":null,"SIZE1UNIT":"M","WIDTHM":null,"SIZE2UNIT":"M","NUMSTEPS":null,"SIZE3UNIT":"UNIT","ASSETDESC":null,"PARTNER":null,"ASSETSTAT":"INS","INSTDATE":null,"LOCATION":"EASTERN PASSAGE COMMON","MAINTBY":"HRM","ADDDATE":"Tue, 08 Mar 2022 21:56:28 GMT","MODDATE":"Tue, 08 Mar 2022 21:59:47 GMT","SDATE":null,"SOURCE":null,"SACC":"DG","WINT_PLOW":null,"WINT_MAINT":null,"WINT_ROUTE":null,"WINT_LOS":null,"WINT_MAT":null,"WINT_COMM":null,"GLOBALID":"abd83299-ede8-4885-8b26-f008586e0899","WINT_ADDDATE":null,"WINT_MODDATE":null,"CONDITPERD":null,"CONDITEXP":null}},{"type":"Feature","id":85,"geometry":{"type":"Point","coordinates":[-63.5732776503827,44.666963440948]},"properties":{"OBJECTID":85,"ASSETID":"STP256","STEPID":"STP256","ASSETCODE":"STP","OWNER":"HRM","INSTYR":null,"INSTYRCONF":null,"MAT":"WOOD","MATCONF":2,"LOCGEN":"BLD","HRMINTRST":"Y","LENGTHM":null,"SIZE1UNIT":"M","WIDTHM":null,"SIZE2UNIT":"M","NUMSTEPS":null,"SIZE3UNIT":"UNIT","ASSETDESC":null,"PARTNER":null,"ASSETSTAT":"INS","INSTDATE":null,"LOCATION":null,"MAINTBY":"HRM","ADDDATE":"Thu, 25 Jul 2019 21:47:22 GMT","MODDATE":"Thu, 15 Jul 2021 00:07:58 GMT","SDATE":null,"SOURCE":null,"SACC":null,"WINT_PLOW":"N","WINT_MAINT":"NA","WINT_ROUTE":null,"WINT_LOS":null,"WINT_MAT":null,"WINT_COMM":null,"GLOBALID":"d09a511f-a0f4-4dc0-91b1-30ee946ee009","WINT_ADDDATE":"Thu, 10 Oct 2019 03:00:00 GMT","WINT_MODDATE":null,"CONDITPERD":null,"CONDITEXP":null}},{"type":"Feature","id":86,"geometry":{"type":"Point","coordinates":[-63.6286544415993,44.6532174111175]},"properties":{"OBJECTID":86,"ASSETID":"STP225","STEPID":"STP225","ASSETCODE":"STP","OWNER":"HRM","INSTYR":null,"INSTYRCONF":null,"MAT":"CONC","MATCONF":1,"LOCGEN":"BLD","HRMINTRST":"Y","LENGTHM":null,"SIZE1UNIT":"M","WIDTHM":null,"SIZE2UNIT":"M","NUMSTEPS":null,"SIZE3UNIT":"UNIT","ASSETDESC":null,"PARTNER":null,"ASSETSTAT":"INS","INSTDATE":null,"LOCATION":null,"MAINTBY":"HRM","ADDDATE":"Thu, 25 Jul 2019 21:47:22 GMT","MODDATE":"Wed, 19 Apr 2023 19:43:36 GMT","SDATE":null,"SOURCE":"HRMGIS","SACC":"PH","WINT_PLOW":"N","WINT_MAINT":"NA","WINT_ROUTE":null,"WINT_LOS":null,"WINT_MAT":null,"WINT_COMM":null,"GLOBALID":"2bb642d3-01ba-4cc0-9a4b-dab66432b3c4","WINT_ADDDATE":"Thu, 10 Oct 2019 03:00:00 GMT","WINT_MODDATE":"Thu, 28 Jan 2021 04:00:00 GMT","CONDITPERD":null,"CONDITEXP":null}},{"type":"Feature","id":87,"geometry":{"type":"Point","coordinates":[-63.5905306272542,44.6812207282687]},"properties":{"OBJECTID":87,"ASSETID":"STP67","STEPID":"STP67","ASSETCODE":"STP","OWNER":"HRM","INSTYR":1996,"INSTYRCONF":null,"MAT":"CONC","MATCONF":3,"LOCGEN":"OSP","HRMINTRST":"Y","LENGTHM":1.3,"SIZE1UNIT":"M","WIDTHM":1.83,"SIZE2UNIT":"M","NUMSTEPS":null,"SIZE3UNIT":"UNIT","ASSETDESC":" ","PARTNER":null,"ASSETSTAT":"INS","INSTDATE":null,"LOCATION":"HARBOURVIEW ELEMENTARY SCHOOL PARK","MAINTBY":"UN","ADDDATE":null,"MODDATE":"Thu, 15 Jul 2021 00:07:43 GMT","SDATE":null,"SOURCE":null,"SACC":null,"WINT_PLOW":"N","WINT_MAINT":"NA","WINT_ROUTE":null,"WINT_LOS":null,"WINT_MAT":null,"WINT_COMM":null,"GLOBALID":"e1041550-e2f1-4c5b-93f5-f492c8cb5cbd","WINT_ADDDATE":"Thu, 30 Jun 2016 03:00:00 GMT","WINT_MODDATE":null,"CONDITPERD":null,"CONDITEXP":null}},{"type":"Feature","id":88,"geometry":{"type":"Point","coordinates":[-63.5225146253299,44.6681070232939]},"properties":{"OBJECTID":88,"ASSETID":"STP108","STEPID":"STP108","ASSETCODE":"STP","OWNER":"HRM","INSTYR":null,"INSTYRCONF":null,"MAT":"WOOD","MATCONF":3,"LOCGEN":"OSP","HRMINTRST":"Y","LENGTHM":6.8,"SIZE1UNIT":"M","WIDTHM":1.5,"SIZE2UNIT":"M","NUMSTEPS":null,"SIZE3UNIT":"UNIT","ASSETDESC":" ","PARTNER":null,"ASSETSTAT":"INS","INSTDATE":null,"LOCATION":"RUSSEL LAKE PARK","MAINTBY":"HRM","ADDDATE":null,"MODDATE":"Wed, 14 Sep 2022 19:36:51 GMT","SDATE":null,"SOURCE":null,"SACC":null,"WINT_PLOW":"Y","WINT_MAINT":"WSZ1","WINT_ROUTE":null,"WINT_LOS":"PRI2","WINT_MAT":null,"WINT_COMM":null,"GLOBALID":"6fa1a568-158d-4645-a4fd-f83d1ee4bc93","WINT_ADDDATE":null,"WINT_MODDATE":"Wed, 01 Jun 2022 03:00:00 GMT","CONDITPERD":null,"CONDITEXP":null}},{"type":"Feature","id":89,"geometry":{"type":"Point","coordinates":[-63.5472893928064,44.6530041970594]},"properties":{"OBJECTID":89,"ASSETID":"STP228","STEPID":"STP228","ASSETCODE":"STP","OWNER":"HRM","INSTYR":null,"INSTYRCONF":null,"MAT":null,"MATCONF":null,"LOCGEN":"BLD","HRMINTRST":"Y","LENGTHM":null,"SIZE1UNIT":"M","WIDTHM":null,"SIZE2UNIT":"M","NUMSTEPS":null,"SIZE3UNIT":"UNIT","ASSETDESC":null,"PARTNER":null,"ASSETSTAT":"INS","INSTDATE":null,"LOCATION":null,"MAINTBY":"HRM","ADDDATE":"Thu, 25 Jul 2019 21:47:22 GMT","MODDATE":"Thu, 15 Jul 2021 00:07:55 GMT","SDATE":null,"SOURCE":"HRMGIS","SACC":"PH","WINT_PLOW":"N","WINT_MAINT":"NA","WINT_ROUTE":null,"WINT_LOS":null,"WINT_MAT":null,"WINT_COMM":null,"GLOBALID":"42d21b35-662f-4ce0-87ee-4a6b62752362","WINT_ADDDATE":"Thu, 10 Oct 2019 03:00:00 GMT","WINT_MODDATE":"Thu, 28 Jan 2021 04:00:00 GMT","CONDITPERD":null,"CONDITEXP":null}},{"type":"Feature","id":90,"geometry":{"type":"Point","coordinates":[-63.6664304085035,44.727263082567]},"properties":{"OBJECTID":90,"ASSETID":"STP79","STEPID":"STP79","ASSETCODE":"STP","OWNER":"HRM","INSTYR":null,"INSTYRCONF":null,"MAT":"CONC","MATCONF":3,"LOCGEN":"OSP","HRMINTRST":"Y","LENGTHM":1.3,"SIZE1UNIT":"M","WIDTHM":1.3,"SIZE2UNIT":"M","NUMSTEPS":null,"SIZE3UNIT":"UNIT","ASSETDESC":" ","PARTNER":null,"ASSETSTAT":"INS","INSTDATE":null,"LOCATION":"TEACHERY PARK","MAINTBY":"HRM","ADDDATE":null,"MODDATE":"Thu, 15 Jul 2021 00:07:44 GMT","SDATE":null,"SOURCE":null,"SACC":null,"WINT_PLOW":"N","WINT_MAINT":"NA","WINT_ROUTE":null,"WINT_LOS":null,"WINT_MAT":null,"WINT_COMM":null,"GLOBALID":"fc651805-81bd-4489-9916-23b269c2d9eb","WINT_ADDDATE":null,"WINT_MODDATE":"Thu, 18 Aug 2016 03:00:00 GMT","CONDITPERD":null,"CONDITEXP":null}},{"type":"Feature","id":91,"geometry":{"type":"Point","coordinates":[-63.5679515723008,44.5655990919177]},"properties":{"OBJECTID":91,"ASSETID":"STP359","STEPID":"STP359","ASSETCODE":"STP","OWNER":"HRM","INSTYR":null,"INSTYRCONF":null,"MAT":"CONC","MATCONF":1,"LOCGEN":"BLD","HRMINTRST":"Y","LENGTHM":null,"SIZE1UNIT":"M","WIDTHM":null,"SIZE2UNIT":"M","NUMSTEPS":null,"SIZE3UNIT":"UNIT","ASSETDESC":null,"PARTNER":null,"ASSETSTAT":"INS","INSTDATE":null,"LOCATION":"40 LATTER POND LANE, HERRING COVE","MAINTBY":"HRM","ADDDATE":"Tue, 04 Jul 2023 21:17:58 GMT","MODDATE":"Tue, 04 Jul 2023 21:17:58 GMT","SDATE":"Thu, 16 Dec 2021 04:00:00 GMT","SOURCE":"WOOD (2021)","SACC":"IN","WINT_PLOW":null,"WINT_MAINT":null,"WINT_ROUTE":null,"WINT_LOS":null,"WINT_MAT":null,"WINT_COMM":null,"GLOBALID":"e75272ab-923f-4051-a86d-321c1d22ae30","WINT_ADDDATE":null,"WINT_MODDATE":null,"CONDITPERD":null,"CONDITEXP":null}},{"type":"Feature","id":92,"geometry":{"type":"Point","coordinates":[-63.5474580604841,44.6530937079757]},"properties":{"OBJECTID":92,"ASSETID":"STP227","STEPID":"STP227","ASSETCODE":"STP","OWNER":"HRM","INSTYR":null,"INSTYRCONF":null,"MAT":"CONC","MATCONF":1,"LOCGEN":"BLD","HRMINTRST":"Y","LENGTHM":null,"SIZE1UNIT":"M","WIDTHM":null,"SIZE2UNIT":"M","NUMSTEPS":null,"SIZE3UNIT":"UNIT","ASSETDESC":null,"PARTNER":null,"ASSETSTAT":"INS","INSTDATE":null,"LOCATION":null,"MAINTBY":"HRM","ADDDATE":"Thu, 25 Jul 2019 21:47:22 GMT","MODDATE":"Wed, 19 Apr 2023 19:43:36 GMT","SDATE":null,"SOURCE":"HRMGIS","SACC":"PH","WINT_PLOW":"N","WINT_MAINT":"NA","WINT_ROUTE":null,"WINT_LOS":null,"WINT_MAT":null,"WINT_COMM":null,"GLOBALID":"15d5491d-76c9-42c6-a899-3076b93c620b","WINT_ADDDATE":"Thu, 10 Oct 2019 03:00:00 GMT","WINT_MODDATE":"Thu, 28 Jan 2021 04:00:00 GMT","CONDITPERD":null,"CONDITEXP":null}},{"type":"Feature","id":93,"geometry":{"type":"Point","coordinates":[-63.6847400502875,44.6876135881762]},"properties":{"OBJECTID":93,"ASSETID":"STP53","STEPID":"STP53","ASSETCODE":"STP","OWNER":"UN","INSTYR":null,"INSTYRCONF":null,"MAT":"CONC","MATCONF":3,"LOCGEN":"OSP","HRMINTRST":"Y","LENGTHM":null,"SIZE1UNIT":"M","WIDTHM":1.5,"SIZE2UNIT":"M","NUMSTEPS":null,"SIZE3UNIT":"UNIT","ASSETDESC":" ","PARTNER":null,"ASSETSTAT":"INS","INSTDATE":null,"LOCATION":"KEARNEY LAKE BEACH PARK","MAINTBY":"HRM","ADDDATE":null,"MODDATE":"Thu, 15 Jul 2021 00:07:41 GMT","SDATE":null,"SOURCE":null,"SACC":null,"WINT_PLOW":"N","WINT_MAINT":"NA","WINT_ROUTE":null,"WINT_LOS":null,"WINT_MAT":null,"WINT_COMM":null,"GLOBALID":"e7878d53-805b-467b-976e-f36cb6a993d5","WINT_ADDDATE":"Fri, 08 Jul 2016 03:00:00 GMT","WINT_MODDATE":null,"CONDITPERD":null,"CONDITEXP":null}},{"type":"Feature","id":94,"geometry":{"type":"Point","coordinates":[-63.6731413914111,44.7734053523202]},"properties":{"OBJECTID":94,"ASSETID":"STP45","STEPID":"STP45","ASSETCODE":"STP","OWNER":"UN","INSTYR":null,"INSTYRCONF":null,"MAT":"WOOD","MATCONF":3,"LOCGEN":"OSP","HRMINTRST":"Y","LENGTHM":8.5,"SIZE1UNIT":"M","WIDTHM":2.5,"SIZE2UNIT":"M","NUMSTEPS":null,"SIZE3UNIT":"UNIT","ASSETDESC":" ","PARTNER":null,"ASSETSTAT":"INS","INSTDATE":null,"LOCATION":"FIRST LAKE REGIONAL PARK","MAINTBY":"HRM","ADDDATE":null,"MODDATE":"Thu, 15 Jul 2021 00:07:42 GMT","SDATE":null,"SOURCE":null,"SACC":null,"WINT_PLOW":"N","WINT_MAINT":"NA","WINT_ROUTE":null,"WINT_LOS":null,"WINT_MAT":null,"WINT_COMM":null,"GLOBALID":"3d07f02c-b939-4ae2-845c-955bbabae3f8","WINT_ADDDATE":"Thu, 10 Oct 2019 03:00:00 GMT","WINT_MODDATE":null,"CONDITPERD":null,"CONDITEXP":null}},{"type":"Feature","id":95,"geometry":{"type":"Point","coordinates":[-63.5623639991313,44.6744244219844]},"properties":{"OBJECTID":95,"ASSETID":"STP119","STEPID":"STP119","ASSETCODE":"STP","OWNER":"HRM","INSTYR":2009,"INSTYRCONF":null,"MAT":"WOOD","MATCONF":1,"LOCGEN":"OSP","HRMINTRST":"Y","LENGTHM":11.8,"SIZE1UNIT":"M","WIDTHM":2.5,"SIZE2UNIT":"M","NUMSTEPS":null,"SIZE3UNIT":"UNIT","ASSETDESC":"Bolton Terrace entrance","PARTNER":null,"ASSETSTAT":"INS","INSTDATE":"Fri, 01 May 2009 03:00:00 GMT","LOCATION":"HENRY FINDLAY PARK","MAINTBY":"HRM","ADDDATE":null,"MODDATE":"Fri, 11 Mar 2022 19:37:23 GMT","SDATE":null,"SOURCE":null,"SACC":null,"WINT_PLOW":"Y","WINT_MAINT":"SWZ8","WINT_ROUTE":null,"WINT_LOS":"PRI3","WINT_MAT":null,"WINT_COMM":null,"GLOBALID":"0a780840-faf8-4014-9128-60772b75fd6c","WINT_ADDDATE":null,"WINT_MODDATE":"Thu, 26 Sep 2019 03:00:00 GMT","CONDITPERD":null,"CONDITEXP":null}},{"type":"Feature","id":96,"geometry":{"type":"Point","coordinates":[-63.1438709197252,45.0467896936708]},"properties":{"OBJECTID":96,"ASSETID":"STP234","STEPID":"STP234","ASSETCODE":"STP","OWNER":"HRM","INSTYR":null,"INSTYRCONF":null,"MAT":null,"MATCONF":null,"LOCGEN":"BLD","HRMINTRST":"Y","LENGTHM":null,"SIZE1UNIT":"M","WIDTHM":null,"SIZE2UNIT":"M","NUMSTEPS":null,"SIZE3UNIT":"UNIT","ASSETDESC":null,"PARTNER":null,"ASSETSTAT":"INS","INSTDATE":null,"LOCATION":null,"MAINTBY":"HRM","ADDDATE":"Thu, 25 Jul 2019 21:47:22 GMT","MODDATE":"Thu, 15 Jul 2021 00:07:56 GMT","SDATE":null,"SOURCE":"HRMGIS","SACC":"PH","WINT_PLOW":"N","WINT_MAINT":"NA","WINT_ROUTE":null,"WINT_LOS":null,"WINT_MAT":null,"WINT_COMM":null,"GLOBALID":"59189d9b-d56c-4392-8b18-170a2025fcfc","WINT_ADDDATE":"Thu, 10 Oct 2019 03:00:00 GMT","WINT_MODDATE":"Thu, 28 Jan 2021 04:00:00 GMT","CONDITPERD":null,"CONDITEXP":null}},{"type":"Feature","id":97,"geometry":{"type":"Point","coordinates":[-63.568633235498,44.6640965359928]},"properties":{"OBJECTID":97,"ASSETID":"STP358","STEPID":"STP358","ASSETCODE":"STP","OWNER":"HRM","INSTYR":null,"INSTYRCONF":null,"MAT":"CONC","MATCONF":1,"LOCGEN":"OSP","HRMINTRST":"Y","LENGTHM":null,"SIZE1UNIT":"M","WIDTHM":null,"SIZE2UNIT":"M","NUMSTEPS":null,"SIZE3UNIT":"UNIT","ASSETDESC":null,"PARTNER":null,"ASSETSTAT":"INS","INSTDATE":null,"LOCATION":"FERRY TERMINAL PARK","MAINTBY":"HRM","ADDDATE":"Tue, 04 Jul 2023 21:17:58 GMT","MODDATE":"Tue, 04 Jul 2023 21:17:58 GMT","SDATE":"Thu, 16 Dec 2021 04:00:00 GMT","SOURCE":"WOOD (2021)","SACC":"IN","WINT_PLOW":null,"WINT_MAINT":null,"WINT_ROUTE":null,"WINT_LOS":null,"WINT_MAT":null,"WINT_COMM":null,"GLOBALID":"d123b111-d268-4fe4-a025-aee1e098919e","WINT_ADDDATE":null,"WINT_MODDATE":null,"CONDITPERD":null,"CONDITEXP":null}},{"type":"Feature","id":98,"geometry":{"type":"Point","coordinates":[-63.5853277683849,44.6799558028186]},"properties":{"OBJECTID":98,"ASSETID":"STP182","STEPID":"STP182","ASSETCODE":"STP","OWNER":"HRM","INSTYR":null,"INSTYRCONF":null,"MAT":"CONC","MATCONF":1,"LOCGEN":"ROW","HRMINTRST":"Y","LENGTHM":null,"SIZE1UNIT":"M","WIDTHM":1.2,"SIZE2UNIT":"M","NUMSTEPS":10,"SIZE3UNIT":"UNIT","ASSETDESC":"steps in row","PARTNER":null,"ASSETSTAT":"INS","INSTDATE":null,"LOCATION":"Victoria Rd to Lahey Rd","MAINTBY":"HRM","ADDDATE":"Wed, 07 Feb 2018 17:09:51 GMT","MODDATE":"Thu, 15 Jul 2021 00:07:51 GMT","SDATE":null,"SOURCE":null,"SACC":null,"WINT_PLOW":"Y","WINT_MAINT":"HRM2","WINT_ROUTE":"R2","WINT_LOS":"PRI1","WINT_MAT":null,"WINT_COMM":null,"GLOBALID":"e796f960-1c15-4cbe-b94e-4a3e2856a295","WINT_ADDDATE":"Mon, 26 Feb 2018 04:00:00 GMT","WINT_MODDATE":"Thu, 26 Sep 2019 03:00:00 GMT","CONDITPERD":null,"CONDITEXP":null}},{"type":"Feature","id":99,"geometry":{"type":"Point","coordinates":[-63.6286504935036,44.6531079048668]},"properties":{"OBJECTID":99,"ASSETID":"STP224","STEPID":"STP224","ASSETCODE":"STP","OWNER":"HRM","INSTYR":null,"INSTYRCONF":null,"MAT":"WOOD","MATCONF":1,"LOCGEN":"BLD","HRMINTRST":"Y","LENGTHM":null,"SIZE1UNIT":"M","WIDTHM":null,"SIZE2UNIT":"M","NUMSTEPS":null,"SIZE3UNIT":"UNIT","ASSETDESC":null,"PARTNER":null,"ASSETSTAT":"INS","INSTDATE":null,"LOCATION":null,"MAINTBY":"HRM","ADDDATE":"Thu, 25 Jul 2019 21:47:22 GMT","MODDATE":"Wed, 19 Apr 2023 19:43:36 GMT","SDATE":null,"SOURCE":"HRMGIS","SACC":"PH","WINT_PLOW":"N","WINT_MAINT":"NA","WINT_ROUTE":null,"WINT_LOS":null,"WINT_MAT":null,"WINT_COMM":null,"GLOBALID":"3914ed96-cd14-4458-8a27-05801026182a","WINT_ADDDATE":"Thu, 10 Oct 2019 03:00:00 GMT","WINT_MODDATE":"Thu, 28 Jan 2021 04:00:00 GMT","CONDITPERD":null,"CONDITEXP":null}},{"type":"Feature","id":100,"geometry":{"type":"Point","coordinates":[-63.5052847701956,44.6752254524155]},"properties":{"OBJECTID":100,"ASSETID":"STP321","STEPID":"STP321","ASSETCODE":"STP","OWNER":"HRM","INSTYR":null,"INSTYRCONF":null,"MAT":"WOOD","MATCONF":1,"LOCGEN":"ROW","HRMINTRST":"Y","LENGTHM":null,"SIZE1UNIT":"M","WIDTHM":null,"SIZE2UNIT":"M","NUMSTEPS":null,"SIZE3UNIT":"UNIT","ASSETDESC":null,"PARTNER":null,"ASSETSTAT":"INS","INSTDATE":null,"LOCATION":"5 GRAYCOURT TERR, DARTMOUTH","MAINTBY":"HRM","ADDDATE":"Tue, 04 Jul 2023 21:17:58 GMT","MODDATE":"Tue, 04 Jul 2023 21:17:58 GMT","SDATE":"Thu, 16 Dec 2021 04:00:00 GMT","SOURCE":"WOOD (2021)","SACC":"IN","WINT_PLOW":null,"WINT_MAINT":null,"WINT_ROUTE":null,"WINT_LOS":null,"WINT_MAT":null,"WINT_COMM":null,"GLOBALID":"715e37ee-e900-48cf-9fd7-9dcb79254394","WINT_ADDDATE":null,"WINT_MODDATE":null,"CONDITPERD":null,"CONDITEXP":null}},{"type":"Feature","id":101,"geometry":{"type":"Point","coordinates":[-63.646473280743,44.7259471669758]},"properties":{"OBJECTID":101,"ASSETID":"STP92","STEPID":"STP92","ASSETCODE":"STP","OWNER":"HRM","INSTYR":null,"INSTYRCONF":null,"MAT":"WOOD","MATCONF":3,"LOCGEN":"OSP","HRMINTRST":"Y","LENGTHM":1.7,"SIZE1UNIT":"M","WIDTHM":0.65,"SIZE2UNIT":"M","NUMSTEPS":null,"SIZE3UNIT":"UNIT","ASSETDESC":" ","PARTNER":null,"ASSETSTAT":"INS","INSTDATE":null,"LOCATION":"EAGLEWOOD ELEMENTARY SCHOOL PARK","MAINTBY":"UN","ADDDATE":null,"MODDATE":"Thu, 15 Jul 2021 00:07:45 GMT","SDATE":null,"SOURCE":null,"SACC":null,"WINT_PLOW":"N","WINT_MAINT":"NA","WINT_ROUTE":null,"WINT_LOS":null,"WINT_MAT":null,"WINT_COMM":null,"GLOBALID":"18530196-67f8-4fc3-b41d-ef8cdfb7b79c","WINT_ADDDATE":"Thu, 10 Oct 2019 03:00:00 GMT","WINT_MODDATE":null,"CONDITPERD":null,"CONDITEXP":null}},{"type":"Feature","id":102,"geometry":{"type":"Point","coordinates":[-63.5587607074063,44.674911927055]},"properties":{"OBJECTID":102,"ASSETID":"STP58","STEPID":"STP58","ASSETCODE":"STP","OWNER":"HRM","INSTYR":null,"INSTYRCONF":null,"MAT":"WOOD","MATCONF":3,"LOCGEN":"OSP","HRMINTRST":"Y","LENGTHM":12.8,"SIZE1UNIT":"M","WIDTHM":1.5,"SIZE2UNIT":"M","NUMSTEPS":null,"SIZE3UNIT":"UNIT","ASSETDESC":" ","PARTNER":null,"ASSETSTAT":"INS","INSTDATE":null,"LOCATION":"SILVER HILL PARK","MAINTBY":"HRM","ADDDATE":null,"MODDATE":"Thu, 15 Jul 2021 00:07:36 GMT","SDATE":null,"SOURCE":null,"SACC":null,"WINT_PLOW":"N","WINT_MAINT":"NA","WINT_ROUTE":null,"WINT_LOS":null,"WINT_MAT":null,"WINT_COMM":null,"GLOBALID":"743319a1-1d72-4323-bf65-63bf2ac8a9ab","WINT_ADDDATE":"Thu, 10 Oct 2019 03:00:00 GMT","WINT_MODDATE":null,"CONDITPERD":null,"CONDITEXP":null}},{"type":"Feature","id":103,"geometry":{"type":"Point","coordinates":[-63.5986007018979,44.7853848127995]},"properties":{"OBJECTID":103,"ASSETID":"STP128","STEPID":"STP128","ASSETCODE":"STP","OWNER":"HRM","INSTYR":null,"INSTYRCONF":null,"MAT":"WOOD","MATCONF":3,"LOCGEN":"OSP","HRMINTRST":"Y","LENGTHM":3,"SIZE1UNIT":"M","WIDTHM":1.2,"SIZE2UNIT":"M","NUMSTEPS":null,"SIZE3UNIT":"UNIT","ASSETDESC":" ","PARTNER":null,"ASSETSTAT":"INS","INSTDATE":null,"LOCATION":"WAVERLEY ON THE GREEN PARK","MAINTBY":"HRM","ADDDATE":null,"MODDATE":"Thu, 15 Jul 2021 00:07:37 GMT","SDATE":null,"SOURCE":null,"SACC":null,"WINT_PLOW":"N","WINT_MAINT":"NA","WINT_ROUTE":null,"WINT_LOS":null,"WINT_MAT":null,"WINT_COMM":null,"GLOBALID":"5c754dc5-6038-490a-9a39-c08dcea2566c","WINT_ADDDATE":"Fri, 26 Aug 2016 03:00:00 GMT","WINT_MODDATE":"Fri, 26 Aug 2016 03:00:00 GMT","CONDITPERD":null,"CONDITEXP":null}},{"type":"Feature","id":104,"geometry":{"type":"Point","coordinates":[-63.5752645459247,44.6422798847151]},"properties":{"OBJECTID":104,"ASSETID":"STP253","STEPID":"STP253","ASSETCODE":"STP","OWNER":"HRM","INSTYR":null,"INSTYRCONF":null,"MAT":null,"MATCONF":null,"LOCGEN":"BLD","HRMINTRST":"Y","LENGTHM":null,"SIZE1UNIT":"M","WIDTHM":null,"SIZE2UNIT":"M","NUMSTEPS":null,"SIZE3UNIT":"UNIT","ASSETDESC":null,"PARTNER":null,"ASSETSTAT":"INS","INSTDATE":null,"LOCATION":null,"MAINTBY":"HRM","ADDDATE":"Thu, 25 Jul 2019 21:47:22 GMT","MODDATE":"Thu, 15 Jul 2021 00:07:58 GMT","SDATE":null,"SOURCE":"HRMGIS","SACC":"PH","WINT_PLOW":"N","WINT_MAINT":"NA","WINT_ROUTE":null,"WINT_LOS":null,"WINT_MAT":null,"WINT_COMM":null,"GLOBALID":"bbf347e0-25c9-4097-9848-285dcaf97429","WINT_ADDDATE":"Thu, 10 Oct 2019 03:00:00 GMT","WINT_MODDATE":null,"CONDITPERD":null,"CONDITEXP":null}},{"type":"Feature","id":105,"geometry":{"type":"Point","coordinates":[-63.6618698720118,44.7307919570275]},"properties":{"OBJECTID":105,"ASSETID":"STP72","STEPID":"STP72","ASSETCODE":"STP","OWNER":"HRM","INSTYR":null,"INSTYRCONF":null,"MAT":"WOOD","MATCONF":3,"LOCGEN":"ROW","HRMINTRST":"Y","LENGTHM":15,"SIZE1UNIT":"M","WIDTHM":1.8,"SIZE2UNIT":"M","NUMSTEPS":null,"SIZE3UNIT":"UNIT","ASSETDESC":" ","PARTNER":null,"ASSETSTAT":"INS","INSTDATE":null,"LOCATION":"BEDFORD HWY AT UNION ST","MAINTBY":"HRM","ADDDATE":null,"MODDATE":"Fri, 16 Jul 2021 14:54:36 GMT","SDATE":null,"SOURCE":null,"SACC":null,"WINT_PLOW":"N","WINT_MAINT":"NA","WINT_ROUTE":null,"WINT_LOS":null,"WINT_MAT":null,"WINT_COMM":"REMOVED AS PER CONTRACT SUPERVISOR","GLOBALID":"7825b6b4-f5ac-45e1-87cf-cd9c1e0a2e35","WINT_ADDDATE":null,"WINT_MODDATE":"Wed, 22 Jan 2020 04:00:00 GMT","CONDITPERD":null,"CONDITEXP":null}},{"type":"Feature","id":106,"geometry":{"type":"Point","coordinates":[-63.61493090236,44.8140341204457]},"properties":{"OBJECTID":106,"ASSETID":"STP38","STEPID":"STP38","ASSETCODE":"STP","OWNER":"HRM","INSTYR":null,"INSTYRCONF":null,"MAT":"WOOD","MATCONF":3,"LOCGEN":"OSP","HRMINTRST":"Y","LENGTHM":9.1,"SIZE1UNIT":"M","WIDTHM":1.5,"SIZE2UNIT":"M","NUMSTEPS":null,"SIZE3UNIT":"UNIT","ASSETDESC":" ","PARTNER":null,"ASSETSTAT":"INS","INSTDATE":null,"LOCATION":"GORDON R SNOW COMMUNITY CENTRE PARK","MAINTBY":"HRM","ADDDATE":null,"MODDATE":"Thu, 15 Jul 2021 00:07:35 GMT","SDATE":null,"SOURCE":null,"SACC":null,"WINT_PLOW":"N","WINT_MAINT":"NA","WINT_ROUTE":null,"WINT_LOS":null,"WINT_MAT":null,"WINT_COMM":null,"GLOBALID":"c063f16d-871d-4c34-b186-a4d79ce19ff4","WINT_ADDDATE":"Wed, 03 Aug 2016 03:00:00 GMT","WINT_MODDATE":null,"CONDITPERD":null,"CONDITEXP":null}},{"type":"Feature","id":107,"geometry":{"type":"Point","coordinates":[-63.650240676704,44.6575532338854]},"properties":{"OBJECTID":107,"ASSETID":"STP155","STEPID":"STP155","ASSETCODE":"STP","OWNER":"HRM","INSTYR":null,"INSTYRCONF":null,"MAT":"CONC","MATCONF":1,"LOCGEN":"ROW","HRMINTRST":"Y","LENGTHM":null,"SIZE1UNIT":"M","WIDTHM":null,"SIZE2UNIT":"M","NUMSTEPS":19,"SIZE3UNIT":"UNIT","ASSETDESC":null,"PARTNER":null,"ASSETSTAT":"INS","INSTDATE":null,"LOCATION":null,"MAINTBY":"HRM","ADDDATE":"Mon, 25 Jul 2016 19:07:55 GMT","MODDATE":"Wed, 19 Apr 2023 19:43:36 GMT","SDATE":null,"SOURCE":null,"SACC":null,"WINT_PLOW":"N","WINT_MAINT":"NA","WINT_ROUTE":null,"WINT_LOS":null,"WINT_MAT":null,"WINT_COMM":null,"GLOBALID":"2a5f4299-0f9e-4ca3-ab8a-e13bbd4c8aae","WINT_ADDDATE":"Wed, 22 Feb 2017 04:00:00 GMT","WINT_MODDATE":null,"CONDITPERD":null,"CONDITEXP":null}},{"type":"Feature","id":108,"geometry":{"type":"Point","coordinates":[-63.5941558773979,44.6320502566617]},"properties":{"OBJECTID":108,"ASSETID":"STP341","STEPID":"STP341","ASSETCODE":"STP","OWNER":"HRM","INSTYR":null,"INSTYRCONF":null,"MAT":"CONC","MATCONF":1,"LOCGEN":"ROW","HRMINTRST":"Y","LENGTHM":null,"SIZE1UNIT":"M","WIDTHM":null,"SIZE2UNIT":"M","NUMSTEPS":null,"SIZE3UNIT":"UNIT","ASSETDESC":null,"PARTNER":null,"ASSETSTAT":"INS","INSTDATE":null,"LOCATION":"6400 OAKLAND RD, HALIFAX","MAINTBY":"HRM","ADDDATE":"Tue, 04 Jul 2023 21:17:58 GMT","MODDATE":"Tue, 04 Jul 2023 21:17:58 GMT","SDATE":"Thu, 16 Dec 2021 04:00:00 GMT","SOURCE":"WOOD (2021)","SACC":"IN","WINT_PLOW":null,"WINT_MAINT":null,"WINT_ROUTE":null,"WINT_LOS":null,"WINT_MAT":null,"WINT_COMM":null,"GLOBALID":"dc0fbb31-4812-434d-b6ea-bc24b059e1e2","WINT_ADDDATE":null,"WINT_MODDATE":null,"CONDITPERD":null,"CONDITEXP":null}},{"type":"Feature","id":109,"geometry":{"type":"Point","coordinates":[-63.6733784451365,44.7767829804839]},"properties":{"OBJECTID":109,"ASSETID":"STP310","STEPID":"STP310","ASSETCODE":"STP","OWNER":"HRM","INSTYR":null,"INSTYRCONF":null,"MAT":"CONC","MATCONF":1,"LOCGEN":"OSP","HRMINTRST":"Y","LENGTHM":null,"SIZE1UNIT":"M","WIDTHM":null,"SIZE2UNIT":"M","NUMSTEPS":null,"SIZE3UNIT":"UNIT","ASSETDESC":null,"PARTNER":null,"ASSETSTAT":"INS","INSTDATE":null,"LOCATION":"KINSMEN PARK","MAINTBY":"HRM","ADDDATE":"Tue, 04 Jul 2023 21:17:58 GMT","MODDATE":"Tue, 04 Jul 2023 21:17:58 GMT","SDATE":"Thu, 16 Dec 2021 04:00:00 GMT","SOURCE":"WOOD (2021)","SACC":"IN","WINT_PLOW":null,"WINT_MAINT":null,"WINT_ROUTE":null,"WINT_LOS":null,"WINT_MAT":null,"WINT_COMM":null,"GLOBALID":"2adbf5a1-c540-4d38-9b25-8b7557889789","WINT_ADDDATE":null,"WINT_MODDATE":null,"CONDITPERD":null,"CONDITEXP":null}},{"type":"Feature","id":110,"geometry":{"type":"Point","coordinates":[-63.6031218221115,44.6670105102352]},"properties":{"OBJECTID":110,"ASSETID":"STP241","STEPID":"STP241","ASSETCODE":"STP","OWNER":"HRM","INSTYR":null,"INSTYRCONF":null,"MAT":"CONC","MATCONF":1,"LOCGEN":"BLD","HRMINTRST":"Y","LENGTHM":null,"SIZE1UNIT":"M","WIDTHM":null,"SIZE2UNIT":"M","NUMSTEPS":null,"SIZE3UNIT":"UNIT","ASSETDESC":null,"PARTNER":null,"ASSETSTAT":"INS","INSTDATE":null,"LOCATION":null,"MAINTBY":"HRM","ADDDATE":"Thu, 25 Jul 2019 21:47:22 GMT","MODDATE":"Wed, 19 Apr 2023 19:43:36 GMT","SDATE":null,"SOURCE":"HRMGIS","SACC":"PH","WINT_PLOW":"N","WINT_MAINT":"NA","WINT_ROUTE":null,"WINT_LOS":null,"WINT_MAT":null,"WINT_COMM":null,"GLOBALID":"0fe44c2c-7447-45b3-b5c7-ebaa793bba5f","WINT_ADDDATE":"Thu, 10 Oct 2019 03:00:00 GMT","WINT_MODDATE":"Thu, 28 Jan 2021 04:00:00 GMT","CONDITPERD":null,"CONDITEXP":null}},{"type":"Feature","id":111,"geometry":{"type":"Point","coordinates":[-63.6867470375492,44.7778923898561]},"properties":{"OBJECTID":111,"ASSETID":"STP16","STEPID":"STP16","ASSETCODE":"STP","OWNER":"HRM","INSTYR":null,"INSTYRCONF":null,"MAT":"CONC","MATCONF":1,"LOCGEN":"OSP","HRMINTRST":"Y","LENGTHM":34.58327206,"SIZE1UNIT":"M","WIDTHM":1.5,"SIZE2UNIT":"M","NUMSTEPS":null,"SIZE3UNIT":"UNIT","ASSETDESC":" ","PARTNER":null,"ASSETSTAT":"INS","INSTDATE":null,"LOCATION":"ADJACENT 107 ALDER CRES SACKVILLE","MAINTBY":"HRM","ADDDATE":null,"MODDATE":"Wed, 19 Apr 2023 19:43:36 GMT","SDATE":null,"SOURCE":null,"SACC":null,"WINT_PLOW":"N","WINT_MAINT":"NA","WINT_ROUTE":null,"WINT_LOS":null,"WINT_MAT":null,"WINT_COMM":null,"GLOBALID":"6c067229-8be4-48b5-838b-9f19ba8b32b5","WINT_ADDDATE":null,"WINT_MODDATE":"Mon, 13 Mar 2017 03:00:00 GMT","CONDITPERD":null,"CONDITEXP":null}},{"type":"Feature","id":112,"geometry":{"type":"Point","coordinates":[-63.4839853168554,44.6663795196047]},"properties":{"OBJECTID":112,"ASSETID":"STP426","STEPID":"STP426","ASSETCODE":"RMP","OWNER":"HRM","INSTYR":2023,"INSTYRCONF":2,"MAT":"WOOD","MATCONF":2,"LOCGEN":"OSP","HRMINTRST":"Y","LENGTHM":null,"SIZE1UNIT":"M","WIDTHM":null,"SIZE2UNIT":"M","NUMSTEPS":null,"SIZE3UNIT":"UNIT","ASSETDESC":null,"PARTNER":"HRSB","ASSETSTAT":"INS","INSTDATE":"Tue, 17 Oct 2023 06:00:00 GMT","LOCATION":"COLBY VILLAGE ELEMENTARY SCHOOL PARK PLAYGROUND","MAINTBY":"HRM","ADDDATE":"Wed, 26 Feb 2025 22:41:34 GMT","MODDATE":"Wed, 05 Mar 2025 19:48:22 GMT","SDATE":"Thu, 26 Oct 2023 06:00:00 GMT","SOURCE":"Parkland Planners","SACC":"DG","WINT_PLOW":null,"WINT_MAINT":null,"WINT_ROUTE":null,"WINT_LOS":null,"WINT_MAT":null,"WINT_COMM":null,"GLOBALID":"85e5adbf-0db9-4eb2-91a9-2041fec16303","WINT_ADDDATE":null,"WINT_MODDATE":null,"CONDITPERD":null,"CONDITEXP":null}},{"type":"Feature","id":113,"geometry":{"type":"Point","coordinates":[-63.6144050878815,44.6160021587357]},"properties":{"OBJECTID":113,"ASSETID":"STP35","STEPID":"STP35","ASSETCODE":"STP","OWNER":"HRM","INSTYR":null,"INSTYRCONF":null,"MAT":"CONC","MATCONF":1,"LOCGEN":"ROW","HRMINTRST":"Y","LENGTHM":1.51176933,"SIZE1UNIT":"M","WIDTHM":1.8,"SIZE2UNIT":"M","NUMSTEPS":null,"SIZE3UNIT":"UNIT","ASSETDESC":" ","PARTNER":null,"ASSETSTAT":"INS","INSTDATE":null,"LOCATION":"WILLIAMS LAKE POCKET PARK","MAINTBY":"HRM","ADDDATE":null,"MODDATE":"Wed, 19 Apr 2023 19:43:36 GMT","SDATE":null,"SOURCE":null,"SACC":null,"WINT_PLOW":"Y","WINT_MAINT":"WSZ4","WINT_ROUTE":null,"WINT_LOS":"PRI3","WINT_MAT":null,"WINT_COMM":null,"GLOBALID":"7e9f448f-1ab7-4f5e-91ad-9be5891e3fe4","WINT_ADDDATE":"Wed, 22 Feb 2017 04:00:00 GMT","WINT_MODDATE":"Wed, 01 Jun 2022 03:00:00 GMT","CONDITPERD":null,"CONDITEXP":null}},{"type":"Feature","id":114,"geometry":{"type":"Point","coordinates":[-63.5150644744705,44.6739865131468]},"properties":{"OBJECTID":114,"ASSETID":"STP169","STEPID":"STP169","ASSETCODE":"STP","OWNER":"HRM","INSTYR":null,"INSTYRCONF":null,"MAT":"CONC","MATCONF":2,"LOCGEN":"ROW","HRMINTRST":"Y","LENGTHM":null,"SIZE1UNIT":"M","WIDTHM":null,"SIZE2UNIT":"M","NUMSTEPS":null,"SIZE3UNIT":"UNIT","ASSETDESC":null,"PARTNER":null,"ASSETSTAT":null,"INSTDATE":null,"LOCATION":null,"MAINTBY":null,"ADDDATE":"Wed, 08 Feb 2017 17:37:26 GMT","MODDATE":"Thu, 15 Jul 2021 00:07:49 GMT","SDATE":null,"SOURCE":null,"SACC":null,"WINT_PLOW":"N","WINT_MAINT":"NA","WINT_ROUTE":null,"WINT_LOS":null,"WINT_MAT":null,"WINT_COMM":null,"GLOBALID":"bffe17df-87c8-4e10-9b94-c4e2525776ed","WINT_ADDDATE":"Wed, 22 Feb 2017 04:00:00 GMT","WINT_MODDATE":null,"CONDITPERD":null,"CONDITEXP":null}},{"type":"Feature","id":115,"geometry":{"type":"Point","coordinates":[-63.6721492363158,44.724617366309]},"properties":{"OBJECTID":115,"ASSETID":"STP261","STEPID":"STP261","ASSETCODE":"STP","OWNER":"HRM","INSTYR":2019,"INSTYRCONF":1,"MAT":"WOOD","MATCONF":1,"LOCGEN":"ROW","HRMINTRST":"Y","LENGTHM":35.2,"SIZE1UNIT":"M","WIDTHM":1.5,"SIZE2UNIT":"M","NUMSTEPS":51,"SIZE3UNIT":"UNIT","ASSETDESC":"St to St  wooden steps & landings","PARTNER":null,"ASSETSTAT":"INS","INSTDATE":"Fri, 19 Jul 2019 06:00:00 GMT","LOCATION":"Panorama Ln to Fourth St Bedford","MAINTBY":"HRM","ADDDATE":"Mon, 20 Jan 2020 19:06:17 GMT","MODDATE":"Thu, 15 Jul 2021 00:07:59 GMT","SDATE":"Mon, 20 Jan 2020 08:00:00 GMT","SOURCE":null,"SACC":"DV","WINT_PLOW":"Y","WINT_MAINT":"WSZ3","WINT_ROUTE":null,"WINT_LOS":"PRI3","WINT_MAT":null,"WINT_COMM":"STREET TO STREET","GLOBALID":"afab0b9f-81de-40df-bc31-09aacaff52cc","WINT_ADDDATE":"Wed, 22 Jan 2020 04:00:00 GMT","WINT_MODDATE":null,"CONDITPERD":null,"CONDITEXP":null}},{"type":"Feature","id":116,"geometry":{"type":"Point","coordinates":[-63.5747781980299,44.6439657091532]},"properties":{"OBJECTID":116,"ASSETID":"STP335","STEPID":"STP335","ASSETCODE":"STP","OWNER":"HRM","INSTYR":null,"INSTYRCONF":null,"MAT":"UNKN","MATCONF":null,"LOCGEN":"OSP","HRMINTRST":"Y","LENGTHM":null,"SIZE1UNIT":"M","WIDTHM":null,"SIZE2UNIT":"M","NUMSTEPS":null,"SIZE3UNIT":"UNIT","ASSETDESC":null,"PARTNER":null,"ASSETSTAT":"INS","INSTDATE":null,"LOCATION":"GRAFTON STREET PARK","MAINTBY":"HRM","ADDDATE":"Tue, 04 Jul 2023 21:17:58 GMT","MODDATE":"Tue, 04 Jul 2023 21:17:58 GMT","SDATE":"Thu, 16 Dec 2021 04:00:00 GMT","SOURCE":"WOOD (2021)","SACC":"IN","WINT_PLOW":null,"WINT_MAINT":null,"WINT_ROUTE":null,"WINT_LOS":null,"WINT_MAT":null,"WINT_COMM":null,"GLOBALID":"28409431-9ced-49a8-8ed4-3b4efed1a5eb","WINT_ADDDATE":null,"WINT_MODDATE":null,"CONDITPERD":null,"CONDITEXP":null}},{"type":"Feature","id":117,"geometry":{"type":"Point","coordinates":[-63.6545624697393,44.7354848250326]},"properties":{"OBJECTID":117,"ASSETID":"STP14","STEPID":"STP14","ASSETCODE":"STP","OWNER":"HRM","INSTYR":null,"INSTYRCONF":null,"MAT":"WOOD","MATCONF":1,"LOCGEN":"ROW","HRMINTRST":"Y","LENGTHM":5.01791099,"SIZE1UNIT":"M","WIDTHM":2,"SIZE2UNIT":"M","NUMSTEPS":23,"SIZE3UNIT":"UNIT","ASSETDESC":" ","PARTNER":null,"ASSETSTAT":"INS","INSTDATE":null,"LOCATION":"1611 BEDFORD HWY TO ROCKY LAKE DR","MAINTBY":"HRM","ADDDATE":null,"MODDATE":"Thu, 15 Jul 2021 00:07:37 GMT","SDATE":null,"SOURCE":null,"SACC":null,"WINT_PLOW":"Y","WINT_MAINT":"WSZ3","WINT_ROUTE":null,"WINT_LOS":"PRI3","WINT_MAT":null,"WINT_COMM":null,"GLOBALID":"f32e7420-5f43-455f-8e77-563a977e0855","WINT_ADDDATE":null,"WINT_MODDATE":"Fri, 04 Oct 2019 03:00:00 GMT","CONDITPERD":null,"CONDITEXP":null}},{"type":"Feature","id":118,"geometry":{"type":"Point","coordinates":[-63.6164472019657,44.6072361036133]},"properties":{"OBJECTID":118,"ASSETID":"STP1","STEPID":"STP1","ASSETCODE":"STP","OWNER":"HRM","INSTYR":null,"INSTYRCONF":null,"MAT":"CONC","MATCONF":1,"LOCGEN":"OSP","HRMINTRST":"Y","LENGTHM":30.5004548,"SIZE1UNIT":"M","WIDTHM":1.5,"SIZE2UNIT":"M","NUMSTEPS":null,"SIZE3UNIT":"UNIT","ASSETDESC":" ","PARTNER":null,"ASSETSTAT":"INS","INSTDATE":null,"LOCATION":"ADJACENT 114 THORNILL DR HALIFAX","MAINTBY":"HRM","ADDDATE":null,"MODDATE":"Wed, 19 Apr 2023 19:43:36 GMT","SDATE":null,"SOURCE":null,"SACC":null,"WINT_PLOW":"Y","WINT_MAINT":"WSZ4","WINT_ROUTE":null,"WINT_LOS":"PRI3","WINT_MAT":null,"WINT_COMM":null,"GLOBALID":"ccd432c2-9c4f-466d-9ca1-9ccccba3ce8c","WINT_ADDDATE":"Wed, 22 Feb 2017 04:00:00 GMT","WINT_MODDATE":"Wed, 01 Jun 2022 03:00:00 GMT","CONDITPERD":null,"CONDITEXP":null}},{"type":"Feature","id":119,"geometry":{"type":"Point","coordinates":[-63.5364150805779,44.6974385482572]},"properties":{"OBJECTID":119,"ASSETID":"STP179","STEPID":"STP179","ASSETCODE":"STP","OWNER":"HRM","INSTYR":null,"INSTYRCONF":null,"MAT":"CONC","MATCONF":2,"LOCGEN":"ROW","HRMINTRST":"Y","LENGTHM":null,"SIZE1UNIT":"M","WIDTHM":null,"SIZE2UNIT":"M","NUMSTEPS":4,"SIZE3UNIT":"UNIT","ASSETDESC":"concrete step with metal railing on one side","PARTNER":null,"ASSETSTAT":"INS","INSTDATE":null,"LOCATION":"204 Caledonia Rd, leading from SW","MAINTBY":"HRM","ADDDATE":"Tue, 28 Feb 2017 17:23:00 GMT","MODDATE":"Wed, 14 Sep 2022 19:36:51 GMT","SDATE":null,"SOURCE":null,"SACC":null,"WINT_PLOW":"Y","WINT_MAINT":"WSZ1","WINT_ROUTE":null,"WINT_LOS":"PRI3","WINT_MAT":null,"WINT_COMM":null,"GLOBALID":"2a0916ef-46b1-4ec6-b47d-a52bf2dec511","WINT_ADDDATE":"Thu, 10 Oct 2019 03:00:00 GMT","WINT_MODDATE":"Wed, 01 Jun 2022 03:00:00 GMT","CONDITPERD":null,"CONDITEXP":null}},{"type":"Feature","id":120,"geometry":{"type":"Point","coordinates":[-63.6671704783638,44.724326816725]},"properties":{"OBJECTID":120,"ASSETID":"STP77","STEPID":"STP77","ASSETCODE":"STP","OWNER":"HRM","INSTYR":null,"INSTYRCONF":null,"MAT":"CONC","MATCONF":1,"LOCGEN":"OSP","HRMINTRST":"Y","LENGTHM":3.4,"SIZE1UNIT":"M","WIDTHM":1.8,"SIZE2UNIT":"M","NUMSTEPS":null,"SIZE3UNIT":"UNIT","ASSETDESC":" ","PARTNER":null,"ASSETSTAT":"INS","INSTDATE":null,"LOCATION":"BEDFORD LIONS PARK","MAINTBY":"HRM","ADDDATE":null,"MODDATE":"Wed, 19 Apr 2023 19:43:36 GMT","SDATE":null,"SOURCE":null,"SACC":null,"WINT_PLOW":"N","WINT_MAINT":"NA","WINT_ROUTE":null,"WINT_LOS":null,"WINT_MAT":null,"WINT_COMM":null,"GLOBALID":"abbbd536-cd13-423e-9793-b9a6856c8c31","WINT_ADDDATE":null,"WINT_MODDATE":"Thu, 18 Aug 2016 03:00:00 GMT","CONDITPERD":null,"CONDITEXP":null}},{"type":"Feature","id":121,"geometry":{"type":"Point","coordinates":[-63.5629336702603,44.6737611281708]},"properties":{"OBJECTID":121,"ASSETID":"STP121","STEPID":"STP121","ASSETCODE":"STP","OWNER":"HRM","INSTYR":2008,"INSTYRCONF":null,"MAT":"WOOD","MATCONF":1,"LOCGEN":"OSP","HRMINTRST":"Y","LENGTHM":4.9,"SIZE1UNIT":"M","WIDTHM":0.9,"SIZE2UNIT":"M","NUMSTEPS":null,"SIZE3UNIT":"UNIT","ASSETDESC":null,"PARTNER":null,"ASSETSTAT":"INS","INSTDATE":"Thu, 01 May 2008 03:00:00 GMT","LOCATION":"SULLIVAN'S POND PARK","MAINTBY":"HRM","ADDDATE":null,"MODDATE":"Tue, 15 Mar 2022 21:25:27 GMT","SDATE":null,"SOURCE":null,"SACC":null,"WINT_PLOW":"N","WINT_MAINT":"NA","WINT_ROUTE":null,"WINT_LOS":null,"WINT_MAT":null,"WINT_COMM":null,"GLOBALID":"e1b72c55-1bef-4ada-bf63-55f5d473f118","WINT_ADDDATE":"Thu, 10 Oct 2019 03:00:00 GMT","WINT_MODDATE":null,"CONDITPERD":null,"CONDITEXP":null}},{"type":"Feature","id":122,"geometry":{"type":"Point","coordinates":[-63.5891585602521,44.6840329631573]},"properties":{"OBJECTID":122,"ASSETID":"STP244","STEPID":"STP244","ASSETCODE":"STP","OWNER":"HRM","INSTYR":null,"INSTYRCONF":null,"MAT":"WOOD","MATCONF":1,"LOCGEN":"BLD","HRMINTRST":"Y","LENGTHM":null,"SIZE1UNIT":"M","WIDTHM":null,"SIZE2UNIT":"M","NUMSTEPS":null,"SIZE3UNIT":"UNIT","ASSETDESC":null,"PARTNER":null,"ASSETSTAT":"INS","INSTDATE":null,"LOCATION":null,"MAINTBY":"HRM","ADDDATE":"Thu, 25 Jul 2019 21:47:22 GMT","MODDATE":"Wed, 19 Apr 2023 19:43:36 GMT","SDATE":null,"SOURCE":"HRMGIS","SACC":"PH","WINT_PLOW":"N","WINT_MAINT":"NA","WINT_ROUTE":null,"WINT_LOS":null,"WINT_MAT":null,"WINT_COMM":null,"GLOBALID":"bc4a0650-dd03-4f30-9f65-8fd096364668","WINT_ADDDATE":"Thu, 10 Oct 2019 03:00:00 GMT","WINT_MODDATE":null,"CONDITPERD":null,"CONDITEXP":null}},{"type":"Feature","id":123,"geometry":{"type":"Point","coordinates":[-63.5693273691079,44.6394773311361]},"properties":{"OBJECTID":123,"ASSETID":"STP340","STEPID":"STP340","ASSETCODE":"STP","OWNER":"HRM","INSTYR":null,"INSTYRCONF":null,"MAT":"UNKN","MATCONF":null,"LOCGEN":"OSP","HRMINTRST":"Y","LENGTHM":null,"SIZE1UNIT":"M","WIDTHM":null,"SIZE2UNIT":"M","NUMSTEPS":null,"SIZE3UNIT":"UNIT","ASSETDESC":null,"PARTNER":null,"ASSETSTAT":"INS","INSTDATE":null,"LOCATION":"PEACE AND FRIENDSHIP PARK","MAINTBY":"HRM","ADDDATE":"Tue, 04 Jul 2023 21:17:58 GMT","MODDATE":"Tue, 04 Jul 2023 21:17:58 GMT","SDATE":"Thu, 16 Dec 2021 04:00:00 GMT","SOURCE":"WOOD (2021)","SACC":"IN","WINT_PLOW":null,"WINT_MAINT":null,"WINT_ROUTE":null,"WINT_LOS":null,"WINT_MAT":null,"WINT_COMM":null,"GLOBALID":"1a3468e8-d552-42a7-b044-7ba04e6a617b","WINT_ADDDATE":null,"WINT_MODDATE":null,"CONDITPERD":null,"CONDITEXP":null}},{"type":"Feature","id":124,"geometry":{"type":"Point","coordinates":[-63.6212220764842,44.6283245101124]},"properties":{"OBJECTID":124,"ASSETID":"STP318","STEPID":"STP318","ASSETCODE":"STP","OWNER":"UN","INSTYR":null,"INSTYRCONF":null,"MAT":"CONC","MATCONF":1,"LOCGEN":null,"HRMINTRST":"Y","LENGTHM":null,"SIZE1UNIT":"M","WIDTHM":null,"SIZE2UNIT":"M","NUMSTEPS":null,"SIZE3UNIT":"UNIT","ASSETDESC":null,"PARTNER":null,"ASSETSTAT":"INS","INSTDATE":null,"LOCATION":"66 BROMLEY RD, HALIFAX","MAINTBY":null,"ADDDATE":"Tue, 04 Jul 2023 21:17:58 GMT","MODDATE":"Tue, 04 Jul 2023 21:17:58 GMT","SDATE":"Thu, 16 Dec 2021 04:00:00 GMT","SOURCE":"WOOD (2021)","SACC":"IN","WINT_PLOW":null,"WINT_MAINT":null,"WINT_ROUTE":null,"WINT_LOS":null,"WINT_MAT":null,"WINT_COMM":null,"GLOBALID":"fa2bb0dd-94cb-4b69-9d2e-ac273c12a93e","WINT_ADDDATE":null,"WINT_MODDATE":null,"CONDITPERD":null,"CONDITEXP":null}},{"type":"Feature","id":125,"geometry":{"type":"Point","coordinates":[-63.588814818112,44.65704168182]},"properties":{"OBJECTID":125,"ASSETID":"STP345","STEPID":"STP345","ASSETCODE":"STP","OWNER":"HRM","INSTYR":null,"INSTYRCONF":null,"MAT":"CONC","MATCONF":1,"LOCGEN":"OSP","HRMINTRST":"Y","LENGTHM":null,"SIZE1UNIT":"M","WIDTHM":null,"SIZE2UNIT":"M","NUMSTEPS":null,"SIZE3UNIT":"UNIT","ASSETDESC":null,"PARTNER":null,"ASSETSTAT":"INS","INSTDATE":null,"LOCATION":"GEORGE DIXON CENTRE PARK","MAINTBY":"HRM","ADDDATE":"Tue, 04 Jul 2023 21:17:58 GMT","MODDATE":"Tue, 04 Jul 2023 21:17:58 GMT","SDATE":"Thu, 16 Dec 2021 04:00:00 GMT","SOURCE":"WOOD (2021)","SACC":"IN","WINT_PLOW":null,"WINT_MAINT":null,"WINT_ROUTE":null,"WINT_LOS":null,"WINT_MAT":null,"WINT_COMM":null,"GLOBALID":"65e0057e-3c79-4c05-a76c-c27489c7d2ed","WINT_ADDDATE":null,"WINT_MODDATE":null,"CONDITPERD":null,"CONDITEXP":null}},{"type":"Feature","id":126,"geometry":{"type":"Point","coordinates":[-63.5645309502939,44.673125210359]},"properties":{"OBJECTID":126,"ASSETID":"STP109","STEPID":"STP109","ASSETCODE":"STP","OWNER":"HRM","INSTYR":null,"INSTYRCONF":null,"MAT":"WOOD","MATCONF":3,"LOCGEN":"OSP","HRMINTRST":"Y","LENGTHM":4.8,"SIZE1UNIT":"M","WIDTHM":0.9,"SIZE2UNIT":"M","NUMSTEPS":null,"SIZE3UNIT":"UNIT","ASSETDESC":" ","PARTNER":null,"ASSETSTAT":"INS","INSTDATE":null,"LOCATION":"SULLIVANS POND PARK","MAINTBY":"HRM","ADDDATE":null,"MODDATE":"Thu, 15 Jul 2021 00:07:46 GMT","SDATE":null,"SOURCE":null,"SACC":null,"WINT_PLOW":"N","WINT_MAINT":"NA","WINT_ROUTE":null,"WINT_LOS":null,"WINT_MAT":null,"WINT_COMM":null,"GLOBALID":"610597f5-c70f-46ea-911d-802cdf765488","WINT_ADDDATE":null,"WINT_MODDATE":"Fri, 02 Dec 2016 04:00:00 GMT","CONDITPERD":null,"CONDITEXP":null}},{"type":"Feature","id":127,"geometry":{"type":"Point","coordinates":[-63.4677759739349,44.7454543741232]},"properties":{"OBJECTID":127,"ASSETID":"STP351","STEPID":"STP351","ASSETCODE":"STP","OWNER":"HRM","INSTYR":null,"INSTYRCONF":null,"MAT":"CONC","MATCONF":1,"LOCGEN":null,"HRMINTRST":"Y","LENGTHM":null,"SIZE1UNIT":"M","WIDTHM":null,"SIZE2UNIT":"M","NUMSTEPS":null,"SIZE3UNIT":"UNIT","ASSETDESC":null,"PARTNER":null,"ASSETSTAT":"INS","INSTDATE":null,"LOCATION":"NORTH PRESTON COMMUNITY CENTRE PARK","MAINTBY":"HRM","ADDDATE":"Tue, 04 Jul 2023 21:17:58 GMT","MODDATE":"Tue, 04 Jul 2023 21:17:58 GMT","SDATE":"Thu, 16 Dec 2021 04:00:00 GMT","SOURCE":"WOOD (2021)","SACC":"IN","WINT_PLOW":null,"WINT_MAINT":null,"WINT_ROUTE":null,"WINT_LOS":null,"WINT_MAT":null,"WINT_COMM":null,"GLOBALID":"0d276fc4-43e4-4f65-a5ad-088eef806052","WINT_ADDDATE":null,"WINT_MODDATE":null,"CONDITPERD":null,"CONDITEXP":null}},{"type":"Feature","id":128,"geometry":{"type":"Point","coordinates":[-63.4839895775648,44.6719757814223]},"properties":{"OBJECTID":128,"ASSETID":"STP229","STEPID":"STP229","ASSETCODE":"STP","OWNER":"HRM","INSTYR":null,"INSTYRCONF":null,"MAT":"CONC","MATCONF":1,"LOCGEN":"BLD","HRMINTRST":"Y","LENGTHM":null,"SIZE1UNIT":"M","WIDTHM":null,"SIZE2UNIT":"M","NUMSTEPS":null,"SIZE3UNIT":"UNIT","ASSETDESC":null,"PARTNER":null,"ASSETSTAT":"INS","INSTDATE":null,"LOCATION":null,"MAINTBY":"HRM","ADDDATE":"Thu, 25 Jul 2019 21:47:22 GMT","MODDATE":"Wed, 19 Apr 2023 19:43:36 GMT","SDATE":null,"SOURCE":"HRMGIS","SACC":"PH","WINT_PLOW":"N","WINT_MAINT":"NA","WINT_ROUTE":null,"WINT_LOS":null,"WINT_MAT":null,"WINT_COMM":null,"GLOBALID":"b4dd8790-f28f-49f1-aaa1-bcf851d1ea37","WINT_ADDDATE":"Thu, 10 Oct 2019 03:00:00 GMT","WINT_MODDATE":"Thu, 28 Jan 2021 04:00:00 GMT","CONDITPERD":null,"CONDITEXP":null}},{"type":"Feature","id":129,"geometry":{"type":"Point","coordinates":[-63.5663570608749,44.6699849038448]},"properties":{"OBJECTID":129,"ASSETID":"STP52","STEPID":"STP52","ASSETCODE":"STP","OWNER":"HRM","INSTYR":null,"INSTYRCONF":null,"MAT":"WOOD","MATCONF":3,"LOCGEN":"OSP","HRMINTRST":"Y","LENGTHM":1.8,"SIZE1UNIT":"M","WIDTHM":1.22,"SIZE2UNIT":"M","NUMSTEPS":null,"SIZE3UNIT":"UNIT","ASSETDESC":" ","PARTNER":null,"ASSETSTAT":"INS","INSTDATE":null,"LOCATION":"PINE ST PARK","MAINTBY":"HRM","ADDDATE":null,"MODDATE":"Thu, 15 Jul 2021 00:07:43 GMT","SDATE":null,"SOURCE":null,"SACC":null,"WINT_PLOW":"N","WINT_MAINT":"NA","WINT_ROUTE":null,"WINT_LOS":null,"WINT_MAT":null,"WINT_COMM":null,"GLOBALID":"69d667bf-5222-45a9-9028-f594792274fe","WINT_ADDDATE":"Thu, 10 Oct 2019 03:00:00 GMT","WINT_MODDATE":null,"CONDITPERD":null,"CONDITEXP":null}},{"type":"Feature","id":130,"geometry":{"type":"Point","coordinates":[-63.4781924849317,44.6068788243369]},"properties":{"OBJECTID":130,"ASSETID":"STP290","STEPID":"STP290","ASSETCODE":"STP","OWNER":"HRM","INSTYR":null,"INSTYRCONF":null,"MAT":"CONC","MATCONF":1,"LOCGEN":"OSP","HRMINTRST":"Y","LENGTHM":null,"SIZE1UNIT":"M","WIDTHM":null,"SIZE2UNIT":"M","NUMSTEPS":null,"SIZE3UNIT":"UNIT","ASSETDESC":"Hand rails appear rusted","PARTNER":null,"ASSETSTAT":"INS","INSTDATE":null,"LOCATION":"EASTERN PASSAGE COMMON","MAINTBY":"HRM","ADDDATE":"Tue, 08 Mar 2022 21:56:49 GMT","MODDATE":"Tue, 08 Mar 2022 22:02:00 GMT","SDATE":null,"SOURCE":null,"SACC":"DG","WINT_PLOW":null,"WINT_MAINT":null,"WINT_ROUTE":null,"WINT_LOS":null,"WINT_MAT":null,"WINT_COMM":null,"GLOBALID":"56ed4fad-0df2-43de-a9bb-ae095af5858b","WINT_ADDDATE":null,"WINT_MODDATE":null,"CONDITPERD":null,"CONDITEXP":null}},{"type":"Feature","id":131,"geometry":{"type":"Point","coordinates":[-63.6676158262508,44.7245534308076]},"properties":{"OBJECTID":131,"ASSETID":"STP75","STEPID":"STP75","ASSETCODE":"STP","OWNER":"HRM","INSTYR":null,"INSTYRCONF":null,"MAT":"CONC","MATCONF":1,"LOCGEN":"OSP","HRMINTRST":"Y","LENGTHM":1.6,"SIZE1UNIT":"M","WIDTHM":1.2,"SIZE2UNIT":"M","NUMSTEPS":null,"SIZE3UNIT":"UNIT","ASSETDESC":" ","PARTNER":null,"ASSETSTAT":"INS","INSTDATE":null,"LOCATION":"BEDFORD LIONS PARK","MAINTBY":"HRM","ADDDATE":null,"MODDATE":"Wed, 19 Apr 2023 19:43:36 GMT","SDATE":null,"SOURCE":null,"SACC":null,"WINT_PLOW":"N","WINT_MAINT":"NA","WINT_ROUTE":null,"WINT_LOS":null,"WINT_MAT":null,"WINT_COMM":null,"GLOBALID":"7c6ea83d-595a-442e-b499-48ade1c91dab","WINT_ADDDATE":null,"WINT_MODDATE":"Thu, 18 Aug 2016 03:00:00 GMT","CONDITPERD":null,"CONDITEXP":null}},{"type":"Feature","id":132,"geometry":{"type":"Point","coordinates":[-63.6697395271257,44.6953348623431]},"properties":{"OBJECTID":132,"ASSETID":"STP11","STEPID":"STP11","ASSETCODE":"STP","OWNER":"HRM","INSTYR":null,"INSTYRCONF":null,"MAT":"CONC","MATCONF":1,"LOCGEN":"OSP","HRMINTRST":"Y","LENGTHM":10.64774043,"SIZE1UNIT":"M","WIDTHM":2,"SIZE2UNIT":"M","NUMSTEPS":26,"SIZE3UNIT":"UNIT","ASSETDESC":"concrete  steps / steel railings","PARTNER":null,"ASSETSTAT":"INS","INSTDATE":null,"LOCATION":"ADJACENT 24 HELMSMAN CRT HALIFAX","MAINTBY":"HRM","ADDDATE":null,"MODDATE":"Wed, 19 Apr 2023 19:43:36 GMT","SDATE":null,"SOURCE":null,"SACC":null,"WINT_PLOW":"Y","WINT_MAINT":"WSZ3","WINT_ROUTE":null,"WINT_LOS":"PRI3","WINT_MAT":null,"WINT_COMM":null,"GLOBALID":"0083523d-2890-4180-97a4-af568704cbce","WINT_ADDDATE":"Fri, 08 Jul 2016 03:00:00 GMT","WINT_MODDATE":"Tue, 01 Oct 2019 03:00:00 GMT","CONDITPERD":null,"CONDITEXP":null}},{"type":"Feature","id":133,"geometry":{"type":"Point","coordinates":[-63.5607769131795,44.6797196532853]},"properties":{"OBJECTID":133,"ASSETID":"STP60","STEPID":"STP60","ASSETCODE":"STP","OWNER":"HRM","INSTYR":2009,"INSTYRCONF":null,"MAT":"CONC","MATCONF":3,"LOCGEN":"OSP","HRMINTRST":"Y","LENGTHM":2.9,"SIZE1UNIT":"M","WIDTHM":1.5,"SIZE2UNIT":"M","NUMSTEPS":null,"SIZE3UNIT":"UNIT","ASSETDESC":" ","PARTNER":null,"ASSETSTAT":"INS","INSTDATE":"Fri, 01 May 2009 03:00:00 GMT","LOCATION":"BIRCH COVE PARK","MAINTBY":"HRM","ADDDATE":null,"MODDATE":"Thu, 15 Jul 2021 00:07:43 GMT","SDATE":null,"SOURCE":null,"SACC":null,"WINT_PLOW":"N","WINT_MAINT":"NA","WINT_ROUTE":null,"WINT_LOS":null,"WINT_MAT":null,"WINT_COMM":null,"GLOBALID":"8d916e38-3325-42ab-8d7f-281b06ce59a3","WINT_ADDDATE":"Thu, 10 Oct 2019 03:00:00 GMT","WINT_MODDATE":null,"CONDITPERD":null,"CONDITEXP":null}},{"type":"Feature","id":134,"geometry":{"type":"Point","coordinates":[-63.6667256532964,44.7271591704734]},"properties":{"OBJECTID":134,"ASSETID":"STP245","STEPID":"STP245","ASSETCODE":"STP","OWNER":"HRM","INSTYR":null,"INSTYRCONF":null,"MAT":"CONC","MATCONF":1,"LOCGEN":"BLD","HRMINTRST":"Y","LENGTHM":null,"SIZE1UNIT":"M","WIDTHM":null,"SIZE2UNIT":"M","NUMSTEPS":null,"SIZE3UNIT":"UNIT","ASSETDESC":null,"PARTNER":null,"ASSETSTAT":"INS","INSTDATE":null,"LOCATION":null,"MAINTBY":"HRM","ADDDATE":"Thu, 25 Jul 2019 21:47:22 GMT","MODDATE":"Wed, 19 Apr 2023 19:43:36 GMT","SDATE":null,"SOURCE":"HRMGIS","SACC":"PH","WINT_PLOW":"Y","WINT_MAINT":"BLDG","WINT_ROUTE":null,"WINT_LOS":null,"WINT_MAT":null,"WINT_COMM":null,"GLOBALID":"41790b31-c1d1-4249-b1de-b1fc80b38d3b","WINT_ADDDATE":"Thu, 10 Oct 2019 03:00:00 GMT","WINT_MODDATE":"Wed, 19 Feb 2020 04:00:00 GMT","CONDITPERD":null,"CONDITEXP":null}},{"type":"Feature","id":135,"geometry":{"type":"Point","coordinates":[-63.5806026587365,44.6496434114633]},"properties":{"OBJECTID":135,"ASSETID":"STP212","STEPID":"STP212","ASSETCODE":"STP","OWNER":"HRM","INSTYR":null,"INSTYRCONF":null,"MAT":"CONC","MATCONF":1,"LOCGEN":"BLD","HRMINTRST":"Y","LENGTHM":null,"SIZE1UNIT":"M","WIDTHM":null,"SIZE2UNIT":"M","NUMSTEPS":null,"SIZE3UNIT":"UNIT","ASSETDESC":null,"PARTNER":null,"ASSETSTAT":"INS","INSTDATE":null,"LOCATION":null,"MAINTBY":"HRM","ADDDATE":"Thu, 25 Jul 2019 21:47:22 GMT","MODDATE":"Wed, 19 Apr 2023 19:43:36 GMT","SDATE":null,"SOURCE":"HRMGIS","SACC":"PH","WINT_PLOW":"N","WINT_MAINT":"NA","WINT_ROUTE":null,"WINT_LOS":null,"WINT_MAT":null,"WINT_COMM":null,"GLOBALID":"77869fe3-a6b7-4e73-88ea-8f81cfc8447d","WINT_ADDDATE":"Thu, 10 Oct 2019 03:00:00 GMT","WINT_MODDATE":"Thu, 28 Jan 2021 04:00:00 GMT","CONDITPERD":null,"CONDITEXP":null}},{"type":"Feature","id":136,"geometry":{"type":"Point","coordinates":[-63.5847270460898,44.6855357364119]},"properties":{"OBJECTID":136,"ASSETID":"STP22","STEPID":"STP22","ASSETCODE":"STP","OWNER":"HRM","INSTYR":null,"INSTYRCONF":null,"MAT":"WOOD","MATCONF":1,"LOCGEN":"ROW","HRMINTRST":"Y","LENGTHM":13.88330861,"SIZE1UNIT":"M","WIDTHM":2,"SIZE2UNIT":"M","NUMSTEPS":null,"SIZE3UNIT":"UNIT","ASSETDESC":" ","PARTNER":null,"ASSETSTAT":"INS","INSTDATE":null,"LOCATION":"49 BRULE ST TO PINECREST DR","MAINTBY":"HRM","ADDDATE":null,"MODDATE":"Thu, 15 Jul 2021 00:07:34 GMT","SDATE":null,"SOURCE":null,"SACC":null,"WINT_PLOW":"Y","WINT_MAINT":"SWZ8","WINT_ROUTE":null,"WINT_LOS":"PRI3","WINT_MAT":null,"WINT_COMM":null,"GLOBALID":"550867d9-5f07-4502-92cc-aaceb40d5184","WINT_ADDDATE":"Thu, 30 Jun 2016 03:00:00 GMT","WINT_MODDATE":null,"CONDITPERD":null,"CONDITEXP":null}},{"type":"Feature","id":137,"geometry":{"type":"Point","coordinates":[-63.5567480400971,44.6782282045218]},"properties":{"OBJECTID":137,"ASSETID":"STP120","STEPID":"STP120","ASSETCODE":"STP","OWNER":"HRM","INSTYR":null,"INSTYRCONF":null,"MAT":"WOOD","MATCONF":3,"LOCGEN":"OSP","HRMINTRST":"Y","LENGTHM":2.7,"SIZE1UNIT":"M","WIDTHM":4.9,"SIZE2UNIT":"M","NUMSTEPS":null,"SIZE3UNIT":"UNIT","ASSETDESC":" ","PARTNER":null,"ASSETSTAT":"INS","INSTDATE":null,"LOCATION":"LAKE BANOOK REGIONAL PARK","MAINTBY":"HRM","ADDDATE":null,"MODDATE":"Wed, 19 Apr 2023 19:43:36 GMT","SDATE":null,"SOURCE":null,"SACC":null,"WINT_PLOW":"N","WINT_MAINT":"NA","WINT_ROUTE":null,"WINT_LOS":null,"WINT_MAT":null,"WINT_COMM":null,"GLOBALID":"70642c16-80ec-48b1-b6c4-68e7306b6967","WINT_ADDDATE":"Thu, 10 Oct 2019 03:00:00 GMT","WINT_MODDATE":null,"CONDITPERD":null,"CONDITEXP":null}},{"type":"Feature","id":138,"geometry":{"type":"Point","coordinates":[-63.6797852099799,44.7142225482797]},"properties":{"OBJECTID":138,"ASSETID":"STP87","STEPID":"STP87","ASSETCODE":"STP","OWNER":"HRM","INSTYR":null,"INSTYRCONF":null,"MAT":"WOOD","MATCONF":3,"LOCGEN":"OSP","HRMINTRST":"Y","LENGTHM":5.1,"SIZE1UNIT":"M","WIDTHM":0.97,"SIZE2UNIT":"M","NUMSTEPS":null,"SIZE3UNIT":"UNIT","ASSETDESC":" ","PARTNER":null,"ASSETSTAT":"INS","INSTDATE":null,"LOCATION":"MOIRS MILL PARK","MAINTBY":"UN","ADDDATE":null,"MODDATE":"Thu, 15 Jul 2021 00:07:45 GMT","SDATE":null,"SOURCE":null,"SACC":null,"WINT_PLOW":"N","WINT_MAINT":"NA","WINT_ROUTE":null,"WINT_LOS":null,"WINT_MAT":null,"WINT_COMM":null,"GLOBALID":"961e173f-4f8f-446e-afc7-5261b4121931","WINT_ADDDATE":"Thu, 10 Oct 2019 03:00:00 GMT","WINT_MODDATE":null,"CONDITPERD":null,"CONDITEXP":null}},{"type":"Feature","id":139,"geometry":{"type":"Point","coordinates":[-63.6570846776474,44.6748955086499]},"properties":{"OBJECTID":139,"ASSETID":"STP330","STEPID":"STP330","ASSETCODE":"STP","OWNER":"HRM","INSTYR":null,"INSTYRCONF":null,"MAT":"CONC","MATCONF":1,"LOCGEN":"OSP","HRMINTRST":"Y","LENGTHM":null,"SIZE1UNIT":"M","WIDTHM":null,"SIZE2UNIT":"M","NUMSTEPS":null,"SIZE3UNIT":"UNIT","ASSETDESC":null,"PARTNER":null,"ASSETSTAT":"INS","INSTDATE":null,"LOCATION":"TREMONT PLATEAU PARK","MAINTBY":"HRM","ADDDATE":"Tue, 04 Jul 2023 21:17:58 GMT","MODDATE":"Tue, 04 Jul 2023 21:17:58 GMT","SDATE":"Thu, 16 Dec 2021 04:00:00 GMT","SOURCE":"WOOD (2021)","SACC":"IN","WINT_PLOW":null,"WINT_MAINT":null,"WINT_ROUTE":null,"WINT_LOS":null,"WINT_MAT":null,"WINT_COMM":null,"GLOBALID":"ae14512d-a73d-4d56-b1d1-c5f6c618ea0d","WINT_ADDDATE":null,"WINT_MODDATE":null,"CONDITPERD":null,"CONDITEXP":null}},{"type":"Feature","id":140,"geometry":{"type":"Point","coordinates":[-63.6731087717866,44.7768618869325]},"properties":{"OBJECTID":140,"ASSETID":"STP311","STEPID":"STP311","ASSETCODE":"STP","OWNER":"HRM","INSTYR":null,"INSTYRCONF":null,"MAT":"CONC","MATCONF":1,"LOCGEN":"OSP","HRMINTRST":"Y","LENGTHM":null,"SIZE1UNIT":"M","WIDTHM":null,"SIZE2UNIT":"M","NUMSTEPS":null,"SIZE3UNIT":"UNIT","ASSETDESC":null,"PARTNER":null,"ASSETSTAT":"INS","INSTDATE":null,"LOCATION":"KINSMEN PARK","MAINTBY":"HRM","ADDDATE":"Tue, 04 Jul 2023 21:17:58 GMT","MODDATE":"Tue, 04 Jul 2023 21:17:58 GMT","SDATE":"Thu, 16 Dec 2021 04:00:00 GMT","SOURCE":"WOOD (2021)","SACC":"IN","WINT_PLOW":null,"WINT_MAINT":null,"WINT_ROUTE":null,"WINT_LOS":null,"WINT_MAT":null,"WINT_COMM":null,"GLOBALID":"c76ead62-d1bb-49c5-8e9b-d4db9198d4df","WINT_ADDDATE":null,"WINT_MODDATE":null,"CONDITPERD":null,"CONDITEXP":null}},{"type":"Feature","id":141,"geometry":{"type":"Point","coordinates":[-63.6327370725632,44.6461021335392]},"properties":{"OBJECTID":141,"ASSETID":"STP37","STEPID":"STP37","ASSETCODE":"STP","OWNER":"HRM","INSTYR":null,"INSTYRCONF":null,"MAT":"UNKN","MATCONF":null,"LOCGEN":"ROW","HRMINTRST":"Y","LENGTHM":null,"SIZE1UNIT":"M","WIDTHM":null,"SIZE2UNIT":"M","NUMSTEPS":null,"SIZE3UNIT":"UNIT","ASSETDESC":" ","PARTNER":null,"ASSETSTAT":"INS","INSTDATE":null,"LOCATION":"ADJACENT 9 HANSON DR HALIFAX","MAINTBY":null,"ADDDATE":null,"MODDATE":"Wed, 14 Sep 2022 19:36:51 GMT","SDATE":null,"SOURCE":null,"SACC":null,"WINT_PLOW":"Y","WINT_MAINT":"WSZ4","WINT_ROUTE":null,"WINT_LOS":"PRI3","WINT_MAT":null,"WINT_COMM":null,"GLOBALID":"abaad963-5aad-4c7f-8d42-5c6c42556655","WINT_ADDDATE":"Fri, 08 Jul 2016 03:00:00 GMT","WINT_MODDATE":"Wed, 01 Jun 2022 03:00:00 GMT","CONDITPERD":null,"CONDITEXP":null}},{"type":"Feature","id":142,"geometry":{"type":"Point","coordinates":[-63.6740579326141,44.7310110401491]},"properties":{"OBJECTID":142,"ASSETID":"STP150","STEPID":"STP150","ASSETCODE":"STP","OWNER":"HRM","INSTYR":null,"INSTYRCONF":null,"MAT":"WOOD","MATCONF":1,"LOCGEN":"ROW","HRMINTRST":"Y","LENGTHM":29,"SIZE1UNIT":"M","WIDTHM":1.5,"SIZE2UNIT":"M","NUMSTEPS":56,"SIZE3UNIT":"UNIT","ASSETDESC":null,"PARTNER":null,"ASSETSTAT":"INS","INSTDATE":null,"LOCATION":"78 Clearview dr tp 33 Horizon","MAINTBY":"HRM","ADDDATE":"Thu, 14 Jul 2016 19:26:09 GMT","MODDATE":"Wed, 19 Apr 2023 19:43:36 GMT","SDATE":null,"SOURCE":null,"SACC":null,"WINT_PLOW":"Y","WINT_MAINT":"WSZ3","WINT_ROUTE":null,"WINT_LOS":"PRI3","WINT_MAT":null,"WINT_COMM":null,"GLOBALID":"4830682b-bb8e-488b-9f51-2934c310ea35","WINT_ADDDATE":"Wed, 22 Feb 2017 04:00:00 GMT","WINT_MODDATE":"Fri, 04 Oct 2019 03:00:00 GMT","CONDITPERD":null,"CONDITEXP":null}},{"type":"Feature","id":143,"geometry":{"type":"Point","coordinates":[-63.5952318255463,44.6339247254264]},"properties":{"OBJECTID":143,"ASSETID":"STP298","STEPID":"STP298","ASSETCODE":"STP","OWNER":"HRM","INSTYR":null,"INSTYRCONF":null,"MAT":"WOOD","MATCONF":1,"LOCGEN":"OSP","HRMINTRST":"Y","LENGTHM":null,"SIZE1UNIT":"M","WIDTHM":null,"SIZE2UNIT":"M","NUMSTEPS":5,"SIZE3UNIT":"UNIT","ASSETDESC":"Wooden railings","PARTNER":null,"ASSETSTAT":"INS","INSTDATE":null,"LOCATION":"HALIFAX URBAN GREENWAY PARK","MAINTBY":"HRM","ADDDATE":"Mon, 02 May 2022 17:16:26 GMT","MODDATE":"Mon, 02 May 2022 17:19:38 GMT","SDATE":null,"SOURCE":null,"SACC":"DG","WINT_PLOW":null,"WINT_MAINT":null,"WINT_ROUTE":null,"WINT_LOS":null,"WINT_MAT":null,"WINT_COMM":null,"GLOBALID":"e0275a6c-efca-4ffd-89bd-b7caa3cdf149","WINT_ADDDATE":null,"WINT_MODDATE":null,"CONDITPERD":null,"CONDITEXP":null}},{"type":"Feature","id":144,"geometry":{"type":"Point","coordinates":[-63.6035653931308,44.6670112372872]},"properties":{"OBJECTID":144,"ASSETID":"STP243","STEPID":"STP243","ASSETCODE":"STP","OWNER":"HRM","INSTYR":null,"INSTYRCONF":null,"MAT":null,"MATCONF":null,"LOCGEN":"BLD","HRMINTRST":"Y","LENGTHM":null,"SIZE1UNIT":"M","WIDTHM":null,"SIZE2UNIT":"M","NUMSTEPS":null,"SIZE3UNIT":"UNIT","ASSETDESC":null,"PARTNER":null,"ASSETSTAT":"INS","INSTDATE":null,"LOCATION":null,"MAINTBY":"HRM","ADDDATE":"Thu, 25 Jul 2019 21:47:22 GMT","MODDATE":"Thu, 15 Jul 2021 00:07:57 GMT","SDATE":null,"SOURCE":"HRMGIS","SACC":"PH","WINT_PLOW":"N","WINT_MAINT":"NA","WINT_ROUTE":null,"WINT_LOS":null,"WINT_MAT":null,"WINT_COMM":null,"GLOBALID":"39554c4e-a9d3-4e6e-89be-8aebd5dd945c","WINT_ADDDATE":"Thu, 10 Oct 2019 03:00:00 GMT","WINT_MODDATE":"Thu, 28 Jan 2021 04:00:00 GMT","CONDITPERD":null,"CONDITEXP":null}},{"type":"Feature","id":145,"geometry":{"type":"Point","coordinates":[-63.46780077103,44.7452807250854]},"properties":{"OBJECTID":145,"ASSETID":"STP349","STEPID":"STP349","ASSETCODE":"STP","OWNER":"HRM","INSTYR":null,"INSTYRCONF":null,"MAT":"CONC","MATCONF":1,"LOCGEN":null,"HRMINTRST":"Y","LENGTHM":null,"SIZE1UNIT":"M","WIDTHM":null,"SIZE2UNIT":"M","NUMSTEPS":null,"SIZE3UNIT":"UNIT","ASSETDESC":null,"PARTNER":null,"ASSETSTAT":"INS","INSTDATE":null,"LOCATION":"NORTH PRESTON COMMUNITY CENTRE PARK","MAINTBY":"HRM","ADDDATE":"Tue, 04 Jul 2023 21:17:58 GMT","MODDATE":"Tue, 04 Jul 2023 21:17:58 GMT","SDATE":"Thu, 16 Dec 2021 04:00:00 GMT","SOURCE":"WOOD (2021)","SACC":"IN","WINT_PLOW":null,"WINT_MAINT":null,"WINT_ROUTE":null,"WINT_LOS":null,"WINT_MAT":null,"WINT_COMM":null,"GLOBALID":"22386dd8-05b0-4cad-ad08-bf15313b3db7","WINT_ADDDATE":null,"WINT_MODDATE":null,"CONDITPERD":null,"CONDITEXP":null}},{"type":"Feature","id":146,"geometry":{"type":"Point","coordinates":[-63.633038659462,44.6422081985982]},"properties":{"OBJECTID":146,"ASSETID":"STP104","STEPID":"STP104","ASSETCODE":"STP","OWNER":"HRM","INSTYR":null,"INSTYRCONF":null,"MAT":"WOOD","MATCONF":1,"LOCGEN":"OSP","HRMINTRST":"Y","LENGTHM":null,"SIZE1UNIT":"M","WIDTHM":1.2,"SIZE2UNIT":"M","NUMSTEPS":null,"SIZE3UNIT":"UNIT","ASSETDESC":" ","PARTNER":null,"ASSETSTAT":"INS","INSTDATE":null,"LOCATION":"EDWARD DRILLIO PARK","MAINTBY":"HRM","ADDDATE":null,"MODDATE":"Wed, 19 Apr 2023 19:43:36 GMT","SDATE":null,"SOURCE":null,"SACC":null,"WINT_PLOW":"N","WINT_MAINT":"NA","WINT_ROUTE":null,"WINT_LOS":null,"WINT_MAT":null,"WINT_COMM":null,"GLOBALID":"4822064c-015f-45ba-8ccd-ca89ed87abb7","WINT_ADDDATE":"Fri, 08 Jul 2016 03:00:00 GMT","WINT_MODDATE":null,"CONDITPERD":null,"CONDITEXP":null}},{"type":"Feature","id":147,"geometry":{"type":"Point","coordinates":[-63.6034785386192,44.6380171721211]},"properties":{"OBJECTID":147,"ASSETID":"STP292","STEPID":"STP292","ASSETCODE":"STP","OWNER":"HRM","INSTYR":null,"INSTYRCONF":null,"MAT":"STEEL","MATCONF":1,"LOCGEN":"OSP","HRMINTRST":"Y","LENGTHM":null,"SIZE1UNIT":"M","WIDTHM":null,"SIZE2UNIT":"M","NUMSTEPS":null,"SIZE3UNIT":"UNIT","ASSETDESC":null,"PARTNER":null,"ASSETSTAT":"INS","INSTDATE":null,"LOCATION":"ST. MARY'S BOAT CLUB PARK","MAINTBY":"HRM","ADDDATE":"Wed, 16 Mar 2022 16:12:40 GMT","MODDATE":"Wed, 16 Mar 2022 16:21:08 GMT","SDATE":null,"SOURCE":null,"SACC":"DG","WINT_PLOW":null,"WINT_MAINT":null,"WINT_ROUTE":null,"WINT_LOS":null,"WINT_MAT":null,"WINT_COMM":null,"GLOBALID":"7e0fea53-c210-4f5c-bee2-5f64751b9eab","WINT_ADDDATE":null,"WINT_MODDATE":null,"CONDITPERD":null,"CONDITEXP":null}},{"type":"Feature","id":148,"geometry":{"type":"Point","coordinates":[-63.6144056780746,44.6161858378761]},"properties":{"OBJECTID":148,"ASSETID":"STP36","STEPID":"STP36","ASSETCODE":"STP","OWNER":"HRM","INSTYR":null,"INSTYRCONF":null,"MAT":"CONC","MATCONF":1,"LOCGEN":"ROW","HRMINTRST":"Y","LENGTHM":1.19464698,"SIZE1UNIT":"M","WIDTHM":1.8,"SIZE2UNIT":"M","NUMSTEPS":null,"SIZE3UNIT":"UNIT","ASSETDESC":" ","PARTNER":null,"ASSETSTAT":"INS","INSTDATE":null,"LOCATION":"WILLIAMS LAKE POCKET PARK","MAINTBY":"HRM","ADDDATE":null,"MODDATE":"Wed, 14 Sep 2022 19:36:51 GMT","SDATE":null,"SOURCE":null,"SACC":null,"WINT_PLOW":"Y","WINT_MAINT":"WSZ4","WINT_ROUTE":null,"WINT_LOS":"PRI3","WINT_MAT":null,"WINT_COMM":null,"GLOBALID":"fa740593-21b4-42cf-a745-2b99685ad314","WINT_ADDDATE":null,"WINT_MODDATE":"Wed, 01 Jun 2022 03:00:00 GMT","CONDITPERD":null,"CONDITEXP":null}},{"type":"Feature","id":149,"geometry":{"type":"Point","coordinates":[-63.6152659119772,44.5985219620124]},"properties":{"OBJECTID":149,"ASSETID":"STP107","STEPID":"STP107","ASSETCODE":"STP","OWNER":"HRM","INSTYR":null,"INSTYRCONF":null,"MAT":"CONC","MATCONF":1,"LOCGEN":"OSP","HRMINTRST":"Y","LENGTHM":null,"SIZE1UNIT":"M","WIDTHM":1.8,"SIZE2UNIT":"M","NUMSTEPS":null,"SIZE3UNIT":"UNIT","ASSETDESC":" ","PARTNER":null,"ASSETSTAT":"INS","INSTDATE":null,"LOCATION":"ROCKINGSTONE HEIGHTS SCHOOL PARK","MAINTBY":"UN","ADDDATE":null,"MODDATE":"Wed, 19 Apr 2023 19:43:36 GMT","SDATE":null,"SOURCE":null,"SACC":null,"WINT_PLOW":"Y","WINT_MAINT":"WSZ4","WINT_ROUTE":null,"WINT_LOS":"PRI1","WINT_MAT":null,"WINT_COMM":null,"GLOBALID":"63ba52fb-1293-4c31-9206-f9645f0ba902","WINT_ADDDATE":null,"WINT_MODDATE":"Wed, 01 Jun 2022 03:00:00 GMT","CONDITPERD":null,"CONDITEXP":null}},{"type":"Feature","id":150,"geometry":{"type":"Point","coordinates":[-63.6849287683624,44.8495665143147]},"properties":{"OBJECTID":150,"ASSETID":"STP206","STEPID":"STP206","ASSETCODE":"STP","OWNER":"HRM","INSTYR":null,"INSTYRCONF":null,"MAT":"CONC","MATCONF":1,"LOCGEN":"BLD","HRMINTRST":"Y","LENGTHM":null,"SIZE1UNIT":"M","WIDTHM":null,"SIZE2UNIT":"M","NUMSTEPS":null,"SIZE3UNIT":"UNIT","ASSETDESC":null,"PARTNER":null,"ASSETSTAT":"INS","INSTDATE":null,"LOCATION":null,"MAINTBY":"HRM","ADDDATE":"Thu, 25 Jul 2019 21:47:22 GMT","MODDATE":"Wed, 19 Apr 2023 19:43:36 GMT","SDATE":null,"SOURCE":"HRMGIS","SACC":"PH","WINT_PLOW":"N","WINT_MAINT":"NA","WINT_ROUTE":null,"WINT_LOS":null,"WINT_MAT":null,"WINT_COMM":null,"GLOBALID":"cd7bcc73-85d2-4cd6-ac2e-7096342fea03","WINT_ADDDATE":"Thu, 10 Oct 2019 03:00:00 GMT","WINT_MODDATE":"Thu, 28 Jan 2021 04:00:00 GMT","CONDITPERD":null,"CONDITEXP":null}},{"type":"Feature","id":151,"geometry":{"type":"Point","coordinates":[-63.5664574278449,44.6699155518429]},"properties":{"OBJECTID":151,"ASSETID":"STP56","STEPID":"STP56","ASSETCODE":"STP","OWNER":"HRM","INSTYR":null,"INSTYRCONF":null,"MAT":"WOOD","MATCONF":3,"LOCGEN":"OSP","HRMINTRST":"Y","LENGTHM":1.7,"SIZE1UNIT":"M","WIDTHM":1.2,"SIZE2UNIT":"M","NUMSTEPS":null,"SIZE3UNIT":"UNIT","ASSETDESC":" ","PARTNER":null,"ASSETSTAT":"INS","INSTDATE":null,"LOCATION":"PINE ST PARK","MAINTBY":"HRM","ADDDATE":null,"MODDATE":"Thu, 15 Jul 2021 00:07:43 GMT","SDATE":null,"SOURCE":null,"SACC":null,"WINT_PLOW":"N","WINT_MAINT":"NA","WINT_ROUTE":null,"WINT_LOS":null,"WINT_MAT":null,"WINT_COMM":null,"GLOBALID":"f85047ae-0fe3-48ce-a067-a9ad3bbb7785","WINT_ADDDATE":"Thu, 10 Oct 2019 03:00:00 GMT","WINT_MODDATE":null,"CONDITPERD":null,"CONDITEXP":null}},{"type":"Feature","id":152,"geometry":{"type":"Point","coordinates":[-63.6256278548121,44.6269335161496]},"properties":{"OBJECTID":152,"ASSETID":"STP205","STEPID":"STP205","ASSETCODE":"STP","OWNER":"HRM","INSTYR":null,"INSTYRCONF":null,"MAT":"CONC","MATCONF":1,"LOCGEN":"BLD","HRMINTRST":"Y","LENGTHM":null,"SIZE1UNIT":"M","WIDTHM":null,"SIZE2UNIT":"M","NUMSTEPS":null,"SIZE3UNIT":"UNIT","ASSETDESC":null,"PARTNER":null,"ASSETSTAT":"INS","INSTDATE":null,"LOCATION":null,"MAINTBY":"HRM","ADDDATE":"Thu, 25 Jul 2019 21:47:22 GMT","MODDATE":"Wed, 19 Apr 2023 19:43:36 GMT","SDATE":null,"SOURCE":"HRMGIS","SACC":"PH","WINT_PLOW":"N","WINT_MAINT":"NA","WINT_ROUTE":null,"WINT_LOS":null,"WINT_MAT":null,"WINT_COMM":null,"GLOBALID":"5b763c13-cdc9-43a2-9d77-b4895284b445","WINT_ADDDATE":"Thu, 10 Oct 2019 03:00:00 GMT","WINT_MODDATE":"Thu, 28 Jan 2021 04:00:00 GMT","CONDITPERD":null,"CONDITEXP":null}},{"type":"Feature","id":153,"geometry":{"type":"Point","coordinates":[-63.7226697225301,44.7170649863958]},"properties":{"OBJECTID":153,"ASSETID":"STP162","STEPID":"STP162","ASSETCODE":"STP","OWNER":"PRIV","INSTYR":null,"INSTYRCONF":null,"MAT":"CONC","MATCONF":1,"LOCGEN":"ROW","HRMINTRST":"Y","LENGTHM":3.4,"SIZE1UNIT":"M","WIDTHM":1.7,"SIZE2UNIT":"M","NUMSTEPS":8,"SIZE3UNIT":"UNIT","ASSETDESC":null,"PARTNER":null,"ASSETSTAT":"INS","INSTDATE":null,"LOCATION":"2004 Larry Uteck Blvd","MAINTBY":"UN","ADDDATE":"Fri, 16 Sep 2016 17:16:09 GMT","MODDATE":"Thu, 15 Jul 2021 00:07:49 GMT","SDATE":null,"SOURCE":null,"SACC":null,"WINT_PLOW":"N","WINT_MAINT":"NA","WINT_ROUTE":null,"WINT_LOS":null,"WINT_MAT":null,"WINT_COMM":null,"GLOBALID":"f7c3ceef-326f-4774-ba13-725e0f42473d","WINT_ADDDATE":"Wed, 22 Feb 2017 04:00:00 GMT","WINT_MODDATE":null,"CONDITPERD":null,"CONDITEXP":null}},{"type":"Feature","id":154,"geometry":{"type":"Point","coordinates":[-63.5753306789976,44.642420910339]},"properties":{"OBJECTID":154,"ASSETID":"STP251","STEPID":"STP251","ASSETCODE":"STP","OWNER":"HRM","INSTYR":null,"INSTYRCONF":null,"MAT":null,"MATCONF":null,"LOCGEN":"BLD","HRMINTRST":"Y","LENGTHM":null,"SIZE1UNIT":"M","WIDTHM":null,"SIZE2UNIT":"M","NUMSTEPS":null,"SIZE3UNIT":"UNIT","ASSETDESC":null,"PARTNER":null,"ASSETSTAT":"INS","INSTDATE":null,"LOCATION":null,"MAINTBY":"HRM","ADDDATE":"Thu, 25 Jul 2019 21:47:22 GMT","MODDATE":"Thu, 15 Jul 2021 00:07:58 GMT","SDATE":null,"SOURCE":"HRMGIS","SACC":"PH","WINT_PLOW":"N","WINT_MAINT":"NA","WINT_ROUTE":null,"WINT_LOS":null,"WINT_MAT":null,"WINT_COMM":null,"GLOBALID":"ebaf64b6-1b4e-4ca2-9869-e1ee2b86d7d7","WINT_ADDDATE":"Thu, 10 Oct 2019 03:00:00 GMT","WINT_MODDATE":null,"CONDITPERD":null,"CONDITEXP":null}},{"type":"Feature","id":155,"geometry":{"type":"Point","coordinates":[-63.6714515588521,44.7267436925535]},"properties":{"OBJECTID":155,"ASSETID":"STP13","STEPID":"STP13","ASSETCODE":"STP","OWNER":"HRM","INSTYR":null,"INSTYRCONF":null,"MAT":"WOOD","MATCONF":1,"LOCGEN":"OSP","HRMINTRST":"Y","LENGTHM":8.1612279,"SIZE1UNIT":"M","WIDTHM":1.5,"SIZE2UNIT":"M","NUMSTEPS":null,"SIZE3UNIT":"UNIT","ASSETDESC":" ","PARTNER":null,"ASSETSTAT":"INS","INSTDATE":null,"LOCATION":"WALKWAY ACROSS 44 MEADOWBROOK DR BEDFORD","MAINTBY":null,"ADDDATE":null,"MODDATE":"Wed, 19 Apr 2023 19:43:36 GMT","SDATE":null,"SOURCE":null,"SACC":null,"WINT_PLOW":"Y","WINT_MAINT":"WSZ3","WINT_ROUTE":null,"WINT_LOS":"PRI3","WINT_MAT":null,"WINT_COMM":null,"GLOBALID":"541273ce-61ee-44a6-8697-8c2a6f9e9afc","WINT_ADDDATE":null,"WINT_MODDATE":"Fri, 04 Oct 2019 03:00:00 GMT","CONDITPERD":null,"CONDITEXP":null}},{"type":"Feature","id":156,"geometry":{"type":"Point","coordinates":[-63.6872495479326,44.711751781057]},"properties":{"OBJECTID":156,"ASSETID":"STP7","STEPID":"STP7","ASSETCODE":"STP","OWNER":"HRM","INSTYR":null,"INSTYRCONF":null,"MAT":"CONC","MATCONF":1,"LOCGEN":"ROW","HRMINTRST":"Y","LENGTHM":0.89587931,"SIZE1UNIT":"M","WIDTHM":1.8,"SIZE2UNIT":"M","NUMSTEPS":3,"SIZE3UNIT":"UNIT","ASSETDESC":" ","PARTNER":null,"ASSETSTAT":"INS","INSTDATE":null,"LOCATION":"17 KISSOCK CT TO 120 ACADIA MILL DR","MAINTBY":"HRM","ADDDATE":null,"MODDATE":"Wed, 19 Apr 2023 19:43:36 GMT","SDATE":null,"SOURCE":null,"SACC":null,"WINT_PLOW":"Y","WINT_MAINT":"WSZ3","WINT_ROUTE":null,"WINT_LOS":"PRI3","WINT_MAT":null,"WINT_COMM":null,"GLOBALID":"79710c3c-6057-4b31-92ad-629186beefa2","WINT_ADDDATE":"Fri, 08 Jul 2016 03:00:00 GMT","WINT_MODDATE":"Fri, 04 Oct 2019 03:00:00 GMT","CONDITPERD":null,"CONDITEXP":null}},{"type":"Feature","id":157,"geometry":{"type":"Point","coordinates":[-63.5384805221134,44.6872413914279]},"properties":{"OBJECTID":157,"ASSETID":"STP20","STEPID":"STP20","ASSETCODE":"STP","OWNER":"HRM","INSTYR":null,"INSTYRCONF":null,"MAT":"WOOD","MATCONF":1,"LOCGEN":"ROW","HRMINTRST":"Y","LENGTHM":64.91938152,"SIZE1UNIT":"M","WIDTHM":1.6,"SIZE2UNIT":"M","NUMSTEPS":110,"SIZE3UNIT":"UNIT","ASSETDESC":" ","PARTNER":null,"ASSETSTAT":"INS","INSTDATE":null,"LOCATION":"54 HELENE AVE TO 54 MOUNTAIN AVE","MAINTBY":null,"ADDDATE":null,"MODDATE":"Wed, 19 Apr 2023 19:43:36 GMT","SDATE":null,"SOURCE":null,"SACC":null,"WINT_PLOW":"Y","WINT_MAINT":"WSZ1","WINT_ROUTE":null,"WINT_LOS":"PRI3","WINT_MAT":null,"WINT_COMM":null,"GLOBALID":"a94e2dc2-2ba7-4c09-89ff-cc23437baf55","WINT_ADDDATE":null,"WINT_MODDATE":"Wed, 01 Jun 2022 03:00:00 GMT","CONDITPERD":null,"CONDITEXP":null}},{"type":"Feature","id":158,"geometry":{"type":"Point","coordinates":[-63.6768477980526,44.7299251367904]},"properties":{"OBJECTID":158,"ASSETID":"STP96","STEPID":"STP96","ASSETCODE":"STP","OWNER":"HRM","INSTYR":null,"INSTYRCONF":null,"MAT":"WOOD","MATCONF":3,"LOCGEN":"ROW","HRMINTRST":"Y","LENGTHM":15.3,"SIZE1UNIT":"M","WIDTHM":1.53,"SIZE2UNIT":"M","NUMSTEPS":null,"SIZE3UNIT":"UNIT","ASSETDESC":" ","PARTNER":null,"ASSETSTAT":"INS","INSTDATE":null,"LOCATION":"29 WINDROCK DR TO PARK","MAINTBY":"HRM","ADDDATE":null,"MODDATE":"Tue, 14 Sep 2021 18:13:38 GMT","SDATE":null,"SOURCE":null,"SACC":null,"WINT_PLOW":"N","WINT_MAINT":"NA","WINT_ROUTE":null,"WINT_LOS":null,"WINT_MAT":null,"WINT_COMM":null,"GLOBALID":"0cbfe472-36dd-4e78-8465-efba261d9187","WINT_ADDDATE":"Thu, 10 Oct 2019 03:00:00 GMT","WINT_MODDATE":null,"CONDITPERD":null,"CONDITEXP":null}},{"type":"Feature","id":159,"geometry":{"type":"Point","coordinates":[-63.742879434989,44.6572003058721]},"properties":{"OBJECTID":159,"ASSETID":"STP296","STEPID":"STP296","ASSETCODE":"STP","OWNER":"HRSB","INSTYR":null,"INSTYRCONF":null,"MAT":"CONC","MATCONF":1,"LOCGEN":"OSPREC","HRMINTRST":"Y","LENGTHM":null,"SIZE1UNIT":"M","WIDTHM":null,"SIZE2UNIT":"M","NUMSTEPS":null,"SIZE3UNIT":"UNIT","ASSETDESC":null,"PARTNER":null,"ASSETSTAT":"INS","INSTDATE":null,"LOCATION":"BEECHVILLE LAKESIDE TIMBERLEA SCHOOL PARK","MAINTBY":"HRSB","ADDDATE":"Thu, 31 Mar 2022 16:25:31 GMT","MODDATE":"Thu, 31 Mar 2022 16:31:26 GMT","SDATE":null,"SOURCE":null,"SACC":"DG","WINT_PLOW":null,"WINT_MAINT":null,"WINT_ROUTE":null,"WINT_LOS":null,"WINT_MAT":null,"WINT_COMM":null,"GLOBALID":"74435430-786a-419e-a0a8-27f5c3c81a30","WINT_ADDDATE":null,"WINT_MODDATE":null,"CONDITPERD":null,"CONDITEXP":null}},{"type":"Feature","id":160,"geometry":{"type":"Point","coordinates":[-63.5801835416558,44.6499129032713]},"properties":{"OBJECTID":160,"ASSETID":"STP216","STEPID":"STP216","ASSETCODE":"STP","OWNER":"HRM","INSTYR":null,"INSTYRCONF":null,"MAT":null,"MATCONF":null,"LOCGEN":"BLD","HRMINTRST":"Y","LENGTHM":null,"SIZE1UNIT":"M","WIDTHM":null,"SIZE2UNIT":"M","NUMSTEPS":null,"SIZE3UNIT":"UNIT","ASSETDESC":null,"PARTNER":null,"ASSETSTAT":"INS","INSTDATE":null,"LOCATION":null,"MAINTBY":"HRM","ADDDATE":"Thu, 25 Jul 2019 21:47:22 GMT","MODDATE":"Thu, 15 Jul 2021 00:07:53 GMT","SDATE":null,"SOURCE":"HRMGIS","SACC":"PH","WINT_PLOW":"N","WINT_MAINT":"NA","WINT_ROUTE":null,"WINT_LOS":null,"WINT_MAT":null,"WINT_COMM":null,"GLOBALID":"064f97b7-728e-4977-b652-4402ac600eb1","WINT_ADDDATE":"Thu, 10 Oct 2019 03:00:00 GMT","WINT_MODDATE":"Thu, 28 Jan 2021 04:00:00 GMT","CONDITPERD":null,"CONDITEXP":null}},{"type":"Feature","id":161,"geometry":{"type":"Point","coordinates":[-63.5403017925716,44.648032448203]},"properties":{"OBJECTID":161,"ASSETID":"STP27","STEPID":"STP27","ASSETCODE":"STP","OWNER":"HRM","INSTYR":null,"INSTYRCONF":null,"MAT":"WOOD","MATCONF":1,"LOCGEN":"ROW","HRMINTRST":"Y","LENGTHM":11.25982346,"SIZE1UNIT":"M","WIDTHM":1.7,"SIZE2UNIT":"M","NUMSTEPS":null,"SIZE3UNIT":"UNIT","ASSETDESC":" ","PARTNER":null,"ASSETSTAT":"INS","INSTDATE":null,"LOCATION":"ADJACENT 26 GRANT ST DARTMOUTH","MAINTBY":null,"ADDDATE":null,"MODDATE":"Wed, 14 Sep 2022 19:36:51 GMT","SDATE":null,"SOURCE":null,"SACC":null,"WINT_PLOW":"Y","WINT_MAINT":"WSZ1","WINT_ROUTE":null,"WINT_LOS":"PRI3","WINT_MAT":null,"WINT_COMM":null,"GLOBALID":"d318c754-1ee9-4258-8603-71626b7ddc5a","WINT_ADDDATE":null,"WINT_MODDATE":"Wed, 01 Jun 2022 03:00:00 GMT","CONDITPERD":null,"CONDITEXP":null}},{"type":"Feature","id":162,"geometry":{"type":"Point","coordinates":[-63.7012903299094,44.7781812074901]},"properties":{"OBJECTID":162,"ASSETID":"STP240","STEPID":"STP240","ASSETCODE":"STP","OWNER":"HRM","INSTYR":null,"INSTYRCONF":null,"MAT":null,"MATCONF":null,"LOCGEN":"BLD","HRMINTRST":"Y","LENGTHM":null,"SIZE1UNIT":"M","WIDTHM":null,"SIZE2UNIT":"M","NUMSTEPS":null,"SIZE3UNIT":"UNIT","ASSETDESC":null,"PARTNER":null,"ASSETSTAT":"INS","INSTDATE":null,"LOCATION":null,"MAINTBY":"HRM","ADDDATE":"Thu, 25 Jul 2019 21:47:22 GMT","MODDATE":"Thu, 15 Jul 2021 00:07:56 GMT","SDATE":null,"SOURCE":"HRMGIS","SACC":"PH","WINT_PLOW":"N","WINT_MAINT":"NA","WINT_ROUTE":null,"WINT_LOS":null,"WINT_MAT":null,"WINT_COMM":"HRCE","GLOBALID":"07b0cb80-4ff2-47ab-8f7c-805fadeda46c","WINT_ADDDATE":"Thu, 10 Oct 2019 03:00:00 GMT","WINT_MODDATE":"Thu, 28 Jan 2021 04:00:00 GMT","CONDITPERD":null,"CONDITEXP":null}},{"type":"Feature","id":163,"geometry":{"type":"Point","coordinates":[-63.6114836614747,44.6715215822919]},"properties":{"OBJECTID":163,"ASSETID":"STP326","STEPID":"STP326","ASSETCODE":"STP","OWNER":"HRM","INSTYR":null,"INSTYRCONF":null,"MAT":"CONC","MATCONF":1,"LOCGEN":"OSP","HRMINTRST":"Y","LENGTHM":null,"SIZE1UNIT":"M","WIDTHM":null,"SIZE2UNIT":"M","NUMSTEPS":null,"SIZE3UNIT":"UNIT","ASSETDESC":null,"PARTNER":null,"ASSETSTAT":"INS","INSTDATE":null,"LOCATION":"MERV SULLIVAN PARK","MAINTBY":"HRM","ADDDATE":"Tue, 04 Jul 2023 21:17:58 GMT","MODDATE":"Tue, 04 Jul 2023 21:17:58 GMT","SDATE":"Thu, 16 Dec 2021 04:00:00 GMT","SOURCE":"WOOD (2021)","SACC":"IN","WINT_PLOW":null,"WINT_MAINT":null,"WINT_ROUTE":null,"WINT_LOS":null,"WINT_MAT":null,"WINT_COMM":null,"GLOBALID":"20f6ec6c-d866-45a0-acde-03001b2f60ac","WINT_ADDDATE":null,"WINT_MODDATE":null,"CONDITPERD":null,"CONDITEXP":null}},{"type":"Feature","id":164,"geometry":{"type":"Point","coordinates":[-63.7294993225811,44.5665307546204]},"properties":{"OBJECTID":164,"ASSETID":"STP343","STEPID":"STP343","ASSETCODE":"STP","OWNER":"HRM","INSTYR":null,"INSTYRCONF":null,"MAT":"CONC","MATCONF":1,"LOCGEN":"OSP","HRMINTRST":"Y","LENGTHM":null,"SIZE1UNIT":"M","WIDTHM":null,"SIZE2UNIT":"M","NUMSTEPS":null,"SIZE3UNIT":"UNIT","ASSETDESC":null,"PARTNER":null,"ASSETSTAT":"INS","INSTDATE":null,"LOCATION":"WESTERN COMMON","MAINTBY":"HRM","ADDDATE":"Tue, 04 Jul 2023 21:17:58 GMT","MODDATE":"Tue, 04 Jul 2023 21:17:58 GMT","SDATE":"Thu, 16 Dec 2021 04:00:00 GMT","SOURCE":"WOOD (2021)","SACC":"IN","WINT_PLOW":null,"WINT_MAINT":null,"WINT_ROUTE":null,"WINT_LOS":null,"WINT_MAT":null,"WINT_COMM":null,"GLOBALID":"c332b039-9a16-47f8-8bfa-70209f40d6ae","WINT_ADDDATE":null,"WINT_MODDATE":null,"CONDITPERD":null,"CONDITEXP":null}},{"type":"Feature","id":165,"geometry":{"type":"Point","coordinates":[-63.6286199238345,44.6530609412361]},"properties":{"OBJECTID":165,"ASSETID":"STP223","STEPID":"STP223","ASSETCODE":"STP","OWNER":"HRM","INSTYR":null,"INSTYRCONF":null,"MAT":"CONC","MATCONF":1,"LOCGEN":"BLD","HRMINTRST":"Y","LENGTHM":null,"SIZE1UNIT":"M","WIDTHM":null,"SIZE2UNIT":"M","NUMSTEPS":null,"SIZE3UNIT":"UNIT","ASSETDESC":null,"PARTNER":null,"ASSETSTAT":"INS","INSTDATE":null,"LOCATION":null,"MAINTBY":"HRM","ADDDATE":"Thu, 25 Jul 2019 21:47:22 GMT","MODDATE":"Wed, 19 Apr 2023 19:43:36 GMT","SDATE":null,"SOURCE":"HRMGIS","SACC":"PH","WINT_PLOW":"N","WINT_MAINT":"NA","WINT_ROUTE":null,"WINT_LOS":null,"WINT_MAT":null,"WINT_COMM":null,"GLOBALID":"fa681459-48e3-482f-be32-bb727c6c148a","WINT_ADDDATE":"Thu, 10 Oct 2019 03:00:00 GMT","WINT_MODDATE":"Thu, 28 Jan 2021 04:00:00 GMT","CONDITPERD":null,"CONDITEXP":null}},{"type":"Feature","id":166,"geometry":{"type":"Point","coordinates":[-63.4839919994228,44.6717230708219]},"properties":{"OBJECTID":166,"ASSETID":"STP232","STEPID":"STP232","ASSETCODE":"STP","OWNER":"HRM","INSTYR":null,"INSTYRCONF":null,"MAT":"CONC","MATCONF":1,"LOCGEN":"BLD","HRMINTRST":"Y","LENGTHM":null,"SIZE1UNIT":"M","WIDTHM":null,"SIZE2UNIT":"M","NUMSTEPS":null,"SIZE3UNIT":"UNIT","ASSETDESC":null,"PARTNER":null,"ASSETSTAT":"INS","INSTDATE":null,"LOCATION":null,"MAINTBY":"HRM","ADDDATE":"Thu, 25 Jul 2019 21:47:22 GMT","MODDATE":"Wed, 19 Apr 2023 19:43:36 GMT","SDATE":null,"SOURCE":"HRMGIS","SACC":"PH","WINT_PLOW":"N","WINT_MAINT":"NA","WINT_ROUTE":null,"WINT_LOS":null,"WINT_MAT":null,"WINT_COMM":null,"GLOBALID":"474a9773-2713-4a7d-ac2b-96ce80eea5fe","WINT_ADDDATE":"Thu, 10 Oct 2019 03:00:00 GMT","WINT_MODDATE":"Thu, 28 Jan 2021 04:00:00 GMT","CONDITPERD":null,"CONDITEXP":null}},{"type":"Feature","id":167,"geometry":{"type":"Point","coordinates":[-63.6569167331134,44.6748695267793]},"properties":{"OBJECTID":167,"ASSETID":"STP333","STEPID":"STP333","ASSETCODE":"STP","OWNER":"HRM","INSTYR":null,"INSTYRCONF":null,"MAT":"CONC","MATCONF":1,"LOCGEN":"OSP","HRMINTRST":"Y","LENGTHM":null,"SIZE1UNIT":"M","WIDTHM":null,"SIZE2UNIT":"M","NUMSTEPS":null,"SIZE3UNIT":"UNIT","ASSETDESC":null,"PARTNER":null,"ASSETSTAT":"INS","INSTDATE":null,"LOCATION":"TREMONT PLATEAU PARK","MAINTBY":"HRM","ADDDATE":"Tue, 04 Jul 2023 21:17:58 GMT","MODDATE":"Tue, 04 Jul 2023 21:17:58 GMT","SDATE":"Thu, 16 Dec 2021 04:00:00 GMT","SOURCE":"WOOD (2021)","SACC":"IN","WINT_PLOW":null,"WINT_MAINT":null,"WINT_ROUTE":null,"WINT_LOS":null,"WINT_MAT":null,"WINT_COMM":null,"GLOBALID":"1709c3ff-799a-45f8-b399-c2a743ee8fd2","WINT_ADDDATE":null,"WINT_MODDATE":null,"CONDITPERD":null,"CONDITEXP":null}},{"type":"Feature","id":168,"geometry":{"type":"Point","coordinates":[-63.6858396241279,44.7177977679008]},"properties":{"OBJECTID":168,"ASSETID":"STP304","STEPID":"STP304","ASSETCODE":"STP","OWNER":"HRM","INSTYR":null,"INSTYRCONF":null,"MAT":"CONC","MATCONF":1,"LOCGEN":"OSP","HRMINTRST":"Y","LENGTHM":null,"SIZE1UNIT":"M","WIDTHM":null,"SIZE2UNIT":"M","NUMSTEPS":8,"SIZE3UNIT":"UNIT","ASSETDESC":"Steps into water","PARTNER":null,"ASSETSTAT":"INS","INSTDATE":null,"LOCATION":"FENERTY LANDING","MAINTBY":"HRM","ADDDATE":"Mon, 15 Aug 2022 18:05:04 GMT","MODDATE":"Mon, 15 Aug 2022 18:07:15 GMT","SDATE":null,"SOURCE":null,"SACC":"DG","WINT_PLOW":null,"WINT_MAINT":null,"WINT_ROUTE":null,"WINT_LOS":null,"WINT_MAT":null,"WINT_COMM":null,"GLOBALID":"0d6d9a02-c7fb-4425-970e-c3a541f5ef8b","WINT_ADDDATE":null,"WINT_MODDATE":null,"CONDITPERD":null,"CONDITEXP":null}},{"type":"Feature","id":169,"geometry":{"type":"Point","coordinates":[-63.581773230027,44.7001638282054]},"properties":{"OBJECTID":169,"ASSETID":"STP24","STEPID":"STP24","ASSETCODE":"STP","OWNER":"HRM","INSTYR":null,"INSTYRCONF":null,"MAT":"WOOD","MATCONF":1,"LOCGEN":null,"HRMINTRST":"Y","LENGTHM":3.84618676,"SIZE1UNIT":"M","WIDTHM":1.8,"SIZE2UNIT":"M","NUMSTEPS":null,"SIZE3UNIT":"UNIT","ASSETDESC":" ","PARTNER":null,"ASSETSTAT":"INS","INSTDATE":null,"LOCATION":"COMMODORE DR ACROSS FROM BROWNLOW AVE","MAINTBY":null,"ADDDATE":null,"MODDATE":"Wed, 19 Apr 2023 19:43:36 GMT","SDATE":null,"SOURCE":null,"SACC":null,"WINT_PLOW":"Y","WINT_MAINT":"HRM2","WINT_ROUTE":"R4","WINT_LOS":"PRI3","WINT_MAT":null,"WINT_COMM":null,"GLOBALID":"af449031-b788-4734-b045-ec90e28e10ad","WINT_ADDDATE":null,"WINT_MODDATE":"Thu, 26 Sep 2019 03:00:00 GMT","CONDITPERD":null,"CONDITEXP":null}},{"type":"Feature","id":170,"geometry":{"type":"Point","coordinates":[-63.5752641776155,44.6487989364678]},"properties":{"OBJECTID":170,"ASSETID":"STP222","STEPID":"STP222","ASSETCODE":"STP","OWNER":"HRM","INSTYR":null,"INSTYRCONF":null,"MAT":null,"MATCONF":null,"LOCGEN":"BLD","HRMINTRST":"Y","LENGTHM":null,"SIZE1UNIT":"M","WIDTHM":null,"SIZE2UNIT":"M","NUMSTEPS":null,"SIZE3UNIT":"UNIT","ASSETDESC":null,"PARTNER":null,"ASSETSTAT":"INS","INSTDATE":null,"LOCATION":null,"MAINTBY":"HRM","ADDDATE":"Thu, 25 Jul 2019 21:47:22 GMT","MODDATE":"Thu, 15 Jul 2021 00:07:54 GMT","SDATE":null,"SOURCE":"HRMGIS","SACC":"PH","WINT_PLOW":"Y","WINT_MAINT":"HRM1","WINT_ROUTE":"R5","WINT_LOS":"PRI1","WINT_MAT":null,"WINT_COMM":null,"GLOBALID":"9bd4faeb-858f-42e9-9437-a4e84099f9d0","WINT_ADDDATE":"Thu, 10 Oct 2019 03:00:00 GMT","WINT_MODDATE":null,"CONDITPERD":null,"CONDITEXP":null}},{"type":"Feature","id":171,"geometry":{"type":"Point","coordinates":[-63.7937714051159,44.736589632915]},"properties":{"OBJECTID":171,"ASSETID":"STP163","STEPID":"STP163","ASSETCODE":"STP","OWNER":"PRIV","INSTYR":null,"INSTYRCONF":null,"MAT":"CONC","MATCONF":1,"LOCGEN":"ROW","HRMINTRST":"Y","LENGTHM":0.5,"SIZE1UNIT":"M","WIDTHM":0.9,"SIZE2UNIT":"M","NUMSTEPS":2,"SIZE3UNIT":"UNIT","ASSETDESC":"Concrete Blocks","PARTNER":null,"ASSETSTAT":"INS","INSTDATE":null,"LOCATION":"29 pockwock rd","MAINTBY":"UN","ADDDATE":"Fri, 16 Sep 2016 17:54:14 GMT","MODDATE":"Thu, 15 Jul 2021 00:07:49 GMT","SDATE":null,"SOURCE":null,"SACC":null,"WINT_PLOW":"N","WINT_MAINT":"NA","WINT_ROUTE":null,"WINT_LOS":null,"WINT_MAT":null,"WINT_COMM":null,"GLOBALID":"f4754403-54a2-454f-968f-d2469bcc041c","WINT_ADDDATE":"Wed, 22 Feb 2017 04:00:00 GMT","WINT_MODDATE":null,"CONDITPERD":null,"CONDITEXP":null}},{"type":"Feature","id":172,"geometry":{"type":"Point","coordinates":[-63.6946754829069,44.7365758763573]},"properties":{"OBJECTID":172,"ASSETID":"STP93","STEPID":"STP93","ASSETCODE":"STP","OWNER":"HRM","INSTYR":null,"INSTYRCONF":null,"MAT":"WOOD","MATCONF":1,"LOCGEN":"OSP","HRMINTRST":"Y","LENGTHM":5.9,"SIZE1UNIT":"M","WIDTHM":1.1,"SIZE2UNIT":"M","NUMSTEPS":null,"SIZE3UNIT":"UNIT","ASSETDESC":"Steps to building","PARTNER":null,"ASSETSTAT":"INS","INSTDATE":null,"LOCATION":"SANDY LAKE PARK","MAINTBY":"HRM","ADDDATE":null,"MODDATE":"Thu, 10 Mar 2022 20:07:46 GMT","SDATE":null,"SOURCE":null,"SACC":null,"WINT_PLOW":"N","WINT_MAINT":"NA","WINT_ROUTE":null,"WINT_LOS":null,"WINT_MAT":null,"WINT_COMM":null,"GLOBALID":"5550690d-8279-4002-b6ff-e1a1fd2fa8be","WINT_ADDDATE":"Wed, 22 Feb 2017 04:00:00 GMT","WINT_MODDATE":null,"CONDITPERD":null,"CONDITEXP":null}},{"type":"Feature","id":173,"geometry":{"type":"Point","coordinates":[-63.5857765145985,44.6877924608507]},"properties":{"OBJECTID":173,"ASSETID":"STP65","STEPID":"STP65","ASSETCODE":"STP","OWNER":"HRM","INSTYR":2000,"INSTYRCONF":4,"MAT":"WOOD","MATCONF":3,"LOCGEN":"OSP","HRMINTRST":"Y","LENGTHM":18.6,"SIZE1UNIT":"M","WIDTHM":1.12,"SIZE2UNIT":"M","NUMSTEPS":null,"SIZE3UNIT":"UNIT","ASSETDESC":" ","PARTNER":null,"ASSETSTAT":"INS","INSTDATE":null,"LOCATION":"JASON MACCULLOUGH MEMORIAL PARK","MAINTBY":"HRM","ADDDATE":null,"MODDATE":"Thu, 15 Jul 2021 00:07:43 GMT","SDATE":null,"SOURCE":null,"SACC":null,"WINT_PLOW":"N","WINT_MAINT":"NA","WINT_ROUTE":null,"WINT_LOS":null,"WINT_MAT":null,"WINT_COMM":null,"GLOBALID":"bbfbbb49-4913-44e6-944b-42e6c3ff4d1f","WINT_ADDDATE":"Thu, 30 Jun 2016 03:00:00 GMT","WINT_MODDATE":null,"CONDITPERD":null,"CONDITEXP":null}},{"type":"Feature","id":174,"geometry":{"type":"Point","coordinates":[-63.5888369382276,44.8935946303557]},"properties":{"OBJECTID":174,"ASSETID":"STP238","STEPID":"STP238","ASSETCODE":"STP","OWNER":"HRM","INSTYR":null,"INSTYRCONF":null,"MAT":null,"MATCONF":null,"LOCGEN":"BLD","HRMINTRST":"Y","LENGTHM":null,"SIZE1UNIT":"M","WIDTHM":null,"SIZE2UNIT":"M","NUMSTEPS":null,"SIZE3UNIT":"UNIT","ASSETDESC":null,"PARTNER":null,"ASSETSTAT":"INS","INSTDATE":null,"LOCATION":null,"MAINTBY":"HRM","ADDDATE":"Thu, 25 Jul 2019 21:47:22 GMT","MODDATE":"Thu, 15 Jul 2021 00:07:56 GMT","SDATE":null,"SOURCE":"HRMGIS","SACC":"PH","WINT_PLOW":"N","WINT_MAINT":"NA","WINT_ROUTE":null,"WINT_LOS":null,"WINT_MAT":null,"WINT_COMM":"VOLUNTEER FIRE DEPT RESPONSIBLE FOR SNOW","GLOBALID":"4a442f37-d3f3-433b-b105-b4a9f7066449","WINT_ADDDATE":"Thu, 10 Oct 2019 03:00:00 GMT","WINT_MODDATE":"Thu, 28 Jan 2021 04:00:00 GMT","CONDITPERD":null,"CONDITEXP":null}},{"type":"Feature","id":175,"geometry":{"type":"Point","coordinates":[-63.8191844417714,44.6881950072894]},"properties":{"OBJECTID":175,"ASSETID":"STP188","STEPID":"STP188","ASSETCODE":"RMP","OWNER":"HRM","INSTYR":null,"INSTYRCONF":null,"MAT":"WOOD","MATCONF":3,"LOCGEN":"OSP","HRMINTRST":"Y","LENGTHM":null,"SIZE1UNIT":"M","WIDTHM":null,"SIZE2UNIT":"M","NUMSTEPS":null,"SIZE3UNIT":"UNIT","ASSETDESC":"Rampfrom parking lot to playstructure","PARTNER":null,"ASSETSTAT":"INS","INSTDATE":null,"LOCATION":null,"MAINTBY":"HRM","ADDDATE":"Wed, 28 Mar 2018 17:13:14 GMT","MODDATE":"Mon, 15 Apr 2024 14:22:55 GMT","SDATE":null,"SOURCE":null,"SACC":null,"WINT_PLOW":"N","WINT_MAINT":"NA","WINT_ROUTE":null,"WINT_LOS":null,"WINT_MAT":null,"WINT_COMM":"RAMP FOR ACCESSIBLE SWINGS","GLOBALID":"1877b1a7-2b6a-4b77-9d73-0fee3ef4d6b7","WINT_ADDDATE":"Thu, 10 Oct 2019 03:00:00 GMT","WINT_MODDATE":"Thu, 21 Nov 2019 04:00:00 GMT","CONDITPERD":null,"CONDITEXP":null}},{"type":"Feature","id":176,"geometry":{"type":"Point","coordinates":[-63.7294609896713,44.7427693228699]},"properties":{"OBJECTID":176,"ASSETID":"STP421","STEPID":"STP421","ASSETCODE":"RMP","OWNER":"HRM","INSTYR":2024,"INSTYRCONF":1,"MAT":"WOOD","MATCONF":1,"LOCGEN":"OSP","HRMINTRST":"Y","LENGTHM":null,"SIZE1UNIT":"M","WIDTHM":null,"SIZE2UNIT":"M","NUMSTEPS":null,"SIZE3UNIT":"UNIT","ASSETDESC":null,"PARTNER":"NA","ASSETSTAT":"INS","INSTDATE":"Fri, 24 Jan 2025 08:00:00 GMT","LOCATION":"VISCOUNT RUN PARK PLAYGROUND","MAINTBY":"HRM","ADDDATE":"Tue, 28 Jan 2025 19:00:23 GMT","MODDATE":"Thu, 06 Mar 2025 17:54:44 GMT","SDATE":"Wed, 22 Jan 2025 08:00:00 GMT","SOURCE":"Field Work","SACC":"IN","WINT_PLOW":null,"WINT_MAINT":null,"WINT_ROUTE":null,"WINT_LOS":null,"WINT_MAT":null,"WINT_COMM":null,"GLOBALID":"28cca19a-7767-4f20-96d8-cd7437600174","WINT_ADDDATE":null,"WINT_MODDATE":null,"CONDITPERD":null,"CONDITEXP":null}},{"type":"Feature","id":177,"geometry":{"type":"Point","coordinates":[-63.5751515935575,44.6480750943495]},"properties":{"OBJECTID":177,"ASSETID":"STP221","STEPID":"STP221","ASSETCODE":"STP","OWNER":"HRM","INSTYR":null,"INSTYRCONF":null,"MAT":"STONE","MATCONF":1,"LOCGEN":"OSP","HRMINTRST":"Y","LENGTHM":null,"SIZE1UNIT":"M","WIDTHM":null,"SIZE2UNIT":"M","NUMSTEPS":null,"SIZE3UNIT":"UNIT","ASSETDESC":null,"PARTNER":null,"ASSETSTAT":"INS","INSTDATE":null,"LOCATION":null,"MAINTBY":"HRM","ADDDATE":"Thu, 25 Jul 2019 21:47:22 GMT","MODDATE":"Wed, 19 Apr 2023 19:43:36 GMT","SDATE":null,"SOURCE":"HRMGIS","SACC":"PH","WINT_PLOW":"Y","WINT_MAINT":"HRM1","WINT_ROUTE":"R5","WINT_LOS":"PRI1","WINT_MAT":null,"WINT_COMM":null,"GLOBALID":"25596459-231c-47da-b9b6-d68aaf3364fd","WINT_ADDDATE":"Thu, 10 Oct 2019 03:00:00 GMT","WINT_MODDATE":null,"CONDITPERD":null,"CONDITEXP":null}},{"type":"Feature","id":178,"geometry":{"type":"Point","coordinates":[-63.5703106793909,44.5646664216336]},"properties":{"OBJECTID":178,"ASSETID":"STP278","STEPID":"STP278","ASSETCODE":"STP","OWNER":"HRM","INSTYR":null,"INSTYRCONF":null,"MAT":"WOOD","MATCONF":1,"LOCGEN":"OSP","HRMINTRST":"Y","LENGTHM":null,"SIZE1UNIT":"M","WIDTHM":null,"SIZE2UNIT":"M","NUMSTEPS":null,"SIZE3UNIT":"UNIT","ASSETDESC":"Part of water viewing platform","PARTNER":null,"ASSETSTAT":"INS","INSTDATE":null,"LOCATION":"BIG LATTER POND PARK","MAINTBY":"HRM","ADDDATE":"Thu, 03 Mar 2022 18:31:44 GMT","MODDATE":"Thu, 03 Mar 2022 18:34:23 GMT","SDATE":null,"SOURCE":null,"SACC":"DG","WINT_PLOW":null,"WINT_MAINT":null,"WINT_ROUTE":null,"WINT_LOS":null,"WINT_MAT":null,"WINT_COMM":null,"GLOBALID":"30022be9-7d66-4d89-a379-6cb244049d8c","WINT_ADDDATE":null,"WINT_MODDATE":null,"CONDITPERD":null,"CONDITEXP":null}},{"type":"Feature","id":179,"geometry":{"type":"Point","coordinates":[-63.5053228533737,44.675196565451]},"properties":{"OBJECTID":179,"ASSETID":"STP320","STEPID":"STP320","ASSETCODE":"STP","OWNER":"HRM","INSTYR":null,"INSTYRCONF":null,"MAT":"WOOD","MATCONF":1,"LOCGEN":"ROW","HRMINTRST":"Y","LENGTHM":null,"SIZE1UNIT":"M","WIDTHM":null,"SIZE2UNIT":"M","NUMSTEPS":null,"SIZE3UNIT":"UNIT","ASSETDESC":null,"PARTNER":null,"ASSETSTAT":"INS","INSTDATE":null,"LOCATION":"5 GRAYCOURT TERR, DARTMOUTH","MAINTBY":"HRM","ADDDATE":"Tue, 04 Jul 2023 21:17:58 GMT","MODDATE":"Tue, 04 Jul 2023 21:17:58 GMT","SDATE":"Thu, 16 Dec 2021 04:00:00 GMT","SOURCE":"WOOD (2021)","SACC":"IN","WINT_PLOW":null,"WINT_MAINT":null,"WINT_ROUTE":null,"WINT_LOS":null,"WINT_MAT":null,"WINT_COMM":null,"GLOBALID":"9cdf8a57-c90b-401a-826c-4a9eb00bbb99","WINT_ADDDATE":null,"WINT_MODDATE":null,"CONDITPERD":null,"CONDITEXP":null}},{"type":"Feature","id":180,"geometry":{"type":"Point","coordinates":[-63.5613984709993,44.6717060203453]},"properties":{"OBJECTID":180,"ASSETID":"STP220","STEPID":"STP220","ASSETCODE":"STP","OWNER":"HRM","INSTYR":null,"INSTYRCONF":null,"MAT":"WOOD","MATCONF":1,"LOCGEN":"BLD","HRMINTRST":"Y","LENGTHM":null,"SIZE1UNIT":"M","WIDTHM":null,"SIZE2UNIT":"M","NUMSTEPS":null,"SIZE3UNIT":"UNIT","ASSETDESC":null,"PARTNER":null,"ASSETSTAT":"INS","INSTDATE":null,"LOCATION":null,"MAINTBY":"HRM","ADDDATE":"Thu, 25 Jul 2019 21:47:22 GMT","MODDATE":"Wed, 19 Apr 2023 19:43:36 GMT","SDATE":null,"SOURCE":"HRMGIS","SACC":"PH","WINT_PLOW":"N","WINT_MAINT":"NA","WINT_ROUTE":null,"WINT_LOS":null,"WINT_MAT":null,"WINT_COMM":null,"GLOBALID":"8cc14fac-31e1-4d4d-bc68-81b53912f691","WINT_ADDDATE":"Thu, 10 Oct 2019 03:00:00 GMT","WINT_MODDATE":"Thu, 28 Jan 2021 04:00:00 GMT","CONDITPERD":null,"CONDITEXP":null}},{"type":"Feature","id":181,"geometry":{"type":"Point","coordinates":[-63.5732450747755,44.6671010140797]},"properties":{"OBJECTID":181,"ASSETID":"STP257","STEPID":"STP257","ASSETCODE":"RMP","OWNER":"HRM","INSTYR":null,"INSTYRCONF":null,"MAT":"WOOD","MATCONF":2,"LOCGEN":"BLD","HRMINTRST":"Y","LENGTHM":null,"SIZE1UNIT":"M","WIDTHM":null,"SIZE2UNIT":"M","NUMSTEPS":null,"SIZE3UNIT":"UNIT","ASSETDESC":"Wheel chair assessible ramp","PARTNER":null,"ASSETSTAT":"INS","INSTDATE":null,"LOCATION":null,"MAINTBY":"HRM","ADDDATE":"Thu, 25 Jul 2019 21:47:22 GMT","MODDATE":"Thu, 15 Jul 2021 00:07:58 GMT","SDATE":null,"SOURCE":null,"SACC":null,"WINT_PLOW":"N","WINT_MAINT":"NA","WINT_ROUTE":null,"WINT_LOS":null,"WINT_MAT":null,"WINT_COMM":null,"GLOBALID":"be014c2e-434a-4026-b156-69551ab7db43","WINT_ADDDATE":"Thu, 10 Oct 2019 03:00:00 GMT","WINT_MODDATE":null,"CONDITPERD":null,"CONDITEXP":null}},{"type":"Feature","id":182,"geometry":{"type":"Point","coordinates":[-63.5752951676961,44.6423468058244]},"properties":{"OBJECTID":182,"ASSETID":"STP252","STEPID":"STP252","ASSETCODE":"STP","OWNER":"HRM","INSTYR":null,"INSTYRCONF":null,"MAT":null,"MATCONF":null,"LOCGEN":"BLD","HRMINTRST":"Y","LENGTHM":null,"SIZE1UNIT":"M","WIDTHM":null,"SIZE2UNIT":"M","NUMSTEPS":null,"SIZE3UNIT":"UNIT","ASSETDESC":null,"PARTNER":null,"ASSETSTAT":"INS","INSTDATE":null,"LOCATION":null,"MAINTBY":"HRM","ADDDATE":"Thu, 25 Jul 2019 21:47:22 GMT","MODDATE":"Thu, 15 Jul 2021 00:07:58 GMT","SDATE":null,"SOURCE":"HRMGIS","SACC":"PH","WINT_PLOW":"N","WINT_MAINT":"NA","WINT_ROUTE":null,"WINT_LOS":null,"WINT_MAT":null,"WINT_COMM":null,"GLOBALID":"481ffc62-40b1-4e0e-b39a-21b75add229a","WINT_ADDDATE":"Thu, 10 Oct 2019 03:00:00 GMT","WINT_MODDATE":null,"CONDITPERD":null,"CONDITEXP":null}},{"type":"Feature","id":183,"geometry":{"type":"Point","coordinates":[-63.6140963459015,44.6159511096857]},"properties":{"OBJECTID":183,"ASSETID":"STP33","STEPID":"STP33","ASSETCODE":"STP","OWNER":"HRM","INSTYR":null,"INSTYRCONF":null,"MAT":"CONC","MATCONF":1,"LOCGEN":"OSP","HRMINTRST":"Y","LENGTHM":1.37379655,"SIZE1UNIT":"M","WIDTHM":1.8,"SIZE2UNIT":"M","NUMSTEPS":null,"SIZE3UNIT":"UNIT","ASSETDESC":" ","PARTNER":null,"ASSETSTAT":"INS","INSTDATE":null,"LOCATION":"WILLIAMS LAKE POCKET PARK","MAINTBY":"HRM","ADDDATE":null,"MODDATE":"Wed, 19 Apr 2023 19:43:36 GMT","SDATE":null,"SOURCE":null,"SACC":null,"WINT_PLOW":"Y","WINT_MAINT":"WSZ4","WINT_ROUTE":null,"WINT_LOS":"PRI3","WINT_MAT":null,"WINT_COMM":null,"GLOBALID":"4bffa570-f5f3-42d3-ab3f-826c9810373b","WINT_ADDDATE":null,"WINT_MODDATE":"Wed, 01 Jun 2022 03:00:00 GMT","CONDITPERD":null,"CONDITEXP":null}},{"type":"Feature","id":184,"geometry":{"type":"Point","coordinates":[-63.5823048772667,44.6887711242766]},"properties":{"OBJECTID":184,"ASSETID":"STP260","STEPID":"STP260","ASSETCODE":"STP","OWNER":"HRM","INSTYR":null,"INSTYRCONF":null,"MAT":"CONC","MATCONF":1,"LOCGEN":"BLD","HRMINTRST":"Y","LENGTHM":null,"SIZE1UNIT":"M","WIDTHM":null,"SIZE2UNIT":"M","NUMSTEPS":null,"SIZE3UNIT":"UNIT","ASSETDESC":null,"PARTNER":null,"ASSETSTAT":"INS","INSTDATE":null,"LOCATION":"GERALD B. GRAY PARK","MAINTBY":"HRM","ADDDATE":"Thu, 25 Jul 2019 21:47:22 GMT","MODDATE":"Wed, 19 Apr 2023 19:43:36 GMT","SDATE":null,"SOURCE":null,"SACC":null,"WINT_PLOW":"N","WINT_MAINT":"NA","WINT_ROUTE":null,"WINT_LOS":null,"WINT_MAT":null,"WINT_COMM":null,"GLOBALID":"0c99bc10-01ce-4a9a-b061-b2dbb6ba8e51","WINT_ADDDATE":"Thu, 10 Oct 2019 03:00:00 GMT","WINT_MODDATE":null,"CONDITPERD":null,"CONDITEXP":null}},{"type":"Feature","id":185,"geometry":{"type":"Point","coordinates":[-63.6150013841772,44.813897526746]},"properties":{"OBJECTID":185,"ASSETID":"STP39","STEPID":"STP39","ASSETCODE":"STP","OWNER":"HRM","INSTYR":null,"INSTYRCONF":null,"MAT":"WOOD","MATCONF":3,"LOCGEN":"OSP","HRMINTRST":"Y","LENGTHM":8.5,"SIZE1UNIT":"M","WIDTHM":1.5,"SIZE2UNIT":"M","NUMSTEPS":null,"SIZE3UNIT":"UNIT","ASSETDESC":" ","PARTNER":null,"ASSETSTAT":"INS","INSTDATE":null,"LOCATION":"GORDON R SNOW COMMUNITY CENTRE PARK","MAINTBY":"HRM","ADDDATE":null,"MODDATE":"Thu, 15 Jul 2021 00:07:36 GMT","SDATE":null,"SOURCE":null,"SACC":null,"WINT_PLOW":"N","WINT_MAINT":"NA","WINT_ROUTE":null,"WINT_LOS":null,"WINT_MAT":null,"WINT_COMM":null,"GLOBALID":"16a2589c-cbaa-46c7-96db-c330f0f6277a","WINT_ADDDATE":"Wed, 03 Aug 2016 03:00:00 GMT","WINT_MODDATE":null,"CONDITPERD":null,"CONDITEXP":null}},{"type":"Feature","id":186,"geometry":{"type":"Point","coordinates":[-63.6797578544829,44.7143686513683]},"properties":{"OBJECTID":186,"ASSETID":"STP89","STEPID":"STP89","ASSETCODE":"STP","OWNER":"UN","INSTYR":null,"INSTYRCONF":null,"MAT":"WOOD","MATCONF":3,"LOCGEN":"OSP","HRMINTRST":"Y","LENGTHM":2.2,"SIZE1UNIT":"M","WIDTHM":0.9,"SIZE2UNIT":"M","NUMSTEPS":null,"SIZE3UNIT":"UNIT","ASSETDESC":" ","PARTNER":null,"ASSETSTAT":"INS","INSTDATE":null,"LOCATION":"MOIRS MILL PARK","MAINTBY":"UN","ADDDATE":null,"MODDATE":"Thu, 15 Jul 2021 00:07:41 GMT","SDATE":null,"SOURCE":null,"SACC":null,"WINT_PLOW":"N","WINT_MAINT":"NA","WINT_ROUTE":null,"WINT_LOS":null,"WINT_MAT":null,"WINT_COMM":null,"GLOBALID":"739175c5-0af2-400e-baf9-d39860fe94a7","WINT_ADDDATE":"Thu, 10 Oct 2019 03:00:00 GMT","WINT_MODDATE":null,"CONDITPERD":null,"CONDITEXP":null}},{"type":"Feature","id":187,"geometry":{"type":"Point","coordinates":[-63.5600080532127,44.6666796840325]},"properties":{"OBJECTID":187,"ASSETID":"STP258","STEPID":"STP258","ASSETCODE":"STP","OWNER":"HRM","INSTYR":null,"INSTYRCONF":null,"MAT":"WOOD","MATCONF":2,"LOCGEN":"BLD","HRMINTRST":"Y","LENGTHM":null,"SIZE1UNIT":"M","WIDTHM":null,"SIZE2UNIT":"M","NUMSTEPS":null,"SIZE3UNIT":"UNIT","ASSETDESC":null,"PARTNER":null,"ASSETSTAT":"INS","INSTDATE":null,"LOCATION":null,"MAINTBY":"HRM","ADDDATE":"Thu, 25 Jul 2019 21:47:22 GMT","MODDATE":"Thu, 15 Jul 2021 00:07:58 GMT","SDATE":null,"SOURCE":null,"SACC":null,"WINT_PLOW":"N","WINT_MAINT":"NA","WINT_ROUTE":null,"WINT_LOS":null,"WINT_MAT":null,"WINT_COMM":null,"GLOBALID":"a62f3edf-4ccd-40a2-9062-baf02707821c","WINT_ADDDATE":"Thu, 10 Oct 2019 03:00:00 GMT","WINT_MODDATE":null,"CONDITPERD":null,"CONDITEXP":null}},{"type":"Feature","id":188,"geometry":{"type":"Point","coordinates":[-63.6871898270342,44.7118354467915]},"properties":{"OBJECTID":188,"ASSETID":"STP8","STEPID":"STP8","ASSETCODE":"STP","OWNER":"HRM","INSTYR":null,"INSTYRCONF":null,"MAT":"CONC","MATCONF":1,"LOCGEN":"ROW","HRMINTRST":"Y","LENGTHM":0.88127296,"SIZE1UNIT":"M","WIDTHM":1.8,"SIZE2UNIT":"M","NUMSTEPS":4,"SIZE3UNIT":"UNIT","ASSETDESC":" ","PARTNER":null,"ASSETSTAT":"INS","INSTDATE":null,"LOCATION":"17 KISSOCK CT TO 120 ACADIA MILL DR","MAINTBY":"HRM","ADDDATE":null,"MODDATE":"Thu, 15 Jul 2021 00:07:34 GMT","SDATE":null,"SOURCE":null,"SACC":null,"WINT_PLOW":"Y","WINT_MAINT":"WSZ3","WINT_ROUTE":null,"WINT_LOS":"PRI3","WINT_MAT":null,"WINT_COMM":null,"GLOBALID":"cc3f2f06-dd00-4add-be0b-2f842ee02336","WINT_ADDDATE":"Fri, 08 Jul 2016 03:00:00 GMT","WINT_MODDATE":"Fri, 04 Oct 2019 03:00:00 GMT","CONDITPERD":null,"CONDITEXP":null}},{"type":"Feature","id":189,"geometry":{"type":"Point","coordinates":[-63.6669745827498,44.7244592057074]},"properties":{"OBJECTID":189,"ASSETID":"STP76","STEPID":"STP76","ASSETCODE":"STP","OWNER":"HRM","INSTYR":null,"INSTYRCONF":null,"MAT":"CONC","MATCONF":1,"LOCGEN":"OSP","HRMINTRST":"Y","LENGTHM":2.3,"SIZE1UNIT":"M","WIDTHM":1.8,"SIZE2UNIT":"M","NUMSTEPS":null,"SIZE3UNIT":"UNIT","ASSETDESC":" ","PARTNER":null,"ASSETSTAT":"INS","INSTDATE":null,"LOCATION":"BEDFORD LIONS PARK","MAINTBY":"HRM","ADDDATE":null,"MODDATE":"Wed, 19 Apr 2023 19:43:36 GMT","SDATE":null,"SOURCE":null,"SACC":null,"WINT_PLOW":"N","WINT_MAINT":"NA","WINT_ROUTE":null,"WINT_LOS":null,"WINT_MAT":null,"WINT_COMM":null,"GLOBALID":"fb9acbc6-0d4e-4f6a-a604-692012589c68","WINT_ADDDATE":null,"WINT_MODDATE":"Thu, 18 Aug 2016 03:00:00 GMT","CONDITPERD":null,"CONDITEXP":null}},{"type":"Feature","id":190,"geometry":{"type":"Point","coordinates":[-63.6570240269926,44.6748846522628]},"properties":{"OBJECTID":190,"ASSETID":"STP331","STEPID":"STP331","ASSETCODE":"STP","OWNER":"HRM","INSTYR":null,"INSTYRCONF":null,"MAT":"CONC","MATCONF":1,"LOCGEN":"OSP","HRMINTRST":"Y","LENGTHM":null,"SIZE1UNIT":"M","WIDTHM":null,"SIZE2UNIT":"M","NUMSTEPS":null,"SIZE3UNIT":"UNIT","ASSETDESC":null,"PARTNER":null,"ASSETSTAT":"INS","INSTDATE":null,"LOCATION":"TREMONT PLATEAU PARK","MAINTBY":"HRM","ADDDATE":"Tue, 04 Jul 2023 21:17:58 GMT","MODDATE":"Tue, 04 Jul 2023 21:17:58 GMT","SDATE":"Thu, 16 Dec 2021 04:00:00 GMT","SOURCE":"WOOD (2021)","SACC":"IN","WINT_PLOW":null,"WINT_MAINT":null,"WINT_ROUTE":null,"WINT_LOS":null,"WINT_MAT":null,"WINT_COMM":null,"GLOBALID":"6459825d-2417-493a-aa66-a2e8bc66ab2f","WINT_ADDDATE":null,"WINT_MODDATE":null,"CONDITPERD":null,"CONDITEXP":null}},{"type":"Feature","id":191,"geometry":{"type":"Point","coordinates":[-63.603163271277,44.6379675966217]},"properties":{"OBJECTID":191,"ASSETID":"STP294","STEPID":"STP294","ASSETCODE":"STP","OWNER":"HRM","INSTYR":null,"INSTYRCONF":null,"MAT":"WOOD","MATCONF":1,"LOCGEN":"OSPREC","HRMINTRST":"Y","LENGTHM":null,"SIZE1UNIT":"M","WIDTHM":null,"SIZE2UNIT":"M","NUMSTEPS":null,"SIZE3UNIT":"UNIT","ASSETDESC":null,"PARTNER":null,"ASSETSTAT":"INS","INSTDATE":null,"LOCATION":"ST. MARY'S BOAT CLUB PARK","MAINTBY":"HRM","ADDDATE":"Wed, 16 Mar 2022 16:12:57 GMT","MODDATE":"Wed, 16 Mar 2022 16:21:52 GMT","SDATE":null,"SOURCE":null,"SACC":"DG","WINT_PLOW":null,"WINT_MAINT":null,"WINT_ROUTE":null,"WINT_LOS":null,"WINT_MAT":null,"WINT_COMM":null,"GLOBALID":"8ea87e7d-8227-4a27-9503-4a39d7c9336a","WINT_ADDDATE":null,"WINT_MODDATE":null,"CONDITPERD":null,"CONDITEXP":null}},{"type":"Feature","id":192,"geometry":{"type":"Point","coordinates":[-63.7268367223672,44.567547756095]},"properties":{"OBJECTID":192,"ASSETID":"STP239","STEPID":"STP239","ASSETCODE":"STP","OWNER":"HRM","INSTYR":null,"INSTYRCONF":null,"MAT":null,"MATCONF":null,"LOCGEN":"BLD","HRMINTRST":"Y","LENGTHM":null,"SIZE1UNIT":"M","WIDTHM":null,"SIZE2UNIT":"M","NUMSTEPS":null,"SIZE3UNIT":"UNIT","ASSETDESC":null,"PARTNER":null,"ASSETSTAT":"INS","INSTDATE":null,"LOCATION":null,"MAINTBY":"HRM","ADDDATE":"Thu, 25 Jul 2019 21:47:22 GMT","MODDATE":"Thu, 15 Jul 2021 00:07:56 GMT","SDATE":null,"SOURCE":"HRMGIS","SACC":"PH","WINT_PLOW":"N","WINT_MAINT":"NA","WINT_ROUTE":null,"WINT_LOS":null,"WINT_MAT":null,"WINT_COMM":null,"GLOBALID":"484aaee2-bf2d-4a96-a50a-3821c5277e2c","WINT_ADDDATE":"Thu, 10 Oct 2019 03:00:00 GMT","WINT_MODDATE":"Thu, 28 Jan 2021 04:00:00 GMT","CONDITPERD":null,"CONDITEXP":null}},{"type":"Feature","id":193,"geometry":{"type":"Point","coordinates":[-63.8303868780305,44.6740291887562]},"properties":{"OBJECTID":193,"ASSETID":"STP425","STEPID":"STP425","ASSETCODE":"RMP","OWNER":"HRM","INSTYR":2022,"INSTYRCONF":3,"MAT":"WOOD","MATCONF":3,"LOCGEN":"OSP","HRMINTRST":"Y","LENGTHM":null,"SIZE1UNIT":"M","WIDTHM":null,"SIZE2UNIT":"M","NUMSTEPS":null,"SIZE3UNIT":"UNIT","ASSETDESC":"Ramp to playground","PARTNER":"HRM","ASSETSTAT":"INS","INSTDATE":"Fri, 17 Jun 2022 06:00:00 GMT","LOCATION":"BIRCH BEAR RUN PARK PLAYGROUND","MAINTBY":"HRM","ADDDATE":"Wed, 26 Feb 2025 16:41:14 GMT","MODDATE":"Wed, 26 Feb 2025 16:42:46 GMT","SDATE":null,"SOURCE":null,"SACC":null,"WINT_PLOW":null,"WINT_MAINT":null,"WINT_ROUTE":null,"WINT_LOS":null,"WINT_MAT":null,"WINT_COMM":null,"GLOBALID":"f6194533-388f-416b-ac4a-1c6fc606c0cd","WINT_ADDDATE":null,"WINT_MODDATE":null,"CONDITPERD":null,"CONDITEXP":null}},{"type":"Feature","id":194,"geometry":{"type":"Point","coordinates":[-63.5803728157879,44.6501029591412]},"properties":{"OBJECTID":194,"ASSETID":"STP217","STEPID":"STP217","ASSETCODE":"STP","OWNER":"HRM","INSTYR":null,"INSTYRCONF":null,"MAT":null,"MATCONF":null,"LOCGEN":"BLD","HRMINTRST":"Y","LENGTHM":null,"SIZE1UNIT":"M","WIDTHM":null,"SIZE2UNIT":"M","NUMSTEPS":null,"SIZE3UNIT":"UNIT","ASSETDESC":null,"PARTNER":null,"ASSETSTAT":"INS","INSTDATE":null,"LOCATION":null,"MAINTBY":"HRM","ADDDATE":"Thu, 25 Jul 2019 21:47:22 GMT","MODDATE":"Thu, 15 Jul 2021 00:07:53 GMT","SDATE":null,"SOURCE":"HRMGIS","SACC":"PH","WINT_PLOW":"N","WINT_MAINT":"NA","WINT_ROUTE":null,"WINT_LOS":null,"WINT_MAT":null,"WINT_COMM":null,"GLOBALID":"4030b7af-2170-47de-8746-b6001bb57d1f","WINT_ADDDATE":"Thu, 10 Oct 2019 03:00:00 GMT","WINT_MODDATE":"Thu, 28 Jan 2021 04:00:00 GMT","CONDITPERD":null,"CONDITEXP":null}},{"type":"Feature","id":195,"geometry":{"type":"Point","coordinates":[-63.5324751748446,44.6873305065234]},"properties":{"OBJECTID":195,"ASSETID":"STP208","STEPID":"STP208","ASSETCODE":"STP","OWNER":"HRM","INSTYR":null,"INSTYRCONF":null,"MAT":null,"MATCONF":null,"LOCGEN":"OSP","HRMINTRST":"Y","LENGTHM":null,"SIZE1UNIT":"M","WIDTHM":null,"SIZE2UNIT":"M","NUMSTEPS":null,"SIZE3UNIT":"UNIT","ASSETDESC":null,"PARTNER":null,"ASSETSTAT":"INS","INSTDATE":null,"LOCATION":null,"MAINTBY":"HRM","ADDDATE":"Thu, 25 Jul 2019 21:47:22 GMT","MODDATE":"Thu, 15 Jul 2021 00:07:53 GMT","SDATE":null,"SOURCE":"HRMGIS","SACC":"PH","WINT_PLOW":"N","WINT_MAINT":"NA","WINT_ROUTE":null,"WINT_LOS":null,"WINT_MAT":null,"WINT_COMM":"HRCE","GLOBALID":"85e347ad-bb6e-42d6-90f7-6d2667a8d309","WINT_ADDDATE":"Thu, 10 Oct 2019 03:00:00 GMT","WINT_MODDATE":"Thu, 21 Nov 2019 04:00:00 GMT","CONDITPERD":null,"CONDITEXP":null}},{"type":"Feature","id":196,"geometry":{"type":"Point","coordinates":[-63.5989831030362,44.7845919228273]},"properties":{"OBJECTID":196,"ASSETID":"STP160","STEPID":"STP160","ASSETCODE":"STP","OWNER":"UN","INSTYR":null,"INSTYRCONF":null,"MAT":"CONC","MATCONF":1,"LOCGEN":"ROW","HRMINTRST":"Y","LENGTHM":3,"SIZE1UNIT":"M","WIDTHM":1.5,"SIZE2UNIT":"M","NUMSTEPS":7,"SIZE3UNIT":"UNIT","ASSETDESC":null,"PARTNER":null,"ASSETSTAT":"OUT","INSTDATE":null,"LOCATION":"2550 Rocky Lake dr near Faucheau lane","MAINTBY":"UN","ADDDATE":"Wed, 24 Aug 2016 18:29:56 GMT","MODDATE":"Thu, 15 Jul 2021 00:07:49 GMT","SDATE":null,"SOURCE":null,"SACC":null,"WINT_PLOW":"N","WINT_MAINT":"NA","WINT_ROUTE":null,"WINT_LOS":null,"WINT_MAT":null,"WINT_COMM":null,"GLOBALID":"aee0c833-b16f-46ce-a298-5c978334feef","WINT_ADDDATE":"Wed, 22 Feb 2017 04:00:00 GMT","WINT_MODDATE":"Mon, 13 Mar 2017 03:00:00 GMT","CONDITPERD":null,"CONDITEXP":null}},{"type":"Feature","id":197,"geometry":{"type":"Point","coordinates":[-63.6169639811891,44.6043152650109]},"properties":{"OBJECTID":197,"ASSETID":"STP329","STEPID":"STP329","ASSETCODE":"STP","OWNER":"HRM","INSTYR":null,"INSTYRCONF":null,"MAT":"CONC","MATCONF":1,"LOCGEN":"OSP","HRMINTRST":"Y","LENGTHM":null,"SIZE1UNIT":"M","WIDTHM":null,"SIZE2UNIT":"M","NUMSTEPS":null,"SIZE3UNIT":"UNIT","ASSETDESC":null,"PARTNER":null,"ASSETSTAT":"INS","INSTDATE":null,"LOCATION":"ELIZABETH SUTHERLAND SCHOOL PARK","MAINTBY":"HRM","ADDDATE":"Tue, 04 Jul 2023 21:17:58 GMT","MODDATE":"Tue, 04 Jul 2023 21:17:58 GMT","SDATE":"Thu, 16 Dec 2021 04:00:00 GMT","SOURCE":"WOOD (2021)","SACC":"IN","WINT_PLOW":null,"WINT_MAINT":null,"WINT_ROUTE":null,"WINT_LOS":null,"WINT_MAT":null,"WINT_COMM":null,"GLOBALID":"7a45b950-fac3-498d-af00-04b52dafd941","WINT_ADDDATE":null,"WINT_MODDATE":null,"CONDITPERD":null,"CONDITEXP":null}},{"type":"Feature","id":198,"geometry":{"type":"Point","coordinates":[-63.6545641477922,44.7354855059179]},"properties":{"OBJECTID":198,"ASSETID":"STP172","STEPID":"STP172","ASSETCODE":"STP","OWNER":"HRM","INSTYR":null,"INSTYRCONF":null,"MAT":null,"MATCONF":1,"LOCGEN":null,"HRMINTRST":"Y","LENGTHM":null,"SIZE1UNIT":"M","WIDTHM":null,"SIZE2UNIT":"M","NUMSTEPS":24,"SIZE3UNIT":"UNIT","ASSETDESC":null,"PARTNER":null,"ASSETSTAT":null,"INSTDATE":null,"LOCATION":null,"MAINTBY":null,"ADDDATE":"Wed, 08 Feb 2017 18:14:24 GMT","MODDATE":"Fri, 16 Jul 2021 14:52:50 GMT","SDATE":null,"SOURCE":null,"SACC":null,"WINT_PLOW":"N","WINT_MAINT":"NA","WINT_ROUTE":null,"WINT_LOS":null,"WINT_MAT":null,"WINT_COMM":null,"GLOBALID":"64d3fb8c-3495-430d-b78c-ebc9dc4676e1","WINT_ADDDATE":"Wed, 22 Feb 2017 04:00:00 GMT","WINT_MODDATE":null,"CONDITPERD":null,"CONDITEXP":null}},{"type":"Feature","id":199,"geometry":{"type":"Point","coordinates":[-63.6178599716333,44.6096944122249]},"properties":{"OBJECTID":199,"ASSETID":"STP342","STEPID":"STP342","ASSETCODE":"STP","OWNER":"HRM","INSTYR":null,"INSTYRCONF":null,"MAT":"CONC","MATCONF":1,"LOCGEN":"OSP","HRMINTRST":"Y","LENGTHM":null,"SIZE1UNIT":"M","WIDTHM":null,"SIZE2UNIT":"M","NUMSTEPS":null,"SIZE3UNIT":"UNIT","ASSETDESC":null,"PARTNER":null,"ASSETSTAT":"INS","INSTDATE":null,"LOCATION":"CAPTAIN WILLIAM SPRY CENTRE","MAINTBY":"HRM","ADDDATE":"Tue, 04 Jul 2023 21:17:58 GMT","MODDATE":"Tue, 04 Jul 2023 21:17:58 GMT","SDATE":"Thu, 16 Dec 2021 04:00:00 GMT","SOURCE":"WOOD (2021)","SACC":"IN","WINT_PLOW":null,"WINT_MAINT":null,"WINT_ROUTE":null,"WINT_LOS":null,"WINT_MAT":null,"WINT_COMM":null,"GLOBALID":"6be832af-806f-498e-a69e-b6da25254dc3","WINT_ADDDATE":null,"WINT_MODDATE":null,"CONDITPERD":null,"CONDITEXP":null}},{"type":"Feature","id":200,"geometry":{"type":"Point","coordinates":[-63.5534613209665,44.7018226110261]},"properties":{"OBJECTID":200,"ASSETID":"STP63","STEPID":"STP63","ASSETCODE":"STP","OWNER":"UN","INSTYR":null,"INSTYRCONF":null,"MAT":"WOOD","MATCONF":3,"LOCGEN":"OSP","HRMINTRST":"Y","LENGTHM":6.3,"SIZE1UNIT":"M","WIDTHM":1.2,"SIZE2UNIT":"M","NUMSTEPS":null,"SIZE3UNIT":"UNIT","ASSETDESC":" ","PARTNER":null,"ASSETSTAT":"INS","INSTDATE":null,"LOCATION":"SHUBIE PARK","MAINTBY":"HRM","ADDDATE":null,"MODDATE":"Thu, 15 Jul 2021 00:07:38 GMT","SDATE":null,"SOURCE":null,"SACC":null,"WINT_PLOW":"N","WINT_MAINT":"NA","WINT_ROUTE":null,"WINT_LOS":null,"WINT_MAT":null,"WINT_COMM":null,"GLOBALID":"e49c9cf1-aa32-41a5-818c-145ea11a69f4","WINT_ADDDATE":"Thu, 10 Oct 2019 03:00:00 GMT","WINT_MODDATE":null,"CONDITPERD":null,"CONDITEXP":null}},{"type":"Feature","id":201,"geometry":{"type":"Point","coordinates":[-63.6203501375335,44.6340527837405]},"properties":{"OBJECTID":201,"ASSETID":"STP156","STEPID":"STP156","ASSETCODE":"STP","OWNER":"UN","INSTYR":null,"INSTYRCONF":null,"MAT":"CONC","MATCONF":1,"LOCGEN":"ROW","HRMINTRST":"Y","LENGTHM":null,"SIZE1UNIT":"M","WIDTHM":1.5,"SIZE2UNIT":"M","NUMSTEPS":1,"SIZE3UNIT":"UNIT","ASSETDESC":null,"PARTNER":null,"ASSETSTAT":"INS","INSTDATE":null,"LOCATION":"3 Idlewylde to Herring Cove","MAINTBY":null,"ADDDATE":"Thu, 11 Aug 2016 19:44:31 GMT","MODDATE":"Thu, 15 Jul 2021 00:07:48 GMT","SDATE":null,"SOURCE":null,"SACC":null,"WINT_PLOW":"N","WINT_MAINT":"NA","WINT_ROUTE":null,"WINT_LOS":null,"WINT_MAT":null,"WINT_COMM":null,"GLOBALID":"b7efd5d4-3f09-4dbc-81d5-f5f48a47e95e","WINT_ADDDATE":"Wed, 22 Feb 2017 04:00:00 GMT","WINT_MODDATE":null,"CONDITPERD":null,"CONDITEXP":null}},{"type":"Feature","id":202,"geometry":{"type":"Point","coordinates":[-63.6676151273615,44.724728222015]},"properties":{"OBJECTID":202,"ASSETID":"STP73","STEPID":"STP73","ASSETCODE":"STP","OWNER":"HRM","INSTYR":null,"INSTYRCONF":null,"MAT":"CONC","MATCONF":1,"LOCGEN":"OSP","HRMINTRST":"Y","LENGTHM":12.6,"SIZE1UNIT":"M","WIDTHM":1.2,"SIZE2UNIT":"M","NUMSTEPS":null,"SIZE3UNIT":"UNIT","ASSETDESC":" ","PARTNER":null,"ASSETSTAT":"INS","INSTDATE":null,"LOCATION":"BEDFORD LIONS PARK","MAINTBY":"HRM","ADDDATE":null,"MODDATE":"Wed, 19 Apr 2023 19:43:36 GMT","SDATE":null,"SOURCE":null,"SACC":null,"WINT_PLOW":"N","WINT_MAINT":"NA","WINT_ROUTE":null,"WINT_LOS":null,"WINT_MAT":null,"WINT_COMM":null,"GLOBALID":"c8e491ab-35d1-49e8-bf8d-6e074d38393c","WINT_ADDDATE":null,"WINT_MODDATE":"Thu, 18 Aug 2016 03:00:00 GMT","CONDITPERD":null,"CONDITEXP":null}},{"type":"Feature","id":203,"geometry":{"type":"Point","coordinates":[-63.5383356552992,44.6874193960345]},"properties":{"OBJECTID":203,"ASSETID":"STP324","STEPID":"STP324","ASSETCODE":"STP","OWNER":"HRM","INSTYR":null,"INSTYRCONF":null,"MAT":"WOOD","MATCONF":1,"LOCGEN":"ROW","HRMINTRST":"Y","LENGTHM":null,"SIZE1UNIT":"M","WIDTHM":null,"SIZE2UNIT":"M","NUMSTEPS":null,"SIZE3UNIT":"UNIT","ASSETDESC":null,"PARTNER":null,"ASSETSTAT":"INS","INSTDATE":null,"LOCATION":"54 HELENE AVE, DARTMOUTH","MAINTBY":"HRM","ADDDATE":"Tue, 04 Jul 2023 21:17:58 GMT","MODDATE":"Tue, 04 Jul 2023 21:17:58 GMT","SDATE":"Thu, 16 Dec 2021 04:00:00 GMT","SOURCE":"WOOD (2021)","SACC":"IN","WINT_PLOW":null,"WINT_MAINT":null,"WINT_ROUTE":null,"WINT_LOS":null,"WINT_MAT":null,"WINT_COMM":null,"GLOBALID":"180fcfe4-aa95-4552-a3da-3a56814f6e5c","WINT_ADDDATE":null,"WINT_MODDATE":null,"CONDITPERD":null,"CONDITEXP":null}},{"type":"Feature","id":204,"geometry":{"type":"Point","coordinates":[-63.7161096341323,44.706244839941]},"properties":{"OBJECTID":204,"ASSETID":"STP430","STEPID":"STP430","ASSETCODE":"RMP","OWNER":"HRM","INSTYR":2022,"INSTYRCONF":3,"MAT":"WOOD","MATCONF":1,"LOCGEN":"OSP","HRMINTRST":"Y","LENGTHM":null,"SIZE1UNIT":"M","WIDTHM":null,"SIZE2UNIT":"M","NUMSTEPS":null,"SIZE3UNIT":"UNIT","ASSETDESC":null,"PARTNER":"NA","ASSETSTAT":"INS","INSTDATE":"Wed, 14 Dec 2022 08:00:00 GMT","LOCATION":"BROOKLINE DRIVE PARK","MAINTBY":"HRM","ADDDATE":"Wed, 19 Mar 2025 21:07:18 GMT","MODDATE":"Wed, 19 Mar 2025 21:09:11 GMT","SDATE":"Wed, 19 Mar 2025 06:00:00 GMT","SOURCE":"Field Work","SACC":"DG","WINT_PLOW":null,"WINT_MAINT":null,"WINT_ROUTE":null,"WINT_LOS":null,"WINT_MAT":null,"WINT_COMM":null,"GLOBALID":"4bc970ff-32cc-460c-83ce-22a59f3567de","WINT_ADDDATE":null,"WINT_MODDATE":null,"CONDITPERD":null,"CONDITEXP":null}},{"type":"Feature","id":205,"geometry":{"type":"Point","coordinates":[-63.620883815864,44.634888768877]},"properties":{"OBJECTID":205,"ASSETID":"STP165","STEPID":"STP165","ASSETCODE":"STP","OWNER":"HRM","INSTYR":null,"INSTYRCONF":null,"MAT":"WOOD","MATCONF":1,"LOCGEN":"ROW","HRMINTRST":"Y","LENGTHM":15,"SIZE1UNIT":"M","WIDTHM":1.7,"SIZE2UNIT":"M","NUMSTEPS":31,"SIZE3UNIT":"UNIT","ASSETDESC":"2m concrete landing, 1.65m wooden landing","PARTNER":null,"ASSETSTAT":"INS","INSTDATE":null,"LOCATION":"Connects Herring Cove with Braeburn Rd","MAINTBY":"HRM","ADDDATE":"Wed, 21 Sep 2016 19:49:23 GMT","MODDATE":"Wed, 14 Sep 2022 19:36:51 GMT","SDATE":null,"SOURCE":null,"SACC":null,"WINT_PLOW":"Y","WINT_MAINT":"WSZ4","WINT_ROUTE":null,"WINT_LOS":"PRI3","WINT_MAT":null,"WINT_COMM":null,"GLOBALID":"8533ed6b-e8ac-42a1-bdd3-71a7a21fca6f","WINT_ADDDATE":"Wed, 22 Feb 2017 04:00:00 GMT","WINT_MODDATE":"Wed, 01 Jun 2022 03:00:00 GMT","CONDITPERD":null,"CONDITEXP":null}},{"type":"Feature","id":206,"geometry":{"type":"Point","coordinates":[-63.5724606416149,44.6675313920781]},"properties":{"OBJECTID":206,"ASSETID":"STP313","STEPID":"STP313","ASSETCODE":"STP","OWNER":"HRM","INSTYR":null,"INSTYRCONF":null,"MAT":"CONC","MATCONF":1,"LOCGEN":"OSP","HRMINTRST":"Y","LENGTHM":null,"SIZE1UNIT":"M","WIDTHM":null,"SIZE2UNIT":"M","NUMSTEPS":null,"SIZE3UNIT":"UNIT","ASSETDESC":null,"PARTNER":null,"ASSETSTAT":"INS","INSTDATE":null,"LOCATION":"DARTMOUTH COMMON","MAINTBY":"HRM","ADDDATE":"Tue, 04 Jul 2023 21:17:58 GMT","MODDATE":"Tue, 04 Jul 2023 21:17:58 GMT","SDATE":"Thu, 16 Dec 2021 04:00:00 GMT","SOURCE":"WOOD (2021)","SACC":"IN","WINT_PLOW":null,"WINT_MAINT":null,"WINT_ROUTE":null,"WINT_LOS":null,"WINT_MAT":null,"WINT_COMM":null,"GLOBALID":"d1e89cc5-2201-4b02-9e49-eafcec5f7918","WINT_ADDDATE":null,"WINT_MODDATE":null,"CONDITPERD":null,"CONDITEXP":null}},{"type":"Feature","id":207,"geometry":{"type":"Point","coordinates":[-63.54767733655,44.6492963864321]},"properties":{"OBJECTID":207,"ASSETID":"STP133","STEPID":"STP133","ASSETCODE":"STP","OWNER":"UN","INSTYR":null,"INSTYRCONF":null,"MAT":"CONC","MATCONF":3,"LOCGEN":"BLD","HRMINTRST":"Y","LENGTHM":6.1,"SIZE1UNIT":"M","WIDTHM":2.2,"SIZE2UNIT":"M","NUMSTEPS":null,"SIZE3UNIT":"UNIT","ASSETDESC":" ","PARTNER":null,"ASSETSTAT":"INS","INSTDATE":null,"LOCATION":"WOODSIDE FERRY TERMINAL PARKING LOT","MAINTBY":"HRM","ADDDATE":null,"MODDATE":"Thu, 15 Jul 2021 00:07:47 GMT","SDATE":null,"SOURCE":null,"SACC":null,"WINT_PLOW":"N","WINT_MAINT":"NA","WINT_ROUTE":null,"WINT_LOS":null,"WINT_MAT":null,"WINT_COMM":null,"GLOBALID":"11994cd6-d710-473b-9334-0698b3a2b840","WINT_ADDDATE":null,"WINT_MODDATE":"Thu, 14 Jul 2016 03:00:00 GMT","CONDITPERD":null,"CONDITEXP":null}},{"type":"Feature","id":208,"geometry":{"type":"Point","coordinates":[-63.6266085006919,44.6407726181131]},"properties":{"OBJECTID":208,"ASSETID":"STP185","STEPID":"STP185","ASSETCODE":"STP","OWNER":"UN","INSTYR":null,"INSTYRCONF":null,"MAT":"WOOD","MATCONF":1,"LOCGEN":"ROW","HRMINTRST":"Y","LENGTHM":null,"SIZE1UNIT":"M","WIDTHM":1.85,"SIZE2UNIT":"M","NUMSTEPS":14,"SIZE3UNIT":"UNIT","ASSETDESC":"Steps from Crown Dr to Douglas Dr","PARTNER":null,"ASSETSTAT":"INS","INSTDATE":null,"LOCATION":"crown dr to Douglas dr","MAINTBY":"UN","ADDDATE":"Wed, 28 Feb 2018 20:26:28 GMT","MODDATE":"Thu, 15 Jul 2021 00:07:51 GMT","SDATE":null,"SOURCE":null,"SACC":null,"WINT_PLOW":"N","WINT_MAINT":"NA","WINT_ROUTE":null,"WINT_LOS":null,"WINT_MAT":null,"WINT_COMM":null,"GLOBALID":"dff867fb-259c-4f89-ab74-0107ad7c7bb8","WINT_ADDDATE":"Mon, 05 Mar 2018 04:00:00 GMT","WINT_MODDATE":null,"CONDITPERD":null,"CONDITEXP":null}},{"type":"Feature","id":209,"geometry":{"type":"Point","coordinates":[-63.4986821286028,44.6761579664361]},"properties":{"OBJECTID":209,"ASSETID":"STP18","STEPID":"STP18","ASSETCODE":"STP","OWNER":"HRM","INSTYR":null,"INSTYRCONF":null,"MAT":"CONC","MATCONF":1,"LOCGEN":"ROW","HRMINTRST":"Y","LENGTHM":14.6036612,"SIZE1UNIT":"M","WIDTHM":1.5,"SIZE2UNIT":"M","NUMSTEPS":36,"SIZE3UNIT":"UNIT","ASSETDESC":" ","PARTNER":null,"ASSETSTAT":"INS","INSTDATE":null,"LOCATION":"73 ELM ST TO 110 POPLAR DR","MAINTBY":null,"ADDDATE":null,"MODDATE":"Wed, 19 Apr 2023 19:43:36 GMT","SDATE":null,"SOURCE":null,"SACC":null,"WINT_PLOW":"Y","WINT_MAINT":"WSZ1","WINT_ROUTE":null,"WINT_LOS":"PRI3","WINT_MAT":null,"WINT_COMM":null,"GLOBALID":"3c20b639-a780-4f8f-ac9b-69640e4c9a53","WINT_ADDDATE":null,"WINT_MODDATE":"Wed, 01 Jun 2022 03:00:00 GMT","CONDITPERD":null,"CONDITEXP":null}},{"type":"Feature","id":210,"geometry":{"type":"Point","coordinates":[-63.665805335576,44.7272350920889]},"properties":{"OBJECTID":210,"ASSETID":"STP83","STEPID":"STP83","ASSETCODE":"STP","OWNER":"HRM","INSTYR":null,"INSTYRCONF":null,"MAT":"CONC","MATCONF":3,"LOCGEN":"BLD","HRMINTRST":"Y","LENGTHM":1.9,"SIZE1UNIT":"M","WIDTHM":4.25,"SIZE2UNIT":"M","NUMSTEPS":null,"SIZE3UNIT":"UNIT","ASSETDESC":" ","PARTNER":null,"ASSETSTAT":"INS","INSTDATE":null,"LOCATION":"1326 BEDFORD HWY","MAINTBY":"HRM","ADDDATE":null,"MODDATE":"Thu, 15 Jul 2021 00:07:44 GMT","SDATE":null,"SOURCE":null,"SACC":null,"WINT_PLOW":"N","WINT_MAINT":"NA","WINT_ROUTE":null,"WINT_LOS":null,"WINT_MAT":null,"WINT_COMM":null,"GLOBALID":"c3c04e80-3726-4ad1-8fb9-f8f9e35cfe2c","WINT_ADDDATE":null,"WINT_MODDATE":"Thu, 18 Aug 2016 03:00:00 GMT","CONDITPERD":null,"CONDITEXP":null}},{"type":"Feature","id":211,"geometry":{"type":"Point","coordinates":[-63.4840701501576,44.6717217650456]},"properties":{"OBJECTID":211,"ASSETID":"STP231","STEPID":"STP231","ASSETCODE":"STP","OWNER":"HRM","INSTYR":null,"INSTYRCONF":null,"MAT":"CONC","MATCONF":1,"LOCGEN":"BLD","HRMINTRST":"Y","LENGTHM":null,"SIZE1UNIT":"M","WIDTHM":null,"SIZE2UNIT":"M","NUMSTEPS":null,"SIZE3UNIT":"UNIT","ASSETDESC":null,"PARTNER":null,"ASSETSTAT":"INS","INSTDATE":null,"LOCATION":null,"MAINTBY":"HRM","ADDDATE":"Thu, 25 Jul 2019 21:47:22 GMT","MODDATE":"Wed, 19 Apr 2023 19:43:36 GMT","SDATE":null,"SOURCE":"HRMGIS","SACC":"PH","WINT_PLOW":"N","WINT_MAINT":"NA","WINT_ROUTE":null,"WINT_LOS":null,"WINT_MAT":null,"WINT_COMM":null,"GLOBALID":"d09681e3-1921-4f1e-bdc0-2edb6ea1b47d","WINT_ADDDATE":"Thu, 10 Oct 2019 03:00:00 GMT","WINT_MODDATE":"Thu, 28 Jan 2021 04:00:00 GMT","CONDITPERD":null,"CONDITEXP":null}},{"type":"Feature","id":212,"geometry":{"type":"Point","coordinates":[-63.5644404126897,44.6648835407222]},"properties":{"OBJECTID":212,"ASSETID":"STP112","STEPID":"STP112","ASSETCODE":"STP","OWNER":"HRM","INSTYR":null,"INSTYRCONF":null,"MAT":"WOOD","MATCONF":1,"LOCGEN":"OSP","HRMINTRST":"Y","LENGTHM":3.2,"SIZE1UNIT":"M","WIDTHM":2,"SIZE2UNIT":"M","NUMSTEPS":null,"SIZE3UNIT":"UNIT","ASSETDESC":" ","PARTNER":null,"ASSETSTAT":"INS","INSTDATE":null,"LOCATION":"MARTINS PARK","MAINTBY":"HRM","ADDDATE":null,"MODDATE":"Wed, 19 Apr 2023 19:43:36 GMT","SDATE":null,"SOURCE":null,"SACC":null,"WINT_PLOW":"N","WINT_MAINT":"NA","WINT_ROUTE":null,"WINT_LOS":null,"WINT_MAT":null,"WINT_COMM":null,"GLOBALID":"11ad846c-f445-425e-b135-c25d2225624c","WINT_ADDDATE":null,"WINT_MODDATE":"Fri, 02 Dec 2016 04:00:00 GMT","CONDITPERD":null,"CONDITEXP":null}},{"type":"Feature","id":213,"geometry":{"type":"Point","coordinates":[-63.6706996303317,44.7263502804178]},"properties":{"OBJECTID":213,"ASSETID":"STP176","STEPID":"STP176","ASSETCODE":"STP","OWNER":"HRM","INSTYR":null,"INSTYRCONF":null,"MAT":"CONC","MATCONF":2,"LOCGEN":"ROW","HRMINTRST":"Y","LENGTHM":null,"SIZE1UNIT":"M","WIDTHM":null,"SIZE2UNIT":"M","NUMSTEPS":5,"SIZE3UNIT":"UNIT","ASSETDESC":"concrete steps leading from SW","PARTNER":null,"ASSETSTAT":"INS","INSTDATE":null,"LOCATION":"31 Meadowbrook Dr","MAINTBY":"HRM","ADDDATE":"Mon, 27 Feb 2017 21:48:29 GMT","MODDATE":"Thu, 15 Jul 2021 00:07:50 GMT","SDATE":null,"SOURCE":null,"SACC":null,"WINT_PLOW":"Y","WINT_MAINT":"WSZ3","WINT_ROUTE":null,"WINT_LOS":"PRI3","WINT_MAT":null,"WINT_COMM":null,"GLOBALID":"abc5444e-20e6-48ca-9ddd-e6053f473dc9","WINT_ADDDATE":"Thu, 10 Oct 2019 03:00:00 GMT","WINT_MODDATE":null,"CONDITPERD":null,"CONDITEXP":null}},{"type":"Feature","id":214,"geometry":{"type":"Point","coordinates":[-63.6839464794638,44.7141957331065]},"properties":{"OBJECTID":214,"ASSETID":"STP91","STEPID":"STP91","ASSETCODE":"STP","OWNER":"HRM","INSTYR":null,"INSTYRCONF":null,"MAT":"CONC","MATCONF":1,"LOCGEN":"OSP","HRMINTRST":"Y","LENGTHM":5,"SIZE1UNIT":"M","WIDTHM":0.91,"SIZE2UNIT":"M","NUMSTEPS":null,"SIZE3UNIT":"UNIT","ASSETDESC":" ","PARTNER":null,"ASSETSTAT":"INS","INSTDATE":null,"LOCATION":"SCOTT SAUNDERS MEMORIAL PARK","MAINTBY":"HRM","ADDDATE":null,"MODDATE":"Wed, 19 Apr 2023 19:43:36 GMT","SDATE":null,"SOURCE":null,"SACC":null,"WINT_PLOW":"N","WINT_MAINT":"NA","WINT_ROUTE":null,"WINT_LOS":null,"WINT_MAT":null,"WINT_COMM":null,"GLOBALID":"94df7323-f486-4828-9ca3-cb22f39ff379","WINT_ADDDATE":"Fri, 08 Jul 2016 03:00:00 GMT","WINT_MODDATE":null,"CONDITPERD":null,"CONDITEXP":null}},{"type":"Feature","id":215,"geometry":{"type":"Point","coordinates":[-63.5685362057692,44.6641672545727]},"properties":{"OBJECTID":215,"ASSETID":"STP356","STEPID":"STP356","ASSETCODE":"STP","OWNER":"HRM","INSTYR":null,"INSTYRCONF":null,"MAT":"CONC","MATCONF":1,"LOCGEN":"OSP","HRMINTRST":"Y","LENGTHM":null,"SIZE1UNIT":"M","WIDTHM":null,"SIZE2UNIT":"M","NUMSTEPS":null,"SIZE3UNIT":"UNIT","ASSETDESC":null,"PARTNER":null,"ASSETSTAT":"INS","INSTDATE":null,"LOCATION":"FERRY TERMINAL PARK","MAINTBY":"HRM","ADDDATE":"Tue, 04 Jul 2023 21:17:58 GMT","MODDATE":"Tue, 04 Jul 2023 21:17:58 GMT","SDATE":"Thu, 16 Dec 2021 04:00:00 GMT","SOURCE":"WOOD (2021)","SACC":"IN","WINT_PLOW":null,"WINT_MAINT":null,"WINT_ROUTE":null,"WINT_LOS":null,"WINT_MAT":null,"WINT_COMM":null,"GLOBALID":"704d4856-7fd6-43c6-bd49-e1ed54491d2f","WINT_ADDDATE":null,"WINT_MODDATE":null,"CONDITPERD":null,"CONDITEXP":null}},{"type":"Feature","id":216,"geometry":{"type":"Point","coordinates":[-63.5465702914214,44.6527394191376]},"properties":{"OBJECTID":216,"ASSETID":"STP129","STEPID":"STP129","ASSETCODE":"STP","OWNER":"UN","INSTYR":null,"INSTYRCONF":null,"MAT":"WOOD","MATCONF":3,"LOCGEN":"OSP","HRMINTRST":"Y","LENGTHM":6.4,"SIZE1UNIT":"M","WIDTHM":1.15,"SIZE2UNIT":"M","NUMSTEPS":null,"SIZE3UNIT":"UNIT","ASSETDESC":" ","PARTNER":null,"ASSETSTAT":"INS","INSTDATE":null,"LOCATION":"CARL MORASH MEMORIAL PARK","MAINTBY":"HRM","ADDDATE":null,"MODDATE":"Thu, 15 Jul 2021 00:07:47 GMT","SDATE":null,"SOURCE":null,"SACC":null,"WINT_PLOW":"N","WINT_MAINT":"NA","WINT_ROUTE":null,"WINT_LOS":null,"WINT_MAT":null,"WINT_COMM":null,"GLOBALID":"10094552-ca1a-4480-a7dc-e7f8c68e7323","WINT_ADDDATE":null,"WINT_MODDATE":"Thu, 14 Jul 2016 03:00:00 GMT","CONDITPERD":null,"CONDITEXP":null}},{"type":"Feature","id":217,"geometry":{"type":"Point","coordinates":[-63.6872734089832,44.7117151666868]},"properties":{"OBJECTID":217,"ASSETID":"STP6","STEPID":"STP6","ASSETCODE":"STP","OWNER":"HRM","INSTYR":null,"INSTYRCONF":null,"MAT":"CONC","MATCONF":1,"LOCGEN":"ROW","HRMINTRST":"Y","LENGTHM":1.06003103,"SIZE1UNIT":"M","WIDTHM":1.8,"SIZE2UNIT":"M","NUMSTEPS":4,"SIZE3UNIT":"UNIT","ASSETDESC":" ","PARTNER":null,"ASSETSTAT":"INS","INSTDATE":null,"LOCATION":"17 KISSOCK CT TO 120 ACADIA MILL DR","MAINTBY":"HRM","ADDDATE":null,"MODDATE":"Thu, 15 Jul 2021 00:07:38 GMT","SDATE":null,"SOURCE":null,"SACC":null,"WINT_PLOW":"Y","WINT_MAINT":"WSZ3","WINT_ROUTE":null,"WINT_LOS":"PRI3","WINT_MAT":null,"WINT_COMM":null,"GLOBALID":"1bab7377-b825-491e-9eb1-3209b61b62dd","WINT_ADDDATE":"Fri, 08 Jul 2016 03:00:00 GMT","WINT_MODDATE":"Fri, 04 Oct 2019 03:00:00 GMT","CONDITPERD":null,"CONDITEXP":null}},{"type":"Feature","id":218,"geometry":{"type":"Point","coordinates":[-63.8201550229269,44.7218917970069]},"properties":{"OBJECTID":218,"ASSETID":"STP68","STEPID":"STP68","ASSETCODE":"STP","OWNER":"HRM","INSTYR":null,"INSTYRCONF":null,"MAT":"WOOD","MATCONF":3,"LOCGEN":"OSP","HRMINTRST":"Y","LENGTHM":8,"SIZE1UNIT":"M","WIDTHM":3,"SIZE2UNIT":"M","NUMSTEPS":null,"SIZE3UNIT":"UNIT","ASSETDESC":" ","PARTNER":null,"ASSETSTAT":"INS","INSTDATE":null,"LOCATION":"THOMPSONS POND PARK","MAINTBY":"HRM","ADDDATE":null,"MODDATE":"Thu, 15 Jul 2021 00:07:38 GMT","SDATE":null,"SOURCE":null,"SACC":null,"WINT_PLOW":"N","WINT_MAINT":"NA","WINT_ROUTE":null,"WINT_LOS":null,"WINT_MAT":null,"WINT_COMM":null,"GLOBALID":"a642e42e-809a-4349-b074-f63f73f43ced","WINT_ADDDATE":"Wed, 22 Feb 2017 04:00:00 GMT","WINT_MODDATE":null,"CONDITPERD":null,"CONDITEXP":null}},{"type":"Feature","id":219,"geometry":{"type":"Point","coordinates":[-63.5052324792629,44.675265256369]},"properties":{"OBJECTID":219,"ASSETID":"STP323","STEPID":"STP323","ASSETCODE":"STP","OWNER":"HRM","INSTYR":null,"INSTYRCONF":null,"MAT":"CONC","MATCONF":1,"LOCGEN":"ROW","HRMINTRST":"Y","LENGTHM":null,"SIZE1UNIT":"M","WIDTHM":null,"SIZE2UNIT":"M","NUMSTEPS":null,"SIZE3UNIT":"UNIT","ASSETDESC":null,"PARTNER":null,"ASSETSTAT":"INS","INSTDATE":null,"LOCATION":"5 GRAYCOURT TERR, DARTMOUTH","MAINTBY":"HRM","ADDDATE":"Tue, 04 Jul 2023 21:17:58 GMT","MODDATE":"Tue, 04 Jul 2023 21:17:58 GMT","SDATE":"Thu, 16 Dec 2021 04:00:00 GMT","SOURCE":"WOOD (2021)","SACC":"IN","WINT_PLOW":null,"WINT_MAINT":null,"WINT_ROUTE":null,"WINT_LOS":null,"WINT_MAT":null,"WINT_COMM":null,"GLOBALID":"053b00cc-d5ae-4c9d-af8e-6bf1b984bb02","WINT_ADDDATE":null,"WINT_MODDATE":null,"CONDITPERD":null,"CONDITEXP":null}},{"type":"Feature","id":220,"geometry":{"type":"Point","coordinates":[-63.5989707979134,44.7862332759252]},"properties":{"OBJECTID":220,"ASSETID":"STP235","STEPID":"STP235","ASSETCODE":"STP","OWNER":"HRM","INSTYR":null,"INSTYRCONF":null,"MAT":null,"MATCONF":null,"LOCGEN":"BLD","HRMINTRST":"Y","LENGTHM":null,"SIZE1UNIT":"M","WIDTHM":null,"SIZE2UNIT":"M","NUMSTEPS":null,"SIZE3UNIT":"UNIT","ASSETDESC":null,"PARTNER":null,"ASSETSTAT":"INS","INSTDATE":null,"LOCATION":null,"MAINTBY":"HRM","ADDDATE":"Thu, 25 Jul 2019 21:47:22 GMT","MODDATE":"Thu, 15 Jul 2021 00:07:56 GMT","SDATE":null,"SOURCE":"HRMGIS","SACC":"PH","WINT_PLOW":"N","WINT_MAINT":"NA","WINT_ROUTE":null,"WINT_LOS":null,"WINT_MAT":null,"WINT_COMM":null,"GLOBALID":"8d0e701a-381e-40a6-8713-723c9b119c58","WINT_ADDDATE":"Thu, 10 Oct 2019 03:00:00 GMT","WINT_MODDATE":"Thu, 28 Jan 2021 04:00:00 GMT","CONDITPERD":null,"CONDITEXP":null}},{"type":"Feature","id":221,"geometry":{"type":"Point","coordinates":[-63.3023778817518,44.7399367317759]},"properties":{"OBJECTID":221,"ASSETID":"STP300","STEPID":"STP300","ASSETCODE":"STP","OWNER":"HRM","INSTYR":null,"INSTYRCONF":null,"MAT":"WOOD","MATCONF":1,"LOCGEN":"OSPREC","HRMINTRST":"Y","LENGTHM":null,"SIZE1UNIT":"M","WIDTHM":null,"SIZE2UNIT":"M","NUMSTEPS":7,"SIZE3UNIT":"UNIT","ASSETDESC":null,"PARTNER":null,"ASSETSTAT":"INS","INSTDATE":null,"LOCATION":"PORTERS LAKE COMMUNITY CENTRE PARK","MAINTBY":"HRM","ADDDATE":"Wed, 15 Jun 2022 21:27:00 GMT","MODDATE":"Wed, 15 Jun 2022 21:29:20 GMT","SDATE":null,"SOURCE":null,"SACC":"DG","WINT_PLOW":null,"WINT_MAINT":null,"WINT_ROUTE":null,"WINT_LOS":null,"WINT_MAT":null,"WINT_COMM":null,"GLOBALID":"c9e3ff7a-6d49-4f48-8944-1e624c553f9f","WINT_ADDDATE":null,"WINT_MODDATE":null,"CONDITPERD":null,"CONDITEXP":null}},{"type":"Feature","id":222,"geometry":{"type":"Point","coordinates":[-63.6212003264746,44.6283700265506]},"properties":{"OBJECTID":222,"ASSETID":"STP317","STEPID":"STP317","ASSETCODE":"STP","OWNER":"UN","INSTYR":null,"INSTYRCONF":null,"MAT":"CONC","MATCONF":1,"LOCGEN":null,"HRMINTRST":"Y","LENGTHM":null,"SIZE1UNIT":"M","WIDTHM":null,"SIZE2UNIT":"M","NUMSTEPS":null,"SIZE3UNIT":"UNIT","ASSETDESC":null,"PARTNER":null,"ASSETSTAT":"INS","INSTDATE":null,"LOCATION":"66 BROMLEY RD, HALIFAX","MAINTBY":null,"ADDDATE":"Tue, 04 Jul 2023 21:17:58 GMT","MODDATE":"Tue, 04 Jul 2023 21:17:58 GMT","SDATE":"Thu, 16 Dec 2021 04:00:00 GMT","SOURCE":"WOOD (2021)","SACC":"IN","WINT_PLOW":null,"WINT_MAINT":null,"WINT_ROUTE":null,"WINT_LOS":null,"WINT_MAT":null,"WINT_COMM":null,"GLOBALID":"43e944b5-66b9-4859-8432-2461ccb8e8ad","WINT_ADDDATE":null,"WINT_MODDATE":null,"CONDITPERD":null,"CONDITEXP":null}},{"type":"Feature","id":223,"geometry":{"type":"Point","coordinates":[-63.6785652151791,44.7213916394769]},"properties":{"OBJECTID":223,"ASSETID":"STP82","STEPID":"STP82","ASSETCODE":"STP","OWNER":"HRM","INSTYR":null,"INSTYRCONF":null,"MAT":"CONC","MATCONF":1,"LOCGEN":"OSP","HRMINTRST":"Y","LENGTHM":7.9,"SIZE1UNIT":"M","WIDTHM":1.8,"SIZE2UNIT":"M","NUMSTEPS":null,"SIZE3UNIT":"UNIT","ASSETDESC":" ","PARTNER":null,"ASSETSTAT":"INS","INSTDATE":null,"LOCATION":"BASINVIEW DR TO DR GERALD J LEBRUN MEMORIAL CENTRE","MAINTBY":"HRM","ADDDATE":null,"MODDATE":"Wed, 19 Apr 2023 19:43:36 GMT","SDATE":null,"SOURCE":null,"SACC":null,"WINT_PLOW":"Y","WINT_MAINT":"WSZ3","WINT_ROUTE":null,"WINT_LOS":"PRI3","WINT_MAT":null,"WINT_COMM":null,"GLOBALID":"67153a96-e5bd-4af4-9cbe-36175ae3be17","WINT_ADDDATE":null,"WINT_MODDATE":"Fri, 04 Oct 2019 03:00:00 GMT","CONDITPERD":null,"CONDITEXP":null}},{"type":"Feature","id":224,"geometry":{"type":"Point","coordinates":[-63.5519981746761,44.6741046939408]},"properties":{"OBJECTID":224,"ASSETID":"STP183","STEPID":"STP183","ASSETCODE":"STP","OWNER":"HRM","INSTYR":null,"INSTYRCONF":null,"MAT":"WOOD","MATCONF":1,"LOCGEN":"ROW","HRMINTRST":"Y","LENGTHM":7.2,"SIZE1UNIT":"M","WIDTHM":1.5,"SIZE2UNIT":"M","NUMSTEPS":17,"SIZE3UNIT":"UNIT","ASSETDESC":"steps at street to street walkway","PARTNER":null,"ASSETSTAT":"INS","INSTDATE":null,"LOCATION":"12 Tremont St to 52 Lorne Ave","MAINTBY":"HRM","ADDDATE":"Wed, 07 Feb 2018 17:37:37 GMT","MODDATE":"Wed, 19 Apr 2023 19:43:36 GMT","SDATE":null,"SOURCE":null,"SACC":null,"WINT_PLOW":"Y","WINT_MAINT":"SWZ8","WINT_ROUTE":null,"WINT_LOS":"PRI3","WINT_MAT":null,"WINT_COMM":null,"GLOBALID":"1a45ca90-4d10-4e1f-bf8b-b79842391b9b","WINT_ADDDATE":"Mon, 26 Feb 2018 04:00:00 GMT","WINT_MODDATE":"Thu, 26 Sep 2019 03:00:00 GMT","CONDITPERD":null,"CONDITEXP":null}},{"type":"Feature","id":225,"geometry":{"type":"Point","coordinates":[-63.7445716768296,44.8143305063257]},"properties":{"OBJECTID":225,"ASSETID":"STP117","STEPID":"STP117","ASSETCODE":"STP","OWNER":"HRM","INSTYR":null,"INSTYRCONF":null,"MAT":"WOOD","MATCONF":3,"LOCGEN":"OSP","HRMINTRST":"Y","LENGTHM":7,"SIZE1UNIT":"M","WIDTHM":1,"SIZE2UNIT":"M","NUMSTEPS":null,"SIZE3UNIT":"UNIT","ASSETDESC":" ","PARTNER":null,"ASSETSTAT":"INS","INSTDATE":null,"LOCATION":"SPRINGFIELD LAKE RECREATION PARK","MAINTBY":"HRM","ADDDATE":null,"MODDATE":"Thu, 15 Jul 2021 00:07:46 GMT","SDATE":null,"SOURCE":null,"SACC":null,"WINT_PLOW":"N","WINT_MAINT":"NA","WINT_ROUTE":null,"WINT_LOS":null,"WINT_MAT":null,"WINT_COMM":null,"GLOBALID":"1594349b-8a1d-4e39-8f33-5c9b4629c226","WINT_ADDDATE":null,"WINT_MODDATE":"Wed, 03 Aug 2016 03:00:00 GMT","CONDITPERD":null,"CONDITEXP":null}},{"type":"Feature","id":226,"geometry":{"type":"Point","coordinates":[-63.5685079798046,44.664189002667]},"properties":{"OBJECTID":226,"ASSETID":"STP355","STEPID":"STP355","ASSETCODE":"STP","OWNER":"HRM","INSTYR":null,"INSTYRCONF":null,"MAT":"CONC","MATCONF":1,"LOCGEN":"OSP","HRMINTRST":"Y","LENGTHM":null,"SIZE1UNIT":"M","WIDTHM":null,"SIZE2UNIT":"M","NUMSTEPS":null,"SIZE3UNIT":"UNIT","ASSETDESC":null,"PARTNER":null,"ASSETSTAT":"INS","INSTDATE":null,"LOCATION":"FERRY TERMINAL PARK","MAINTBY":"HRM","ADDDATE":"Tue, 04 Jul 2023 21:17:58 GMT","MODDATE":"Tue, 04 Jul 2023 21:17:58 GMT","SDATE":"Thu, 16 Dec 2021 04:00:00 GMT","SOURCE":"WOOD (2021)","SACC":"IN","WINT_PLOW":null,"WINT_MAINT":null,"WINT_ROUTE":null,"WINT_LOS":null,"WINT_MAT":null,"WINT_COMM":null,"GLOBALID":"fbcd41dc-61e5-41ed-bec2-7ebd13a9e7da","WINT_ADDDATE":null,"WINT_MODDATE":null,"CONDITPERD":null,"CONDITEXP":null}},{"type":"Feature","id":227,"geometry":{"type":"Point","coordinates":[-63.5397306158662,44.6943268423473]},"properties":{"OBJECTID":227,"ASSETID":"STP118","STEPID":"STP118","ASSETCODE":"STP","OWNER":"HRM","INSTYR":1994,"INSTYRCONF":4,"MAT":"WOOD","MATCONF":1,"LOCGEN":"OSP","HRMINTRST":"Y","LENGTHM":3.5,"SIZE1UNIT":"M","WIDTHM":1.3,"SIZE2UNIT":"M","NUMSTEPS":12,"SIZE3UNIT":"UNIT","ASSETDESC":" ","PARTNER":null,"ASSETSTAT":"INS","INSTDATE":null,"LOCATION":"IAN FORSYTH ELEMENTARY SCHOOL PARK","MAINTBY":"HRM","ADDDATE":null,"MODDATE":"Wed, 19 Apr 2023 19:43:36 GMT","SDATE":null,"SOURCE":null,"SACC":null,"WINT_PLOW":"Y","WINT_MAINT":"WSZ1","WINT_ROUTE":null,"WINT_LOS":"PRI1","WINT_MAT":null,"WINT_COMM":null,"GLOBALID":"4df8b348-6768-4356-a419-fe164ab9a040","WINT_ADDDATE":null,"WINT_MODDATE":"Wed, 01 Jun 2022 03:00:00 GMT","CONDITPERD":null,"CONDITEXP":null}},{"type":"Feature","id":228,"geometry":{"type":"Point","coordinates":[-63.5817633305926,44.6496833512137]},"properties":{"OBJECTID":228,"ASSETID":"STP210","STEPID":"STP210","ASSETCODE":"STP","OWNER":"HRM","INSTYR":null,"INSTYRCONF":null,"MAT":null,"MATCONF":null,"LOCGEN":"BLD","HRMINTRST":"Y","LENGTHM":null,"SIZE1UNIT":"M","WIDTHM":null,"SIZE2UNIT":"M","NUMSTEPS":null,"SIZE3UNIT":"UNIT","ASSETDESC":null,"PARTNER":null,"ASSETSTAT":"INS","INSTDATE":null,"LOCATION":null,"MAINTBY":"HRM","ADDDATE":"Thu, 25 Jul 2019 21:47:22 GMT","MODDATE":"Thu, 15 Jul 2021 00:07:53 GMT","SDATE":null,"SOURCE":"HRMGIS","SACC":"PH","WINT_PLOW":"N","WINT_MAINT":"NA","WINT_ROUTE":null,"WINT_LOS":null,"WINT_MAT":null,"WINT_COMM":null,"GLOBALID":"63a94460-59d7-43c9-85a5-fa76b648b13c","WINT_ADDDATE":"Thu, 10 Oct 2019 03:00:00 GMT","WINT_MODDATE":"Thu, 28 Jan 2021 04:00:00 GMT","CONDITPERD":null,"CONDITEXP":null}},{"type":"Feature","id":229,"geometry":{"type":"Point","coordinates":[-63.6502239132425,44.6575516504682]},"properties":{"OBJECTID":229,"ASSETID":"STP154","STEPID":"STP154","ASSETCODE":"STP","OWNER":"HRM","INSTYR":null,"INSTYRCONF":null,"MAT":null,"MATCONF":null,"LOCGEN":null,"HRMINTRST":"Y","LENGTHM":null,"SIZE1UNIT":"M","WIDTHM":null,"SIZE2UNIT":"M","NUMSTEPS":null,"SIZE3UNIT":"UNIT","ASSETDESC":null,"PARTNER":null,"ASSETSTAT":null,"INSTDATE":null,"LOCATION":null,"MAINTBY":null,"ADDDATE":"Mon, 25 Jul 2016 19:07:48 GMT","MODDATE":"Thu, 15 Jul 2021 00:07:48 GMT","SDATE":null,"SOURCE":null,"SACC":null,"WINT_PLOW":"N","WINT_MAINT":"NA","WINT_ROUTE":null,"WINT_LOS":null,"WINT_MAT":null,"WINT_COMM":null,"GLOBALID":"aea8eada-0db0-4987-9e08-72bdcdc0aa42","WINT_ADDDATE":"Wed, 22 Feb 2017 04:00:00 GMT","WINT_MODDATE":null,"CONDITPERD":null,"CONDITEXP":null}},{"type":"Feature","id":230,"geometry":{"type":"Point","coordinates":[-63.6727402729755,44.7771904601804]},"properties":{"OBJECTID":230,"ASSETID":"STP196","STEPID":"STP196","ASSETCODE":"RMP","OWNER":"HRM","INSTYR":2019,"INSTYRCONF":1,"MAT":"CONC","MATCONF":5,"LOCGEN":"OSP","HRMINTRST":"Y","LENGTHM":null,"SIZE1UNIT":"M","WIDTHM":null,"SIZE2UNIT":"M","NUMSTEPS":null,"SIZE3UNIT":"UNIT","ASSETDESC":null,"PARTNER":null,"ASSETSTAT":"INS","INSTDATE":"Fri, 07 Dec 2018 08:00:00 GMT","LOCATION":null,"MAINTBY":"HRM","ADDDATE":"Tue, 22 Jan 2019 23:08:20 GMT","MODDATE":"Mon, 15 Apr 2024 14:22:55 GMT","SDATE":"Fri, 07 Dec 2018 08:00:00 GMT","SOURCE":null,"SACC":null,"WINT_PLOW":"N","WINT_MAINT":"NA","WINT_ROUTE":null,"WINT_LOS":null,"WINT_MAT":null,"WINT_COMM":null,"GLOBALID":"2262cca5-53b1-4bf2-965d-b764409155f9","WINT_ADDDATE":"Thu, 10 Oct 2019 03:00:00 GMT","WINT_MODDATE":"Thu, 21 Nov 2019 04:00:00 GMT","CONDITPERD":null,"CONDITEXP":null}},{"type":"Feature","id":231,"geometry":{"type":"Point","coordinates":[-63.6560904411555,44.7243926710652]},"properties":{"OBJECTID":231,"ASSETID":"STP71","STEPID":"STP71","ASSETCODE":"STP","OWNER":"HRM","INSTYR":null,"INSTYRCONF":null,"MAT":"UNKN","MATCONF":3,"LOCGEN":"OSP","HRMINTRST":"Y","LENGTHM":4.7,"SIZE1UNIT":"M","WIDTHM":1.32,"SIZE2UNIT":"M","NUMSTEPS":null,"SIZE3UNIT":"UNIT","ASSETDESC":" ","PARTNER":null,"ASSETSTAT":"INS","INSTDATE":null,"LOCATION":"ANDREW COBB PARK","MAINTBY":"HRM","ADDDATE":null,"MODDATE":"Thu, 15 Jul 2021 00:07:44 GMT","SDATE":null,"SOURCE":null,"SACC":null,"WINT_PLOW":"N","WINT_MAINT":"NA","WINT_ROUTE":null,"WINT_LOS":null,"WINT_MAT":null,"WINT_COMM":null,"GLOBALID":"98a6c891-d900-4955-a1d4-56ba63010163","WINT_ADDDATE":"Thu, 10 Oct 2019 03:00:00 GMT","WINT_MODDATE":null,"CONDITPERD":null,"CONDITEXP":null}},{"type":"Feature","id":232,"geometry":{"type":"Point","coordinates":[-63.6191159080287,44.6382362324493]},"properties":{"OBJECTID":232,"ASSETID":"STP255","STEPID":"STP255","ASSETCODE":"STP","OWNER":"HRM","INSTYR":null,"INSTYRCONF":null,"MAT":null,"MATCONF":null,"LOCGEN":"BLD","HRMINTRST":"Y","LENGTHM":null,"SIZE1UNIT":"M","WIDTHM":null,"SIZE2UNIT":"M","NUMSTEPS":null,"SIZE3UNIT":"UNIT","ASSETDESC":"Steps with wheelchair access","PARTNER":null,"ASSETSTAT":"INS","INSTDATE":null,"LOCATION":null,"MAINTBY":"HRM","ADDDATE":"Thu, 25 Jul 2019 21:47:22 GMT","MODDATE":"Thu, 15 Jul 2021 00:07:58 GMT","SDATE":null,"SOURCE":null,"SACC":null,"WINT_PLOW":"N","WINT_MAINT":"NA","WINT_ROUTE":null,"WINT_LOS":null,"WINT_MAT":null,"WINT_COMM":null,"GLOBALID":"e9a18de0-60f2-4e2b-82d7-e3b6f7672e4e","WINT_ADDDATE":"Thu, 10 Oct 2019 03:00:00 GMT","WINT_MODDATE":null,"CONDITPERD":null,"CONDITEXP":null}},{"type":"Feature","id":233,"geometry":{"type":"Point","coordinates":[-63.611574427251,44.6715853540623]},"properties":{"OBJECTID":233,"ASSETID":"STP325","STEPID":"STP325","ASSETCODE":"STP","OWNER":"HRM","INSTYR":null,"INSTYRCONF":null,"MAT":"WOOD","MATCONF":1,"LOCGEN":"OSP","HRMINTRST":"Y","LENGTHM":null,"SIZE1UNIT":"M","WIDTHM":null,"SIZE2UNIT":"M","NUMSTEPS":null,"SIZE3UNIT":"UNIT","ASSETDESC":null,"PARTNER":null,"ASSETSTAT":"INS","INSTDATE":null,"LOCATION":"MERV SULLIVAN PARK","MAINTBY":"HRM","ADDDATE":"Tue, 04 Jul 2023 21:17:58 GMT","MODDATE":"Tue, 04 Jul 2023 21:17:58 GMT","SDATE":"Thu, 16 Dec 2021 04:00:00 GMT","SOURCE":"WOOD (2021)","SACC":"IN","WINT_PLOW":null,"WINT_MAINT":null,"WINT_ROUTE":null,"WINT_LOS":null,"WINT_MAT":null,"WINT_COMM":null,"GLOBALID":"9d248805-4168-45b2-8f7f-183ee9f161ff","WINT_ADDDATE":null,"WINT_MODDATE":null,"CONDITPERD":null,"CONDITEXP":null}},{"type":"Feature","id":234,"geometry":{"type":"Point","coordinates":[-63.6007811592308,44.666150566844]},"properties":{"OBJECTID":234,"ASSETID":"STP194","STEPID":"STP194","ASSETCODE":"STP","OWNER":"HRM","INSTYR":2017,"INSTYRCONF":2,"MAT":"CONC","MATCONF":1,"LOCGEN":"ROW","HRMINTRST":"Y","LENGTHM":40,"SIZE1UNIT":"M","WIDTHM":null,"SIZE2UNIT":"M","NUMSTEPS":null,"SIZE3UNIT":"UNIT","ASSETDESC":"Concrete steps with two landings","PARTNER":null,"ASSETSTAT":"INS","INSTDATE":null,"LOCATION":"Fort Needham Memorial Park to Union St","MAINTBY":null,"ADDDATE":"Sat, 17 Nov 2018 00:09:18 GMT","MODDATE":"Wed, 19 Apr 2023 19:43:36 GMT","SDATE":null,"SOURCE":null,"SACC":null,"WINT_PLOW":"N","WINT_MAINT":"NA","WINT_ROUTE":null,"WINT_LOS":null,"WINT_MAT":null,"WINT_COMM":null,"GLOBALID":"39afd4ef-9e73-45f3-a778-5eb4976fc569","WINT_ADDDATE":"Mon, 07 Oct 2019 03:00:00 GMT","WINT_MODDATE":"Thu, 23 Jan 2020 04:00:00 GMT","CONDITPERD":null,"CONDITEXP":null}},{"type":"Feature","id":235,"geometry":{"type":"Point","coordinates":[-63.6665846707974,44.7273152220323]},"properties":{"OBJECTID":235,"ASSETID":"STP81","STEPID":"STP81","ASSETCODE":"STP","OWNER":"HRM","INSTYR":null,"INSTYRCONF":null,"MAT":"CONC","MATCONF":3,"LOCGEN":"OSP","HRMINTRST":"Y","LENGTHM":3.6,"SIZE1UNIT":"M","WIDTHM":1,"SIZE2UNIT":"M","NUMSTEPS":null,"SIZE3UNIT":"UNIT","ASSETDESC":" ","PARTNER":null,"ASSETSTAT":"INS","INSTDATE":null,"LOCATION":"TEACHERY PARK","MAINTBY":"HRM","ADDDATE":null,"MODDATE":"Thu, 15 Jul 2021 00:07:41 GMT","SDATE":null,"SOURCE":null,"SACC":null,"WINT_PLOW":"N","WINT_MAINT":"NA","WINT_ROUTE":null,"WINT_LOS":null,"WINT_MAT":null,"WINT_COMM":null,"GLOBALID":"70b81cbe-faf4-44a7-a9e3-cd5e28382457","WINT_ADDDATE":null,"WINT_MODDATE":"Thu, 18 Aug 2016 03:00:00 GMT","CONDITPERD":null,"CONDITEXP":null}},{"type":"Feature","id":236,"geometry":{"type":"Point","coordinates":[-63.5507675276527,44.6751239822658]},"properties":{"OBJECTID":236,"ASSETID":"STP301","STEPID":"STP301","ASSETCODE":"STP","OWNER":"HRM","INSTYR":null,"INSTYRCONF":null,"MAT":"CONC","MATCONF":1,"LOCGEN":"OSP","HRMINTRST":"Y","LENGTHM":null,"SIZE1UNIT":"M","WIDTHM":null,"SIZE2UNIT":"M","NUMSTEPS":6,"SIZE3UNIT":"UNIT","ASSETDESC":"Steps into water","PARTNER":null,"ASSETSTAT":"INS","INSTDATE":null,"LOCATION":"OATHILL LAKE PARK","MAINTBY":"HRM","ADDDATE":"Thu, 16 Jun 2022 19:44:46 GMT","MODDATE":"Thu, 16 Jun 2022 19:50:19 GMT","SDATE":null,"SOURCE":null,"SACC":"DG","WINT_PLOW":null,"WINT_MAINT":null,"WINT_ROUTE":null,"WINT_LOS":null,"WINT_MAT":null,"WINT_COMM":null,"GLOBALID":"dbfba166-9424-404a-bcd2-0baff29d9e47","WINT_ADDDATE":null,"WINT_MODDATE":null,"CONDITPERD":null,"CONDITEXP":null}},{"type":"Feature","id":237,"geometry":{"type":"Point","coordinates":[-63.515058181772,44.6751983253326]},"properties":{"OBJECTID":237,"ASSETID":"STP30","STEPID":"STP30","ASSETCODE":"STP","OWNER":"HRM","INSTYR":null,"INSTYRCONF":null,"MAT":"CONC","MATCONF":1,"LOCGEN":"ROW","HRMINTRST":"Y","LENGTHM":6.48008738,"SIZE1UNIT":"M","WIDTHM":1.5,"SIZE2UNIT":"M","NUMSTEPS":16,"SIZE3UNIT":"UNIT","ASSETDESC":"steel handrails","PARTNER":null,"ASSETSTAT":"INS","INSTDATE":null,"LOCATION":"12 MEDWAY CT TO 111 REGAL RD","MAINTBY":"HRM","ADDDATE":null,"MODDATE":"Wed, 19 Apr 2023 19:43:36 GMT","SDATE":null,"SOURCE":null,"SACC":null,"WINT_PLOW":"Y","WINT_MAINT":"WSZ1","WINT_ROUTE":null,"WINT_LOS":"PRI3","WINT_MAT":null,"WINT_COMM":null,"GLOBALID":"98c2fbd4-a859-4456-89e4-171d1c1e6f96","WINT_ADDDATE":null,"WINT_MODDATE":"Wed, 01 Jun 2022 03:00:00 GMT","CONDITPERD":null,"CONDITEXP":null}},{"type":"Feature","id":238,"geometry":{"type":"Point","coordinates":[-63.6725337404103,44.777203788761]},"properties":{"OBJECTID":238,"ASSETID":"STP195","STEPID":"STP195","ASSETCODE":"STP","OWNER":"HRM","INSTYR":2019,"INSTYRCONF":1,"MAT":"CONC","MATCONF":1,"LOCGEN":"OSP","HRMINTRST":"Y","LENGTHM":null,"SIZE1UNIT":"M","WIDTHM":null,"SIZE2UNIT":"M","NUMSTEPS":null,"SIZE3UNIT":"UNIT","ASSETDESC":"concrete steps","PARTNER":null,"ASSETSTAT":"INS","INSTDATE":"Fri, 07 Dec 2018 08:00:00 GMT","LOCATION":null,"MAINTBY":"HRM","ADDDATE":"Tue, 22 Jan 2019 23:01:01 GMT","MODDATE":"Wed, 19 Apr 2023 19:43:36 GMT","SDATE":"Fri, 07 Dec 2018 08:00:00 GMT","SOURCE":null,"SACC":null,"WINT_PLOW":"N","WINT_MAINT":"NA","WINT_ROUTE":null,"WINT_LOS":null,"WINT_MAT":null,"WINT_COMM":null,"GLOBALID":"c37a6d1f-429e-4740-aa4d-b53c1079221c","WINT_ADDDATE":"Thu, 10 Oct 2019 03:00:00 GMT","WINT_MODDATE":"Thu, 21 Nov 2019 04:00:00 GMT","CONDITPERD":null,"CONDITEXP":null}},{"type":"Feature","id":239,"geometry":{"type":"Point","coordinates":[-63.6173309483726,44.6100209737035]},"properties":{"OBJECTID":239,"ASSETID":"STP202","STEPID":"STP202","ASSETCODE":"STP","OWNER":"HRM","INSTYR":null,"INSTYRCONF":null,"MAT":"CONC","MATCONF":1,"LOCGEN":"OSP","HRMINTRST":"Y","LENGTHM":null,"SIZE1UNIT":"M","WIDTHM":null,"SIZE2UNIT":"M","NUMSTEPS":7,"SIZE3UNIT":"UNIT","ASSETDESC":null,"PARTNER":null,"ASSETSTAT":"INS","INSTDATE":null,"LOCATION":null,"MAINTBY":"HRM","ADDDATE":"Thu, 25 Jul 2019 21:47:22 GMT","MODDATE":"Wed, 19 Apr 2023 19:43:36 GMT","SDATE":null,"SOURCE":"HRMGIS","SACC":"PH","WINT_PLOW":"N","WINT_MAINT":"NA","WINT_ROUTE":null,"WINT_LOS":null,"WINT_MAT":null,"WINT_COMM":null,"GLOBALID":"5bdefc28-0542-4f30-a8d3-01ef2760a028","WINT_ADDDATE":"Thu, 10 Oct 2019 03:00:00 GMT","WINT_MODDATE":"Thu, 28 Jan 2021 04:00:00 GMT","CONDITPERD":null,"CONDITEXP":null}},{"type":"Feature","id":240,"geometry":{"type":"Point","coordinates":[-63.5645788781093,44.6651712919259]},"properties":{"OBJECTID":240,"ASSETID":"STP113","STEPID":"STP113","ASSETCODE":"STP","OWNER":"HRM","INSTYR":null,"INSTYRCONF":null,"MAT":"WOOD","MATCONF":1,"LOCGEN":"OSP","HRMINTRST":"Y","LENGTHM":2,"SIZE1UNIT":"M","WIDTHM":2,"SIZE2UNIT":"M","NUMSTEPS":null,"SIZE3UNIT":"UNIT","ASSETDESC":" ","PARTNER":null,"ASSETSTAT":"INS","INSTDATE":null,"LOCATION":"MARTINS PARK","MAINTBY":"HRM","ADDDATE":null,"MODDATE":"Wed, 19 Apr 2023 19:43:36 GMT","SDATE":null,"SOURCE":null,"SACC":null,"WINT_PLOW":"N","WINT_MAINT":"NA","WINT_ROUTE":null,"WINT_LOS":null,"WINT_MAT":null,"WINT_COMM":null,"GLOBALID":"30970ad6-1f83-46c8-a271-98f946471c4e","WINT_ADDDATE":null,"WINT_MODDATE":"Fri, 02 Dec 2016 04:00:00 GMT","CONDITPERD":null,"CONDITEXP":null}},{"type":"Feature","id":241,"geometry":{"type":"Point","coordinates":[-63.513571903863,44.6640232840142]},"properties":{"OBJECTID":241,"ASSETID":"STP286","STEPID":"STP286","ASSETCODE":"RMP","OWNER":"HRM","INSTYR":null,"INSTYRCONF":null,"MAT":"WOOD","MATCONF":1,"LOCGEN":"OSP","HRMINTRST":"Y","LENGTHM":null,"SIZE1UNIT":"M","WIDTHM":null,"SIZE2UNIT":"M","NUMSTEPS":null,"SIZE3UNIT":"UNIT","ASSETDESC":"Entrance to gazebo","PARTNER":null,"ASSETSTAT":"INS","INSTDATE":null,"LOCATION":"THE BIRCHES PARK","MAINTBY":"HRM","ADDDATE":"Tue, 08 Mar 2022 00:06:43 GMT","MODDATE":"Tue, 08 Mar 2022 00:08:35 GMT","SDATE":null,"SOURCE":null,"SACC":"DG","WINT_PLOW":null,"WINT_MAINT":null,"WINT_ROUTE":null,"WINT_LOS":null,"WINT_MAT":null,"WINT_COMM":null,"GLOBALID":"7085aa3b-f0b5-481e-aa2a-2bbd4bbc0731","WINT_ADDDATE":null,"WINT_MODDATE":null,"CONDITPERD":null,"CONDITEXP":null}},{"type":"Feature","id":242,"geometry":{"type":"Point","coordinates":[-63.6607526552593,44.7346618043062]},"properties":{"OBJECTID":242,"ASSETID":"STP4","STEPID":"STP4","ASSETCODE":"STP","OWNER":"HRM","INSTYR":null,"INSTYRCONF":null,"MAT":"CONC","MATCONF":1,"LOCGEN":"ROW","HRMINTRST":"Y","LENGTHM":18,"SIZE1UNIT":"M","WIDTHM":1.5,"SIZE2UNIT":"M","NUMSTEPS":38,"SIZE3UNIT":"UNIT","ASSETDESC":" ","PARTNER":null,"ASSETSTAT":"INS","INSTDATE":null,"LOCATION":"8 MARY FENTON CT TO 79 NOTTINGHAM ST","MAINTBY":"HRM","ADDDATE":null,"MODDATE":"Wed, 19 Apr 2023 19:43:36 GMT","SDATE":null,"SOURCE":null,"SACC":null,"WINT_PLOW":"Y","WINT_MAINT":"WSZ3","WINT_ROUTE":null,"WINT_LOS":"PRI3","WINT_MAT":null,"WINT_COMM":null,"GLOBALID":"1f6f92ee-88b8-4cac-a77d-053cf5265e98","WINT_ADDDATE":null,"WINT_MODDATE":"Fri, 04 Oct 2019 03:00:00 GMT","CONDITPERD":null,"CONDITEXP":null}},{"type":"Feature","id":243,"geometry":{"type":"Point","coordinates":[-63.5825936505962,44.6494365469407]},"properties":{"OBJECTID":243,"ASSETID":"STP209","STEPID":"STP209","ASSETCODE":"STP","OWNER":"HRM","INSTYR":null,"INSTYRCONF":null,"MAT":"CONC","MATCONF":1,"LOCGEN":"BLD","HRMINTRST":"Y","LENGTHM":null,"SIZE1UNIT":"M","WIDTHM":null,"SIZE2UNIT":"M","NUMSTEPS":null,"SIZE3UNIT":"UNIT","ASSETDESC":null,"PARTNER":null,"ASSETSTAT":"INS","INSTDATE":null,"LOCATION":null,"MAINTBY":"HRM","ADDDATE":"Thu, 25 Jul 2019 21:47:22 GMT","MODDATE":"Wed, 19 Apr 2023 19:43:36 GMT","SDATE":null,"SOURCE":"HRMGIS","SACC":"PH","WINT_PLOW":"N","WINT_MAINT":"NA","WINT_ROUTE":null,"WINT_LOS":null,"WINT_MAT":null,"WINT_COMM":null,"GLOBALID":"301b1a99-656b-4272-babb-1678da785a0c","WINT_ADDDATE":"Thu, 10 Oct 2019 03:00:00 GMT","WINT_MODDATE":"Thu, 28 Jan 2021 04:00:00 GMT","CONDITPERD":null,"CONDITEXP":null}},{"type":"Feature","id":244,"geometry":{"type":"Point","coordinates":[-63.6113857271424,44.6714582397495]},"properties":{"OBJECTID":244,"ASSETID":"STP328","STEPID":"STP328","ASSETCODE":"STP","OWNER":"HRM","INSTYR":null,"INSTYRCONF":null,"MAT":"CONC","MATCONF":1,"LOCGEN":"OSP","HRMINTRST":"Y","LENGTHM":null,"SIZE1UNIT":"M","WIDTHM":null,"SIZE2UNIT":"M","NUMSTEPS":null,"SIZE3UNIT":"UNIT","ASSETDESC":null,"PARTNER":null,"ASSETSTAT":"INS","INSTDATE":null,"LOCATION":"MERV SULLIVAN PARK","MAINTBY":"HRM","ADDDATE":"Tue, 04 Jul 2023 21:17:58 GMT","MODDATE":"Tue, 04 Jul 2023 21:17:58 GMT","SDATE":"Thu, 16 Dec 2021 04:00:00 GMT","SOURCE":"WOOD (2021)","SACC":"IN","WINT_PLOW":null,"WINT_MAINT":null,"WINT_ROUTE":null,"WINT_LOS":null,"WINT_MAT":null,"WINT_COMM":null,"GLOBALID":"a1d169eb-c38a-4d3f-bd68-d6c30ba35344","WINT_ADDDATE":null,"WINT_MODDATE":null,"CONDITPERD":null,"CONDITEXP":null}},{"type":"Feature","id":245,"geometry":{"type":"Point","coordinates":[-63.1506429503429,45.0443868868218]},"properties":{"OBJECTID":245,"ASSETID":"STP254","STEPID":"STP254","ASSETCODE":"STP","OWNER":"HRM","INSTYR":null,"INSTYRCONF":null,"MAT":null,"MATCONF":null,"LOCGEN":"OSPREC","HRMINTRST":"Y","LENGTHM":null,"SIZE1UNIT":"M","WIDTHM":null,"SIZE2UNIT":"M","NUMSTEPS":null,"SIZE3UNIT":"UNIT","ASSETDESC":null,"PARTNER":null,"ASSETSTAT":"INS","INSTDATE":null,"LOCATION":null,"MAINTBY":"PRIV","ADDDATE":"Thu, 25 Jul 2019 21:47:22 GMT","MODDATE":"Thu, 15 Jul 2021 00:07:58 GMT","SDATE":null,"SOURCE":"HRMGIS","SACC":"PH","WINT_PLOW":"N","WINT_MAINT":"NA","WINT_ROUTE":null,"WINT_LOS":null,"WINT_MAT":null,"WINT_COMM":null,"GLOBALID":"88afa746-7825-48d7-9922-1840ef2fc19e","WINT_ADDDATE":"Thu, 10 Oct 2019 03:00:00 GMT","WINT_MODDATE":null,"CONDITPERD":null,"CONDITEXP":null}},{"type":"Feature","id":246,"geometry":{"type":"Point","coordinates":[-63.6714012325349,44.726658887437]},"properties":{"OBJECTID":246,"ASSETID":"STP12","STEPID":"STP12","ASSETCODE":"STP","OWNER":"HRM","INSTYR":null,"INSTYRCONF":null,"MAT":"WOOD","MATCONF":1,"LOCGEN":"OSP","HRMINTRST":"Y","LENGTHM":6.98226635,"SIZE1UNIT":"M","WIDTHM":1.5,"SIZE2UNIT":"M","NUMSTEPS":null,"SIZE3UNIT":"UNIT","ASSETDESC":" ","PARTNER":null,"ASSETSTAT":"INS","INSTDATE":null,"LOCATION":"WALKWAY ACROSS 44 MEADOWBROOK DR BEDFORD","MAINTBY":null,"ADDDATE":null,"MODDATE":"Wed, 19 Apr 2023 19:43:36 GMT","SDATE":null,"SOURCE":null,"SACC":null,"WINT_PLOW":"Y","WINT_MAINT":"WSZ3","WINT_ROUTE":null,"WINT_LOS":"PRI3","WINT_MAT":null,"WINT_COMM":null,"GLOBALID":"5f3cdde7-c770-4ce7-8bf8-d6cd9544c3c3","WINT_ADDDATE":null,"WINT_MODDATE":"Fri, 04 Oct 2019 03:00:00 GMT","CONDITPERD":null,"CONDITEXP":null}},{"type":"Feature","id":247,"geometry":{"type":"Point","coordinates":[-63.5898251003115,44.6810501656315]},"properties":{"OBJECTID":247,"ASSETID":"STP66","STEPID":"STP66","ASSETCODE":"STP","OWNER":"HRM","INSTYR":1989,"INSTYRCONF":4,"MAT":"CONC","MATCONF":3,"LOCGEN":"OSP","HRMINTRST":"Y","LENGTHM":2.8,"SIZE1UNIT":"M","WIDTHM":1.83,"SIZE2UNIT":"M","NUMSTEPS":null,"SIZE3UNIT":"UNIT","ASSETDESC":" ","PARTNER":"HRSB","ASSETSTAT":"INS","INSTDATE":null,"LOCATION":"HARBOURVIEW ELEMENTARY SCHOOL PARK","MAINTBY":"HRSB","ADDDATE":null,"MODDATE":"Tue, 04 Mar 2025 22:29:34 GMT","SDATE":"Wed, 12 Apr 2017 06:00:00 GMT","SOURCE":null,"SACC":null,"WINT_PLOW":"N","WINT_MAINT":"NA","WINT_ROUTE":null,"WINT_LOS":null,"WINT_MAT":null,"WINT_COMM":null,"GLOBALID":"80aecb5a-c2bc-42ea-b566-457973b1b9c3","WINT_ADDDATE":"Thu, 30 Jun 2016 03:00:00 GMT","WINT_MODDATE":null,"CONDITPERD":null,"CONDITEXP":null}},{"type":"Feature","id":248,"geometry":{"type":"Point","coordinates":[-63.6488380705756,44.7401997783391]},"properties":{"OBJECTID":248,"ASSETID":"STP3","STEPID":"STP3","ASSETCODE":"STP","OWNER":"HRM","INSTYR":null,"INSTYRCONF":null,"MAT":"CONC","MATCONF":1,"LOCGEN":"ROW","HRMINTRST":"Y","LENGTHM":3.41584168,"SIZE1UNIT":"M","WIDTHM":1.5,"SIZE2UNIT":"M","NUMSTEPS":5,"SIZE3UNIT":"UNIT","ASSETDESC":" ","PARTNER":null,"ASSETSTAT":"INS","INSTDATE":null,"LOCATION":"153 DUFFUS DR TO 85 ROCKMANOR DR","MAINTBY":"HRM","ADDDATE":null,"MODDATE":"Wed, 19 Apr 2023 19:43:36 GMT","SDATE":null,"SOURCE":null,"SACC":null,"WINT_PLOW":"Y","WINT_MAINT":"WSZ3","WINT_ROUTE":null,"WINT_LOS":"PRI3","WINT_MAT":null,"WINT_COMM":null,"GLOBALID":"f53bdcb4-6983-44cc-b324-f7fd99e26222","WINT_ADDDATE":null,"WINT_MODDATE":"Fri, 04 Oct 2019 03:00:00 GMT","CONDITPERD":null,"CONDITEXP":null}},{"type":"Feature","id":249,"geometry":{"type":"Point","coordinates":[-63.7109928742914,44.6443570543401]},"properties":{"OBJECTID":249,"ASSETID":"STP265","STEPID":"STP265","ASSETCODE":"STP","OWNER":"HRM","INSTYR":2019,"INSTYRCONF":1,"MAT":"CONC","MATCONF":1,"LOCGEN":"ROW","HRMINTRST":"Y","LENGTHM":1.65,"SIZE1UNIT":"M","WIDTHM":1.8,"SIZE2UNIT":"M","NUMSTEPS":5,"SIZE3UNIT":"UNIT","ASSETDESC":"concrete steps leading to private land","PARTNER":"PRIV","ASSETSTAT":"INS","INSTDATE":null,"LOCATION":"6 Lakeview DR","MAINTBY":"HRM","ADDDATE":"Fri, 27 Nov 2020 19:50:13 GMT","MODDATE":"Thu, 15 Jul 2021 00:07:59 GMT","SDATE":null,"SOURCE":null,"SACC":null,"WINT_PLOW":null,"WINT_MAINT":null,"WINT_ROUTE":null,"WINT_LOS":null,"WINT_MAT":null,"WINT_COMM":null,"GLOBALID":"7fa19cf5-253f-4fa7-b388-e20384669a2d","WINT_ADDDATE":null,"WINT_MODDATE":null,"CONDITPERD":null,"CONDITEXP":null}},{"type":"Feature","id":250,"geometry":{"type":"Point","coordinates":[-63.4840786994241,44.6719744309335]},"properties":{"OBJECTID":250,"ASSETID":"STP230","STEPID":"STP230","ASSETCODE":"STP","OWNER":"HRM","INSTYR":null,"INSTYRCONF":null,"MAT":"CONC","MATCONF":1,"LOCGEN":"BLD","HRMINTRST":"Y","LENGTHM":null,"SIZE1UNIT":"M","WIDTHM":null,"SIZE2UNIT":"M","NUMSTEPS":null,"SIZE3UNIT":"UNIT","ASSETDESC":null,"PARTNER":null,"ASSETSTAT":"INS","INSTDATE":null,"LOCATION":null,"MAINTBY":"HRM","ADDDATE":"Thu, 25 Jul 2019 21:47:22 GMT","MODDATE":"Wed, 19 Apr 2023 19:43:36 GMT","SDATE":null,"SOURCE":"HRMGIS","SACC":"PH","WINT_PLOW":"N","WINT_MAINT":"NA","WINT_ROUTE":null,"WINT_LOS":null,"WINT_MAT":null,"WINT_COMM":null,"GLOBALID":"aa9b5bdb-e986-45b7-af10-59a35c53150f","WINT_ADDDATE":"Thu, 10 Oct 2019 03:00:00 GMT","WINT_MODDATE":"Thu, 28 Jan 2021 04:00:00 GMT","CONDITPERD":null,"CONDITEXP":null}},{"type":"Feature","id":251,"geometry":{"type":"Point","coordinates":[-63.558242301334,44.6755964551703]},"properties":{"OBJECTID":251,"ASSETID":"STP57","STEPID":"STP57","ASSETCODE":"STP","OWNER":"HRM","INSTYR":null,"INSTYRCONF":null,"MAT":"WOOD","MATCONF":3,"LOCGEN":"OSP","HRMINTRST":"Y","LENGTHM":40,"SIZE1UNIT":"M","WIDTHM":1.5,"SIZE2UNIT":"M","NUMSTEPS":null,"SIZE3UNIT":"UNIT","ASSETDESC":" ","PARTNER":null,"ASSETSTAT":"INS","INSTDATE":null,"LOCATION":"SILVER HILL PARK","MAINTBY":"HRM","ADDDATE":null,"MODDATE":"Thu, 15 Jul 2021 00:07:43 GMT","SDATE":null,"SOURCE":null,"SACC":null,"WINT_PLOW":"N","WINT_MAINT":"NA","WINT_ROUTE":null,"WINT_LOS":null,"WINT_MAT":null,"WINT_COMM":null,"GLOBALID":"2dfab4ef-9ac2-4399-a39e-41d7b7694a1d","WINT_ADDDATE":"Thu, 10 Oct 2019 03:00:00 GMT","WINT_MODDATE":null,"CONDITPERD":null,"CONDITEXP":null}},{"type":"Feature","id":252,"geometry":{"type":"Point","coordinates":[-63.5691193085083,44.6395829148576]},"properties":{"OBJECTID":252,"ASSETID":"STP338","STEPID":"STP338","ASSETCODE":"STP","OWNER":"HRM","INSTYR":null,"INSTYRCONF":null,"MAT":"UNKN","MATCONF":null,"LOCGEN":"OSP","HRMINTRST":"Y","LENGTHM":null,"SIZE1UNIT":"M","WIDTHM":null,"SIZE2UNIT":"M","NUMSTEPS":null,"SIZE3UNIT":"UNIT","ASSETDESC":null,"PARTNER":null,"ASSETSTAT":"INS","INSTDATE":null,"LOCATION":"PEACE AND FRIENDSHIP PARK","MAINTBY":"HRM","ADDDATE":"Tue, 04 Jul 2023 21:17:58 GMT","MODDATE":"Tue, 04 Jul 2023 21:17:58 GMT","SDATE":"Thu, 16 Dec 2021 04:00:00 GMT","SOURCE":"WOOD (2021)","SACC":"IN","WINT_PLOW":null,"WINT_MAINT":null,"WINT_ROUTE":null,"WINT_LOS":null,"WINT_MAT":null,"WINT_COMM":null,"GLOBALID":"d753f188-2d3c-463a-bc2e-375132f9aa0a","WINT_ADDDATE":null,"WINT_MODDATE":null,"CONDITPERD":null,"CONDITEXP":null}},{"type":"Feature","id":253,"geometry":{"type":"Point","coordinates":[-63.6729835529242,44.7772631252023]},"properties":{"OBJECTID":253,"ASSETID":"STP43","STEPID":"STP43","ASSETCODE":"STP","OWNER":"HRM","INSTYR":null,"INSTYRCONF":null,"MAT":"WOOD","MATCONF":3,"LOCGEN":"OSP","HRMINTRST":"Y","LENGTHM":1.9,"SIZE1UNIT":"M","WIDTHM":2.4,"SIZE2UNIT":"M","NUMSTEPS":null,"SIZE3UNIT":"UNIT","ASSETDESC":" ","PARTNER":null,"ASSETSTAT":"INS","INSTDATE":null,"LOCATION":"KINSMEN PARK","MAINTBY":"HRM","ADDDATE":null,"MODDATE":"Thu, 15 Jul 2021 00:07:40 GMT","SDATE":null,"SOURCE":null,"SACC":null,"WINT_PLOW":"N","WINT_MAINT":"NA","WINT_ROUTE":null,"WINT_LOS":null,"WINT_MAT":null,"WINT_COMM":null,"GLOBALID":"664475f6-d73b-4f49-af73-bb84d54cac76","WINT_ADDDATE":"Thu, 10 Oct 2019 03:00:00 GMT","WINT_MODDATE":null,"CONDITPERD":null,"CONDITEXP":null}},{"type":"Feature","id":254,"geometry":{"type":"Point","coordinates":[-63.7433189869457,44.6546964623756]},"properties":{"OBJECTID":254,"ASSETID":"STP69","STEPID":"STP69","ASSETCODE":"STP","OWNER":"HRM","INSTYR":null,"INSTYRCONF":null,"MAT":"WOOD","MATCONF":1,"LOCGEN":"OSP","HRMINTRST":"Y","LENGTHM":5,"SIZE1UNIT":"M","WIDTHM":1,"SIZE2UNIT":"M","NUMSTEPS":null,"SIZE3UNIT":"UNIT","ASSETDESC":" ","PARTNER":null,"ASSETSTAT":"INS","INSTDATE":null,"LOCATION":"SILVER MAPLE DRIVE PARK","MAINTBY":"HRM","ADDDATE":null,"MODDATE":"Thu, 03 Mar 2022 19:51:21 GMT","SDATE":null,"SOURCE":null,"SACC":null,"WINT_PLOW":"N","WINT_MAINT":"NA","WINT_ROUTE":null,"WINT_LOS":null,"WINT_MAT":null,"WINT_COMM":null,"GLOBALID":"2b8155ec-fd07-4040-85fb-40458920cd2c","WINT_ADDDATE":"Wed, 22 Feb 2017 04:00:00 GMT","WINT_MODDATE":null,"CONDITPERD":null,"CONDITEXP":null}},{"type":"Feature","id":255,"geometry":{"type":"Point","coordinates":[-63.5692701302546,44.6396187688173]},"properties":{"OBJECTID":255,"ASSETID":"STP339","STEPID":"STP339","ASSETCODE":"STP","OWNER":"HRM","INSTYR":null,"INSTYRCONF":null,"MAT":"UNKN","MATCONF":null,"LOCGEN":"OSP","HRMINTRST":"Y","LENGTHM":null,"SIZE1UNIT":"M","WIDTHM":null,"SIZE2UNIT":"M","NUMSTEPS":null,"SIZE3UNIT":"UNIT","ASSETDESC":null,"PARTNER":null,"ASSETSTAT":"INS","INSTDATE":null,"LOCATION":"PEACE AND FRIENDSHIP PARK","MAINTBY":"HRM","ADDDATE":"Tue, 04 Jul 2023 21:17:58 GMT","MODDATE":"Tue, 04 Jul 2023 21:17:58 GMT","SDATE":"Thu, 16 Dec 2021 04:00:00 GMT","SOURCE":"WOOD (2021)","SACC":"IN","WINT_PLOW":null,"WINT_MAINT":null,"WINT_ROUTE":null,"WINT_LOS":null,"WINT_MAT":null,"WINT_COMM":null,"GLOBALID":"28b63251-1698-4c7d-bac4-cb0ea974cb61","WINT_ADDDATE":null,"WINT_MODDATE":null,"CONDITPERD":null,"CONDITEXP":null}},{"type":"Feature","id":256,"geometry":{"type":"Point","coordinates":[-63.5428943071254,44.6766719432718]},"properties":{"OBJECTID":256,"ASSETID":"STP62","STEPID":"STP62","ASSETCODE":"STP","OWNER":"HRM","INSTYR":null,"INSTYRCONF":null,"MAT":"WOOD","MATCONF":3,"LOCGEN":"ROW","HRMINTRST":"Y","LENGTHM":1.45,"SIZE1UNIT":"M","WIDTHM":1.6,"SIZE2UNIT":"M","NUMSTEPS":null,"SIZE3UNIT":"UNIT","ASSETDESC":" ","PARTNER":null,"ASSETSTAT":"DIS","INSTDATE":null,"LOCATION":"PENHORN LAKE PARK","MAINTBY":"NA","ADDDATE":null,"MODDATE":"Thu, 15 Jul 2021 00:07:43 GMT","SDATE":null,"SOURCE":null,"SACC":null,"WINT_PLOW":"N","WINT_MAINT":"NA","WINT_ROUTE":null,"WINT_LOS":null,"WINT_MAT":null,"WINT_COMM":null,"GLOBALID":"f8a4a075-6454-4c5b-b41b-528d465a647f","WINT_ADDDATE":null,"WINT_MODDATE":"Wed, 13 Jul 2016 03:00:00 GMT","CONDITPERD":null,"CONDITEXP":null}},{"type":"Feature","id":257,"geometry":{"type":"Point","coordinates":[-63.5818806146361,44.6885158818737]},"properties":{"OBJECTID":257,"ASSETID":"STP248","STEPID":"STP248","ASSETCODE":"STP","OWNER":"HRM","INSTYR":null,"INSTYRCONF":null,"MAT":null,"MATCONF":null,"LOCGEN":"BLD","HRMINTRST":"Y","LENGTHM":null,"SIZE1UNIT":"M","WIDTHM":null,"SIZE2UNIT":"M","NUMSTEPS":null,"SIZE3UNIT":"UNIT","ASSETDESC":null,"PARTNER":null,"ASSETSTAT":"INS","INSTDATE":null,"LOCATION":null,"MAINTBY":"HRM","ADDDATE":"Thu, 25 Jul 2019 21:47:22 GMT","MODDATE":"Tue, 15 Mar 2022 18:18:03 GMT","SDATE":null,"SOURCE":"HRMGIS","SACC":"PH","WINT_PLOW":"N","WINT_MAINT":"NA","WINT_ROUTE":null,"WINT_LOS":null,"WINT_MAT":null,"WINT_COMM":null,"GLOBALID":"84030af4-0de1-433e-a272-bafcb7a72fdd","WINT_ADDDATE":"Thu, 10 Oct 2019 03:00:00 GMT","WINT_MODDATE":null,"CONDITPERD":null,"CONDITEXP":null}},{"type":"Feature","id":258,"geometry":{"type":"Point","coordinates":[-63.5114596601012,44.6785089729954]},"properties":{"OBJECTID":258,"ASSETID":"STP32","STEPID":"STP32","ASSETCODE":"STP","OWNER":"HRM","INSTYR":null,"INSTYRCONF":null,"MAT":"CONC","MATCONF":1,"LOCGEN":"ROW","HRMINTRST":"Y","LENGTHM":3.10558077,"SIZE1UNIT":"M","WIDTHM":1.7,"SIZE2UNIT":"M","NUMSTEPS":10,"SIZE3UNIT":"UNIT","ASSETDESC":" ","PARTNER":null,"ASSETSTAT":"INS","INSTDATE":null,"LOCATION":"81 DOROTHEA DR TO 17 SKYVUE TERR","MAINTBY":null,"ADDDATE":null,"MODDATE":"Wed, 14 Sep 2022 19:36:51 GMT","SDATE":null,"SOURCE":null,"SACC":null,"WINT_PLOW":"Y","WINT_MAINT":"WSZ1","WINT_ROUTE":null,"WINT_LOS":"PRI3","WINT_MAT":null,"WINT_COMM":null,"GLOBALID":"66cdf9dc-33e1-46cd-97c5-3fabd57138ae","WINT_ADDDATE":null,"WINT_MODDATE":"Wed, 01 Jun 2022 03:00:00 GMT","CONDITPERD":null,"CONDITEXP":null}},{"type":"Feature","id":259,"geometry":{"type":"Point","coordinates":[-63.6898274343203,44.6371484972339]},"properties":{"OBJECTID":259,"ASSETID":"STP353","STEPID":"STP353","ASSETCODE":"STP","OWNER":"HRM","INSTYR":null,"INSTYRCONF":null,"MAT":"CONC","MATCONF":1,"LOCGEN":"ROW","HRMINTRST":"Y","LENGTHM":null,"SIZE1UNIT":"M","WIDTHM":null,"SIZE2UNIT":"M","NUMSTEPS":null,"SIZE3UNIT":"UNIT","ASSETDESC":null,"PARTNER":null,"ASSETSTAT":"INS","INSTDATE":null,"LOCATION":"1300 ST MARGARETS BAY RD, BEECHVILLE","MAINTBY":"HRM","ADDDATE":"Tue, 04 Jul 2023 21:17:58 GMT","MODDATE":"Tue, 04 Jul 2023 21:17:58 GMT","SDATE":"Thu, 16 Dec 2021 04:00:00 GMT","SOURCE":"WOOD (2021)","SACC":"IN","WINT_PLOW":null,"WINT_MAINT":null,"WINT_ROUTE":null,"WINT_LOS":null,"WINT_MAT":null,"WINT_COMM":null,"GLOBALID":"79234348-a0cb-42b3-be64-d3bc3e28d611","WINT_ADDDATE":null,"WINT_MODDATE":null,"CONDITPERD":null,"CONDITEXP":null}},{"type":"Feature","id":260,"geometry":{"type":"Point","coordinates":[-63.5484425098309,44.6496936799702]},"properties":{"OBJECTID":260,"ASSETID":"STP130","STEPID":"STP130","ASSETCODE":"STP","OWNER":"UN","INSTYR":null,"INSTYRCONF":null,"MAT":"CONC","MATCONF":3,"LOCGEN":"BLD","HRMINTRST":"Y","LENGTHM":11.1,"SIZE1UNIT":"M","WIDTHM":3.2,"SIZE2UNIT":"M","NUMSTEPS":null,"SIZE3UNIT":"UNIT","ASSETDESC":" ","PARTNER":null,"ASSETSTAT":"INS","INSTDATE":null,"LOCATION":"WOODSIDE FERRY TERMINAL PARKING LOT","MAINTBY":"HRM","ADDDATE":null,"MODDATE":"Thu, 15 Jul 2021 00:07:47 GMT","SDATE":null,"SOURCE":null,"SACC":null,"WINT_PLOW":"N","WINT_MAINT":"NA","WINT_ROUTE":null,"WINT_LOS":null,"WINT_MAT":null,"WINT_COMM":null,"GLOBALID":"b885c395-16d8-45b3-aacd-e8b4ab1b86fa","WINT_ADDDATE":null,"WINT_MODDATE":"Thu, 14 Jul 2016 03:00:00 GMT","CONDITPERD":null,"CONDITEXP":null}},{"type":"Feature","id":261,"geometry":{"type":"Point","coordinates":[-63.7283823088478,44.7983200207203]},"properties":{"OBJECTID":261,"ASSETID":"STP192","STEPID":"STP192","ASSETCODE":"RMP","OWNER":"HRM","INSTYR":null,"INSTYRCONF":null,"MAT":"WOOD","MATCONF":null,"LOCGEN":"OSP","HRMINTRST":"Y","LENGTHM":null,"SIZE1UNIT":"M","WIDTHM":null,"SIZE2UNIT":"M","NUMSTEPS":null,"SIZE3UNIT":"UNIT","ASSETDESC":"accessible ramp","PARTNER":"HRSB","ASSETSTAT":"INS","INSTDATE":null,"LOCATION":null,"MAINTBY":"HRM","ADDDATE":"Mon, 16 Apr 2018 16:11:48 GMT","MODDATE":"Mon, 15 Apr 2024 14:22:55 GMT","SDATE":null,"SOURCE":null,"SACC":null,"WINT_PLOW":"N","WINT_MAINT":"NA","WINT_ROUTE":null,"WINT_LOS":null,"WINT_MAT":null,"WINT_COMM":"RAMP FOR ACCESSIBLITY","GLOBALID":"de49184e-d778-4cc5-b6d3-2959104c1901","WINT_ADDDATE":"Thu, 10 Oct 2019 03:00:00 GMT","WINT_MODDATE":"Thu, 21 Nov 2019 04:00:00 GMT","CONDITPERD":null,"CONDITEXP":null}},{"type":"Feature","id":262,"geometry":{"type":"Point","coordinates":[-63.5485738498137,44.6499956984648]},"properties":{"OBJECTID":262,"ASSETID":"STP132","STEPID":"STP132","ASSETCODE":"STP","OWNER":"UN","INSTYR":null,"INSTYRCONF":null,"MAT":"CONC","MATCONF":3,"LOCGEN":"BLD","HRMINTRST":"Y","LENGTHM":9.3,"SIZE1UNIT":"M","WIDTHM":2.23,"SIZE2UNIT":"M","NUMSTEPS":null,"SIZE3UNIT":"UNIT","ASSETDESC":" ","PARTNER":null,"ASSETSTAT":"INS","INSTDATE":null,"LOCATION":"WOODSIDE FERRY TERMINAL UPPER PARKING LOT","MAINTBY":"HRM","ADDDATE":null,"MODDATE":"Thu, 15 Jul 2021 00:07:37 GMT","SDATE":null,"SOURCE":null,"SACC":null,"WINT_PLOW":"N","WINT_MAINT":"NA","WINT_ROUTE":null,"WINT_LOS":null,"WINT_MAT":null,"WINT_COMM":null,"GLOBALID":"ab763e16-c2ee-4da3-a06b-4ddd5d818abd","WINT_ADDDATE":null,"WINT_MODDATE":"Thu, 14 Jul 2016 03:00:00 GMT","CONDITPERD":null,"CONDITEXP":null}},{"type":"Feature","id":263,"geometry":{"type":"Point","coordinates":[-63.6760398191501,44.7269149369082]},"properties":{"OBJECTID":263,"ASSETID":"STP5","STEPID":"STP5","ASSETCODE":"STP","OWNER":"HRM","INSTYR":null,"INSTYRCONF":null,"MAT":"CONC","MATCONF":1,"LOCGEN":"ROW","HRMINTRST":"Y","LENGTHM":7.26477066,"SIZE1UNIT":"M","WIDTHM":1.4,"SIZE2UNIT":"M","NUMSTEPS":20,"SIZE3UNIT":"UNIT","ASSETDESC":" ","PARTNER":null,"ASSETSTAT":"INS","INSTDATE":null,"LOCATION":"81 DOUGLAS DR TO 90 MEADOWBROOK DR","MAINTBY":"HRM","ADDDATE":null,"MODDATE":"Wed, 19 Apr 2023 19:43:36 GMT","SDATE":null,"SOURCE":null,"SACC":null,"WINT_PLOW":"Y","WINT_MAINT":"WSZ3","WINT_ROUTE":null,"WINT_LOS":"PRI3","WINT_MAT":null,"WINT_COMM":null,"GLOBALID":"7f899aee-ffd3-4af6-b4e8-01c3ad37aedd","WINT_ADDDATE":null,"WINT_MODDATE":"Fri, 04 Oct 2019 03:00:00 GMT","CONDITPERD":null,"CONDITEXP":null}},{"type":"Feature","id":264,"geometry":{"type":"Point","coordinates":[-63.5158474811065,44.6722704606423]},"properties":{"OBJECTID":264,"ASSETID":"STP114","STEPID":"STP114","ASSETCODE":"STP","OWNER":"HRM","INSTYR":null,"INSTYRCONF":null,"MAT":"CONC","MATCONF":1,"LOCGEN":"OSP","HRMINTRST":"Y","LENGTHM":5,"SIZE1UNIT":"M","WIDTHM":1.2,"SIZE2UNIT":"M","NUMSTEPS":23,"SIZE3UNIT":"UNIT","ASSETDESC":" ","PARTNER":null,"ASSETSTAT":"INS","INSTDATE":null,"LOCATION":"COLLINS GROVE PARK","MAINTBY":"HRM","ADDDATE":null,"MODDATE":"Wed, 19 Apr 2023 19:43:36 GMT","SDATE":null,"SOURCE":null,"SACC":null,"WINT_PLOW":"Y","WINT_MAINT":"WSZ1","WINT_ROUTE":null,"WINT_LOS":"PRI3","WINT_MAT":null,"WINT_COMM":null,"GLOBALID":"0e9ec951-ceee-431a-b7d0-dafdc659a448","WINT_ADDDATE":null,"WINT_MODDATE":"Wed, 01 Jun 2022 03:00:00 GMT","CONDITPERD":null,"CONDITEXP":null}},{"type":"Feature","id":265,"geometry":{"type":"Point","coordinates":[-63.6263423487379,44.6264240096899]},"properties":{"OBJECTID":265,"ASSETID":"STP204","STEPID":"STP204","ASSETCODE":"STP","OWNER":"HRM","INSTYR":null,"INSTYRCONF":null,"MAT":null,"MATCONF":null,"LOCGEN":"BLD","HRMINTRST":"Y","LENGTHM":null,"SIZE1UNIT":"M","WIDTHM":null,"SIZE2UNIT":"M","NUMSTEPS":null,"SIZE3UNIT":"UNIT","ASSETDESC":null,"PARTNER":null,"ASSETSTAT":"INS","INSTDATE":null,"LOCATION":null,"MAINTBY":"HRM","ADDDATE":"Thu, 25 Jul 2019 21:47:22 GMT","MODDATE":"Thu, 15 Jul 2021 00:07:52 GMT","SDATE":null,"SOURCE":"HRMGIS","SACC":"PH","WINT_PLOW":"N","WINT_MAINT":"NA","WINT_ROUTE":null,"WINT_LOS":null,"WINT_MAT":null,"WINT_COMM":null,"GLOBALID":"95f05145-aa88-443b-bf4a-f64720f753b8","WINT_ADDDATE":"Thu, 10 Oct 2019 03:00:00 GMT","WINT_MODDATE":"Thu, 28 Jan 2021 04:00:00 GMT","CONDITPERD":null,"CONDITEXP":null}},{"type":"Feature","id":266,"geometry":{"type":"Point","coordinates":[-63.5765037889272,44.645729334615]},"properties":{"OBJECTID":266,"ASSETID":"STP148","STEPID":"STP148","ASSETCODE":"STP","OWNER":"HRM","INSTYR":null,"INSTYRCONF":null,"MAT":"WOOD","MATCONF":1,"LOCGEN":"ROW","HRMINTRST":"Y","LENGTHM":4.8,"SIZE1UNIT":"M","WIDTHM":2.7,"SIZE2UNIT":"M","NUMSTEPS":12,"SIZE3UNIT":"UNIT","ASSETDESC":"wooden steps with metal railing","PARTNER":null,"ASSETSTAT":"INS","INSTDATE":null,"LOCATION":"AT THE CORNER OF BRUNSWICK ST AND SACKVILLE BY CITADEL HILL","MAINTBY":"HRM","ADDDATE":"Thu, 07 Jul 2016 20:51:11 GMT","MODDATE":"Thu, 15 Jul 2021 00:07:47 GMT","SDATE":null,"SOURCE":null,"SACC":null,"WINT_PLOW":"Y","WINT_MAINT":"HRM1","WINT_ROUTE":"R4","WINT_LOS":"PRI1","WINT_MAT":null,"WINT_COMM":null,"GLOBALID":"51ec6cf9-7ba7-4c17-bc95-ce6cec00f26a","WINT_ADDDATE":null,"WINT_MODDATE":"Tue, 15 Oct 2019 03:00:00 GMT","CONDITPERD":null,"CONDITEXP":null}},{"type":"Feature","id":267,"geometry":{"type":"Point","coordinates":[-63.6841792248691,44.7140127396133]},"properties":{"OBJECTID":267,"ASSETID":"STP90","STEPID":"STP90","ASSETCODE":"STP","OWNER":"HRM","INSTYR":null,"INSTYRCONF":null,"MAT":"WOOD","MATCONF":3,"LOCGEN":"OSP","HRMINTRST":"Y","LENGTHM":7.6,"SIZE1UNIT":"M","WIDTHM":0.91,"SIZE2UNIT":"M","NUMSTEPS":null,"SIZE3UNIT":"UNIT","ASSETDESC":" ","PARTNER":null,"ASSETSTAT":"INS","INSTDATE":null,"LOCATION":"SCOTT SAUNDERS MEMORIAL PARK","MAINTBY":"HRM","ADDDATE":null,"MODDATE":"Thu, 15 Jul 2021 00:07:39 GMT","SDATE":null,"SOURCE":null,"SACC":null,"WINT_PLOW":"N","WINT_MAINT":"NA","WINT_ROUTE":null,"WINT_LOS":null,"WINT_MAT":null,"WINT_COMM":null,"GLOBALID":"85e472a1-be41-4841-8d73-748f89e02629","WINT_ADDDATE":"Fri, 08 Jul 2016 03:00:00 GMT","WINT_MODDATE":null,"CONDITPERD":null,"CONDITEXP":null}},{"type":"Feature","id":268,"geometry":{"type":"Point","coordinates":[-63.5923851820902,44.6817736523332]},"properties":{"OBJECTID":268,"ASSETID":"STP181","STEPID":"STP181","ASSETCODE":"STP","OWNER":"HRM","INSTYR":null,"INSTYRCONF":null,"MAT":"CONC","MATCONF":1,"LOCGEN":"ROW","HRMINTRST":"Y","LENGTHM":6.6,"SIZE1UNIT":"M","WIDTHM":1,"SIZE2UNIT":"M","NUMSTEPS":17,"SIZE3UNIT":"UNIT","ASSETDESC":"pre cast concrete ready rock","PARTNER":null,"ASSETSTAT":"INS","INSTDATE":null,"LOCATION":"Nadia St to Parkstone Rd","MAINTBY":"HRM","ADDDATE":"Thu, 25 Jan 2018 19:13:56 GMT","MODDATE":"Thu, 15 Jul 2021 00:07:50 GMT","SDATE":null,"SOURCE":null,"SACC":null,"WINT_PLOW":"Y","WINT_MAINT":"HRM2","WINT_ROUTE":"R2","WINT_LOS":"PRI3","WINT_MAT":null,"WINT_COMM":null,"GLOBALID":"ca29302e-095e-478f-9fc2-a10c2579e0f1","WINT_ADDDATE":"Wed, 31 Jan 2018 04:00:00 GMT","WINT_MODDATE":"Thu, 26 Sep 2019 03:00:00 GMT","CONDITPERD":null,"CONDITEXP":null}},{"type":"Feature","id":269,"geometry":{"type":"Point","coordinates":[-63.6114338957062,44.6714905840434]},"properties":{"OBJECTID":269,"ASSETID":"STP327","STEPID":"STP327","ASSETCODE":"STP","OWNER":"HRM","INSTYR":null,"INSTYRCONF":null,"MAT":"CONC","MATCONF":1,"LOCGEN":"OSP","HRMINTRST":"Y","LENGTHM":null,"SIZE1UNIT":"M","WIDTHM":null,"SIZE2UNIT":"M","NUMSTEPS":null,"SIZE3UNIT":"UNIT","ASSETDESC":null,"PARTNER":null,"ASSETSTAT":"INS","INSTDATE":null,"LOCATION":"MERV SULLIVAN PARK","MAINTBY":"HRM","ADDDATE":"Tue, 04 Jul 2023 21:17:58 GMT","MODDATE":"Tue, 04 Jul 2023 21:17:58 GMT","SDATE":"Thu, 16 Dec 2021 04:00:00 GMT","SOURCE":"WOOD (2021)","SACC":"IN","WINT_PLOW":null,"WINT_MAINT":null,"WINT_ROUTE":null,"WINT_LOS":null,"WINT_MAT":null,"WINT_COMM":null,"GLOBALID":"54633c8b-7cfa-456a-a18b-0cd9b2ac745b","WINT_ADDDATE":null,"WINT_MODDATE":null,"CONDITPERD":null,"CONDITEXP":null}},{"type":"Feature","id":270,"geometry":{"type":"Point","coordinates":[-63.8761472418598,44.6920970440184]},"properties":{"OBJECTID":270,"ASSETID":"STP190","STEPID":"STP190","ASSETCODE":"RMP","OWNER":"HRM","INSTYR":null,"INSTYRCONF":null,"MAT":"WOOD","MATCONF":3,"LOCGEN":"OSP","HRMINTRST":"Y","LENGTHM":null,"SIZE1UNIT":"M","WIDTHM":null,"SIZE2UNIT":"M","NUMSTEPS":null,"SIZE3UNIT":"UNIT","ASSETDESC":"accessible ramp for swings","PARTNER":"HRSB","ASSETSTAT":"INS","INSTDATE":null,"LOCATION":null,"MAINTBY":"HRM","ADDDATE":"Tue, 10 Apr 2018 20:17:36 GMT","MODDATE":"Thu, 03 Jul 2025 19:41:59 GMT","SDATE":null,"SOURCE":null,"SACC":null,"WINT_PLOW":"N","WINT_MAINT":"NA","WINT_ROUTE":null,"WINT_LOS":null,"WINT_MAT":null,"WINT_COMM":"RAMP FOR ACCESSIBLE SWINGS","GLOBALID":"03961de7-bc8a-42f8-8482-4b27ae28bc2c","WINT_ADDDATE":"Thu, 10 Oct 2019 03:00:00 GMT","WINT_MODDATE":null,"CONDITPERD":null,"CONDITEXP":null}},{"type":"Feature","id":271,"geometry":{"type":"Point","coordinates":[-63.4772884195314,44.6075443752578]},"properties":{"OBJECTID":271,"ASSETID":"STP288","STEPID":"STP288","ASSETCODE":"STP","OWNER":"HRM","INSTYR":null,"INSTYRCONF":null,"MAT":"CONC","MATCONF":1,"LOCGEN":"OSP","HRMINTRST":"Y","LENGTHM":null,"SIZE1UNIT":"M","WIDTHM":null,"SIZE2UNIT":"M","NUMSTEPS":null,"SIZE3UNIT":"UNIT","ASSETDESC":"Hand rails appear rusted","PARTNER":null,"ASSETSTAT":"INS","INSTDATE":null,"LOCATION":"EASTERN PASSAGE COMMON","MAINTBY":"HRM","ADDDATE":"Tue, 08 Mar 2022 21:56:39 GMT","MODDATE":"Tue, 08 Mar 2022 22:02:00 GMT","SDATE":null,"SOURCE":null,"SACC":"DG","WINT_PLOW":null,"WINT_MAINT":null,"WINT_ROUTE":null,"WINT_LOS":null,"WINT_MAT":null,"WINT_COMM":null,"GLOBALID":"107d9d26-b62e-4c30-81d5-68333b1cc24c","WINT_ADDDATE":null,"WINT_MODDATE":null,"CONDITPERD":null,"CONDITEXP":null}},{"type":"Feature","id":272,"geometry":{"type":"Point","coordinates":[-63.6201389669664,44.647756405852]},"properties":{"OBJECTID":272,"ASSETID":"STP347","STEPID":"STP347","ASSETCODE":"STP","OWNER":"PRIV","INSTYR":null,"INSTYRCONF":null,"MAT":"CONC","MATCONF":1,"LOCGEN":"BLD","HRMINTRST":"Y","LENGTHM":null,"SIZE1UNIT":"M","WIDTHM":null,"SIZE2UNIT":"M","NUMSTEPS":null,"SIZE3UNIT":"UNIT","ASSETDESC":null,"PARTNER":null,"ASSETSTAT":"INS","INSTDATE":null,"LOCATION":"7000 MUMFORD RD, HALIFAX","MAINTBY":"HRM","ADDDATE":"Tue, 04 Jul 2023 21:17:58 GMT","MODDATE":"Tue, 04 Jul 2023 21:17:58 GMT","SDATE":"Thu, 16 Dec 2021 04:00:00 GMT","SOURCE":"WOOD (2021)","SACC":"IN","WINT_PLOW":null,"WINT_MAINT":null,"WINT_ROUTE":null,"WINT_LOS":null,"WINT_MAT":null,"WINT_COMM":null,"GLOBALID":"4b409073-efa5-42e8-a3f7-285e7a439799","WINT_ADDDATE":null,"WINT_MODDATE":null,"CONDITPERD":null,"CONDITEXP":null}},{"type":"Feature","id":273,"geometry":{"type":"Point","coordinates":[-63.6679008131814,44.7257179230669]},"properties":{"OBJECTID":273,"ASSETID":"STP177","STEPID":"STP177","ASSETCODE":"STP","OWNER":"HRM","INSTYR":null,"INSTYRCONF":null,"MAT":"CONC","MATCONF":2,"LOCGEN":"ROW","HRMINTRST":"Y","LENGTHM":null,"SIZE1UNIT":"M","WIDTHM":null,"SIZE2UNIT":"M","NUMSTEPS":4,"SIZE3UNIT":"UNIT","ASSETDESC":"concrete steps with meatal railing","PARTNER":null,"ASSETSTAT":"INS","INSTDATE":null,"LOCATION":"1288 Bedford Hwy, alongside Rutledge st","MAINTBY":"HRM","ADDDATE":"Mon, 27 Feb 2017 22:37:50 GMT","MODDATE":"Thu, 15 Jul 2021 00:07:50 GMT","SDATE":null,"SOURCE":null,"SACC":null,"WINT_PLOW":"Y","WINT_MAINT":"WSZ3","WINT_ROUTE":null,"WINT_LOS":"PRI3","WINT_MAT":null,"WINT_COMM":null,"GLOBALID":"b014bc16-f2a4-4d04-9d13-55d1d288025a","WINT_ADDDATE":"Thu, 10 Oct 2019 03:00:00 GMT","WINT_MODDATE":null,"CONDITPERD":null,"CONDITEXP":null}},{"type":"Feature","id":274,"geometry":{"type":"Point","coordinates":[-63.4907889951206,44.6672234402394]},"properties":{"OBJECTID":274,"ASSETID":"STP46","STEPID":"STP46","ASSETCODE":"STP","OWNER":"HRM","INSTYR":null,"INSTYRCONF":null,"MAT":"WOOD","MATCONF":3,"LOCGEN":"OSP","HRMINTRST":"Y","LENGTHM":4.9,"SIZE1UNIT":"M","WIDTHM":1.2,"SIZE2UNIT":"M","NUMSTEPS":null,"SIZE3UNIT":"UNIT","ASSETDESC":" ","PARTNER":null,"ASSETSTAT":"DIS","INSTDATE":null,"LOCATION":"COLBY VILLAGE REC CENTRE PARK","MAINTBY":"UN","ADDDATE":null,"MODDATE":"Thu, 16 Jun 2022 22:03:48 GMT","SDATE":null,"SOURCE":null,"SACC":null,"WINT_PLOW":"N","WINT_MAINT":"NA","WINT_ROUTE":null,"WINT_LOS":null,"WINT_MAT":null,"WINT_COMM":null,"GLOBALID":"2698e6a0-ed0e-41fd-a736-e954aaf1d1e4","WINT_ADDDATE":null,"WINT_MODDATE":"Thu, 14 Jul 2016 03:00:00 GMT","CONDITPERD":null,"CONDITEXP":null}},{"type":"Feature","id":275,"geometry":{"type":"Point","coordinates":[-63.8423051844344,44.6979229862312]},"properties":{"OBJECTID":275,"ASSETID":"STP189","STEPID":"STP189","ASSETCODE":"RMP","OWNER":"HRM","INSTYR":null,"INSTYRCONF":null,"MAT":"WOOD","MATCONF":3,"LOCGEN":"OSP","HRMINTRST":"Y","LENGTHM":null,"SIZE1UNIT":"M","WIDTHM":null,"SIZE2UNIT":"M","NUMSTEPS":null,"SIZE3UNIT":"UNIT","ASSETDESC":"ramp for accessible swings","PARTNER":null,"ASSETSTAT":"INS","INSTDATE":null,"LOCATION":null,"MAINTBY":"HRM","ADDDATE":"Tue, 03 Apr 2018 16:15:12 GMT","MODDATE":"Mon, 15 Apr 2024 14:22:55 GMT","SDATE":null,"SOURCE":null,"SACC":null,"WINT_PLOW":"N","WINT_MAINT":"NA","WINT_ROUTE":null,"WINT_LOS":null,"WINT_MAT":null,"WINT_COMM":"RAMP FOR ACCESSIBLE SWINGS","GLOBALID":"307f0dc9-7f77-44ef-950c-65ac705a27d3","WINT_ADDDATE":"Thu, 10 Oct 2019 03:00:00 GMT","WINT_MODDATE":"Thu, 21 Nov 2019 04:00:00 GMT","CONDITPERD":null,"CONDITEXP":null}},{"type":"Feature","id":276,"geometry":{"type":"Point","coordinates":[-63.5891070706167,44.8935116611754]},"properties":{"OBJECTID":276,"ASSETID":"STP236","STEPID":"STP236","ASSETCODE":"STP","OWNER":"HRM","INSTYR":null,"INSTYRCONF":null,"MAT":null,"MATCONF":null,"LOCGEN":"BLD","HRMINTRST":"Y","LENGTHM":null,"SIZE1UNIT":"M","WIDTHM":null,"SIZE2UNIT":"M","NUMSTEPS":null,"SIZE3UNIT":"UNIT","ASSETDESC":null,"PARTNER":null,"ASSETSTAT":"INS","INSTDATE":null,"LOCATION":null,"MAINTBY":"HRM","ADDDATE":"Thu, 25 Jul 2019 21:47:22 GMT","MODDATE":"Thu, 15 Jul 2021 00:07:56 GMT","SDATE":null,"SOURCE":"HRMGIS","SACC":"PH","WINT_PLOW":"N","WINT_MAINT":"NA","WINT_ROUTE":null,"WINT_LOS":null,"WINT_MAT":null,"WINT_COMM":"VOLUNTEER FIRE DEPT RESPONSIBLE FOR SNOW","GLOBALID":"6f58524d-1b36-4381-8d23-2243425b0d90","WINT_ADDDATE":"Thu, 10 Oct 2019 03:00:00 GMT","WINT_MODDATE":"Thu, 28 Jan 2021 04:00:00 GMT","CONDITPERD":null,"CONDITEXP":null}},{"type":"Feature","id":277,"geometry":{"type":"Point","coordinates":[-63.6265789955265,44.6407439913815]},"properties":{"OBJECTID":277,"ASSETID":"STP186","STEPID":"STP186","ASSETCODE":"STP","OWNER":"UN","INSTYR":null,"INSTYRCONF":null,"MAT":"CONC","MATCONF":1,"LOCGEN":"ROW","HRMINTRST":"Y","LENGTHM":null,"SIZE1UNIT":"M","WIDTHM":1.95,"SIZE2UNIT":"M","NUMSTEPS":3,"SIZE3UNIT":"UNIT","ASSETDESC":null,"PARTNER":null,"ASSETSTAT":null,"INSTDATE":null,"LOCATION":"Crown Dr to Douglas Dr","MAINTBY":"UN","ADDDATE":"Wed, 28 Feb 2018 20:31:52 GMT","MODDATE":"Thu, 15 Jul 2021 00:07:51 GMT","SDATE":null,"SOURCE":null,"SACC":null,"WINT_PLOW":"N","WINT_MAINT":"NA","WINT_ROUTE":null,"WINT_LOS":null,"WINT_MAT":null,"WINT_COMM":null,"GLOBALID":"aa97c0bc-62bd-4b26-af96-df3b5b88bba1","WINT_ADDDATE":"Mon, 05 Mar 2018 04:00:00 GMT","WINT_MODDATE":null,"CONDITPERD":null,"CONDITEXP":null}},{"type":"Feature","id":278,"geometry":{"type":"Point","coordinates":[-63.5518821258162,44.6741284831289]},"properties":{"OBJECTID":278,"ASSETID":"STP184","STEPID":"STP184","ASSETCODE":"STP","OWNER":"HRM","INSTYR":null,"INSTYRCONF":null,"MAT":"WOOD","MATCONF":1,"LOCGEN":"ROW","HRMINTRST":"Y","LENGTHM":6,"SIZE1UNIT":"M","WIDTHM":1.5,"SIZE2UNIT":"M","NUMSTEPS":14,"SIZE3UNIT":"UNIT","ASSETDESC":"steps at street to street walkway","PARTNER":null,"ASSETSTAT":"INS","INSTDATE":null,"LOCATION":"52 Lorne Ave to 12 Tremont St","MAINTBY":"HRM","ADDDATE":"Wed, 07 Feb 2018 17:43:44 GMT","MODDATE":"Wed, 19 Apr 2023 19:43:36 GMT","SDATE":null,"SOURCE":null,"SACC":null,"WINT_PLOW":"Y","WINT_MAINT":"SWZ8","WINT_ROUTE":null,"WINT_LOS":"PRI3","WINT_MAT":null,"WINT_COMM":null,"GLOBALID":"93d301b6-b42a-43f7-8336-20b5b507e1d4","WINT_ADDDATE":"Mon, 26 Feb 2018 04:00:00 GMT","WINT_MODDATE":"Thu, 26 Sep 2019 03:00:00 GMT","CONDITPERD":null,"CONDITEXP":null}},{"type":"Feature","id":279,"geometry":{"type":"Point","coordinates":[-63.6030507483046,44.6667189156609]},"properties":{"OBJECTID":279,"ASSETID":"STP242","STEPID":"STP242","ASSETCODE":"STP","OWNER":"HRM","INSTYR":null,"INSTYRCONF":null,"MAT":"CONC","MATCONF":1,"LOCGEN":"BLD","HRMINTRST":"Y","LENGTHM":null,"SIZE1UNIT":"M","WIDTHM":null,"SIZE2UNIT":"M","NUMSTEPS":null,"SIZE3UNIT":"UNIT","ASSETDESC":null,"PARTNER":null,"ASSETSTAT":"INS","INSTDATE":null,"LOCATION":null,"MAINTBY":"HRM","ADDDATE":"Thu, 25 Jul 2019 21:47:22 GMT","MODDATE":"Wed, 19 Apr 2023 19:43:36 GMT","SDATE":null,"SOURCE":"HRMGIS","SACC":"PH","WINT_PLOW":"N","WINT_MAINT":"NA","WINT_ROUTE":null,"WINT_LOS":null,"WINT_MAT":null,"WINT_COMM":null,"GLOBALID":"26582691-5c90-4920-93b4-d3f19c7e0e0e","WINT_ADDDATE":"Thu, 10 Oct 2019 03:00:00 GMT","WINT_MODDATE":"Thu, 28 Jan 2021 04:00:00 GMT","CONDITPERD":null,"CONDITEXP":null}},{"type":"Feature","id":280,"geometry":{"type":"Point","coordinates":[-63.5153356408205,44.6738996714905]},"properties":{"OBJECTID":280,"ASSETID":"STP28","STEPID":"STP28","ASSETCODE":"STP","OWNER":"HRM","INSTYR":null,"INSTYRCONF":null,"MAT":"CONC","MATCONF":1,"LOCGEN":"ROW","HRMINTRST":"Y","LENGTHM":4.75724548,"SIZE1UNIT":"M","WIDTHM":1.5,"SIZE2UNIT":"M","NUMSTEPS":12,"SIZE3UNIT":"UNIT","ASSETDESC":"steel handrail","PARTNER":null,"ASSETSTAT":"INS","INSTDATE":null,"LOCATION":"99 REGAL RD TO 100 COLLINS GRV","MAINTBY":"HRM","ADDDATE":null,"MODDATE":"Wed, 19 Apr 2023 19:43:36 GMT","SDATE":null,"SOURCE":null,"SACC":null,"WINT_PLOW":"Y","WINT_MAINT":"WSZ1","WINT_ROUTE":null,"WINT_LOS":"PRI3","WINT_MAT":null,"WINT_COMM":null,"GLOBALID":"0cf289a1-4fa7-44a3-b9e7-dba6b39ebf0b","WINT_ADDDATE":null,"WINT_MODDATE":"Wed, 01 Jun 2022 03:00:00 GMT","CONDITPERD":null,"CONDITEXP":null}},{"type":"Feature","id":281,"geometry":{"type":"Point","coordinates":[-63.5052587280355,44.6752476339355]},"properties":{"OBJECTID":281,"ASSETID":"STP322","STEPID":"STP322","ASSETCODE":"STP","OWNER":"HRM","INSTYR":null,"INSTYRCONF":null,"MAT":"WOOD","MATCONF":1,"LOCGEN":"ROW","HRMINTRST":"Y","LENGTHM":null,"SIZE1UNIT":"M","WIDTHM":null,"SIZE2UNIT":"M","NUMSTEPS":null,"SIZE3UNIT":"UNIT","ASSETDESC":null,"PARTNER":null,"ASSETSTAT":"INS","INSTDATE":null,"LOCATION":"5 GRAYCOURT TERR, DARTMOUTH","MAINTBY":"HRM","ADDDATE":"Tue, 04 Jul 2023 21:17:58 GMT","MODDATE":"Tue, 04 Jul 2023 21:17:58 GMT","SDATE":"Thu, 16 Dec 2021 04:00:00 GMT","SOURCE":"WOOD (2021)","SACC":"IN","WINT_PLOW":null,"WINT_MAINT":null,"WINT_ROUTE":null,"WINT_LOS":null,"WINT_MAT":null,"WINT_COMM":null,"GLOBALID":"01dca5d0-ec70-4ab8-b0d6-d10ec8b733da","WINT_ADDDATE":null,"WINT_MODDATE":null,"CONDITPERD":null,"CONDITEXP":null}},{"type":"Feature","id":282,"geometry":{"type":"Point","coordinates":[-63.6663760954631,44.7273166254796]},"properties":{"OBJECTID":282,"ASSETID":"STP80","STEPID":"STP80","ASSETCODE":"STP","OWNER":"HRM","INSTYR":null,"INSTYRCONF":null,"MAT":"CONC","MATCONF":3,"LOCGEN":"BLD","HRMINTRST":"Y","LENGTHM":2.4,"SIZE1UNIT":"M","WIDTHM":1.8,"SIZE2UNIT":"M","NUMSTEPS":null,"SIZE3UNIT":"UNIT","ASSETDESC":" ","PARTNER":null,"ASSETSTAT":"INS","INSTDATE":null,"LOCATION":"TEACHERY PARK","MAINTBY":"HRM","ADDDATE":null,"MODDATE":"Thu, 15 Jul 2021 00:07:38 GMT","SDATE":null,"SOURCE":null,"SACC":null,"WINT_PLOW":"N","WINT_MAINT":"NA","WINT_ROUTE":null,"WINT_LOS":null,"WINT_MAT":null,"WINT_COMM":null,"GLOBALID":"6a8564e9-d523-4bd7-8765-1f96e823a5d7","WINT_ADDDATE":null,"WINT_MODDATE":"Thu, 18 Aug 2016 03:00:00 GMT","CONDITPERD":null,"CONDITEXP":null}},{"type":"Feature","id":283,"geometry":{"type":"Point","coordinates":[-63.6202763777638,44.6341307170771]},"properties":{"OBJECTID":283,"ASSETID":"STP158","STEPID":"STP158","ASSETCODE":"STP","OWNER":"HRM","INSTYR":null,"INSTYRCONF":null,"MAT":"WOOD","MATCONF":1,"LOCGEN":"ROW","HRMINTRST":"Y","LENGTHM":null,"SIZE1UNIT":"M","WIDTHM":1.5,"SIZE2UNIT":"M","NUMSTEPS":47,"SIZE3UNIT":"UNIT","ASSETDESC":null,"PARTNER":null,"ASSETSTAT":"INS","INSTDATE":null,"LOCATION":"3 idlewylde to herring cove rd","MAINTBY":null,"ADDDATE":"Thu, 11 Aug 2016 19:48:14 GMT","MODDATE":"Wed, 14 Sep 2022 19:36:51 GMT","SDATE":null,"SOURCE":null,"SACC":null,"WINT_PLOW":"Y","WINT_MAINT":"WSZ4","WINT_ROUTE":null,"WINT_LOS":"PRI3","WINT_MAT":null,"WINT_COMM":null,"GLOBALID":"b76c22d3-3a42-4dba-908c-9a621618ad55","WINT_ADDDATE":"Wed, 22 Feb 2017 04:00:00 GMT","WINT_MODDATE":"Wed, 01 Jun 2022 03:00:00 GMT","CONDITPERD":null,"CONDITEXP":null}},{"type":"Feature","id":284,"geometry":{"type":"Point","coordinates":[-63.6141665995466,44.6159583328927]},"properties":{"OBJECTID":284,"ASSETID":"STP34","STEPID":"STP34","ASSETCODE":"STP","OWNER":"HRM","INSTYR":null,"INSTYRCONF":null,"MAT":"CONC","MATCONF":1,"LOCGEN":"OSP","HRMINTRST":"Y","LENGTHM":1.58240255,"SIZE1UNIT":"M","WIDTHM":1.8,"SIZE2UNIT":"M","NUMSTEPS":null,"SIZE3UNIT":"UNIT","ASSETDESC":" ","PARTNER":null,"ASSETSTAT":"INS","INSTDATE":null,"LOCATION":"WILLIAMS LAKE POCKET PARK","MAINTBY":"HRM","ADDDATE":null,"MODDATE":"Wed, 19 Apr 2023 19:43:36 GMT","SDATE":null,"SOURCE":null,"SACC":null,"WINT_PLOW":"Y","WINT_MAINT":"WSZ4","WINT_ROUTE":null,"WINT_LOS":"PRI3","WINT_MAT":null,"WINT_COMM":null,"GLOBALID":"60682cad-f85a-47f8-a8f9-dd152177c0f4","WINT_ADDDATE":null,"WINT_MODDATE":"Wed, 01 Jun 2022 03:00:00 GMT","CONDITPERD":null,"CONDITEXP":null}},{"type":"Feature","id":285,"geometry":{"type":"Point","coordinates":[-63.6010907644918,44.6659215742063]},"properties":{"OBJECTID":285,"ASSETID":"STP193","STEPID":"STP193","ASSETCODE":"STP","OWNER":"HRM","INSTYR":2017,"INSTYRCONF":2,"MAT":"CONC","MATCONF":1,"LOCGEN":"OSP","HRMINTRST":"Y","LENGTHM":null,"SIZE1UNIT":"M","WIDTHM":null,"SIZE2UNIT":"M","NUMSTEPS":null,"SIZE3UNIT":"UNIT","ASSETDESC":"Concrete steps with two landings","PARTNER":null,"ASSETSTAT":"INS","INSTDATE":null,"LOCATION":"Fort Needham Memorial Park at Bell Monument ","MAINTBY":null,"ADDDATE":"Sat, 17 Nov 2018 00:08:43 GMT","MODDATE":"Wed, 19 Apr 2023 19:43:36 GMT","SDATE":null,"SOURCE":null,"SACC":null,"WINT_PLOW":"N","WINT_MAINT":"NA","WINT_ROUTE":null,"WINT_LOS":null,"WINT_MAT":null,"WINT_COMM":null,"GLOBALID":"643b2c92-8152-4a23-9a65-6283a9c6d1b2","WINT_ADDDATE":"Mon, 07 Oct 2019 03:00:00 GMT","WINT_MODDATE":"Thu, 23 Jan 2020 04:00:00 GMT","CONDITPERD":null,"CONDITEXP":null}},{"type":"Feature","id":286,"geometry":{"type":"Point","coordinates":[-63.5852417834425,44.6545420860905]},"properties":{"OBJECTID":286,"ASSETID":"STP308","STEPID":"STP308","ASSETCODE":"STP","OWNER":"PRIV","INSTYR":null,"INSTYRCONF":null,"MAT":"CONC","MATCONF":1,"LOCGEN":"GEN","HRMINTRST":"N","LENGTHM":null,"SIZE1UNIT":"M","WIDTHM":null,"SIZE2UNIT":"M","NUMSTEPS":null,"SIZE3UNIT":"UNIT","ASSETDESC":null,"PARTNER":null,"ASSETSTAT":"INS","INSTDATE":null,"LOCATION":"2346 BRUNSWICK ST, HALIFAX","MAINTBY":null,"ADDDATE":"Tue, 04 Jul 2023 21:17:58 GMT","MODDATE":"Tue, 04 Jul 2023 21:17:58 GMT","SDATE":"Thu, 16 Dec 2021 04:00:00 GMT","SOURCE":"WOOD (2021)","SACC":"IN","WINT_PLOW":null,"WINT_MAINT":null,"WINT_ROUTE":null,"WINT_LOS":null,"WINT_MAT":null,"WINT_COMM":null,"GLOBALID":"65c2dccc-a29f-47e4-a13b-923b3abb0604","WINT_ADDDATE":null,"WINT_MODDATE":null,"CONDITPERD":null,"CONDITEXP":null}},{"type":"Feature","id":287,"geometry":{"type":"Point","coordinates":[-63.6998987757539,44.6367742504712]},"properties":{"OBJECTID":287,"ASSETID":"STP207","STEPID":"STP207","ASSETCODE":"STP","OWNER":"HRM","INSTYR":null,"INSTYRCONF":null,"MAT":null,"MATCONF":null,"LOCGEN":"BLD","HRMINTRST":"Y","LENGTHM":null,"SIZE1UNIT":"M","WIDTHM":null,"SIZE2UNIT":"M","NUMSTEPS":null,"SIZE3UNIT":"UNIT","ASSETDESC":null,"PARTNER":null,"ASSETSTAT":"INS","INSTDATE":null,"LOCATION":null,"MAINTBY":"HRM","ADDDATE":"Thu, 25 Jul 2019 21:47:22 GMT","MODDATE":"Thu, 15 Jul 2021 00:07:52 GMT","SDATE":null,"SOURCE":"HRMGIS","SACC":"PH","WINT_PLOW":"N","WINT_MAINT":"NA","WINT_ROUTE":null,"WINT_LOS":null,"WINT_MAT":null,"WINT_COMM":null,"GLOBALID":"fb79436f-2d52-41a9-8fc3-383a59823631","WINT_ADDDATE":"Thu, 10 Oct 2019 03:00:00 GMT","WINT_MODDATE":"Thu, 28 Jan 2021 04:00:00 GMT","CONDITPERD":null,"CONDITEXP":null}},{"type":"Feature","id":288,"geometry":{"type":"Point","coordinates":[-63.7000029372078,44.6403755517423]},"properties":{"OBJECTID":288,"ASSETID":"STP70","STEPID":"STP70","ASSETCODE":"STP","OWNER":"HRM","INSTYR":null,"INSTYRCONF":null,"MAT":"WOOD","MATCONF":1,"LOCGEN":"OSP","HRMINTRST":"Y","LENGTHM":1.7,"SIZE1UNIT":"M","WIDTHM":2,"SIZE2UNIT":"M","NUMSTEPS":null,"SIZE3UNIT":"UNIT","ASSETDESC":" ","PARTNER":null,"ASSETSTAT":"INS","INSTDATE":null,"LOCATION":"NORTH GREEN ROAD PARK","MAINTBY":"HRM","ADDDATE":null,"MODDATE":"Thu, 03 Mar 2022 20:28:12 GMT","SDATE":null,"SOURCE":null,"SACC":null,"WINT_PLOW":"N","WINT_MAINT":"NA","WINT_ROUTE":null,"WINT_LOS":null,"WINT_MAT":null,"WINT_COMM":null,"GLOBALID":"289f80d4-340c-4cb0-a3e6-0af0fd6753d9","WINT_ADDDATE":"Wed, 22 Feb 2017 04:00:00 GMT","WINT_MODDATE":null,"CONDITPERD":null,"CONDITEXP":null}},{"type":"Feature","id":289,"geometry":{"type":"Point","coordinates":[-63.6830101879011,44.8541966307967]},"properties":{"OBJECTID":289,"ASSETID":"STP417","STEPID":"STP417","ASSETCODE":"RMP","OWNER":"HRM","INSTYR":2024,"INSTYRCONF":1,"MAT":"WOOD","MATCONF":1,"LOCGEN":"OSP","HRMINTRST":"Y","LENGTHM":null,"SIZE1UNIT":"M","WIDTHM":null,"SIZE2UNIT":"M","NUMSTEPS":null,"SIZE3UNIT":"UNIT","ASSETDESC":null,"PARTNER":null,"ASSETSTAT":"INS","INSTDATE":"Mon, 02 Sep 2024 06:00:00 GMT","LOCATION":"BEAVER BANK KINSAC PARK PLAYGROUND","MAINTBY":"HRM","ADDDATE":"Wed, 04 Dec 2024 17:52:05 GMT","MODDATE":"Wed, 05 Mar 2025 22:37:24 GMT","SDATE":"Mon, 25 Nov 2024 08:00:00 GMT","SOURCE":"Field Work","SACC":"IN","WINT_PLOW":null,"WINT_MAINT":null,"WINT_ROUTE":null,"WINT_LOS":null,"WINT_MAT":null,"WINT_COMM":null,"GLOBALID":"845e755c-0ede-4c5d-b7ef-cf7caf3af6b0","WINT_ADDDATE":null,"WINT_MODDATE":null,"CONDITPERD":null,"CONDITEXP":null}},{"type":"Feature","id":290,"geometry":{"type":"Point","coordinates":[-63.6690897469346,44.6297539410448]},"properties":{"OBJECTID":290,"ASSETID":"STP348","STEPID":"STP348","ASSETCODE":"STP","OWNER":"HRM","INSTYR":null,"INSTYRCONF":null,"MAT":"CONC","MATCONF":1,"LOCGEN":"BLD","HRMINTRST":"Y","LENGTHM":null,"SIZE1UNIT":"M","WIDTHM":null,"SIZE2UNIT":"M","NUMSTEPS":null,"SIZE3UNIT":"UNIT","ASSETDESC":null,"PARTNER":null,"ASSETSTAT":"INS","INSTDATE":null,"LOCATION":"WESTERN COMMON","MAINTBY":"HRM","ADDDATE":"Tue, 04 Jul 2023 21:17:58 GMT","MODDATE":"Tue, 04 Jul 2023 21:17:58 GMT","SDATE":"Thu, 16 Dec 2021 04:00:00 GMT","SOURCE":"WOOD (2021)","SACC":"IN","WINT_PLOW":null,"WINT_MAINT":null,"WINT_ROUTE":null,"WINT_LOS":null,"WINT_MAT":null,"WINT_COMM":null,"GLOBALID":"f02be785-b937-4516-b8c9-f0078fb3a689","WINT_ADDDATE":null,"WINT_MODDATE":null,"CONDITPERD":null,"CONDITEXP":null}},{"type":"Feature","id":291,"geometry":{"type":"Point","coordinates":[-63.5888886084244,44.8935575400108]},"properties":{"OBJECTID":291,"ASSETID":"STP237","STEPID":"STP237","ASSETCODE":"STP","OWNER":"HRM","INSTYR":null,"INSTYRCONF":null,"MAT":"WOOD","MATCONF":1,"LOCGEN":"BLD","HRMINTRST":"Y","LENGTHM":null,"SIZE1UNIT":"M","WIDTHM":null,"SIZE2UNIT":"M","NUMSTEPS":null,"SIZE3UNIT":"UNIT","ASSETDESC":null,"PARTNER":null,"ASSETSTAT":"INS","INSTDATE":null,"LOCATION":null,"MAINTBY":"HRM","ADDDATE":"Thu, 25 Jul 2019 21:47:22 GMT","MODDATE":"Wed, 19 Apr 2023 19:43:36 GMT","SDATE":null,"SOURCE":"HRMGIS","SACC":"PH","WINT_PLOW":"N","WINT_MAINT":"NA","WINT_ROUTE":null,"WINT_LOS":null,"WINT_MAT":null,"WINT_COMM":"VOLUNTEER FIRE DEPT RESPONSIBLE FOR SNOW","GLOBALID":"73d0e71e-3375-4bdb-812a-a2693e2792af","WINT_ADDDATE":"Thu, 10 Oct 2019 03:00:00 GMT","WINT_MODDATE":"Thu, 28 Jan 2021 04:00:00 GMT","CONDITPERD":null,"CONDITEXP":null}},{"type":"Feature","id":292,"geometry":{"type":"Point","coordinates":[-63.6201847289436,44.6342166108536]},"properties":{"OBJECTID":292,"ASSETID":"STP159","STEPID":"STP159","ASSETCODE":"STP","OWNER":"UN","INSTYR":null,"INSTYRCONF":null,"MAT":"CONC","MATCONF":1,"LOCGEN":"ROW","HRMINTRST":"Y","LENGTHM":null,"SIZE1UNIT":"M","WIDTHM":1.5,"SIZE2UNIT":"M","NUMSTEPS":2,"SIZE3UNIT":"UNIT","ASSETDESC":null,"PARTNER":null,"ASSETSTAT":null,"INSTDATE":null,"LOCATION":null,"MAINTBY":null,"ADDDATE":"Thu, 11 Aug 2016 19:53:54 GMT","MODDATE":"Thu, 15 Jul 2021 00:07:49 GMT","SDATE":null,"SOURCE":null,"SACC":null,"WINT_PLOW":"N","WINT_MAINT":"NA","WINT_ROUTE":null,"WINT_LOS":null,"WINT_MAT":null,"WINT_COMM":null,"GLOBALID":"0d6220f4-9178-4e52-bfca-614e88ff3dce","WINT_ADDDATE":"Wed, 22 Feb 2017 04:00:00 GMT","WINT_MODDATE":null,"CONDITPERD":null,"CONDITEXP":null}},{"type":"Feature","id":293,"geometry":{"type":"Point","coordinates":[-63.5755771470672,44.6431777449163]},"properties":{"OBJECTID":293,"ASSETID":"STP250","STEPID":"STP250","ASSETCODE":"STP","OWNER":"HRM","INSTYR":null,"INSTYRCONF":null,"MAT":null,"MATCONF":null,"LOCGEN":"BLD","HRMINTRST":"Y","LENGTHM":null,"SIZE1UNIT":"M","WIDTHM":null,"SIZE2UNIT":"M","NUMSTEPS":null,"SIZE3UNIT":"UNIT","ASSETDESC":null,"PARTNER":null,"ASSETSTAT":"INS","INSTDATE":null,"LOCATION":null,"MAINTBY":"HRM","ADDDATE":"Thu, 25 Jul 2019 21:47:22 GMT","MODDATE":"Thu, 15 Jul 2021 00:07:57 GMT","SDATE":null,"SOURCE":"HRMGIS","SACC":"PH","WINT_PLOW":"N","WINT_MAINT":"NA","WINT_ROUTE":null,"WINT_LOS":null,"WINT_MAT":null,"WINT_COMM":null,"GLOBALID":"75e09c76-d6a4-411e-882c-0bd943bccf33","WINT_ADDDATE":"Thu, 10 Oct 2019 03:00:00 GMT","WINT_MODDATE":null,"CONDITPERD":null,"CONDITEXP":null}},{"type":"Feature","id":294,"geometry":{"type":"Point","coordinates":[-63.667315598503,44.7248822824172]},"properties":{"OBJECTID":294,"ASSETID":"STP74","STEPID":"STP74","ASSETCODE":"STP","OWNER":"HRM","INSTYR":null,"INSTYRCONF":null,"MAT":"CONC","MATCONF":3,"LOCGEN":"OSP","HRMINTRST":"Y","LENGTHM":2.1,"SIZE1UNIT":"M","WIDTHM":1.2,"SIZE2UNIT":"M","NUMSTEPS":null,"SIZE3UNIT":"UNIT","ASSETDESC":" ","PARTNER":null,"ASSETSTAT":"INS","INSTDATE":null,"LOCATION":"BEDFORD LIONS PARK","MAINTBY":"HRM","ADDDATE":null,"MODDATE":"Thu, 15 Jul 2021 00:07:44 GMT","SDATE":null,"SOURCE":null,"SACC":null,"WINT_PLOW":"N","WINT_MAINT":"NA","WINT_ROUTE":null,"WINT_LOS":null,"WINT_MAT":null,"WINT_COMM":null,"GLOBALID":"9d557439-db3d-4165-8fd8-21c2e75c072b","WINT_ADDDATE":null,"WINT_MODDATE":"Thu, 18 Aug 2016 03:00:00 GMT","CONDITPERD":null,"CONDITEXP":null}},{"type":"Feature","id":295,"geometry":{"type":"Point","coordinates":[-63.5992179819403,44.6300332137389]},"properties":{"OBJECTID":295,"ASSETID":"STP102","STEPID":"STP102","ASSETCODE":"STP","OWNER":"HRM","INSTYR":null,"INSTYRCONF":null,"MAT":"WOOD","MATCONF":3,"LOCGEN":"OSP","HRMINTRST":"Y","LENGTHM":3,"SIZE1UNIT":"M","WIDTHM":1.5,"SIZE2UNIT":"M","NUMSTEPS":null,"SIZE3UNIT":"UNIT","ASSETDESC":" ","PARTNER":null,"ASSETSTAT":"INS","INSTDATE":null,"LOCATION":"SIR SANDFORD FLEMING PARK","MAINTBY":"HRM","ADDDATE":null,"MODDATE":"Thu, 15 Jul 2021 00:07:45 GMT","SDATE":null,"SOURCE":null,"SACC":null,"WINT_PLOW":"N","WINT_MAINT":"NA","WINT_ROUTE":null,"WINT_LOS":null,"WINT_MAT":null,"WINT_COMM":null,"GLOBALID":"383dcf50-3135-488e-983d-654bb7ae0991","WINT_ADDDATE":null,"WINT_MODDATE":"Fri, 02 Dec 2016 04:00:00 GMT","CONDITPERD":null,"CONDITEXP":null}},{"type":"Feature","id":296,"geometry":{"type":"Point","coordinates":[-63.6433940338154,44.6631715090896]},"properties":{"OBJECTID":296,"ASSETID":"STP51","STEPID":"STP51","ASSETCODE":"STP","OWNER":"HRM","INSTYR":null,"INSTYRCONF":null,"MAT":"CONC","MATCONF":3,"LOCGEN":"ROW","HRMINTRST":"Y","LENGTHM":null,"SIZE1UNIT":"M","WIDTHM":1.5,"SIZE2UNIT":"M","NUMSTEPS":null,"SIZE3UNIT":"UNIT","ASSETDESC":" ","PARTNER":null,"ASSETSTAT":"INS","INSTDATE":null,"LOCATION":"LACEWOOD DR TO DUC DANVILLE SCHOOL PARK","MAINTBY":"HRM","ADDDATE":null,"MODDATE":"Thu, 15 Jul 2021 00:07:43 GMT","SDATE":null,"SOURCE":null,"SACC":null,"WINT_PLOW":"N","WINT_MAINT":"NA","WINT_ROUTE":null,"WINT_LOS":null,"WINT_MAT":null,"WINT_COMM":null,"GLOBALID":"3b3d2671-1785-42eb-a8ce-b3d39dcfefa0","WINT_ADDDATE":"Thu, 07 Jul 2016 03:00:00 GMT","WINT_MODDATE":null,"CONDITPERD":null,"CONDITEXP":null}},{"type":"Feature","id":297,"geometry":{"type":"Point","coordinates":[-63.6461742387714,44.7246893111356]},"properties":{"OBJECTID":297,"ASSETID":"STP10","STEPID":"STP10","ASSETCODE":"STP","OWNER":"HRM","INSTYR":null,"INSTYRCONF":null,"MAT":"CONC","MATCONF":1,"LOCGEN":"ROW","HRMINTRST":"Y","LENGTHM":7.61129355,"SIZE1UNIT":"M","WIDTHM":1.8,"SIZE2UNIT":"M","NUMSTEPS":18,"SIZE3UNIT":"UNIT","ASSETDESC":" ","PARTNER":null,"ASSETSTAT":"INS","INSTDATE":null,"LOCATION":"9 RAVEN HILL TO EAGLEWOOD DR","MAINTBY":"HRM","ADDDATE":null,"MODDATE":"Wed, 19 Apr 2023 19:43:36 GMT","SDATE":null,"SOURCE":null,"SACC":null,"WINT_PLOW":"Y","WINT_MAINT":"WSZ3","WINT_ROUTE":null,"WINT_LOS":"PRI3","WINT_MAT":null,"WINT_COMM":null,"GLOBALID":"7b324fa2-0406-4e79-9fa2-3717268bdd5c","WINT_ADDDATE":"Fri, 02 Dec 2016 04:00:00 GMT","WINT_MODDATE":"Tue, 01 Oct 2019 03:00:00 GMT","CONDITPERD":null,"CONDITEXP":null}},{"type":"Feature","id":298,"geometry":{"type":"Point","coordinates":[-63.4997323768492,44.6759380770889]},"properties":{"OBJECTID":298,"ASSETID":"STP19","STEPID":"STP19","ASSETCODE":"STP","OWNER":"HRM","INSTYR":null,"INSTYRCONF":null,"MAT":"CONC","MATCONF":1,"LOCGEN":"ROW","HRMINTRST":"Y","LENGTHM":8.39750086,"SIZE1UNIT":"M","WIDTHM":1.5,"SIZE2UNIT":"M","NUMSTEPS":25,"SIZE3UNIT":"UNIT","ASSETDESC":" ","PARTNER":null,"ASSETSTAT":"INS","INSTDATE":null,"LOCATION":"74 ELM ST TO BEHIND 62 SHALIMAR CRES","MAINTBY":"HRM","ADDDATE":null,"MODDATE":"Wed, 14 Sep 2022 19:36:51 GMT","SDATE":null,"SOURCE":null,"SACC":null,"WINT_PLOW":"Y","WINT_MAINT":"WSZ1","WINT_ROUTE":null,"WINT_LOS":"PRI3","WINT_MAT":null,"WINT_COMM":null,"GLOBALID":"c509c937-8544-4e16-8bbd-030e1b577d04","WINT_ADDDATE":null,"WINT_MODDATE":"Wed, 01 Jun 2022 03:00:00 GMT","CONDITPERD":null,"CONDITEXP":null}},{"type":"Feature","id":299,"geometry":{"type":"Point","coordinates":[-63.6569741156971,44.6748784923242]},"properties":{"OBJECTID":299,"ASSETID":"STP332","STEPID":"STP332","ASSETCODE":"STP","OWNER":"HRM","INSTYR":null,"INSTYRCONF":null,"MAT":"CONC","MATCONF":1,"LOCGEN":"OSP","HRMINTRST":"Y","LENGTHM":null,"SIZE1UNIT":"M","WIDTHM":null,"SIZE2UNIT":"M","NUMSTEPS":null,"SIZE3UNIT":"UNIT","ASSETDESC":null,"PARTNER":null,"ASSETSTAT":"INS","INSTDATE":null,"LOCATION":"TREMONT PLATEAU PARK","MAINTBY":"HRM","ADDDATE":"Tue, 04 Jul 2023 21:17:58 GMT","MODDATE":"Tue, 04 Jul 2023 21:17:58 GMT","SDATE":"Thu, 16 Dec 2021 04:00:00 GMT","SOURCE":"WOOD (2021)","SACC":"IN","WINT_PLOW":null,"WINT_MAINT":null,"WINT_ROUTE":null,"WINT_LOS":null,"WINT_MAT":null,"WINT_COMM":null,"GLOBALID":"066cdccb-c618-45eb-a9ba-9703003fb05a","WINT_ADDDATE":null,"WINT_MODDATE":null,"CONDITPERD":null,"CONDITEXP":null}},{"type":"Feature","id":300,"geometry":{"type":"Point","coordinates":[-63.5724843912744,44.6674448122737]},"properties":{"OBJECTID":300,"ASSETID":"STP312","STEPID":"STP312","ASSETCODE":"STP","OWNER":"HRM","INSTYR":null,"INSTYRCONF":null,"MAT":"CONC","MATCONF":1,"LOCGEN":"OSP","HRMINTRST":"Y","LENGTHM":null,"SIZE1UNIT":"M","WIDTHM":null,"SIZE2UNIT":"M","NUMSTEPS":null,"SIZE3UNIT":"UNIT","ASSETDESC":null,"PARTNER":null,"ASSETSTAT":"INS","INSTDATE":null,"LOCATION":"DARTMOUTH COMMON","MAINTBY":"HRM","ADDDATE":"Tue, 04 Jul 2023 21:17:58 GMT","MODDATE":"Tue, 04 Jul 2023 21:17:58 GMT","SDATE":"Thu, 16 Dec 2021 04:00:00 GMT","SOURCE":"WOOD (2021)","SACC":"IN","WINT_PLOW":null,"WINT_MAINT":null,"WINT_ROUTE":null,"WINT_LOS":null,"WINT_MAT":null,"WINT_COMM":null,"GLOBALID":"4dbef6f6-2034-4525-88da-505209a6d540","WINT_ADDDATE":null,"WINT_MODDATE":null,"CONDITPERD":null,"CONDITEXP":null}},{"type":"Feature","id":301,"geometry":{"type":"Point","coordinates":[-63.6781698576394,44.7140165538588]},"properties":{"OBJECTID":301,"ASSETID":"STP85","STEPID":"STP85","ASSETCODE":"STP","OWNER":"HRM","INSTYR":null,"INSTYRCONF":null,"MAT":"CONC","MATCONF":3,"LOCGEN":"OSP","HRMINTRST":"Y","LENGTHM":2.3,"SIZE1UNIT":"M","WIDTHM":1.962,"SIZE2UNIT":"M","NUMSTEPS":null,"SIZE3UNIT":"UNIT","ASSETDESC":" ","PARTNER":null,"ASSETSTAT":"INS","INSTDATE":null,"LOCATION":"MOIRS MILL PARK","MAINTBY":"HRM","ADDDATE":null,"MODDATE":"Thu, 15 Jul 2021 00:07:45 GMT","SDATE":null,"SOURCE":null,"SACC":null,"WINT_PLOW":"N","WINT_MAINT":"NA","WINT_ROUTE":null,"WINT_LOS":null,"WINT_MAT":null,"WINT_COMM":null,"GLOBALID":"2315e5db-f316-4f47-933f-b0c0509cdb74","WINT_ADDDATE":null,"WINT_MODDATE":"Fri, 24 Feb 2017 04:00:00 GMT","CONDITPERD":null,"CONDITEXP":null}},{"type":"Feature","id":302,"geometry":{"type":"Point","coordinates":[-63.6735880795845,44.7765693750133]},"properties":{"OBJECTID":302,"ASSETID":"STP315","STEPID":"STP315","ASSETCODE":"STP","OWNER":"HRM","INSTYR":null,"INSTYRCONF":null,"MAT":"CONC","MATCONF":1,"LOCGEN":"OSP","HRMINTRST":"Y","LENGTHM":null,"SIZE1UNIT":"M","WIDTHM":null,"SIZE2UNIT":"M","NUMSTEPS":null,"SIZE3UNIT":"UNIT","ASSETDESC":null,"PARTNER":null,"ASSETSTAT":"INS","INSTDATE":null,"LOCATION":"KINSMEN PARK","MAINTBY":"HRM","ADDDATE":"Tue, 04 Jul 2023 21:17:58 GMT","MODDATE":"Tue, 04 Jul 2023 21:17:58 GMT","SDATE":"Thu, 16 Dec 2021 04:00:00 GMT","SOURCE":"WOOD (2021)","SACC":"IN","WINT_PLOW":null,"WINT_MAINT":null,"WINT_ROUTE":null,"WINT_LOS":null,"WINT_MAT":null,"WINT_COMM":null,"GLOBALID":"8da7c0db-d5e2-4c20-a711-d9d7b5df7265","WINT_ADDDATE":null,"WINT_MODDATE":null,"CONDITPERD":null,"CONDITEXP":null}},{"type":"Feature","id":303,"geometry":{"type":"Point","coordinates":[-63.6805547409883,44.711065860729]},"properties":{"OBJECTID":303,"ASSETID":"STP9","STEPID":"STP9","ASSETCODE":"STP","OWNER":"HRM","INSTYR":null,"INSTYRCONF":null,"MAT":"CONC","MATCONF":1,"LOCGEN":"ROW","HRMINTRST":"Y","LENGTHM":9.09359203,"SIZE1UNIT":"M","WIDTHM":1.5,"SIZE2UNIT":"M","NUMSTEPS":23,"SIZE3UNIT":"UNIT","ASSETDESC":" ","PARTNER":null,"ASSETSTAT":"INS","INSTDATE":null,"LOCATION":"54 AMIN ST TO 30 FRED KEYES CRT","MAINTBY":"HRM","ADDDATE":null,"MODDATE":"Wed, 19 Apr 2023 19:43:36 GMT","SDATE":null,"SOURCE":null,"SACC":null,"WINT_PLOW":"Y","WINT_MAINT":"WSZ3","WINT_ROUTE":null,"WINT_LOS":"PRI3","WINT_MAT":null,"WINT_COMM":null,"GLOBALID":"7a6a8eea-1f57-4e37-a3bb-f60427bc3976","WINT_ADDDATE":"Fri, 08 Jul 2016 03:00:00 GMT","WINT_MODDATE":"Fri, 04 Oct 2019 03:00:00 GMT","CONDITPERD":null,"CONDITEXP":null}},{"type":"Feature","id":304,"geometry":{"type":"Point","coordinates":[-63.5799090102168,44.6835867362925]},"properties":{"OBJECTID":304,"ASSETID":"STP440","STEPID":"STP440","ASSETCODE":"STP","OWNER":"HRM","INSTYR":2023,"INSTYRCONF":2,"MAT":"WOOD","MATCONF":2,"LOCGEN":"OSP","HRMINTRST":"Y","LENGTHM":null,"SIZE1UNIT":"M","WIDTHM":null,"SIZE2UNIT":"M","NUMSTEPS":null,"SIZE3UNIT":"UNIT","ASSETDESC":null,"PARTNER":"NA","ASSETSTAT":"INS","INSTDATE":"Thu, 29 Jun 2023 06:00:00 GMT","LOCATION":"PINECREST PARK PLAYGROUND","MAINTBY":"HRM","ADDDATE":"Wed, 02 Jul 2025 15:30:14 GMT","MODDATE":"Wed, 02 Jul 2025 15:31:49 GMT","SDATE":"Fri, 30 Jun 2023 06:00:00 GMT","SOURCE":"Parkland Planners","SACC":"IN","WINT_PLOW":null,"WINT_MAINT":null,"WINT_ROUTE":null,"WINT_LOS":null,"WINT_MAT":null,"WINT_COMM":null,"GLOBALID":"cec48966-5066-45c6-b2d2-02f4810be37f","WINT_ADDDATE":null,"WINT_MODDATE":null,"CONDITPERD":null,"CONDITEXP":null}},{"type":"Feature","id":305,"geometry":{"type":"Point","coordinates":[-63.6176831777955,44.6472328998499]},"properties":{"OBJECTID":305,"ASSETID":"STP309","STEPID":"STP309","ASSETCODE":"STP","OWNER":"HRM","INSTYR":null,"INSTYRCONF":null,"MAT":"CONC","MATCONF":1,"LOCGEN":"OSP","HRMINTRST":"Y","LENGTHM":null,"SIZE1UNIT":"M","WIDTHM":null,"SIZE2UNIT":"M","NUMSTEPS":null,"SIZE3UNIT":"UNIT","ASSETDESC":null,"PARTNER":null,"ASSETSTAT":"INS","INSTDATE":null,"LOCATION":"ST. AGNES JUNIOR HIGH SCHOOL PARK","MAINTBY":"HRM","ADDDATE":"Tue, 04 Jul 2023 21:17:58 GMT","MODDATE":"Tue, 04 Jul 2023 21:17:58 GMT","SDATE":"Thu, 16 Dec 2021 04:00:00 GMT","SOURCE":"WOOD (2021)","SACC":"IN","WINT_PLOW":null,"WINT_MAINT":null,"WINT_ROUTE":null,"WINT_LOS":null,"WINT_MAT":null,"WINT_COMM":null,"GLOBALID":"11c119bc-1cc0-4f85-9278-7aa1e739a792","WINT_ADDDATE":null,"WINT_MODDATE":null,"CONDITPERD":null,"CONDITEXP":null}},{"type":"Feature","id":306,"geometry":{"type":"Point","coordinates":[-63.4878777367444,44.6834176011004]},"properties":{"OBJECTID":306,"ASSETID":"STP41","STEPID":"STP41","ASSETCODE":"STP","OWNER":"UN","INSTYR":null,"INSTYRCONF":null,"MAT":"WOOD","MATCONF":3,"LOCGEN":"OSP","HRMINTRST":"Y","LENGTHM":12.4,"SIZE1UNIT":"M","WIDTHM":1.6,"SIZE2UNIT":"M","NUMSTEPS":null,"SIZE3UNIT":"UNIT","ASSETDESC":" ","PARTNER":null,"ASSETSTAT":"DIS","INSTDATE":null,"LOCATION":"COLE HARBOUR COMMONS","MAINTBY":"HRM","ADDDATE":null,"MODDATE":"Wed, 09 Mar 2022 19:50:05 GMT","SDATE":null,"SOURCE":null,"SACC":null,"WINT_PLOW":"N","WINT_MAINT":"NA","WINT_ROUTE":null,"WINT_LOS":null,"WINT_MAT":null,"WINT_COMM":null,"GLOBALID":"3ec5e485-613b-47c3-bf70-5e540b90eabf","WINT_ADDDATE":"Thu, 10 Oct 2019 03:00:00 GMT","WINT_MODDATE":null,"CONDITPERD":null,"CONDITEXP":null}},{"type":"Feature","id":307,"geometry":{"type":"Point","coordinates":[-63.515089152988,44.6739799685498]},"properties":{"OBJECTID":307,"ASSETID":"STP29","STEPID":"STP29","ASSETCODE":"STP","OWNER":"HRM","INSTYR":null,"INSTYRCONF":null,"MAT":"CONC","MATCONF":1,"LOCGEN":"ROW","HRMINTRST":"Y","LENGTHM":4.04774022,"SIZE1UNIT":"M","WIDTHM":1.6,"SIZE2UNIT":"M","NUMSTEPS":12,"SIZE3UNIT":"UNIT","ASSETDESC":"rail 75% missing","PARTNER":null,"ASSETSTAT":"INS","INSTDATE":null,"LOCATION":"99 REGAL RD TO 100 COLLINS GRV","MAINTBY":"HRM","ADDDATE":null,"MODDATE":"Wed, 19 Apr 2023 19:43:36 GMT","SDATE":null,"SOURCE":null,"SACC":null,"WINT_PLOW":"Y","WINT_MAINT":"WSZ1","WINT_ROUTE":null,"WINT_LOS":"PRI3","WINT_MAT":null,"WINT_COMM":null,"GLOBALID":"6bbebc0f-37ae-4272-95d8-607d2824cd57","WINT_ADDDATE":null,"WINT_MODDATE":"Wed, 01 Jun 2022 03:00:00 GMT","CONDITPERD":null,"CONDITEXP":null}},{"type":"Feature","id":308,"geometry":{"type":"Point","coordinates":[-63.5542920038895,44.7024032834791]},"properties":{"OBJECTID":308,"ASSETID":"STP123","STEPID":"STP123","ASSETCODE":"STP","OWNER":"UN","INSTYR":null,"INSTYRCONF":null,"MAT":"WOOD","MATCONF":3,"LOCGEN":"OSP","HRMINTRST":"Y","LENGTHM":3.6,"SIZE1UNIT":"M","WIDTHM":3.1,"SIZE2UNIT":"M","NUMSTEPS":null,"SIZE3UNIT":"UNIT","ASSETDESC":" ","PARTNER":null,"ASSETSTAT":"INS","INSTDATE":null,"LOCATION":"SHUBIE PARK","MAINTBY":"HRM","ADDDATE":null,"MODDATE":"Thu, 15 Jul 2021 00:07:47 GMT","SDATE":null,"SOURCE":null,"SACC":null,"WINT_PLOW":"N","WINT_MAINT":"NA","WINT_ROUTE":null,"WINT_LOS":null,"WINT_MAT":null,"WINT_COMM":null,"GLOBALID":"ddeb3ac2-281f-4e73-bab0-9483d7877850","WINT_ADDDATE":"Thu, 10 Oct 2019 03:00:00 GMT","WINT_MODDATE":"Thu, 28 Jan 2021 04:00:00 GMT","CONDITPERD":null,"CONDITEXP":null}}]}