{
"type": "FeatureCollection",
"name": "Street Closures Geo",
"crs": { "type": "name", "properties": { "name": "urn:ogc:def:crs:OGC:1.3:CRS84" } },
"features": [
{ "type": "Feature", "properties": { "id": 2, "latitude": 44.65167779, "longitude": -63.5881526, "CLOSURE_TYPE": "Special Event", "START_DATE": "Sun, 18 May 2025 06:00:00 GMT", "END_DATE": "Sun, 18 May 2025 06:00:00 GMT", "START_TIME": "8:00am", "END_TIME": "2:00pm" }, "geometry": { "type": "Point", "coordinates": [ -63.5881526, 44.65167779 ] } },
{ "type": "Feature", "properties": { "id": 5, "latitude": 44.64872612, "longitude": -63.57261643, "CLOSURE_TYPE": "Construction", "START_DATE": "Mon, 05 Dec 2022 04:00:00 GMT", "END_DATE": "Mon, 05 Dec 2022 04:00:00 GMT", "START_TIME": "7:45AM", "END_TIME": "4:00PM" }, "geometry": { "type": "Point", "coordinates": [ -63.57261643, 44.64872612 ] } },
{ "type": "Feature", "properties": { "id": 9, "latitude": 44.65274321, "longitude": -63.58612052, "CLOSURE_TYPE": "Special Event", "START_DATE": "Sat, 06 Jul 2024 06:00:00 GMT", "END_DATE": "Sat, 06 Jul 2024 06:00:00 GMT", "START_TIME": "9AM", "END_TIME": "4PM" }, "geometry": { "type": "Point", "coordinates": [ -63.58612052, 44.65274321 ] } },
{ "type": "Feature", "properties": { "id": 11, "latitude": 44.64701843, "longitude": -63.57472606, "CLOSURE_TYPE": "Special Event", "START_DATE": "Fri, 05 Jun 2020 06:00:00 GMT", "END_DATE": "Sun, 01 Nov 2020 07:00:00 GMT", "START_TIME": "11AM", "END_TIME": "8AM" }, "geometry": { "type": "Point", "coordinates": [ -63.57472606, 44.64701843 ] } },
{ "type": "Feature", "properties": { "id": 12, "latitude": 44.64951874, "longitude": -63.5737801, "CLOSURE_TYPE": "Construction", "START_DATE": "Wed, 24 Aug 2022 03:00:00 GMT", "END_DATE": "Thu, 25 Aug 2022 03:00:00 GMT", "START_TIME": "8:00PM", "END_TIME": "2:00AM" }, "geometry": { "type": "Point", "coordinates": [ -63.5737801, 44.64951874 ] } },
{ "type": "Feature", "properties": { "id": 14, "latitude": 44.64735175, "longitude": -63.59044781, "CLOSURE_TYPE": "Special Event", "START_DATE": "Sun, 23 Jul 2023 03:00:00 GMT", "END_DATE": "Sun, 23 Jul 2023 03:00:00 GMT", "START_TIME": "2PM", "END_TIME": "4PM" }, "geometry": { "type": "Point", "coordinates": [ -63.59044781, 44.64735175 ] } },
{ "type": "Feature", "properties": { "id": 16, "latitude": 44.65077886, "longitude": -63.59229317, "CLOSURE_TYPE": "Special Event", "START_DATE": "Sun, 23 Jul 2023 03:00:00 GMT", "END_DATE": "Sun, 23 Jul 2023 03:00:00 GMT", "START_TIME": "2PM", "END_TIME": "4PM" }, "geometry": { "type": "Point", "coordinates": [ -63.59229317, 44.65077886 ] } },
{ "type": "Feature", "properties": { "id": 23, "latitude": 44.64894605, "longitude": -63.57572186, "CLOSURE_TYPE": "Special Event", "START_DATE": "Fri, 01 Jul 2022 06:00:00 GMT", "END_DATE": "Sun, 02 Oct 2022 06:00:00 GMT", "START_TIME": "7:00AM", "END_TIME": "3:00AM" }, "geometry": { "type": "Point", "coordinates": [ -63.57572186, 44.64894605 ] } },
{ "type": "Feature", "properties": { "id": 26, "latitude": 44.6413374, "longitude": -63.58328948, "CLOSURE_TYPE": "Special Event", "START_DATE": "Sat, 20 Jul 2024 06:00:00 GMT", "END_DATE": "Sat, 20 Jul 2024 06:00:00 GMT", "START_TIME": "12:00PM", "END_TIME": "3:00PM" }, "geometry": { "type": "Point", "coordinates": [ -63.58328948, 44.6413374 ] } },
{ "type": "Feature", "properties": { "id": 27, "latitude": 44.64514474, "longitude": -63.57378816, "CLOSURE_TYPE": "Special Event", "START_DATE": "Fri, 09 Aug 2019 06:00:00 GMT", "END_DATE": "Mon, 12 Aug 2019 06:00:00 GMT", "START_TIME": "5PM", "END_TIME": "6AM" }, "geometry": { "type": "Point", "coordinates": [ -63.57378816, 44.64514474 ] } },
{ "type": "Feature", "properties": { "id": 29, "latitude": 44.64273152, "longitude": -63.57781698, "CLOSURE_TYPE": "Development", "START_DATE": "Wed, 23 Sep 2020 06:00:00 GMT", "END_DATE": "Sat, 26 Sep 2020 06:00:00 GMT", "START_TIME": "7:00 AM", "END_TIME": "7:00 PM" }, "geometry": { "type": "Point", "coordinates": [ -63.57781698, 44.64273152 ] } },
{ "type": "Feature", "properties": { "id": 32, "latitude": 44.64032038, "longitude": -63.5827465, "CLOSURE_TYPE": "Utility", "START_DATE": "Sat, 16 Oct 2021 06:00:00 GMT", "END_DATE": "Sat, 16 Oct 2021 06:00:00 GMT", "START_TIME": "7AM", "END_TIME": "7PM" }, "geometry": { "type": "Point", "coordinates": [ -63.5827465, 44.64032038 ] } },
{ "type": "Feature", "properties": { "id": 36, "latitude": 44.64640643, "longitude": -63.57290882, "CLOSURE_TYPE": "Development", "START_DATE": "Mon, 18 Oct 2021 06:00:00 GMT", "END_DATE": "Fri, 22 Oct 2021 06:00:00 GMT", "START_TIME": "7:00 AM", "END_TIME": "6:00 PM" }, "geometry": { "type": "Point", "coordinates": [ -63.57290882, 44.64640643 ] } },
{ "type": "Feature", "properties": { "id": 37, "latitude": 44.64073189, "longitude": -63.58503613, "CLOSURE_TYPE": "Development", "START_DATE": "Mon, 28 Mar 2022 06:00:00 GMT", "END_DATE": "Tue, 29 Mar 2022 06:00:00 GMT", "START_TIME": "7:00AM", "END_TIME": "6:00PM" }, "geometry": { "type": "Point", "coordinates": [ -63.58503613, 44.64073189 ] } },
{ "type": "Feature", "properties": { "id": 43, "latitude": 44.65339348, "longitude": -63.58234029, "CLOSURE_TYPE": "Construction", "START_DATE": "Mon, 24 Jul 2023 03:00:00 GMT", "END_DATE": "Wed, 02 Aug 2023 03:00:00 GMT", "START_TIME": "7.00AM", "END_TIME": "7.00PM" }, "geometry": { "type": "Point", "coordinates": [ -63.58234029, 44.65339348 ] } },
{ "type": "Feature", "properties": { "id": 45, "latitude": 44.65290847, "longitude": -63.58330195, "CLOSURE_TYPE": "Development", "START_DATE": "Sat, 24 May 2025 06:00:00 GMT", "END_DATE": "Sun, 25 May 2025 06:00:00 GMT", "START_TIME": "8:00am", "END_TIME": "6:00pm" }, "geometry": { "type": "Point", "coordinates": [ -63.58330195, 44.65290847 ] } },
{ "type": "Feature", "properties": { "id": 49, "latitude": 44.64319267, "longitude": -63.58964643, "CLOSURE_TYPE": "Utility", "START_DATE": "Thu, 29 Oct 2020 06:00:00 GMT", "END_DATE": "Thu, 29 Oct 2020 06:00:00 GMT", "START_TIME": "7AM", "END_TIME": "7PM" }, "geometry": { "type": "Point", "coordinates": [ -63.58964643, 44.64319267 ] } },
{ "type": "Feature", "properties": { "id": 53, "latitude": 44.64298318, "longitude": -63.57685418, "CLOSURE_TYPE": "Development", "START_DATE": "Mon, 03 May 2021 06:00:00 GMT", "END_DATE": "Fri, 14 May 2021 06:00:00 GMT", "START_TIME": "7:00 AM", "END_TIME": "4:00 PM" }, "geometry": { "type": "Point", "coordinates": [ -63.57685418, 44.64298318 ] } },
{ "type": "Feature", "properties": { "id": 55, "latitude": 44.64283226, "longitude": -63.57792043, "CLOSURE_TYPE": "Development", "START_DATE": "Tue, 25 Mar 2025 06:00:00 GMT", "END_DATE": "Tue, 25 Mar 2025 06:00:00 GMT", "START_TIME": "9:30am", "END_TIME": "3:00pm" }, "geometry": { "type": "Point", "coordinates": [ -63.57792043, 44.64283226 ] } },
{ "type": "Feature", "properties": { "id": 57, "latitude": 44.64573422, "longitude": -63.57551329, "CLOSURE_TYPE": "Construction", "START_DATE": "Sun, 28 Nov 2021 08:00:00 GMT", "END_DATE": "Sun, 28 Nov 2021 08:00:00 GMT", "START_TIME": "6AM", "END_TIME": "7PM" }, "geometry": { "type": "Point", "coordinates": [ -63.57551329, 44.64573422 ] } },
{ "type": "Feature", "properties": { "id": 58, "latitude": 44.64396264, "longitude": -63.59097478, "CLOSURE_TYPE": "Utility", "START_DATE": "Tue, 30 Jan 2024 08:00:00 GMT", "END_DATE": "Tue, 30 Jan 2024 08:00:00 GMT", "START_TIME": "7:00AM", "END_TIME": "7:00PM" }, "geometry": { "type": "Point", "coordinates": [ -63.59097478, 44.64396264 ] } },
{ "type": "Feature", "properties": { "id": 59, "latitude": 44.64327667, "longitude": -63.57613027, "CLOSURE_TYPE": "Special Event", "START_DATE": "Sun, 15 Sep 2019 06:00:00 GMT", "END_DATE": "Sun, 15 Sep 2019 06:00:00 GMT", "START_TIME": "11AM", "END_TIME": "5PM" }, "geometry": { "type": "Point", "coordinates": [ -63.57613027, 44.64327667 ] } },
{ "type": "Feature", "properties": { "id": 63, "latitude": 44.64718117, "longitude": -63.58998132, "CLOSURE_TYPE": "Development", "START_DATE": "Tue, 06 Aug 2024 06:00:00 GMT", "END_DATE": "Fri, 30 Aug 2024 06:00:00 GMT", "START_TIME": "7:00AM", "END_TIME": "7:00PM" }, "geometry": { "type": "Point", "coordinates": [ -63.58998132, 44.64718117 ] } },
{ "type": "Feature", "properties": { "id": 69, "latitude": 44.65231396, "longitude": -63.58691086, "CLOSURE_TYPE": "Utility", "START_DATE": "Mon, 13 Sep 2021 06:00:00 GMT", "END_DATE": "Mon, 13 Sep 2021 06:00:00 GMT", "START_TIME": "7AM", "END_TIME": "7PM" }, "geometry": { "type": "Point", "coordinates": [ -63.58691086, 44.65231396 ] } },
{ "type": "Feature", "properties": { "id": 75, "latitude": 44.65266511, "longitude": -63.58970057, "CLOSURE_TYPE": "Other", "START_DATE": "Thu, 14 Dec 2023 08:00:00 GMT", "END_DATE": "Fri, 15 Dec 2023 08:00:00 GMT", "START_TIME": "3:00PM", "END_TIME": "1:00AM" }, "geometry": { "type": "Point", "coordinates": [ -63.58970057, 44.65266511 ] } },
{ "type": "Feature", "properties": { "id": 78, "latitude": 44.64702192, "longitude": -63.57475898, "CLOSURE_TYPE": "Special Event", "START_DATE": "Wed, 04 Dec 2019 08:00:00 GMT", "END_DATE": "Wed, 04 Dec 2019 08:00:00 GMT", "START_TIME": "5:00PM", "END_TIME": "9:00PM" }, "geometry": { "type": "Point", "coordinates": [ -63.57475898, 44.64702192 ] } },
{ "type": "Feature", "properties": { "id": 80, "latitude": 44.64736986, "longitude": -63.57341434, "CLOSURE_TYPE": "Development", "START_DATE": "Tue, 01 Oct 2024 06:00:00 GMT", "END_DATE": "Tue, 01 Oct 2024 06:00:00 GMT", "START_TIME": "7AM", "END_TIME": "5PM" }, "geometry": { "type": "Point", "coordinates": [ -63.57341434, 44.64736986 ] } },
{ "type": "Feature", "properties": { "id": 84, "latitude": 44.64204042, "longitude": -63.58905459, "CLOSURE_TYPE": "Utility", "START_DATE": "Wed, 26 Mar 2025 06:00:00 GMT", "END_DATE": "Wed, 26 Mar 2025 06:00:00 GMT", "START_TIME": "8:00 AM", "END_TIME": "4:00 PM" }, "geometry": { "type": "Point", "coordinates": [ -63.58905459, 44.64204042 ] } },
{ "type": "Feature", "properties": { "id": 88, "latitude": 44.64965592, "longitude": -63.5733226, "CLOSURE_TYPE": "Construction", "START_DATE": "Fri, 28 Apr 2023 03:00:00 GMT", "END_DATE": "Mon, 01 May 2023 03:00:00 GMT", "START_TIME": "9PM", "END_TIME": "5AM" }, "geometry": { "type": "Point", "coordinates": [ -63.5733226, 44.64965592 ] } },
{ "type": "Feature", "properties": { "id": 91, "latitude": 44.64641378, "longitude": -63.57292112, "CLOSURE_TYPE": "Development", "START_DATE": "Mon, 06 Jan 2020 08:00:00 GMT", "END_DATE": "Thu, 16 Jan 2020 08:00:00 GMT", "START_TIME": "7AM", "END_TIME": "9PM" }, "geometry": { "type": "Point", "coordinates": [ -63.57292112, 44.64641378 ] } },
{ "type": "Feature", "properties": { "id": 103, "latitude": 44.64654411, "longitude": -63.57226881, "CLOSURE_TYPE": "Utility", "START_DATE": "Sun, 16 Feb 2025 08:00:00 GMT", "END_DATE": "Sun, 16 Feb 2025 08:00:00 GMT", "START_TIME": "6:00am", "END_TIME": "8:00pm" }, "geometry": { "type": "Point", "coordinates": [ -63.57226881, 44.64654411 ] } },
{ "type": "Feature", "properties": { "id": 111, "latitude": 44.64864811, "longitude": -63.57258737, "CLOSURE_TYPE": "Development", "START_DATE": "Thu, 16 Jun 2022 06:00:00 GMT", "END_DATE": "Mon, 04 Jul 2022 06:00:00 GMT", "START_TIME": "7:00AM", "END_TIME": "5:00PM" }, "geometry": { "type": "Point", "coordinates": [ -63.57258737, 44.64864811 ] } },
{ "type": "Feature", "properties": { "id": 112, "latitude": 44.64253228, "longitude": -63.57870975, "CLOSURE_TYPE": "Development", "START_DATE": "Tue, 26 Nov 2019 08:00:00 GMT", "END_DATE": "Tue, 26 Nov 2019 08:00:00 GMT", "START_TIME": "8AM", "END_TIME": "12PM" }, "geometry": { "type": "Point", "coordinates": [ -63.57870975, 44.64253228 ] } },
{ "type": "Feature", "properties": { "id": 113, "latitude": 44.64610183, "longitude": -63.57430209, "CLOSURE_TYPE": "Other", "START_DATE": "Mon, 22 Apr 2024 06:00:00 GMT", "END_DATE": "Tue, 12 Nov 2024 08:00:00 GMT", "START_TIME": "8AM", "END_TIME": "8AM" }, "geometry": { "type": "Point", "coordinates": [ -63.57430209, 44.64610183 ] } },
{ "type": "Feature", "properties": { "id": 130, "latitude": 44.64727154, "longitude": -63.57408758, "CLOSURE_TYPE": "Development", "START_DATE": "Thu, 07 Nov 2024 08:00:00 GMT", "END_DATE": "Thu, 07 Nov 2024 08:00:00 GMT", "START_TIME": "7:00pm", "END_TIME": "5:30am" }, "geometry": { "type": "Point", "coordinates": [ -63.57408758, 44.64727154 ] } },
{ "type": "Feature", "properties": { "id": 137, "latitude": 44.64250159, "longitude": -63.57875076, "CLOSURE_TYPE": "Development", "START_DATE": "Sat, 22 Feb 2020 08:00:00 GMT", "END_DATE": "Fri, 28 Feb 2020 08:00:00 GMT", "START_TIME": "7am", "END_TIME": "6pm" }, "geometry": { "type": "Point", "coordinates": [ -63.57875076, 44.64250159 ] } },
{ "type": "Feature", "properties": { "id": 142, "latitude": 44.64899757, "longitude": -63.57578057, "CLOSURE_TYPE": "Construction", "START_DATE": "Tue, 06 May 2025 06:00:00 GMT", "END_DATE": "Tue, 06 May 2025 06:00:00 GMT", "START_TIME": "7am", "END_TIME": "6pm" }, "geometry": { "type": "Point", "coordinates": [ -63.57578057, 44.64899757 ] } },
{ "type": "Feature", "properties": { "id": 144, "latitude": 44.6508319, "longitude": -63.5922433, "CLOSURE_TYPE": "Construction", "START_DATE": "Sun, 16 Mar 2025 06:00:00 GMT", "END_DATE": "Sun, 16 Mar 2025 06:00:00 GMT", "START_TIME": "12:00am", "END_TIME": "6:00am" }, "geometry": { "type": "Point", "coordinates": [ -63.5922433, 44.6508319 ] } },
{ "type": "Feature", "properties": { "id": 146, "latitude": 44.6514171, "longitude": -63.58556442, "CLOSURE_TYPE": "Special Event", "START_DATE": "Sun, 09 Jun 2024 06:00:00 GMT", "END_DATE": "Sun, 09 Jun 2024 06:00:00 GMT", "START_TIME": "9AM", "END_TIME": "4PM" }, "geometry": { "type": "Point", "coordinates": [ -63.58556442, 44.6514171 ] } },
{ "type": "Feature", "properties": { "id": 147, "latitude": 44.64739634, "longitude": -63.59171939, "CLOSURE_TYPE": "Development", "START_DATE": "Thu, 27 Jan 2022 08:00:00 GMT", "END_DATE": "Sun, 30 Jan 2022 08:00:00 GMT", "START_TIME": "7AM (Thur & Fri), 8AM (Sat & Sun)", "END_TIME": "9PM (Thur & Fri), 6PM (Sat & Sun)" }, "geometry": { "type": "Point", "coordinates": [ -63.59171939, 44.64739634 ] } },
{ "type": "Feature", "properties": { "id": 148, "latitude": 44.64452403, "longitude": -63.58059706, "CLOSURE_TYPE": "Special Event", "START_DATE": "Sat, 30 Jul 2022 03:00:00 GMT", "END_DATE": "Sat, 30 Jul 2022 03:00:00 GMT", "START_TIME": "11:00AM", "END_TIME": "3:00PM" }, "geometry": { "type": "Point", "coordinates": [ -63.58059706, 44.64452403 ] } },
{ "type": "Feature", "properties": { "id": 150, "latitude": 44.64226343, "longitude": -63.57974529, "CLOSURE_TYPE": "Development", "START_DATE": "Sat, 07 Sep 2019 06:00:00 GMT", "END_DATE": "Mon, 21 Oct 2019 06:00:00 GMT", "START_TIME": "12:00 PM", "END_TIME": "11:59 PM" }, "geometry": { "type": "Point", "coordinates": [ -63.57974529, 44.64226343 ] } },
{ "type": "Feature", "properties": { "id": 155, "latitude": 44.64731387, "longitude": -63.57343801, "CLOSURE_TYPE": "Construction", "START_DATE": "Sat, 06 May 2023 03:00:00 GMT", "END_DATE": "Sun, 20 Aug 2023 03:00:00 GMT", "START_TIME": "700", "END_TIME": "1300" }, "geometry": { "type": "Point", "coordinates": [ -63.57343801, 44.64731387 ] } },
{ "type": "Feature", "properties": { "id": 163, "latitude": 44.65459636, "longitude": -63.59028118, "CLOSURE_TYPE": "Construction", "START_DATE": "Mon, 28 Feb 2022 08:00:00 GMT", "END_DATE": "Mon, 28 Feb 2022 08:00:00 GMT", "START_TIME": "9.00AM", "END_TIME": "4.00PM" }, "geometry": { "type": "Point", "coordinates": [ -63.59028118, 44.65459636 ] } },
{ "type": "Feature", "properties": { "id": 167, "latitude": 44.64754578, "longitude": -63.57720487, "CLOSURE_TYPE": "Construction", "START_DATE": "Sat, 24 Jul 2021 06:00:00 GMT", "END_DATE": "Sun, 25 Jul 2021 06:00:00 GMT", "START_TIME": "9PM", "END_TIME": "6AM" }, "geometry": { "type": "Point", "coordinates": [ -63.57720487, 44.64754578 ] } },
{ "type": "Feature", "properties": { "id": 168, "latitude": 44.64589054, "longitude": -63.57419024, "CLOSURE_TYPE": "Other", "START_DATE": "Fri, 28 Jun 2019 06:00:00 GMT", "END_DATE": "Tue, 02 Jul 2019 06:00:00 GMT", "START_TIME": "5PM", "END_TIME": "6AM" }, "geometry": { "type": "Point", "coordinates": [ -63.57419024, 44.64589054 ] } },
{ "type": "Feature", "properties": { "id": 172, "latitude": 44.65173681, "longitude": -63.58776876, "CLOSURE_TYPE": "Utility", "START_DATE": "Wed, 19 Feb 2020 08:00:00 GMT", "END_DATE": "Wed, 19 Feb 2020 08:00:00 GMT", "START_TIME": "9.00AM", "END_TIME": "4.00PM" }, "geometry": { "type": "Point", "coordinates": [ -63.58776876, 44.65173681 ] } },
{ "type": "Feature", "properties": { "id": 173, "latitude": 44.65071304, "longitude": -63.58448516, "CLOSURE_TYPE": "Utility", "START_DATE": "Fri, 24 May 2024 06:00:00 GMT", "END_DATE": "Fri, 24 May 2024 06:00:00 GMT", "START_TIME": "9:00AM", "END_TIME": "3:00PM" }, "geometry": { "type": "Point", "coordinates": [ -63.58448516, 44.65071304 ] } },
{ "type": "Feature", "properties": { "id": 175, "latitude": 44.64700583, "longitude": -63.57472392, "CLOSURE_TYPE": "Special Event", "START_DATE": "Fri, 16 Aug 2019 06:00:00 GMT", "END_DATE": "Sat, 17 Aug 2019 06:00:00 GMT", "START_TIME": "6PM", "END_TIME": "Midnight" }, "geometry": { "type": "Point", "coordinates": [ -63.57472392, 44.64700583 ] } },
{ "type": "Feature", "properties": { "id": 179, "latitude": 44.646499, "longitude": -63.59026827, "CLOSURE_TYPE": "Development", "START_DATE": "Tue, 19 Nov 2019 08:00:00 GMT", "END_DATE": "Tue, 26 Nov 2019 08:00:00 GMT", "START_TIME": "7AM", "END_TIME": "6PM" }, "geometry": { "type": "Point", "coordinates": [ -63.59026827, 44.646499 ] } },
{ "type": "Feature", "properties": { "id": 184, "latitude": 44.64498186, "longitude": -63.57431166, "CLOSURE_TYPE": "Construction", "START_DATE": "Mon, 08 Nov 2021 08:00:00 GMT", "END_DATE": "Fri, 19 Nov 2021 08:00:00 GMT", "START_TIME": "7AM", "END_TIME": "7PM" }, "geometry": { "type": "Point", "coordinates": [ -63.57431166, 44.64498186 ] } },
{ "type": "Feature", "properties": { "id": 192, "latitude": 44.64700282, "longitude": -63.57478654, "CLOSURE_TYPE": "Construction", "START_DATE": "Fri, 22 Nov 2019 08:00:00 GMT", "END_DATE": "Tue, 26 Nov 2019 08:00:00 GMT", "START_TIME": "7am", "END_TIME": "6pm" }, "geometry": { "type": "Point", "coordinates": [ -63.57478654, 44.64700282 ] } },
{ "type": "Feature", "properties": { "id": 198, "latitude": 44.65331589, "longitude": -63.58541606, "CLOSURE_TYPE": "Development", "START_DATE": "Thu, 30 Sep 2021 06:00:00 GMT", "END_DATE": "Fri, 01 Oct 2021 06:00:00 GMT", "START_TIME": "7:00 AM", "END_TIME": "7:00 PM" }, "geometry": { "type": "Point", "coordinates": [ -63.58541606, 44.65331589 ] } },
{ "type": "Feature", "properties": { "id": 199, "latitude": 44.64159891, "longitude": -63.57733225, "CLOSURE_TYPE": "Construction", "START_DATE": "Tue, 07 Dec 2021 08:00:00 GMT", "END_DATE": "Wed, 08 Dec 2021 08:00:00 GMT", "START_TIME": "6.00PM", "END_TIME": "6.00AM" }, "geometry": { "type": "Point", "coordinates": [ -63.57733225, 44.64159891 ] } },
{ "type": "Feature", "properties": { "id": 201, "latitude": 44.65059991, "longitude": -63.58121996, "CLOSURE_TYPE": "Development", "START_DATE": "Sat, 12 Feb 2022 08:00:00 GMT", "END_DATE": "Sun, 13 Feb 2022 08:00:00 GMT", "START_TIME": "7:00AM", "END_TIME": "4:00PM" }, "geometry": { "type": "Point", "coordinates": [ -63.58121996, 44.65059991 ] } },
{ "type": "Feature", "properties": { "id": 204, "latitude": 44.64821193, "longitude": -63.57458865, "CLOSURE_TYPE": "Development", "START_DATE": "Mon, 24 Jan 2022 08:00:00 GMT", "END_DATE": "Mon, 24 Jan 2022 08:00:00 GMT", "START_TIME": "1:00AM", "END_TIME": "5:00AM" }, "geometry": { "type": "Point", "coordinates": [ -63.57458865, 44.64821193 ] } },
{ "type": "Feature", "properties": { "id": 205, "latitude": 44.6432861, "longitude": -63.57594769, "CLOSURE_TYPE": "Development", "START_DATE": "Thu, 01 Jun 2023 03:00:00 GMT", "END_DATE": "Thu, 01 Jun 2023 03:00:00 GMT", "START_TIME": "9:00AM", "END_TIME": "4:00PM" }, "geometry": { "type": "Point", "coordinates": [ -63.57594769, 44.6432861 ] } },
{ "type": "Feature", "properties": { "id": 210, "latitude": 44.6491735, "longitude": -63.58013977, "CLOSURE_TYPE": "Special Event", "START_DATE": "Sat, 19 Nov 2022 04:00:00 GMT", "END_DATE": "Sat, 19 Nov 2022 04:00:00 GMT", "START_TIME": "4:00PM", "END_TIME": "10:00PM" }, "geometry": { "type": "Point", "coordinates": [ -63.58013977, 44.6491735 ] } },
{ "type": "Feature", "properties": { "id": 211, "latitude": 44.64249053, "longitude": -63.57868581, "CLOSURE_TYPE": "Development", "START_DATE": "Mon, 30 Sep 2019 06:00:00 GMT", "END_DATE": "Wed, 30 Oct 2019 06:00:00 GMT", "START_TIME": "12:00AM", "END_TIME": "11:59PM" }, "geometry": { "type": "Point", "coordinates": [ -63.57868581, 44.64249053 ] } },
{ "type": "Feature", "properties": { "id": 213, "latitude": 44.65289482, "longitude": -63.58330032, "CLOSURE_TYPE": "Development", "START_DATE": "Sat, 08 Mar 2025 08:00:00 GMT", "END_DATE": "Sun, 09 Mar 2025 07:00:00 GMT", "START_TIME": "8am on Saturday / 9am on Sunday", "END_TIME": "7pm each day" }, "geometry": { "type": "Point", "coordinates": [ -63.58330032, 44.65289482 ] } },
{ "type": "Feature", "properties": { "id": 215, "latitude": 44.6520335, "longitude": -63.59048248, "CLOSURE_TYPE": "Block Party", "START_DATE": "Thu, 22 Jun 2023 03:00:00 GMT", "END_DATE": "Thu, 22 Jun 2023 03:00:00 GMT", "START_TIME": "4:00PM", "END_TIME": "9:00PM" }, "geometry": { "type": "Point", "coordinates": [ -63.59048248, 44.6520335 ] } },
{ "type": "Feature", "properties": { "id": 225, "latitude": 44.65096339, "longitude": -63.58352847, "CLOSURE_TYPE": "Special Event", "START_DATE": "Thu, 05 Sep 2024 06:00:00 GMT", "END_DATE": "Thu, 05 Sep 2024 06:00:00 GMT", "START_TIME": "8:30AM", "END_TIME": "5:00PM" }, "geometry": { "type": "Point", "coordinates": [ -63.58352847, 44.65096339 ] } },
{ "type": "Feature", "properties": { "id": 228, "latitude": 44.6409071, "longitude": -63.58509077, "CLOSURE_TYPE": "Development", "START_DATE": "Mon, 20 Jan 2025 08:00:00 GMT", "END_DATE": "Wed, 29 Jan 2025 08:00:00 GMT", "START_TIME": "8:00am", "END_TIME": "4:00pm" }, "geometry": { "type": "Point", "coordinates": [ -63.58509077, 44.6409071 ] } },
{ "type": "Feature", "properties": { "id": 237, "latitude": 44.64473955, "longitude": -63.57268205, "CLOSURE_TYPE": "Construction", "START_DATE": "Fri, 07 Jul 2023 03:00:00 GMT", "END_DATE": "Sun, 09 Jul 2023 03:00:00 GMT", "START_TIME": "5PM", "END_TIME": "7PM" }, "geometry": { "type": "Point", "coordinates": [ -63.57268205, 44.64473955 ] } },
{ "type": "Feature", "properties": { "id": 240, "latitude": 44.65100124, "longitude": -63.58592834, "CLOSURE_TYPE": "Construction", "START_DATE": "Wed, 04 Sep 2024 06:00:00 GMT", "END_DATE": "Wed, 18 Sep 2024 06:00:00 GMT", "START_TIME": "7:00AM", "END_TIME": "7:00PM" }, "geometry": { "type": "Point", "coordinates": [ -63.58592834, 44.65100124 ] } },
{ "type": "Feature", "properties": { "id": 258, "latitude": 44.64700531, "longitude": -63.57476025, "CLOSURE_TYPE": "Other", "START_DATE": "Mon, 07 Apr 2025 06:00:00 GMT", "END_DATE": "Wed, 12 Nov 2025 08:00:00 GMT", "START_TIME": "9AM", "END_TIME": "9AM" }, "geometry": { "type": "Point", "coordinates": [ -63.57476025, 44.64700531 ] } },
{ "type": "Feature", "properties": { "id": 264, "latitude": 44.6430732, "longitude": -63.57682914, "CLOSURE_TYPE": "Construction", "START_DATE": "Mon, 07 Jun 2021 06:00:00 GMT", "END_DATE": "Tue, 30 Nov 2021 08:00:00 GMT", "START_TIME": "7:00 AM", "END_TIME": "9:00 PM" }, "geometry": { "type": "Point", "coordinates": [ -63.57682914, 44.6430732 ] } },
{ "type": "Feature", "properties": { "id": 267, "latitude": 44.64529605, "longitude": -63.57047939, "CLOSURE_TYPE": "Special Event", "START_DATE": "Sat, 06 Jul 2019 06:00:00 GMT", "END_DATE": "Thu, 18 Jul 2019 06:00:00 GMT", "START_TIME": "12:01AM", "END_TIME": "6:00PM" }, "geometry": { "type": "Point", "coordinates": [ -63.57047939, 44.64529605 ] } },
{ "type": "Feature", "properties": { "id": 270, "latitude": 44.64138023, "longitude": -63.57814027, "CLOSURE_TYPE": "Development", "START_DATE": "Mon, 12 Aug 2019 06:00:00 GMT", "END_DATE": "Mon, 30 Sep 2019 06:00:00 GMT", "START_TIME": "7am", "END_TIME": "6pm" }, "geometry": { "type": "Point", "coordinates": [ -63.57814027, 44.64138023 ] } },
{ "type": "Feature", "properties": { "id": 271, "latitude": 44.64473341, "longitude": -63.57266557, "CLOSURE_TYPE": "Development", "START_DATE": "Thu, 03 Sep 2020 06:00:00 GMT", "END_DATE": "Fri, 04 Sep 2020 06:00:00 GMT", "START_TIME": "7:00 AM", "END_TIME": "4:00 PM" }, "geometry": { "type": "Point", "coordinates": [ -63.57266557, 44.64473341 ] } },
{ "type": "Feature", "properties": { "id": 273, "latitude": 44.64267745, "longitude": -63.59143003, "CLOSURE_TYPE": "Construction", "START_DATE": "Tue, 07 May 2019 06:00:00 GMT", "END_DATE": "Fri, 28 Jun 2019 06:00:00 GMT", "START_TIME": "7:00AM", "END_TIME": "7:00PM" }, "geometry": { "type": "Point", "coordinates": [ -63.59143003, 44.64267745 ] } },
{ "type": "Feature", "properties": { "id": 276, "latitude": 44.64237378, "longitude": -63.57959238, "CLOSURE_TYPE": "Development", "START_DATE": "Mon, 09 Jun 2025 06:00:00 GMT", "END_DATE": "Tue, 10 Jun 2025 06:00:00 GMT", "START_TIME": "9:00AM", "END_TIME": "3:30PM" }, "geometry": { "type": "Point", "coordinates": [ -63.57959238, 44.64237378 ] } },
{ "type": "Feature", "properties": { "id": 286, "latitude": 44.64312319, "longitude": -63.57687538, "CLOSURE_TYPE": "Construction", "START_DATE": "Wed, 12 Oct 2022 03:00:00 GMT", "END_DATE": "Fri, 21 Oct 2022 03:00:00 GMT", "START_TIME": "24 hours", "END_TIME": "24 hours" }, "geometry": { "type": "Point", "coordinates": [ -63.57687538, 44.64312319 ] } },
{ "type": "Feature", "properties": { "id": 291, "latitude": 44.64764718, "longitude": -63.57212417, "CLOSURE_TYPE": "Mobility Response – Streets", "START_DATE": "Wed, 02 Jun 2021 06:00:00 GMT", "END_DATE": "Mon, 01 Nov 2021 06:00:00 GMT", "START_TIME": null, "END_TIME": null }, "geometry": { "type": "Point", "coordinates": [ -63.57212417, 44.64764718 ] } },
{ "type": "Feature", "properties": { "id": 292, "latitude": 44.64359879, "longitude": -63.56947685, "CLOSURE_TYPE": "Development", "START_DATE": "Sat, 11 Sep 2021 06:00:00 GMT", "END_DATE": "Sun, 12 Sep 2021 06:00:00 GMT", "START_TIME": "8:00 AM", "END_TIME": "7:00 PM" }, "geometry": { "type": "Point", "coordinates": [ -63.56947685, 44.64359879 ] } },
{ "type": "Feature", "properties": { "id": 295, "latitude": 44.64727732, "longitude": -63.59002787, "CLOSURE_TYPE": "Special Event", "START_DATE": "Sat, 20 May 2023 03:00:00 GMT", "END_DATE": "Sun, 21 May 2023 03:00:00 GMT", "START_TIME": "5:00AM", "END_TIME": "2:00PM" }, "geometry": { "type": "Point", "coordinates": [ -63.59002787, 44.64727732 ] } },
{ "type": "Feature", "properties": { "id": 296, "latitude": 44.64250616, "longitude": -63.57871842, "CLOSURE_TYPE": "Development", "START_DATE": "Mon, 03 Feb 2020 08:00:00 GMT", "END_DATE": "Wed, 12 Feb 2020 08:00:00 GMT", "START_TIME": "7am", "END_TIME": "6pm" }, "geometry": { "type": "Point", "coordinates": [ -63.57871842, 44.64250616 ] } },
{ "type": "Feature", "properties": { "id": 297, "latitude": 44.6508323, "longitude": -63.59211472, "CLOSURE_TYPE": "Construction", "START_DATE": "Thu, 08 Oct 2020 06:00:00 GMT", "END_DATE": "Thu, 08 Oct 2020 06:00:00 GMT", "START_TIME": "7AM", "END_TIME": "7PM" }, "geometry": { "type": "Point", "coordinates": [ -63.59211472, 44.6508323 ] } },
{ "type": "Feature", "properties": { "id": 303, "latitude": 44.6492218, "longitude": -63.57996047, "CLOSURE_TYPE": "Special Event", "START_DATE": "Sat, 16 Jul 2022 06:00:00 GMT", "END_DATE": "Sat, 16 Jul 2022 06:00:00 GMT", "START_TIME": "10AM", "END_TIME": "4PM" }, "geometry": { "type": "Point", "coordinates": [ -63.57996047, 44.6492218 ] } },
{ "type": "Feature", "properties": { "id": 304, "latitude": 44.65445551, "longitude": -63.59227037, "CLOSURE_TYPE": "Special Event", "START_DATE": "Sun, 21 May 2023 03:00:00 GMT", "END_DATE": "Sun, 21 May 2023 03:00:00 GMT", "START_TIME": "8:00AM", "END_TIME": "2:00PM" }, "geometry": { "type": "Point", "coordinates": [ -63.59227037, 44.65445551 ] } },
{ "type": "Feature", "properties": { "id": 307, "latitude": 44.64387328, "longitude": -63.57839497, "CLOSURE_TYPE": "Construction", "START_DATE": "Thu, 30 Sep 2021 06:00:00 GMT", "END_DATE": "Thu, 30 Sep 2021 06:00:00 GMT", "START_TIME": "4:00 AM", "END_TIME": "9:00 AM" }, "geometry": { "type": "Point", "coordinates": [ -63.57839497, 44.64387328 ] } },
{ "type": "Feature", "properties": { "id": 310, "latitude": 44.65246188, "longitude": -63.58386078, "CLOSURE_TYPE": "Utility", "START_DATE": "Wed, 19 Feb 2020 08:00:00 GMT", "END_DATE": "Wed, 19 Feb 2020 08:00:00 GMT", "START_TIME": "9.00AM", "END_TIME": "4.00PM" }, "geometry": { "type": "Point", "coordinates": [ -63.58386078, 44.65246188 ] } },
{ "type": "Feature", "properties": { "id": 315, "latitude": 44.65447985, "longitude": -63.59220178, "CLOSURE_TYPE": "Special Event", "START_DATE": "Sat, 27 Nov 2021 08:00:00 GMT", "END_DATE": "Sat, 27 Nov 2021 08:00:00 GMT", "START_TIME": "1PM", "END_TIME": "5PM" }, "geometry": { "type": "Point", "coordinates": [ -63.59220178, 44.65447985 ] } },
{ "type": "Feature", "properties": { "id": 320, "latitude": 44.64895449, "longitude": -63.57569861, "CLOSURE_TYPE": "Development", "START_DATE": "Mon, 23 Dec 2024 08:00:00 GMT", "END_DATE": "Mon, 23 Dec 2024 08:00:00 GMT", "START_TIME": "8:00AM", "END_TIME": "5:00PM" }, "geometry": { "type": "Point", "coordinates": [ -63.57569861, 44.64895449 ] } },
{ "type": "Feature", "properties": { "id": 329, "latitude": 44.64892048, "longitude": -63.57231679, "CLOSURE_TYPE": "Special Event", "START_DATE": "Sat, 23 Sep 2023 03:00:00 GMT", "END_DATE": "Sat, 23 Sep 2023 03:00:00 GMT", "START_TIME": "11AM", "END_TIME": "1PM" }, "geometry": { "type": "Point", "coordinates": [ -63.57231679, 44.64892048 ] } },
{ "type": "Feature", "properties": { "id": 332, "latitude": 44.6451457, "longitude": -63.57380157, "CLOSURE_TYPE": "Special Event", "START_DATE": "Fri, 27 Sep 2019 06:00:00 GMT", "END_DATE": "Mon, 30 Sep 2019 06:00:00 GMT", "START_TIME": "5PM", "END_TIME": "6AM" }, "geometry": { "type": "Point", "coordinates": [ -63.57380157, 44.6451457 ] } },
{ "type": "Feature", "properties": { "id": 335, "latitude": 44.64442263, "longitude": -63.58081197, "CLOSURE_TYPE": "Construction", "START_DATE": "Thu, 17 Sep 2020 06:00:00 GMT", "END_DATE": "Mon, 23 Nov 2020 08:00:00 GMT", "START_TIME": "7AM", "END_TIME": "6PM" }, "geometry": { "type": "Point", "coordinates": [ -63.58081197, 44.64442263 ] } },
{ "type": "Feature", "properties": { "id": 338, "latitude": 44.64030964, "longitude": -63.5827405, "CLOSURE_TYPE": "Construction", "START_DATE": "Mon, 26 Aug 2019 06:00:00 GMT", "END_DATE": "Mon, 26 Aug 2019 06:00:00 GMT", "START_TIME": "9AM", "END_TIME": "4PM" }, "geometry": { "type": "Point", "coordinates": [ -63.5827405, 44.64030964 ] } },
{ "type": "Feature", "properties": { "id": 345, "latitude": 44.65176933, "longitude": -63.58772232, "CLOSURE_TYPE": "Utility", "START_DATE": "Thu, 08 Jul 2021 06:00:00 GMT", "END_DATE": "Thu, 08 Jul 2021 06:00:00 GMT", "START_TIME": "7:00 AM", "END_TIME": "10:00 PM" }, "geometry": { "type": "Point", "coordinates": [ -63.58772232, 44.65176933 ] } },
{ "type": "Feature", "properties": { "id": 346, "latitude": 44.65296687, "longitude": -63.59013788, "CLOSURE_TYPE": "Other", "START_DATE": "Thu, 14 Dec 2023 08:00:00 GMT", "END_DATE": "Fri, 15 Dec 2023 08:00:00 GMT", "START_TIME": "3:00PM", "END_TIME": "1:00AM" }, "geometry": { "type": "Point", "coordinates": [ -63.59013788, 44.65296687 ] } },
{ "type": "Feature", "properties": { "id": 352, "latitude": 44.65260837, "longitude": -63.57758973, "CLOSURE_TYPE": "Special Event", "START_DATE": "Sat, 23 Sep 2023 03:00:00 GMT", "END_DATE": "Sat, 23 Sep 2023 03:00:00 GMT", "START_TIME": "11AM", "END_TIME": "1PM" }, "geometry": { "type": "Point", "coordinates": [ -63.57758973, 44.65260837 ] } },
{ "type": "Feature", "properties": { "id": 357, "latitude": 44.649655, "longitude": -63.57331855, "CLOSURE_TYPE": "Construction", "START_DATE": "Wed, 25 Sep 2024 06:00:00 GMT", "END_DATE": "Thu, 26 Sep 2024 06:00:00 GMT", "START_TIME": "7PM", "END_TIME": "7AM" }, "geometry": { "type": "Point", "coordinates": [ -63.57331855, 44.649655 ] } },
{ "type": "Feature", "properties": { "id": 359, "latitude": 44.64237102, "longitude": -63.57977261, "CLOSURE_TYPE": "Special Event", "START_DATE": "Sun, 23 Jul 2023 03:00:00 GMT", "END_DATE": "Sun, 23 Jul 2023 03:00:00 GMT", "START_TIME": "2PM", "END_TIME": "4PM" }, "geometry": { "type": "Point", "coordinates": [ -63.57977261, 44.64237102 ] } },
{ "type": "Feature", "properties": { "id": 363, "latitude": 44.65052359, "longitude": -63.58115559, "CLOSURE_TYPE": "Development", "START_DATE": "Sat, 10 Sep 2022 03:00:00 GMT", "END_DATE": "Sat, 10 Sep 2022 03:00:00 GMT", "START_TIME": "7:00AM", "END_TIME": "12:00PM" }, "geometry": { "type": "Point", "coordinates": [ -63.58115559, 44.65052359 ] } },
{ "type": "Feature", "properties": { "id": 371, "latitude": 44.65116265, "longitude": -63.58723944, "CLOSURE_TYPE": "Construction", "START_DATE": "Thu, 05 Mar 2020 08:00:00 GMT", "END_DATE": "Thu, 05 Mar 2020 08:00:00 GMT", "START_TIME": "9:00AM", "END_TIME": "4:00PM" }, "geometry": { "type": "Point", "coordinates": [ -63.58723944, 44.65116265 ] } },
{ "type": "Feature", "properties": { "id": 377, "latitude": 44.64921798, "longitude": -63.57506008, "CLOSURE_TYPE": "Special Event", "START_DATE": "Sat, 16 Jul 2022 06:00:00 GMT", "END_DATE": "Sat, 16 Jul 2022 06:00:00 GMT", "START_TIME": "10AM", "END_TIME": "4PM" }, "geometry": { "type": "Point", "coordinates": [ -63.57506008, 44.64921798 ] } },
{ "type": "Feature", "properties": { "id": 379, "latitude": 44.65038684, "longitude": -63.57381208, "CLOSURE_TYPE": "Construction", "START_DATE": "Fri, 12 May 2023 03:00:00 GMT", "END_DATE": "Mon, 15 May 2023 03:00:00 GMT", "START_TIME": "7PM", "END_TIME": "5AM" }, "geometry": { "type": "Point", "coordinates": [ -63.57381208, 44.65038684 ] } },
{ "type": "Feature", "properties": { "id": 380, "latitude": 44.64487652, "longitude": -63.57215195, "CLOSURE_TYPE": "Development", "START_DATE": "Tue, 22 Dec 2020 08:00:00 GMT", "END_DATE": "Wed, 23 Dec 2020 08:00:00 GMT", "START_TIME": "7:00 AM", "END_TIME": "4:00 PM" }, "geometry": { "type": "Point", "coordinates": [ -63.57215195, 44.64487652 ] } },
{ "type": "Feature", "properties": { "id": 382, "latitude": 44.64290257, "longitude": -63.57787204, "CLOSURE_TYPE": "Utility", "START_DATE": "Wed, 15 Dec 2021 08:00:00 GMT", "END_DATE": "Thu, 16 Dec 2021 08:00:00 GMT", "START_TIME": "6.00PM", "END_TIME": "7.00AM" }, "geometry": { "type": "Point", "coordinates": [ -63.57787204, 44.64290257 ] } },
{ "type": "Feature", "properties": { "id": 387, "latitude": 44.65258879, "longitude": -63.5895611, "CLOSURE_TYPE": "Other", "START_DATE": "Thu, 14 Dec 2023 08:00:00 GMT", "END_DATE": "Fri, 15 Dec 2023 08:00:00 GMT", "START_TIME": "3:00PM", "END_TIME": "1:00AM" }, "geometry": { "type": "Point", "coordinates": [ -63.5895611, 44.65258879 ] } },
{ "type": "Feature", "properties": { "id": 396, "latitude": 44.6429851, "longitude": -63.57688469, "CLOSURE_TYPE": "Development", "START_DATE": "Mon, 04 Jul 2022 06:00:00 GMT", "END_DATE": "Fri, 15 Jul 2022 06:00:00 GMT", "START_TIME": "7.00AM", "END_TIME": "6.00PM" }, "geometry": { "type": "Point", "coordinates": [ -63.57688469, 44.6429851 ] } },
{ "type": "Feature", "properties": { "id": 402, "latitude": 44.64566788, "longitude": -63.58340871, "CLOSURE_TYPE": "Special Event", "START_DATE": "Thu, 07 Aug 2025 06:00:00 GMT", "END_DATE": "Sun, 10 Aug 2025 06:00:00 GMT", "START_TIME": "5:00PM", "END_TIME": "11:00PM" }, "geometry": { "type": "Point", "coordinates": [ -63.58340871, 44.64566788 ] } },
{ "type": "Feature", "properties": { "id": 404, "latitude": 44.64055639, "longitude": -63.59184642, "CLOSURE_TYPE": "Construction", "START_DATE": "Mon, 05 Aug 2024 06:00:00 GMT", "END_DATE": "Fri, 30 Aug 2024 06:00:00 GMT", "START_TIME": "7AM", "END_TIME": "7PM" }, "geometry": { "type": "Point", "coordinates": [ -63.59184642, 44.64055639 ] } },
{ "type": "Feature", "properties": { "id": 407, "latitude": 44.64472925, "longitude": -63.57267315, "CLOSURE_TYPE": "Development", "START_DATE": "Tue, 04 Aug 2020 06:00:00 GMT", "END_DATE": "Tue, 04 Aug 2020 06:00:00 GMT", "START_TIME": "8:00AM", "END_TIME": "4:00PM" }, "geometry": { "type": "Point", "coordinates": [ -63.57267315, 44.64472925 ] } },
{ "type": "Feature", "properties": { "id": 408, "latitude": 44.65116484, "longitude": -63.57906531, "CLOSURE_TYPE": "Construction", "START_DATE": "Fri, 26 May 2023 03:00:00 GMT", "END_DATE": "Mon, 29 May 2023 03:00:00 GMT", "START_TIME": "7PM", "END_TIME": "5AM" }, "geometry": { "type": "Point", "coordinates": [ -63.57906531, 44.65116484 ] } },
{ "type": "Feature", "properties": { "id": 409, "latitude": 44.64570855, "longitude": -63.58348825, "CLOSURE_TYPE": "Special Event", "START_DATE": "Sun, 30 Jul 2023 03:00:00 GMT", "END_DATE": "Sun, 30 Jul 2023 03:00:00 GMT", "START_TIME": "7.00AM", "END_TIME": "7.00PM" }, "geometry": { "type": "Point", "coordinates": [ -63.58348825, 44.64570855 ] } },
{ "type": "Feature", "properties": { "id": 417, "latitude": 44.64452748, "longitude": -63.58089914, "CLOSURE_TYPE": "Special Event", "START_DATE": "Sun, 23 Jul 2023 03:00:00 GMT", "END_DATE": "Sun, 23 Jul 2023 03:00:00 GMT", "START_TIME": "2PM", "END_TIME": "4PM" }, "geometry": { "type": "Point", "coordinates": [ -63.58089914, 44.64452748 ] } },
{ "type": "Feature", "properties": { "id": 421, "latitude": 44.65186175, "longitude": -63.58619739, "CLOSURE_TYPE": "Utility", "START_DATE": "Tue, 14 Sep 2021 06:00:00 GMT", "END_DATE": "Tue, 14 Sep 2021 06:00:00 GMT", "START_TIME": "7AM", "END_TIME": "7PM" }, "geometry": { "type": "Point", "coordinates": [ -63.58619739, 44.65186175 ] } },
{ "type": "Feature", "properties": { "id": 425, "latitude": 44.64690073, "longitude": -63.57540838, "CLOSURE_TYPE": "Special Event", "START_DATE": "Sat, 21 May 2022 06:00:00 GMT", "END_DATE": "Sun, 22 May 2022 06:00:00 GMT", "START_TIME": "5:00AM", "END_TIME": "2:00PM" }, "geometry": { "type": "Point", "coordinates": [ -63.57540838, 44.64690073 ] } },
{ "type": "Feature", "properties": { "id": 427, "latitude": 44.64584067, "longitude": -63.59287598, "CLOSURE_TYPE": "Development", "START_DATE": "Sat, 13 Jun 2020 06:00:00 GMT", "END_DATE": "Sat, 13 Jun 2020 06:00:00 GMT", "START_TIME": "7:00AM", "END_TIME": "7:00PM" }, "geometry": { "type": "Point", "coordinates": [ -63.59287598, 44.64584067 ] } },
{ "type": "Feature", "properties": { "id": 428, "latitude": 44.64682862, "longitude": -63.58654937, "CLOSURE_TYPE": "Construction", "START_DATE": "Mon, 28 Mar 2022 06:00:00 GMT", "END_DATE": "Mon, 25 Apr 2022 06:00:00 GMT", "START_TIME": "7AM", "END_TIME": "9PM" }, "geometry": { "type": "Point", "coordinates": [ -63.58654937, 44.64682862 ] } },
{ "type": "Feature", "properties": { "id": 434, "latitude": 44.6496342, "longitude": -63.57332442, "CLOSURE_TYPE": "Construction", "START_DATE": "Sun, 22 Dec 2019 08:00:00 GMT", "END_DATE": "Sun, 22 Dec 2019 08:00:00 GMT", "START_TIME": "8AM", "END_TIME": "4PM" }, "geometry": { "type": "Point", "coordinates": [ -63.57332442, 44.6496342 ] } },
{ "type": "Feature", "properties": { "id": 441, "latitude": 44.65235703, "longitude": -63.58689083, "CLOSURE_TYPE": "Block Party", "START_DATE": "Sat, 21 Aug 2021 06:00:00 GMT", "END_DATE": "Sat, 21 Aug 2021 06:00:00 GMT", "START_TIME": "12:00PM", "END_TIME": "8:00PM" }, "geometry": { "type": "Point", "coordinates": [ -63.58689083, 44.65235703 ] } },
{ "type": "Feature", "properties": { "id": 450, "latitude": 44.64897463, "longitude": -63.57579231, "CLOSURE_TYPE": "Special Event", "START_DATE": "Sat, 27 Nov 2021 08:00:00 GMT", "END_DATE": "Sat, 27 Nov 2021 08:00:00 GMT", "START_TIME": "8AM", "END_TIME": "8PM" }, "geometry": { "type": "Point", "coordinates": [ -63.57579231, 44.64897463 ] } },
{ "type": "Feature", "properties": { "id": 453, "latitude": 44.64198179, "longitude": -63.58029188, "CLOSURE_TYPE": "Utility", "START_DATE": "Mon, 26 Aug 2024 06:00:00 GMT", "END_DATE": "Sun, 22 Dec 2024 08:00:00 GMT", "START_TIME": "7:00AM", "END_TIME": "9:00PM" }, "geometry": { "type": "Point", "coordinates": [ -63.58029188, 44.64198179 ] } },
{ "type": "Feature", "properties": { "id": 455, "latitude": 44.64065267, "longitude": -63.56925883, "CLOSURE_TYPE": "Special Event", "START_DATE": "Sun, 21 May 2023 03:00:00 GMT", "END_DATE": "Sun, 21 May 2023 03:00:00 GMT", "START_TIME": "9:00AM", "END_TIME": "12:00PM" }, "geometry": { "type": "Point", "coordinates": [ -63.56925883, 44.64065267 ] } },
{ "type": "Feature", "properties": { "id": 466, "latitude": 44.64735213, "longitude": -63.57340772, "CLOSURE_TYPE": "Development", "START_DATE": "Tue, 10 Jun 2025 06:00:00 GMT", "END_DATE": "Tue, 10 Jun 2025 06:00:00 GMT", "START_TIME": "7am", "END_TIME": "7pm" }, "geometry": { "type": "Point", "coordinates": [ -63.57340772, 44.64735213 ] } },
{ "type": "Feature", "properties": { "id": 469, "latitude": 44.64239907, "longitude": -63.57963385, "CLOSURE_TYPE": "Utility", "START_DATE": "Sun, 19 Dec 2021 08:00:00 GMT", "END_DATE": "Mon, 20 Dec 2021 08:00:00 GMT", "START_TIME": "4.00PM", "END_TIME": "8.00AM" }, "geometry": { "type": "Point", "coordinates": [ -63.57963385, 44.64239907 ] } },
{ "type": "Feature", "properties": { "id": 479, "latitude": 44.64255202, "longitude": -63.5786935, "CLOSURE_TYPE": "Other", "START_DATE": "Sat, 06 Aug 2022 03:00:00 GMT", "END_DATE": "Sat, 06 Aug 2022 03:00:00 GMT", "START_TIME": "7:00AM", "END_TIME": "1:00PM" }, "geometry": { "type": "Point", "coordinates": [ -63.5786935, 44.64255202 ] } },
{ "type": "Feature", "properties": { "id": 482, "latitude": 44.64568813, "longitude": -63.58338358, "CLOSURE_TYPE": "Special Event", "START_DATE": "Fri, 11 Aug 2023 03:00:00 GMT", "END_DATE": "Sun, 13 Aug 2023 03:00:00 GMT", "START_TIME": "5:00PM", "END_TIME": "11:00PM" }, "geometry": { "type": "Point", "coordinates": [ -63.58338358, 44.64568813 ] } },
{ "type": "Feature", "properties": { "id": 484, "latitude": 44.65079318, "longitude": -63.59235476, "CLOSURE_TYPE": "Development", "START_DATE": "Tue, 02 May 2023 03:00:00 GMT", "END_DATE": "Fri, 05 May 2023 03:00:00 GMT", "START_TIME": "7:00AM", "END_TIME": "7:00PM" }, "geometry": { "type": "Point", "coordinates": [ -63.59235476, 44.65079318 ] } },
{ "type": "Feature", "properties": { "id": 485, "latitude": 44.64699175, "longitude": -63.57474656, "CLOSURE_TYPE": "Other", "START_DATE": "Mon, 22 Apr 2024 06:00:00 GMT", "END_DATE": "Tue, 12 Nov 2024 08:00:00 GMT", "START_TIME": "8AM", "END_TIME": "8AM" }, "geometry": { "type": "Point", "coordinates": [ -63.57474656, 44.64699175 ] } },
{ "type": "Feature", "properties": { "id": 486, "latitude": 44.64644522, "longitude": -63.57295582, "CLOSURE_TYPE": "Development", "START_DATE": "Tue, 14 Jan 2025 08:00:00 GMT", "END_DATE": "Tue, 14 Jan 2025 08:00:00 GMT", "START_TIME": "7:00am", "END_TIME": "5:00pm" }, "geometry": { "type": "Point", "coordinates": [ -63.57295582, 44.64644522 ] } },
{ "type": "Feature", "properties": { "id": 491, "latitude": 44.64235889, "longitude": -63.57961554, "CLOSURE_TYPE": "Special Event", "START_DATE": "Fri, 02 Dec 2022 04:00:00 GMT", "END_DATE": "Fri, 02 Dec 2022 04:00:00 GMT", "START_TIME": "1:00PM", "END_TIME": "9:00PM" }, "geometry": { "type": "Point", "coordinates": [ -63.57961554, 44.64235889 ] } },
{ "type": "Feature", "properties": { "id": 497, "latitude": 44.64704253, "longitude": -63.57477252, "CLOSURE_TYPE": "Special Event", "START_DATE": "Fri, 20 Sep 2019 06:00:00 GMT", "END_DATE": "Mon, 23 Sep 2019 06:00:00 GMT", "START_TIME": "5PM", "END_TIME": "6AM" }, "geometry": { "type": "Point", "coordinates": [ -63.57477252, 44.64704253 ] } },
{ "type": "Feature", "properties": { "id": 498, "latitude": 44.64083407, "longitude": -63.57471095, "CLOSURE_TYPE": "Construction", "START_DATE": "Wed, 20 Nov 2019 08:00:00 GMT", "END_DATE": "Wed, 20 Nov 2019 08:00:00 GMT", "START_TIME": "9AM", "END_TIME": "3PM" }, "geometry": { "type": "Point", "coordinates": [ -63.57471095, 44.64083407 ] } },
{ "type": "Feature", "properties": { "id": 502, "latitude": 44.64754435, "longitude": -63.57722072, "CLOSURE_TYPE": "Special Event", "START_DATE": "Sun, 16 Jul 2023 03:00:00 GMT", "END_DATE": "Sun, 16 Jul 2023 03:00:00 GMT", "START_TIME": "6:00PM", "END_TIME": "12:00AM" }, "geometry": { "type": "Point", "coordinates": [ -63.57722072, 44.64754435 ] } },
{ "type": "Feature", "properties": { "id": 505, "latitude": 44.641359, "longitude": -63.5781433, "CLOSURE_TYPE": "Construction", "START_DATE": "Tue, 21 Jan 2020 08:00:00 GMT", "END_DATE": "Tue, 21 Jan 2020 08:00:00 GMT", "START_TIME": "7AM", "END_TIME": "7PM" }, "geometry": { "type": "Point", "coordinates": [ -63.5781433, 44.641359 ] } },
{ "type": "Feature", "properties": { "id": 511, "latitude": 44.64026431, "longitude": -63.5929902, "CLOSURE_TYPE": "Block Party", "START_DATE": "Sat, 27 May 2023 03:00:00 GMT", "END_DATE": "Sat, 27 May 2023 03:00:00 GMT", "START_TIME": "10:00AM", "END_TIME": "1:00PM" }, "geometry": { "type": "Point", "coordinates": [ -63.5929902, 44.64026431 ] } },
{ "type": "Feature", "properties": { "id": 513, "latitude": 44.64965321, "longitude": -63.58539073, "CLOSURE_TYPE": "Special Event", "START_DATE": "Fri, 21 Jul 2023 03:00:00 GMT", "END_DATE": "Fri, 21 Jul 2023 03:00:00 GMT", "START_TIME": "6.00PM", "END_TIME": "11.00PM" }, "geometry": { "type": "Point", "coordinates": [ -63.58539073, 44.64965321 ] } },
{ "type": "Feature", "properties": { "id": 519, "latitude": 44.6496295, "longitude": -63.58494469, "CLOSURE_TYPE": "Special Event", "START_DATE": "Sat, 20 May 2023 03:00:00 GMT", "END_DATE": "Sun, 21 May 2023 03:00:00 GMT", "START_TIME": "5:00AM", "END_TIME": "2:00PM" }, "geometry": { "type": "Point", "coordinates": [ -63.58494469, 44.6496295 ] } },
{ "type": "Feature", "properties": { "id": 531, "latitude": 44.65169763, "longitude": -63.58825635, "CLOSURE_TYPE": "Special Event", "START_DATE": "Sun, 19 May 2024 06:00:00 GMT", "END_DATE": "Sun, 19 May 2024 06:00:00 GMT", "START_TIME": "7:30AM", "END_TIME": "2:00PM" }, "geometry": { "type": "Point", "coordinates": [ -63.58825635, 44.65169763 ] } },
{ "type": "Feature", "properties": { "id": 533, "latitude": 44.6536057, "longitude": -63.58862917, "CLOSURE_TYPE": "Construction", "START_DATE": "Fri, 13 Dec 2024 08:00:00 GMT", "END_DATE": "Fri, 13 Dec 2024 08:00:00 GMT", "START_TIME": "7:00AM", "END_TIME": "7:00PM" }, "geometry": { "type": "Point", "coordinates": [ -63.58862917, 44.6536057 ] } },
{ "type": "Feature", "properties": { "id": 536, "latitude": 44.64827053, "longitude": -63.57449002, "CLOSURE_TYPE": "Development", "START_DATE": "Sat, 22 Jun 2024 06:00:00 GMT", "END_DATE": "Sat, 22 Jun 2024 06:00:00 GMT", "START_TIME": "1:30AM", "END_TIME": "5:30AM" }, "geometry": { "type": "Point", "coordinates": [ -63.57449002, 44.64827053 ] } },
{ "type": "Feature", "properties": { "id": 539, "latitude": 44.64420208, "longitude": -63.59212628, "CLOSURE_TYPE": "Block Party", "START_DATE": "Sat, 23 Sep 2023 03:00:00 GMT", "END_DATE": "Sat, 23 Sep 2023 03:00:00 GMT", "START_TIME": "12PM", "END_TIME": "11:59PM" }, "geometry": { "type": "Point", "coordinates": [ -63.59212628, 44.64420208 ] } },
{ "type": "Feature", "properties": { "id": 540, "latitude": 44.64704634, "longitude": -63.57477789, "CLOSURE_TYPE": "Special Event", "START_DATE": "Fri, 06 Sep 2019 06:00:00 GMT", "END_DATE": "Mon, 09 Sep 2019 06:00:00 GMT", "START_TIME": "5PM", "END_TIME": "6AM" }, "geometry": { "type": "Point", "coordinates": [ -63.57477789, 44.64704634 ] } },
{ "type": "Feature", "properties": { "id": 543, "latitude": 44.65086569, "longitude": -63.59219383, "CLOSURE_TYPE": "Special Event", "START_DATE": "Sat, 18 May 2024 06:00:00 GMT", "END_DATE": "Sun, 19 May 2024 06:00:00 GMT", "START_TIME": "8:00AM", "END_TIME": "12:00PM" }, "geometry": { "type": "Point", "coordinates": [ -63.59219383, 44.65086569 ] } },
{ "type": "Feature", "properties": { "id": 547, "latitude": 44.64230676, "longitude": -63.57960689, "CLOSURE_TYPE": "Special Event", "START_DATE": "Fri, 01 Dec 2023 08:00:00 GMT", "END_DATE": "Fri, 01 Dec 2023 08:00:00 GMT", "START_TIME": "1:00PM", "END_TIME": "11:00PM" }, "geometry": { "type": "Point", "coordinates": [ -63.57960689, 44.64230676 ] } },
{ "type": "Feature", "properties": { "id": 550, "latitude": 44.64048368, "longitude": -63.59182615, "CLOSURE_TYPE": "Construction", "START_DATE": "Thu, 12 Sep 2024 06:00:00 GMT", "END_DATE": "Thu, 12 Sep 2024 06:00:00 GMT", "START_TIME": "9:00AM", "END_TIME": "2:00PM" }, "geometry": { "type": "Point", "coordinates": [ -63.59182615, 44.64048368 ] } },
{ "type": "Feature", "properties": { "id": 553, "latitude": 44.64897329, "longitude": -63.57581465, "CLOSURE_TYPE": "Special Event", "START_DATE": "Sat, 25 Nov 2023 08:00:00 GMT", "END_DATE": "Sat, 25 Nov 2023 08:00:00 GMT", "START_TIME": "8.00AM", "END_TIME": "8.00PM" }, "geometry": { "type": "Point", "coordinates": [ -63.57581465, 44.64897329 ] } },
{ "type": "Feature", "properties": { "id": 554, "latitude": 44.6507035, "longitude": -63.58450125, "CLOSURE_TYPE": "Construction", "START_DATE": "Tue, 11 Jul 2023 03:00:00 GMT", "END_DATE": "Tue, 11 Jul 2023 03:00:00 GMT", "START_TIME": "8:00AM", "END_TIME": "6:00PM" }, "geometry": { "type": "Point", "coordinates": [ -63.58450125, 44.6507035 ] } },
{ "type": "Feature", "properties": { "id": 555, "latitude": 44.64965539, "longitude": -63.58536662, "CLOSURE_TYPE": "Special Event", "START_DATE": "Sat, 20 May 2023 03:00:00 GMT", "END_DATE": "Sun, 21 May 2023 03:00:00 GMT", "START_TIME": "5:00AM", "END_TIME": "2:00PM" }, "geometry": { "type": "Point", "coordinates": [ -63.58536662, 44.64965539 ] } },
{ "type": "Feature", "properties": { "id": 558, "latitude": 44.65103703, "longitude": -63.57586744, "CLOSURE_TYPE": "Construction", "START_DATE": "Wed, 17 Aug 2022 03:00:00 GMT", "END_DATE": "Thu, 06 Jun 2024 06:00:00 GMT", "START_TIME": "12:01AM", "END_TIME": "11:59PM" }, "geometry": { "type": "Point", "coordinates": [ -63.57586744, 44.65103703 ] } },
{ "type": "Feature", "properties": { "id": 561, "latitude": 44.64320662, "longitude": -63.58962295, "CLOSURE_TYPE": "Development", "START_DATE": "Thu, 12 Jun 2025 06:00:00 GMT", "END_DATE": "Fri, 13 Jun 2025 06:00:00 GMT", "START_TIME": "9:00AM", "END_TIME": "4:00PM" }, "geometry": { "type": "Point", "coordinates": [ -63.58962295, 44.64320662 ] } },
{ "type": "Feature", "properties": { "id": 566, "latitude": 44.64701932, "longitude": -63.57481147, "CLOSURE_TYPE": "Construction", "START_DATE": "Wed, 18 Dec 2019 08:00:00 GMT", "END_DATE": "Wed, 18 Dec 2019 08:00:00 GMT", "START_TIME": "7:00AM", "END_TIME": "5:00PM" }, "geometry": { "type": "Point", "coordinates": [ -63.57481147, 44.64701932 ] } },
{ "type": "Feature", "properties": { "id": 570, "latitude": 44.64970555, "longitude": -63.57338512, "CLOSURE_TYPE": "Construction", "START_DATE": "Tue, 21 May 2024 06:00:00 GMT", "END_DATE": "Tue, 21 May 2024 06:00:00 GMT", "START_TIME": "6PM", "END_TIME": "9PM" }, "geometry": { "type": "Point", "coordinates": [ -63.57338512, 44.64970555 ] } },
{ "type": "Feature", "properties": { "id": 575, "latitude": 44.64899843, "longitude": -63.57577949, "CLOSURE_TYPE": "Special Event", "START_DATE": "Sat, 23 Nov 2019 08:00:00 GMT", "END_DATE": "Sat, 23 Nov 2019 08:00:00 GMT", "START_TIME": "5:00PM", "END_TIME": "7:30PM" }, "geometry": { "type": "Point", "coordinates": [ -63.57577949, 44.64899843 ] } },
{ "type": "Feature", "properties": { "id": 577, "latitude": 44.64583249, "longitude": -63.58340302, "CLOSURE_TYPE": "Construction", "START_DATE": "Fri, 02 Jun 2023 03:00:00 GMT", "END_DATE": "Sun, 04 Jun 2023 03:00:00 GMT", "START_TIME": "4:00PM", "END_TIME": "7:00PM" }, "geometry": { "type": "Point", "coordinates": [ -63.58340302, 44.64583249 ] } },
{ "type": "Feature", "properties": { "id": 581, "latitude": 44.64029437, "longitude": -63.58283169, "CLOSURE_TYPE": "Construction", "START_DATE": "Mon, 26 Aug 2019 06:00:00 GMT", "END_DATE": "Mon, 26 Aug 2019 06:00:00 GMT", "START_TIME": "9AM", "END_TIME": "4PM" }, "geometry": { "type": "Point", "coordinates": [ -63.58283169, 44.64029437 ] } },
{ "type": "Feature", "properties": { "id": 583, "latitude": 44.65403056, "longitude": -63.59280911, "CLOSURE_TYPE": "Construction", "START_DATE": "Thu, 22 Feb 2024 08:00:00 GMT", "END_DATE": "Thu, 22 Feb 2024 08:00:00 GMT", "START_TIME": "8AM", "END_TIME": "5PM" }, "geometry": { "type": "Point", "coordinates": [ -63.59280911, 44.65403056 ] } },
{ "type": "Feature", "properties": { "id": 587, "latitude": 44.64628725, "longitude": -63.57348239, "CLOSURE_TYPE": "Development", "START_DATE": "Mon, 30 Nov 2020 08:00:00 GMT", "END_DATE": "Thu, 03 Dec 2020 08:00:00 GMT", "START_TIME": "8:00 AM", "END_TIME": "7:00 PM" }, "geometry": { "type": "Point", "coordinates": [ -63.57348239, 44.64628725 ] } },
{ "type": "Feature", "properties": { "id": 595, "latitude": 44.64359641, "longitude": -63.56946737, "CLOSURE_TYPE": "Development", "START_DATE": "Sat, 26 Jun 2021 06:00:00 GMT", "END_DATE": "Sun, 27 Jun 2021 06:00:00 GMT", "START_TIME": "8:00 AM", "END_TIME": "7:00 PM" }, "geometry": { "type": "Point", "coordinates": [ -63.56946737, 44.64359641 ] } },
{ "type": "Feature", "properties": { "id": 596, "latitude": 44.64692904, "longitude": -63.57107397, "CLOSURE_TYPE": "Development", "START_DATE": "Sat, 27 Jun 2020 06:00:00 GMT", "END_DATE": "Sun, 28 Jun 2020 06:00:00 GMT", "START_TIME": "7AM", "END_TIME": "7PM" }, "geometry": { "type": "Point", "coordinates": [ -63.57107397, 44.64692904 ] } },
{ "type": "Feature", "properties": { "id": 597, "latitude": 44.64961539, "longitude": -63.58433994, "CLOSURE_TYPE": "Special Event", "START_DATE": "Sat, 06 Nov 2021 06:00:00 GMT", "END_DATE": "Sun, 07 Nov 2021 07:00:00 GMT", "START_TIME": "5:00 AM", "END_TIME": "4:00 PM" }, "geometry": { "type": "Point", "coordinates": [ -63.58433994, 44.64961539 ] } },
{ "type": "Feature", "properties": { "id": 602, "latitude": 44.64078836, "longitude": -63.59077805, "CLOSURE_TYPE": "Construction", "START_DATE": "Mon, 02 Nov 2020 08:00:00 GMT", "END_DATE": "Tue, 03 Nov 2020 08:00:00 GMT", "START_TIME": "7:00 AM", "END_TIME": "7:00 PM" }, "geometry": { "type": "Point", "coordinates": [ -63.59077805, 44.64078836 ] } },
{ "type": "Feature", "properties": { "id": 603, "latitude": 44.64573146, "longitude": -63.58341716, "CLOSURE_TYPE": "Special Event", "START_DATE": "Fri, 09 Aug 2024 06:00:00 GMT", "END_DATE": "Sun, 11 Aug 2024 06:00:00 GMT", "START_TIME": "5:00PM", "END_TIME": "9:00PM" }, "geometry": { "type": "Point", "coordinates": [ -63.58341716, 44.64573146 ] } },
{ "type": "Feature", "properties": { "id": 605, "latitude": 44.64417871, "longitude": -63.59209691, "CLOSURE_TYPE": "Utility", "START_DATE": "Wed, 29 Jul 2020 06:00:00 GMT", "END_DATE": "Wed, 29 Jul 2020 06:00:00 GMT", "START_TIME": "7:00AM", "END_TIME": "7:00PM" }, "geometry": { "type": "Point", "coordinates": [ -63.59209691, 44.64417871 ] } },
{ "type": "Feature", "properties": { "id": 611, "latitude": 44.65406109, "longitude": -63.5928252, "CLOSURE_TYPE": "Construction", "START_DATE": "Thu, 22 Feb 2024 08:00:00 GMT", "END_DATE": "Thu, 22 Feb 2024 08:00:00 GMT", "START_TIME": "8AM", "END_TIME": "5PM" }, "geometry": { "type": "Point", "coordinates": [ -63.5928252, 44.65406109 ] } },
{ "type": "Feature", "properties": { "id": 612, "latitude": 44.64755717, "longitude": -63.5771089, "CLOSURE_TYPE": "Special Event", "START_DATE": "Sat, 21 May 2022 06:00:00 GMT", "END_DATE": "Sun, 22 May 2022 06:00:00 GMT", "START_TIME": "5:00AM", "END_TIME": "2:00PM" }, "geometry": { "type": "Point", "coordinates": [ -63.5771089, 44.64755717 ] } },
{ "type": "Feature", "properties": { "id": 617, "latitude": 44.6455507, "longitude": -63.57618215, "CLOSURE_TYPE": "Special Event", "START_DATE": "Sat, 30 Jul 2022 03:00:00 GMT", "END_DATE": "Sat, 30 Jul 2022 03:00:00 GMT", "START_TIME": "12:00PM", "END_TIME": "3:00PM" }, "geometry": { "type": "Point", "coordinates": [ -63.57618215, 44.6455507 ] } },
{ "type": "Feature", "properties": { "id": 635, "latitude": 44.65076624, "longitude": -63.58646512, "CLOSURE_TYPE": "Utility", "START_DATE": "Thu, 12 Aug 2021 06:00:00 GMT", "END_DATE": "Thu, 12 Aug 2021 06:00:00 GMT", "START_TIME": "7AM", "END_TIME": "7PM" }, "geometry": { "type": "Point", "coordinates": [ -63.58646512, 44.65076624 ] } },
{ "type": "Feature", "properties": { "id": 638, "latitude": 44.64128254, "longitude": -63.57809644, "CLOSURE_TYPE": "Utility", "START_DATE": "Mon, 13 Sep 2021 06:00:00 GMT", "END_DATE": "Mon, 13 Sep 2021 06:00:00 GMT", "START_TIME": "9:00 AM", "END_TIME": "4:00 PM" }, "geometry": { "type": "Point", "coordinates": [ -63.57809644, 44.64128254 ] } },
{ "type": "Feature", "properties": { "id": 639, "latitude": 44.64661047, "longitude": -63.58610118, "CLOSURE_TYPE": "Development", "START_DATE": "Tue, 28 Sep 2021 06:00:00 GMT", "END_DATE": "Sun, 17 Oct 2021 06:00:00 GMT", "START_TIME": "7:00 AM", "END_TIME": "9:00 PM" }, "geometry": { "type": "Point", "coordinates": [ -63.58610118, 44.64661047 ] } },
{ "type": "Feature", "properties": { "id": 641, "latitude": 44.6515754, "longitude": -63.58783223, "CLOSURE_TYPE": "Utility", "START_DATE": "Tue, 17 Mar 2020 06:00:00 GMT", "END_DATE": "Tue, 17 Mar 2020 06:00:00 GMT", "START_TIME": "9:00AM", "END_TIME": "4:00PM" }, "geometry": { "type": "Point", "coordinates": [ -63.58783223, 44.6515754 ] } },
{ "type": "Feature", "properties": { "id": 644, "latitude": 44.64922728, "longitude": -63.5749632, "CLOSURE_TYPE": "Development", "START_DATE": "Sun, 28 May 2023 03:00:00 GMT", "END_DATE": "Sun, 28 May 2023 03:00:00 GMT", "START_TIME": "8AM", "END_TIME": "5PM" }, "geometry": { "type": "Point", "coordinates": [ -63.5749632, 44.64922728 ] } },
{ "type": "Feature", "properties": { "id": 646, "latitude": 44.64753051, "longitude": -63.57719414, "CLOSURE_TYPE": "Construction", "START_DATE": "Sun, 24 Jul 2022 06:00:00 GMT", "END_DATE": "Sun, 24 Jul 2022 06:00:00 GMT", "START_TIME": "8:30AM", "END_TIME": "4:00PM" }, "geometry": { "type": "Point", "coordinates": [ -63.57719414, 44.64753051 ] } },
{ "type": "Feature", "properties": { "id": 648, "latitude": 44.64933796, "longitude": -63.57450321, "CLOSURE_TYPE": "Development", "START_DATE": "Sun, 28 May 2023 03:00:00 GMT", "END_DATE": "Sun, 28 May 2023 03:00:00 GMT", "START_TIME": "8AM", "END_TIME": "5PM" }, "geometry": { "type": "Point", "coordinates": [ -63.57450321, 44.64933796 ] } },
{ "type": "Feature", "properties": { "id": 649, "latitude": 44.64736629, "longitude": -63.57341518, "CLOSURE_TYPE": "Development", "START_DATE": "Thu, 14 Nov 2019 08:00:00 GMT", "END_DATE": "Thu, 14 Nov 2019 08:00:00 GMT", "START_TIME": "5AM", "END_TIME": "8AM" }, "geometry": { "type": "Point", "coordinates": [ -63.57341518, 44.64736629 ] } },
{ "type": "Feature", "properties": { "id": 655, "latitude": 44.64819667, "longitude": -63.57457255, "CLOSURE_TYPE": "Utility", "START_DATE": "Mon, 28 Oct 2024 06:00:00 GMT", "END_DATE": "Wed, 30 Oct 2024 06:00:00 GMT", "START_TIME": "7:00pm each night", "END_TIME": "6:00am each morning" }, "geometry": { "type": "Point", "coordinates": [ -63.57457255, 44.64819667 ] } },
{ "type": "Feature", "properties": { "id": 660, "latitude": 44.64372608, "longitude": -63.5763211, "CLOSURE_TYPE": "Special Event", "START_DATE": "Fri, 16 Aug 2024 06:00:00 GMT", "END_DATE": "Fri, 16 Aug 2024 06:00:00 GMT", "START_TIME": "3:30PM", "END_TIME": "11:00PM" }, "geometry": { "type": "Point", "coordinates": [ -63.5763211, 44.64372608 ] } },
{ "type": "Feature", "properties": { "id": 667, "latitude": 44.642866, "longitude": -63.57792173, "CLOSURE_TYPE": "Construction", "START_DATE": "Sat, 30 Oct 2021 06:00:00 GMT", "END_DATE": "Sun, 31 Oct 2021 06:00:00 GMT", "START_TIME": "6AM", "END_TIME": "9PM" }, "geometry": { "type": "Point", "coordinates": [ -63.57792173, 44.642866 ] } },
{ "type": "Feature", "properties": { "id": 669, "latitude": 44.65229181, "longitude": -63.59018351, "CLOSURE_TYPE": "Utility", "START_DATE": "Wed, 24 Jan 2024 08:00:00 GMT", "END_DATE": "Wed, 24 Jan 2024 08:00:00 GMT", "START_TIME": "7:00AM", "END_TIME": "7:00PM" }, "geometry": { "type": "Point", "coordinates": [ -63.59018351, 44.65229181 ] } },
{ "type": "Feature", "properties": { "id": 674, "latitude": 44.64137959, "longitude": -63.58318523, "CLOSURE_TYPE": "Utility", "START_DATE": "Sat, 05 Apr 2025 06:00:00 GMT", "END_DATE": "Mon, 07 Apr 2025 06:00:00 GMT", "START_TIME": "6:00AM", "END_TIME": "6:00AM" }, "geometry": { "type": "Point", "coordinates": [ -63.58318523, 44.64137959 ] } },
{ "type": "Feature", "properties": { "id": 676, "latitude": 44.64135361, "longitude": -63.57814558, "CLOSURE_TYPE": "Development", "START_DATE": "Thu, 30 May 2019 06:00:00 GMT", "END_DATE": "Fri, 14 Jun 2019 06:00:00 GMT", "START_TIME": "7AM", "END_TIME": "6pm" }, "geometry": { "type": "Point", "coordinates": [ -63.57814558, 44.64135361 ] } },
{ "type": "Feature", "properties": { "id": 679, "latitude": 44.64863435, "longitude": -63.57261082, "CLOSURE_TYPE": "Development", "START_DATE": "Wed, 26 Oct 2022 03:00:00 GMT", "END_DATE": "Wed, 26 Oct 2022 03:00:00 GMT", "START_TIME": "8:30AM", "END_TIME": "5:00PM" }, "geometry": { "type": "Point", "coordinates": [ -63.57261082, 44.64863435 ] } },
{ "type": "Feature", "properties": { "id": 682, "latitude": 44.64137578, "longitude": -63.57814112, "CLOSURE_TYPE": "Development", "START_DATE": "Wed, 27 Nov 2019 08:00:00 GMT", "END_DATE": "Wed, 27 Nov 2019 08:00:00 GMT", "START_TIME": "12PM", "END_TIME": "4PM" }, "geometry": { "type": "Point", "coordinates": [ -63.57814112, 44.64137578 ] } },
{ "type": "Feature", "properties": { "id": 690, "latitude": 44.64031571, "longitude": -63.5826254, "CLOSURE_TYPE": "Utility", "START_DATE": "Mon, 26 Aug 2024 06:00:00 GMT", "END_DATE": "Sun, 22 Dec 2024 08:00:00 GMT", "START_TIME": "7:00AM", "END_TIME": "9:00PM" }, "geometry": { "type": "Point", "coordinates": [ -63.5826254, 44.64031571 ] } },
{ "type": "Feature", "properties": { "id": 695, "latitude": 44.64607027, "longitude": -63.57426693, "CLOSURE_TYPE": "Construction", "START_DATE": "Thu, 01 Aug 2019 06:00:00 GMT", "END_DATE": "Thu, 01 Aug 2019 06:00:00 GMT", "START_TIME": "7AM", "END_TIME": "11AM" }, "geometry": { "type": "Point", "coordinates": [ -63.57426693, 44.64607027 ] } },
{ "type": "Feature", "properties": { "id": 697, "latitude": 44.64957561, "longitude": -63.59191306, "CLOSURE_TYPE": "Block Party", "START_DATE": "Sat, 14 Sep 2019 06:00:00 GMT", "END_DATE": "Sat, 14 Sep 2019 06:00:00 GMT", "START_TIME": "9:00AM", "END_TIME": "9:00PM" }, "geometry": { "type": "Point", "coordinates": [ -63.59191306, 44.64957561 ] } },
{ "type": "Feature", "properties": { "id": 698, "latitude": 44.64781427, "longitude": -63.57150017, "CLOSURE_TYPE": "Construction", "START_DATE": "Sun, 09 Jul 2023 03:00:00 GMT", "END_DATE": "Sun, 09 Jul 2023 03:00:00 GMT", "START_TIME": "9:00AM", "END_TIME": "4:PM" }, "geometry": { "type": "Point", "coordinates": [ -63.57150017, 44.64781427 ] } },
{ "type": "Feature", "properties": { "id": 700, "latitude": 44.65039324, "longitude": -63.57381152, "CLOSURE_TYPE": "Construction", "START_DATE": "Fri, 28 Oct 2022 03:00:00 GMT", "END_DATE": "Mon, 31 Oct 2022 03:00:00 GMT", "START_TIME": "9.00PM", "END_TIME": "5.00AM" }, "geometry": { "type": "Point", "coordinates": [ -63.57381152, 44.65039324 ] } },
{ "type": "Feature", "properties": { "id": 714, "latitude": 44.65002539, "longitude": -63.58355367, "CLOSURE_TYPE": "Construction", "START_DATE": "Thu, 01 Dec 2022 04:00:00 GMT", "END_DATE": "Tue, 06 Dec 2022 04:00:00 GMT", "START_TIME": "7AM", "END_TIME": "7PM" }, "geometry": { "type": "Point", "coordinates": [ -63.58355367, 44.65002539 ] } },
{ "type": "Feature", "properties": { "id": 715, "latitude": 44.64704579, "longitude": -63.57472651, "CLOSURE_TYPE": "Special Event", "START_DATE": "Thu, 28 Apr 2022 06:00:00 GMT", "END_DATE": "Mon, 14 Nov 2022 08:00:00 GMT", "START_TIME": "7:30AM", "END_TIME": "11:59PM" }, "geometry": { "type": "Point", "coordinates": [ -63.57472651, 44.64704579 ] } },
{ "type": "Feature", "properties": { "id": 720, "latitude": 44.64493441, "longitude": -63.58944372, "CLOSURE_TYPE": "Utility", "START_DATE": "Thu, 23 Jul 2020 06:00:00 GMT", "END_DATE": "Thu, 23 Jul 2020 06:00:00 GMT", "START_TIME": "8:00AM", "END_TIME": "6:00PM" }, "geometry": { "type": "Point", "coordinates": [ -63.58944372, 44.64493441 ] } },
{ "type": "Feature", "properties": { "id": 725, "latitude": 44.64305161, "longitude": -63.57685928, "CLOSURE_TYPE": "Construction", "START_DATE": "Tue, 06 Sep 2022 03:00:00 GMT", "END_DATE": "Tue, 27 Sep 2022 03:00:00 GMT", "START_TIME": "7AM", "END_TIME": "7PM" }, "geometry": { "type": "Point", "coordinates": [ -63.57685928, 44.64305161 ] } },
{ "type": "Feature", "properties": { "id": 726, "latitude": 44.6528234, "longitude": -63.58312796, "CLOSURE_TYPE": "Construction", "START_DATE": "Mon, 20 Nov 2023 08:00:00 GMT", "END_DATE": "Thu, 23 Nov 2023 08:00:00 GMT", "START_TIME": "8:00AM", "END_TIME": "4:00PM" }, "geometry": { "type": "Point", "coordinates": [ -63.58312796, 44.6528234 ] } },
{ "type": "Feature", "properties": { "id": 727, "latitude": 44.65122942, "longitude": -63.58222027, "CLOSURE_TYPE": "Development", "START_DATE": "Sat, 05 Oct 2024 06:00:00 GMT", "END_DATE": "Sun, 06 Oct 2024 06:00:00 GMT", "START_TIME": "7:00AM", "END_TIME": "4:00PM" }, "geometry": { "type": "Point", "coordinates": [ -63.58222027, 44.65122942 ] } },
{ "type": "Feature", "properties": { "id": 741, "latitude": 44.6475665, "longitude": -63.57717144, "CLOSURE_TYPE": "Special Event", "START_DATE": "Sat, 06 Nov 2021 06:00:00 GMT", "END_DATE": "Sun, 07 Nov 2021 07:00:00 GMT", "START_TIME": "5:00 AM", "END_TIME": "2:00 PM" }, "geometry": { "type": "Point", "coordinates": [ -63.57717144, 44.6475665 ] } },
{ "type": "Feature", "properties": { "id": 743, "latitude": 44.64352242, "longitude": -63.58855804, "CLOSURE_TYPE": "Development", "START_DATE": "Thu, 29 May 2025 06:00:00 GMT", "END_DATE": "Tue, 03 Jun 2025 06:00:00 GMT", "START_TIME": "7:00AM", "END_TIME": "6:00PM" }, "geometry": { "type": "Point", "coordinates": [ -63.58855804, 44.64352242 ] } },
{ "type": "Feature", "properties": { "id": 748, "latitude": 44.64680857, "longitude": -63.57170492, "CLOSURE_TYPE": "Construction", "START_DATE": "Fri, 24 Jun 2022 06:00:00 GMT", "END_DATE": "Fri, 24 Jun 2022 06:00:00 GMT", "START_TIME": "8:00AM", "END_TIME": "4:00PM" }, "geometry": { "type": "Point", "coordinates": [ -63.57170492, 44.64680857 ] } },
{ "type": "Feature", "properties": { "id": 750, "latitude": 44.64552674, "longitude": -63.57618749, "CLOSURE_TYPE": "Special Event", "START_DATE": "Sat, 17 Jun 2023 03:00:00 GMT", "END_DATE": "Sat, 17 Jun 2023 03:00:00 GMT", "START_TIME": "11:30AM", "END_TIME": "1:30PM" }, "geometry": { "type": "Point", "coordinates": [ -63.57618749, 44.64552674 ] } },
{ "type": "Feature", "properties": { "id": 751, "latitude": 44.64930482, "longitude": -63.58491968, "CLOSURE_TYPE": "Special Event", "START_DATE": "Sat, 18 May 2024 06:00:00 GMT", "END_DATE": "Sun, 19 May 2024 06:00:00 GMT", "START_TIME": "8:00AM", "END_TIME": "2:00PM" }, "geometry": { "type": "Point", "coordinates": [ -63.58491968, 44.64930482 ] } },
{ "type": "Feature", "properties": { "id": 753, "latitude": 44.64554503, "longitude": -63.57619166, "CLOSURE_TYPE": "Special Event", "START_DATE": "Sat, 07 Jun 2025 06:00:00 GMT", "END_DATE": "Sat, 07 Jun 2025 06:00:00 GMT", "START_TIME": "12:00PM", "END_TIME": "2:00PM" }, "geometry": { "type": "Point", "coordinates": [ -63.57619166, 44.64554503 ] } },
{ "type": "Feature", "properties": { "id": 766, "latitude": 44.64786835, "longitude": -63.57590628, "CLOSURE_TYPE": "Special Event", "START_DATE": "Wed, 29 Jan 2020 08:00:00 GMT", "END_DATE": "Thu, 30 Jan 2020 08:00:00 GMT", "START_TIME": "9:00AM", "END_TIME": "6:00PM" }, "geometry": { "type": "Point", "coordinates": [ -63.57590628, 44.64786835 ] } },
{ "type": "Feature", "properties": { "id": 768, "latitude": 44.64789314, "longitude": -63.57583072, "CLOSURE_TYPE": "Utility", "START_DATE": "Mon, 02 Dec 2024 08:00:00 GMT", "END_DATE": "Mon, 02 Dec 2024 08:00:00 GMT", "START_TIME": "7:00AM", "END_TIME": "7:00PM" }, "geometry": { "type": "Point", "coordinates": [ -63.57583072, 44.64789314 ] } },
{ "type": "Feature", "properties": { "id": 771, "latitude": 44.65039291, "longitude": -63.57380195, "CLOSURE_TYPE": "Construction", "START_DATE": "Sat, 10 Jun 2023 03:00:00 GMT", "END_DATE": "Mon, 12 Jun 2023 03:00:00 GMT", "START_TIME": "7.00AM", "END_TIME": "5.00AM" }, "geometry": { "type": "Point", "coordinates": [ -63.57380195, 44.65039291 ] } },
{ "type": "Feature", "properties": { "id": 774, "latitude": 44.64681772, "longitude": -63.58653805, "CLOSURE_TYPE": "Construction", "START_DATE": "Sat, 22 Jan 2022 08:00:00 GMT", "END_DATE": "Sun, 23 Jan 2022 08:00:00 GMT", "START_TIME": "7AM Saturday", "END_TIME": "4PM Sunday" }, "geometry": { "type": "Point", "coordinates": [ -63.58653805, 44.64681772 ] } },
{ "type": "Feature", "properties": { "id": 775, "latitude": 44.65278735, "longitude": -63.5831333, "CLOSURE_TYPE": "Development", "START_DATE": "Thu, 12 Oct 2023 03:00:00 GMT", "END_DATE": "Sat, 14 Oct 2023 03:00:00 GMT", "START_TIME": "8:00AM", "END_TIME": "6:00PM" }, "geometry": { "type": "Point", "coordinates": [ -63.5831333, 44.65278735 ] } },
{ "type": "Feature", "properties": { "id": 776, "latitude": 44.64738346, "longitude": -63.57343127, "CLOSURE_TYPE": "Development", "START_DATE": "Fri, 25 Oct 2019 06:00:00 GMT", "END_DATE": "Fri, 25 Oct 2019 06:00:00 GMT", "START_TIME": "6AM", "END_TIME": "8AM" }, "geometry": { "type": "Point", "coordinates": [ -63.57343127, 44.64738346 ] } },
{ "type": "Feature", "properties": { "id": 780, "latitude": 44.65172377, "longitude": -63.57628321, "CLOSURE_TYPE": "Construction", "START_DATE": "Tue, 15 Mar 2022 06:00:00 GMT", "END_DATE": "Thu, 06 Jun 2024 06:00:00 GMT", "START_TIME": "9AM", "END_TIME": "7PM" }, "geometry": { "type": "Point", "coordinates": [ -63.57628321, 44.65172377 ] } },
{ "type": "Feature", "properties": { "id": 781, "latitude": 44.65136126, "longitude": -63.58552962, "CLOSURE_TYPE": "Development", "START_DATE": "Thu, 15 Apr 2021 06:00:00 GMT", "END_DATE": "Fri, 16 Apr 2021 06:00:00 GMT", "START_TIME": "9:00 AM", "END_TIME": "4:00 PM" }, "geometry": { "type": "Point", "coordinates": [ -63.58552962, 44.65136126 ] } },
{ "type": "Feature", "properties": { "id": 786, "latitude": 44.65336471, "longitude": -63.58531761, "CLOSURE_TYPE": "Construction", "START_DATE": "Sat, 14 May 2022 06:00:00 GMT", "END_DATE": "Sun, 15 May 2022 06:00:00 GMT", "START_TIME": "12:00pm", "END_TIME": "8:00am" }, "geometry": { "type": "Point", "coordinates": [ -63.58531761, 44.65336471 ] } },
{ "type": "Feature", "properties": { "id": 798, "latitude": 44.65228527, "longitude": -63.58679107, "CLOSURE_TYPE": "Special Event", "START_DATE": "Tue, 16 Jul 2024 06:00:00 GMT", "END_DATE": "Tue, 16 Jul 2024 06:00:00 GMT", "START_TIME": "9AM", "END_TIME": "4PM" }, "geometry": { "type": "Point", "coordinates": [ -63.58679107, 44.65228527 ] } },
{ "type": "Feature", "properties": { "id": 800, "latitude": 44.6471403, "longitude": -63.57401903, "CLOSURE_TYPE": "Development", "START_DATE": "Sun, 06 Oct 2019 06:00:00 GMT", "END_DATE": "Sun, 06 Oct 2019 06:00:00 GMT", "START_TIME": "7:00AM", "END_TIME": "7:00PM" }, "geometry": { "type": "Point", "coordinates": [ -63.57401903, 44.6471403 ] } },
{ "type": "Feature", "properties": { "id": 808, "latitude": 44.64122654, "longitude": -63.57857262, "CLOSURE_TYPE": "Development", "START_DATE": "Mon, 09 Dec 2019 08:00:00 GMT", "END_DATE": "Tue, 10 Dec 2019 08:00:00 GMT", "START_TIME": "7AM", "END_TIME": "5PM" }, "geometry": { "type": "Point", "coordinates": [ -63.57857262, 44.64122654 ] } },
{ "type": "Feature", "properties": { "id": 810, "latitude": 44.65184027, "longitude": -63.58633719, "CLOSURE_TYPE": "Special Event", "START_DATE": "Sun, 05 Jun 2022 06:00:00 GMT", "END_DATE": "Sun, 05 Jun 2022 06:00:00 GMT", "START_TIME": "1:30PM", "END_TIME": "4:00PM" }, "geometry": { "type": "Point", "coordinates": [ -63.58633719, 44.65184027 ] } },
{ "type": "Feature", "properties": { "id": 813, "latitude": 44.64445106, "longitude": -63.58077743, "CLOSURE_TYPE": "Special Event", "START_DATE": "Sat, 25 Nov 2023 08:00:00 GMT", "END_DATE": "Sat, 25 Nov 2023 08:00:00 GMT", "START_TIME": "6PM", "END_TIME": "8PM" }, "geometry": { "type": "Point", "coordinates": [ -63.58077743, 44.64445106 ] } },
{ "type": "Feature", "properties": { "id": 814, "latitude": 44.64232322, "longitude": -63.57956991, "CLOSURE_TYPE": "Special Event", "START_DATE": "Sat, 30 Aug 2025 06:00:00 GMT", "END_DATE": "Sat, 30 Aug 2025 06:00:00 GMT", "START_TIME": "9:00AM", "END_TIME": "4:00PM" }, "geometry": { "type": "Point", "coordinates": [ -63.57956991, 44.64232322 ] } },
{ "type": "Feature", "properties": { "id": 817, "latitude": 44.64920903, "longitude": -63.58002176, "CLOSURE_TYPE": "Special Event", "START_DATE": "Sat, 21 May 2022 06:00:00 GMT", "END_DATE": "Sun, 22 May 2022 06:00:00 GMT", "START_TIME": "6:00AM", "END_TIME": "2:00PM" }, "geometry": { "type": "Point", "coordinates": [ -63.58002176, 44.64920903 ] } },
{ "type": "Feature", "properties": { "id": 827, "latitude": 44.6422983, "longitude": -63.57971596, "CLOSURE_TYPE": "Construction", "START_DATE": "Tue, 05 Sep 2023 03:00:00 GMT", "END_DATE": "Tue, 19 Sep 2023 03:00:00 GMT", "START_TIME": "7AM", "END_TIME": "7PM" }, "geometry": { "type": "Point", "coordinates": [ -63.57971596, 44.6422983 ] } },
{ "type": "Feature", "properties": { "id": 833, "latitude": 44.6423267, "longitude": -63.57970869, "CLOSURE_TYPE": "Development", "START_DATE": "Wed, 09 Apr 2025 06:00:00 GMT", "END_DATE": "Wed, 09 Apr 2025 06:00:00 GMT", "START_TIME": "9am", "END_TIME": "3:30pm" }, "geometry": { "type": "Point", "coordinates": [ -63.57970869, 44.6423267 ] } },
{ "type": "Feature", "properties": { "id": 840, "latitude": 44.64676218, "longitude": -63.58596438, "CLOSURE_TYPE": "Special Event", "START_DATE": "Sun, 28 Jul 2019 06:00:00 GMT", "END_DATE": "Sun, 28 Jul 2019 06:00:00 GMT", "START_TIME": "7AM", "END_TIME": "8PM" }, "geometry": { "type": "Point", "coordinates": [ -63.58596438, 44.64676218 ] } },
{ "type": "Feature", "properties": { "id": 841, "latitude": 44.65132498, "longitude": -63.58543016, "CLOSURE_TYPE": "Special Event", "START_DATE": "Mon, 09 Sep 2024 06:00:00 GMT", "END_DATE": "Mon, 09 Sep 2024 06:00:00 GMT", "START_TIME": "8:30AM", "END_TIME": "5:00PM" }, "geometry": { "type": "Point", "coordinates": [ -63.58543016, 44.65132498 ] } },
{ "type": "Feature", "properties": { "id": 845, "latitude": 44.64738134, "longitude": -63.59015535, "CLOSURE_TYPE": "Special Event", "START_DATE": "Sat, 18 May 2024 06:00:00 GMT", "END_DATE": "Sun, 19 May 2024 06:00:00 GMT", "START_TIME": "5:00AM", "END_TIME": "4:00PM" }, "geometry": { "type": "Point", "coordinates": [ -63.59015535, 44.64738134 ] } },
{ "type": "Feature", "properties": { "id": 847, "latitude": 44.64676117, "longitude": -63.58596204, "CLOSURE_TYPE": "Special Event", "START_DATE": "Sat, 02 Sep 2023 03:00:00 GMT", "END_DATE": "Sat, 02 Sep 2023 03:00:00 GMT", "START_TIME": "3:00 PM", "END_TIME": "5:00 PM" }, "geometry": { "type": "Point", "coordinates": [ -63.58596204, 44.64676117 ] } },
{ "type": "Feature", "properties": { "id": 849, "latitude": 44.64497836, "longitude": -63.57149579, "CLOSURE_TYPE": "Construction", "START_DATE": "Sun, 13 Nov 2022 04:00:00 GMT", "END_DATE": "Sun, 13 Nov 2022 04:00:00 GMT", "START_TIME": "9:00AM", "END_TIME": "6:00PM" }, "geometry": { "type": "Point", "coordinates": [ -63.57149579, 44.64497836 ] } },
{ "type": "Feature", "properties": { "id": 857, "latitude": 44.64409383, "longitude": -63.57750291, "CLOSURE_TYPE": "Construction", "START_DATE": "Tue, 21 Dec 2021 08:00:00 GMT", "END_DATE": "Tue, 21 Dec 2021 08:00:00 GMT", "START_TIME": "9.00AM", "END_TIME": "9.00PM" }, "geometry": { "type": "Point", "coordinates": [ -63.57750291, 44.64409383 ] } },
{ "type": "Feature", "properties": { "id": 858, "latitude": 44.6457863, "longitude": -63.57554786, "CLOSURE_TYPE": "Special Event", "START_DATE": "Sat, 21 May 2022 06:00:00 GMT", "END_DATE": "Sun, 22 May 2022 06:00:00 GMT", "START_TIME": "5:00AM", "END_TIME": "2:00PM" }, "geometry": { "type": "Point", "coordinates": [ -63.57554786, 44.6457863 ] } },
{ "type": "Feature", "properties": { "id": 863, "latitude": 44.64714535, "longitude": -63.59000591, "CLOSURE_TYPE": "Development", "START_DATE": "Fri, 28 Mar 2025 06:00:00 GMT", "END_DATE": "Sun, 30 Mar 2025 06:00:00 GMT", "START_TIME": "6:30PM", "END_TIME": "8:00PM" }, "geometry": { "type": "Point", "coordinates": [ -63.59000591, 44.64714535 ] } },
{ "type": "Feature", "properties": { "id": 868, "latitude": 44.6434839, "longitude": -63.58866722, "CLOSURE_TYPE": "Utility", "START_DATE": "Wed, 11 Oct 2023 03:00:00 GMT", "END_DATE": "Wed, 01 Nov 2023 03:00:00 GMT", "START_TIME": "9AM", "END_TIME": "4PM" }, "geometry": { "type": "Point", "coordinates": [ -63.58866722, 44.6434839 ] } },
{ "type": "Feature", "properties": { "id": 873, "latitude": 44.64422205, "longitude": -63.57255914, "CLOSURE_TYPE": "Special Event", "START_DATE": "Sat, 25 Nov 2023 08:00:00 GMT", "END_DATE": "Sat, 25 Nov 2023 08:00:00 GMT", "START_TIME": "6PM", "END_TIME": "8PM" }, "geometry": { "type": "Point", "coordinates": [ -63.57255914, 44.64422205 ] } },
{ "type": "Feature", "properties": { "id": 874, "latitude": 44.64430812, "longitude": -63.57862549, "CLOSURE_TYPE": "Special Event", "START_DATE": "Sat, 21 May 2022 06:00:00 GMT", "END_DATE": "Sun, 22 May 2022 06:00:00 GMT", "START_TIME": "5:00AM", "END_TIME": "10:00AM" }, "geometry": { "type": "Point", "coordinates": [ -63.57862549, 44.64430812 ] } },
{ "type": "Feature", "properties": { "id": 892, "latitude": 44.64235488, "longitude": -63.5795833, "CLOSURE_TYPE": "Special Event", "START_DATE": "Fri, 06 Dec 2024 08:00:00 GMT", "END_DATE": "Fri, 06 Dec 2024 08:00:00 GMT", "START_TIME": "1:00PM", "END_TIME": "11:00PM" }, "geometry": { "type": "Point", "coordinates": [ -63.5795833, 44.64235488 ] } },
{ "type": "Feature", "properties": { "id": 896, "latitude": 44.64704921, "longitude": -63.57476716, "CLOSURE_TYPE": "Special Event", "START_DATE": "Fri, 23 Aug 2019 06:00:00 GMT", "END_DATE": "Mon, 26 Aug 2019 06:00:00 GMT", "START_TIME": "5PM", "END_TIME": "6AM" }, "geometry": { "type": "Point", "coordinates": [ -63.57476716, 44.64704921 ] } },
{ "type": "Feature", "properties": { "id": 897, "latitude": 44.64359657, "longitude": -63.57485714, "CLOSURE_TYPE": "Special Event", "START_DATE": "Sat, 30 Jul 2022 03:00:00 GMT", "END_DATE": "Sat, 30 Jul 2022 03:00:00 GMT", "START_TIME": "12:00PM", "END_TIME": "3:00PM" }, "geometry": { "type": "Point", "coordinates": [ -63.57485714, 44.64359657 ] } },
{ "type": "Feature", "properties": { "id": 898, "latitude": 44.64320043, "longitude": -63.58960042, "CLOSURE_TYPE": "Development", "START_DATE": "Tue, 18 Feb 2025 08:00:00 GMT", "END_DATE": "Mon, 24 Feb 2025 08:00:00 GMT", "START_TIME": "7:00AM", "END_TIME": "8:00PM" }, "geometry": { "type": "Point", "coordinates": [ -63.58960042, 44.64320043 ] } },
{ "type": "Feature", "properties": { "id": 901, "latitude": 44.64415735, "longitude": -63.57715058, "CLOSURE_TYPE": "Construction", "START_DATE": "Mon, 03 Mar 2025 08:00:00 GMT", "END_DATE": "Tue, 04 Mar 2025 08:00:00 GMT", "START_TIME": "9.00AM", "END_TIME": "4.00PM" }, "geometry": { "type": "Point", "coordinates": [ -63.57715058, 44.64415735 ] } },
{ "type": "Feature", "properties": { "id": 906, "latitude": 44.64589248, "longitude": -63.57419516, "CLOSURE_TYPE": "Special Event", "START_DATE": "Thu, 18 Jul 2019 06:00:00 GMT", "END_DATE": "Thu, 18 Jul 2019 06:00:00 GMT", "START_TIME": "2PM", "END_TIME": "9PM" }, "geometry": { "type": "Point", "coordinates": [ -63.57419516, 44.64589248 ] } },
{ "type": "Feature", "properties": { "id": 909, "latitude": 44.64963206, "longitude": -63.58436466, "CLOSURE_TYPE": "Special Event", "START_DATE": "Sat, 16 Jul 2022 06:00:00 GMT", "END_DATE": "Sat, 16 Jul 2022 06:00:00 GMT", "START_TIME": "10AM", "END_TIME": "4PM" }, "geometry": { "type": "Point", "coordinates": [ -63.58436466, 44.64963206 ] } },
{ "type": "Feature", "properties": { "id": 911, "latitude": 44.64654924, "longitude": -63.57230636, "CLOSURE_TYPE": "Development", "START_DATE": "Sun, 22 Mar 2020 06:00:00 GMT", "END_DATE": "Sun, 22 Mar 2020 06:00:00 GMT", "START_TIME": "9AM", "END_TIME": "6PM" }, "geometry": { "type": "Point", "coordinates": [ -63.57230636, 44.64654924 ] } },
{ "type": "Feature", "properties": { "id": 913, "latitude": 44.64420115, "longitude": -63.57255489, "CLOSURE_TYPE": "Special Event", "START_DATE": "Sat, 16 Jul 2022 06:00:00 GMT", "END_DATE": "Sat, 16 Jul 2022 06:00:00 GMT", "START_TIME": "10AM", "END_TIME": "4PM" }, "geometry": { "type": "Point", "coordinates": [ -63.57255489, 44.64420115 ] } },
{ "type": "Feature", "properties": { "id": 919, "latitude": 44.64863158, "longitude": -63.57791086, "CLOSURE_TYPE": "Special Event", "START_DATE": "Sat, 19 Nov 2022 04:00:00 GMT", "END_DATE": "Sat, 19 Nov 2022 04:00:00 GMT", "START_TIME": "4:00PM", "END_TIME": "10:00PM" }, "geometry": { "type": "Point", "coordinates": [ -63.57791086, 44.64863158 ] } },
{ "type": "Feature", "properties": { "id": 920, "latitude": 44.64450281, "longitude": -63.58066192, "CLOSURE_TYPE": "Special Event", "START_DATE": "Sat, 07 Jun 2025 06:00:00 GMT", "END_DATE": "Sat, 07 Jun 2025 06:00:00 GMT", "START_TIME": "12:00PM", "END_TIME": "2:00PM" }, "geometry": { "type": "Point", "coordinates": [ -63.58066192, 44.64450281 ] } },
{ "type": "Feature", "properties": { "id": 923, "latitude": 44.6423591, "longitude": -63.57958361, "CLOSURE_TYPE": "Special Event", "START_DATE": "Sat, 24 Aug 2024 06:00:00 GMT", "END_DATE": "Sat, 24 Aug 2024 06:00:00 GMT", "START_TIME": "9:00AM", "END_TIME": "4:00PM" }, "geometry": { "type": "Point", "coordinates": [ -63.57958361, 44.6423591 ] } },
{ "type": "Feature", "properties": { "id": 926, "latitude": 44.64136694, "longitude": -63.58329304, "CLOSURE_TYPE": "Construction", "START_DATE": "Mon, 26 Aug 2019 06:00:00 GMT", "END_DATE": "Mon, 26 Aug 2019 06:00:00 GMT", "START_TIME": "9AM", "END_TIME": "4PM" }, "geometry": { "type": "Point", "coordinates": [ -63.58329304, 44.64136694 ] } },
{ "type": "Feature", "properties": { "id": 927, "latitude": 44.64634112, "longitude": -63.5729217, "CLOSURE_TYPE": "Other", "START_DATE": "Sat, 19 Nov 2022 04:00:00 GMT", "END_DATE": "Sun, 20 Nov 2022 04:00:00 GMT", "START_TIME": "7:00AM", "END_TIME": "6:00PM" }, "geometry": { "type": "Point", "coordinates": [ -63.5729217, 44.64634112 ] } },
{ "type": "Feature", "properties": { "id": 928, "latitude": 44.64900447, "longitude": -63.57577615, "CLOSURE_TYPE": "Construction", "START_DATE": "Mon, 08 Nov 2021 08:00:00 GMT", "END_DATE": "Fri, 19 Nov 2021 08:00:00 GMT", "START_TIME": "7am", "END_TIME": "7pm" }, "geometry": { "type": "Point", "coordinates": [ -63.57577615, 44.64900447 ] } },
{ "type": "Feature", "properties": { "id": 935, "latitude": 44.65124423, "longitude": -63.58224937, "CLOSURE_TYPE": "Construction", "START_DATE": "Mon, 02 Oct 2023 03:00:00 GMT", "END_DATE": "Mon, 02 Oct 2023 03:00:00 GMT", "START_TIME": "7:00 AM", "END_TIME": "7:00 PM" }, "geometry": { "type": "Point", "coordinates": [ -63.58224937, 44.65124423 ] } },
{ "type": "Feature", "properties": { "id": 951, "latitude": 44.65363858, "longitude": -63.5857034, "CLOSURE_TYPE": "Block Party", "START_DATE": "Thu, 26 Sep 2019 06:00:00 GMT", "END_DATE": "Thu, 26 Sep 2019 06:00:00 GMT", "START_TIME": "4:30PM", "END_TIME": "7:30PM" }, "geometry": { "type": "Point", "coordinates": [ -63.5857034, 44.65363858 ] } },
{ "type": "Feature", "properties": { "id": 952, "latitude": 44.65047016, "longitude": -63.58109658, "CLOSURE_TYPE": "Development", "START_DATE": "Tue, 15 Feb 2022 08:00:00 GMT", "END_DATE": "Fri, 18 Feb 2022 08:00:00 GMT", "START_TIME": "9:00AM", "END_TIME": "4:00PM" }, "geometry": { "type": "Point", "coordinates": [ -63.58109658, 44.65047016 ] } },
{ "type": "Feature", "properties": { "id": 955, "latitude": 44.646449, "longitude": -63.57296454, "CLOSURE_TYPE": "Construction", "START_DATE": "Sat, 27 Mar 2021 06:00:00 GMT", "END_DATE": "Sun, 28 Mar 2021 06:00:00 GMT", "START_TIME": "Saturday (8AM) & Sunday (9AM)", "END_TIME": "6PM each day" }, "geometry": { "type": "Point", "coordinates": [ -63.57296454, 44.646449 ] } },
{ "type": "Feature", "properties": { "id": 956, "latitude": 44.64726928, "longitude": -63.57397079, "CLOSURE_TYPE": "Development", "START_DATE": "Mon, 29 May 2023 03:00:00 GMT", "END_DATE": "Tue, 30 May 2023 03:00:00 GMT", "START_TIME": "7:00AM", "END_TIME": "4:00PM" }, "geometry": { "type": "Point", "coordinates": [ -63.57397079, 44.64726928 ] } },
{ "type": "Feature", "properties": { "id": 959, "latitude": 44.6517809, "longitude": -63.58833339, "CLOSURE_TYPE": "Special Event", "START_DATE": "Sun, 18 Sep 2022 03:00:00 GMT", "END_DATE": "Sun, 18 Sep 2022 03:00:00 GMT", "START_TIME": "11:30AM", "END_TIME": "5:00PM" }, "geometry": { "type": "Point", "coordinates": [ -63.58833339, 44.6517809 ] } },
{ "type": "Feature", "properties": { "id": 962, "latitude": 44.64649505, "longitude": -63.59025652, "CLOSURE_TYPE": "Development", "START_DATE": "Mon, 28 Sep 2020 06:00:00 GMT", "END_DATE": "Sun, 04 Oct 2020 06:00:00 GMT", "START_TIME": "7:00 AM", "END_TIME": "9:00 PM" }, "geometry": { "type": "Point", "coordinates": [ -63.59025652, 44.64649505 ] } },
{ "type": "Feature", "properties": { "id": 963, "latitude": 44.64516326, "longitude": -63.57381217, "CLOSURE_TYPE": "Special Event", "START_DATE": "Sun, 01 Dec 2019 08:00:00 GMT", "END_DATE": "Sun, 01 Dec 2019 08:00:00 GMT", "START_TIME": "8:00AM", "END_TIME": "5:00PM" }, "geometry": { "type": "Point", "coordinates": [ -63.57381217, 44.64516326 ] } },
{ "type": "Feature", "properties": { "id": 965, "latitude": 44.64677545, "longitude": -63.58599008, "CLOSURE_TYPE": "Special Event", "START_DATE": "Sat, 16 Jul 2022 06:00:00 GMT", "END_DATE": "Sat, 16 Jul 2022 06:00:00 GMT", "START_TIME": "8AM", "END_TIME": "4PM" }, "geometry": { "type": "Point", "coordinates": [ -63.58599008, 44.64677545 ] } },
{ "type": "Feature", "properties": { "id": 967, "latitude": 44.65134081, "longitude": -63.58222942, "CLOSURE_TYPE": "Utility", "START_DATE": "Sat, 27 Jan 2024 08:00:00 GMT", "END_DATE": "Mon, 29 Jan 2024 08:00:00 GMT", "START_TIME": "7:00AM", "END_TIME": "7:00PM" }, "geometry": { "type": "Point", "coordinates": [ -63.58222942, 44.65134081 ] } },
{ "type": "Feature", "properties": { "id": 973, "latitude": 44.64946108, "longitude": -63.58542184, "CLOSURE_TYPE": "Special Event", "START_DATE": "Sat, 20 Jul 2024 06:00:00 GMT", "END_DATE": "Sat, 20 Jul 2024 06:00:00 GMT", "START_TIME": "12:00PM", "END_TIME": "3:00PM" }, "geometry": { "type": "Point", "coordinates": [ -63.58542184, 44.64946108 ] } },
{ "type": "Feature", "properties": { "id": 974, "latitude": 44.64629354, "longitude": -63.57346901, "CLOSURE_TYPE": "Development", "START_DATE": "Mon, 14 Sep 2020 06:00:00 GMT", "END_DATE": "Wed, 16 Sep 2020 06:00:00 GMT", "START_TIME": "7:00 AM", "END_TIME": "9:00 PM" }, "geometry": { "type": "Point", "coordinates": [ -63.57346901, 44.64629354 ] } },
{ "type": "Feature", "properties": { "id": 976, "latitude": 44.64443113, "longitude": -63.58083903, "CLOSURE_TYPE": "Special Event", "START_DATE": "Sat, 02 Sep 2023 03:00:00 GMT", "END_DATE": "Sat, 02 Sep 2023 03:00:00 GMT", "START_TIME": "3:00 PM", "END_TIME": "5:00 PM" }, "geometry": { "type": "Point", "coordinates": [ -63.58083903, 44.64443113 ] } },
{ "type": "Feature", "properties": { "id": 980, "latitude": 44.64406544, "longitude": -63.57742927, "CLOSURE_TYPE": "Utility", "START_DATE": "Sun, 02 Jun 2024 06:00:00 GMT", "END_DATE": "Sun, 02 Jun 2024 06:00:00 GMT", "START_TIME": "8:00AM", "END_TIME": "4:00PM" }, "geometry": { "type": "Point", "coordinates": [ -63.57742927, 44.64406544 ] } },
{ "type": "Feature", "properties": { "id": 982, "latitude": 44.65442789, "longitude": -63.58053913, "CLOSURE_TYPE": "Special Event", "START_DATE": "Sat, 16 Nov 2019 08:00:00 GMT", "END_DATE": "Sat, 16 Nov 2019 08:00:00 GMT", "START_TIME": "430PM", "END_TIME": "830PM" }, "geometry": { "type": "Point", "coordinates": [ -63.58053913, 44.65442789 ] } },
{ "type": "Feature", "properties": { "id": 988, "latitude": 44.65277685, "longitude": -63.58621068, "CLOSURE_TYPE": "Special Event", "START_DATE": "Sun, 18 May 2025 06:00:00 GMT", "END_DATE": "Sun, 18 May 2025 06:00:00 GMT", "START_TIME": "8:00am", "END_TIME": "12:00pm" }, "geometry": { "type": "Point", "coordinates": [ -63.58621068, 44.65277685 ] } },
{ "type": "Feature", "properties": { "id": 989, "latitude": 44.64703871, "longitude": -63.57476716, "CLOSURE_TYPE": "Special Event", "START_DATE": "Fri, 30 Aug 2019 06:00:00 GMT", "END_DATE": "Mon, 02 Sep 2019 06:00:00 GMT", "START_TIME": "5PM", "END_TIME": "6AM" }, "geometry": { "type": "Point", "coordinates": [ -63.57476716, 44.64703871 ] } },
{ "type": "Feature", "properties": { "id": 993, "latitude": 44.6462952, "longitude": -63.5734843, "CLOSURE_TYPE": "Development", "START_DATE": "Mon, 19 Oct 2020 06:00:00 GMT", "END_DATE": "Thu, 22 Oct 2020 06:00:00 GMT", "START_TIME": "7:00 AM", "END_TIME": "9:00 PM" }, "geometry": { "type": "Point", "coordinates": [ -63.5734843, 44.6462952 ] } },
{ "type": "Feature", "properties": { "id": 998, "latitude": 44.64571511, "longitude": -63.57551466, "CLOSURE_TYPE": "Development", "START_DATE": "Fri, 30 Aug 2024 06:00:00 GMT", "END_DATE": "Fri, 30 Aug 2024 06:00:00 GMT", "START_TIME": "8:00AM", "END_TIME": "4:00PM" }, "geometry": { "type": "Point", "coordinates": [ -63.57551466, 44.64571511 ] } },
{ "type": "Feature", "properties": { "id": 1001, "latitude": 44.64514856, "longitude": -63.57380962, "CLOSURE_TYPE": "Special Event", "START_DATE": "Fri, 16 Aug 2019 06:00:00 GMT", "END_DATE": "Mon, 19 Aug 2019 06:00:00 GMT", "START_TIME": "5PM", "END_TIME": "6AM" }, "geometry": { "type": "Point", "coordinates": [ -63.57380962, 44.64514856 ] } },
{ "type": "Feature", "properties": { "id": 1005, "latitude": 44.65058708, "longitude": -63.5812267, "CLOSURE_TYPE": "Construction", "START_DATE": "Sat, 30 Sep 2023 03:00:00 GMT", "END_DATE": "Sat, 30 Sep 2023 03:00:00 GMT", "START_TIME": "7:00 AM", "END_TIME": "7:00 PM" }, "geometry": { "type": "Point", "coordinates": [ -63.5812267, 44.65058708 ] } },
{ "type": "Feature", "properties": { "id": 1006, "latitude": 44.64277523, "longitude": -63.57800515, "CLOSURE_TYPE": "Development", "START_DATE": "Mon, 26 May 2025 06:00:00 GMT", "END_DATE": "Tue, 27 May 2025 06:00:00 GMT", "START_TIME": "9:00AM", "END_TIME": "3:30PM" }, "geometry": { "type": "Point", "coordinates": [ -63.57800515, 44.64277523 ] } },
{ "type": "Feature", "properties": { "id": 1016, "latitude": 44.64665892, "longitude": -63.5759869, "CLOSURE_TYPE": "Special Event", "START_DATE": "Sun, 16 Jul 2023 03:00:00 GMT", "END_DATE": "Sun, 16 Jul 2023 03:00:00 GMT", "START_TIME": "6:00PM", "END_TIME": "12:00AM" }, "geometry": { "type": "Point", "coordinates": [ -63.5759869, 44.64665892 ] } },
{ "type": "Feature", "properties": { "id": 1018, "latitude": 44.64230268, "longitude": -63.57977631, "CLOSURE_TYPE": "Special Event", "START_DATE": "Sat, 30 Jul 2022 03:00:00 GMT", "END_DATE": "Sat, 30 Jul 2022 03:00:00 GMT", "START_TIME": "12:00PM", "END_TIME": "3:00PM" }, "geometry": { "type": "Point", "coordinates": [ -63.57977631, 44.64230268 ] } },
{ "type": "Feature", "properties": { "id": 1020, "latitude": 44.64542009, "longitude": -63.57243421, "CLOSURE_TYPE": "Development", "START_DATE": "Mon, 11 Sep 2023 03:00:00 GMT", "END_DATE": "Wed, 13 Sep 2023 03:00:00 GMT", "START_TIME": "8:00AM", "END_TIME": "7:00PM" }, "geometry": { "type": "Point", "coordinates": [ -63.57243421, 44.64542009 ] } },
{ "type": "Feature", "properties": { "id": 1021, "latitude": 44.64634685, "longitude": -63.57290205, "CLOSURE_TYPE": "Development", "START_DATE": "Thu, 25 Feb 2021 08:00:00 GMT", "END_DATE": "Thu, 25 Feb 2021 08:00:00 GMT", "START_TIME": "8:00 AM", "END_TIME": "12:00 PM" }, "geometry": { "type": "Point", "coordinates": [ -63.57290205, 44.64634685 ] } },
{ "type": "Feature", "properties": { "id": 1028, "latitude": 44.64784984, "longitude": -63.57159563, "CLOSURE_TYPE": "Development", "START_DATE": "Sun, 03 Nov 2024 07:00:00 GMT", "END_DATE": "Sun, 03 Nov 2024 07:00:00 GMT", "START_TIME": "7:00AM", "END_TIME": "11:00AM" }, "geometry": { "type": "Point", "coordinates": [ -63.57159563, 44.64784984 ] } },
{ "type": "Feature", "properties": { "id": 1030, "latitude": 44.64767491, "longitude": -63.5721448, "CLOSURE_TYPE": "Construction", "START_DATE": "Tue, 08 Nov 2022 04:00:00 GMT", "END_DATE": "Tue, 08 Nov 2022 04:00:00 GMT", "START_TIME": "8AM", "END_TIME": "4PM" }, "geometry": { "type": "Point", "coordinates": [ -63.5721448, 44.64767491 ] } },
{ "type": "Feature", "properties": { "id": 1032, "latitude": 44.64052824, "longitude": -63.59186703, "CLOSURE_TYPE": "Utility", "START_DATE": "Wed, 03 May 2023 03:00:00 GMT", "END_DATE": "Wed, 03 May 2023 03:00:00 GMT", "START_TIME": "8AM", "END_TIME": "4PM" }, "geometry": { "type": "Point", "coordinates": [ -63.59186703, 44.64052824 ] } },
{ "type": "Feature", "properties": { "id": 1042, "latitude": 44.64770008, "longitude": -63.57651699, "CLOSURE_TYPE": "Special Event", "START_DATE": "Sat, 06 Nov 2021 06:00:00 GMT", "END_DATE": "Sun, 07 Nov 2021 07:00:00 GMT", "START_TIME": "5:00 AM", "END_TIME": "2:00 PM" }, "geometry": { "type": "Point", "coordinates": [ -63.57651699, 44.64770008 ] } },
{ "type": "Feature", "properties": { "id": 1049, "latitude": 44.64175088, "longitude": -63.58553803, "CLOSURE_TYPE": "Development", "START_DATE": "Thu, 02 Jan 2025 08:00:00 GMT", "END_DATE": "Fri, 03 Jan 2025 08:00:00 GMT", "START_TIME": "8:00 am each day", "END_TIME": "5:00 pm each day" }, "geometry": { "type": "Point", "coordinates": [ -63.58553803, 44.64175088 ] } },
{ "type": "Feature", "properties": { "id": 1051, "latitude": 44.64730751, "longitude": -63.57340001, "CLOSURE_TYPE": "Construction", "START_DATE": "Sat, 22 Apr 2023 03:00:00 GMT", "END_DATE": "Sun, 23 Apr 2023 03:00:00 GMT", "START_TIME": "6:00am", "END_TIME": "12:00 PM" }, "geometry": { "type": "Point", "coordinates": [ -63.57340001, 44.64730751 ] } },
{ "type": "Feature", "properties": { "id": 1057, "latitude": 44.64750459, "longitude": -63.57719441, "CLOSURE_TYPE": "Construction", "START_DATE": "Sat, 15 Jul 2023 03:00:00 GMT", "END_DATE": "Sat, 15 Jul 2023 03:00:00 GMT", "START_TIME": "7:30 AM", "END_TIME": "4:30 PM" }, "geometry": { "type": "Point", "coordinates": [ -63.57719441, 44.64750459 ] } },
{ "type": "Feature", "properties": { "id": 1065, "latitude": 44.64681272, "longitude": -63.57169352, "CLOSURE_TYPE": "Development", "START_DATE": "Fri, 21 Apr 2023 03:00:00 GMT", "END_DATE": "Fri, 21 Apr 2023 03:00:00 GMT", "START_TIME": "8AM", "END_TIME": "5PM" }, "geometry": { "type": "Point", "coordinates": [ -63.57169352, 44.64681272 ] } },
{ "type": "Feature", "properties": { "id": 1072, "latitude": 44.64851489, "longitude": -63.57773202, "CLOSURE_TYPE": "Special Event", "START_DATE": "Sat, 06 Nov 2021 06:00:00 GMT", "END_DATE": "Sun, 07 Nov 2021 07:00:00 GMT", "START_TIME": "5:00 AM", "END_TIME": "4:00 PM" }, "geometry": { "type": "Point", "coordinates": [ -63.57773202, 44.64851489 ] } },
{ "type": "Feature", "properties": { "id": 1073, "latitude": 44.6521274, "longitude": -63.58042429, "CLOSURE_TYPE": "Construction", "START_DATE": "Tue, 08 Aug 2023 03:00:00 GMT", "END_DATE": "Thu, 10 Aug 2023 03:00:00 GMT", "START_TIME": "5:00AM", "END_TIME": "6:00PM" }, "geometry": { "type": "Point", "coordinates": [ -63.58042429, 44.6521274 ] } },
{ "type": "Feature", "properties": { "id": 1075, "latitude": 44.65001169, "longitude": -63.58351982, "CLOSURE_TYPE": "Construction", "START_DATE": "Wed, 11 Oct 2023 03:00:00 GMT", "END_DATE": "Thu, 12 Oct 2023 03:00:00 GMT", "START_TIME": "8:00 AM", "END_TIME": "6:00 PM" }, "geometry": { "type": "Point", "coordinates": [ -63.58351982, 44.65001169 ] } },
{ "type": "Feature", "properties": { "id": 1081, "latitude": 44.64363761, "longitude": -63.5763553, "CLOSURE_TYPE": "Construction", "START_DATE": "Wed, 22 Nov 2023 08:00:00 GMT", "END_DATE": "Wed, 22 Nov 2023 08:00:00 GMT", "START_TIME": "9:00 AM", "END_TIME": "4:00 PM" }, "geometry": { "type": "Point", "coordinates": [ -63.5763553, 44.64363761 ] } },
{ "type": "Feature", "properties": { "id": 1084, "latitude": 44.64557208, "longitude": -63.57623527, "CLOSURE_TYPE": "Special Event", "START_DATE": "Sat, 20 Jul 2024 06:00:00 GMT", "END_DATE": "Sat, 20 Jul 2024 06:00:00 GMT", "START_TIME": "12:00PM", "END_TIME": "3:00PM" }, "geometry": { "type": "Point", "coordinates": [ -63.57623527, 44.64557208 ] } },
{ "type": "Feature", "properties": { "id": 1085, "latitude": 44.64515332, "longitude": -63.57368439, "CLOSURE_TYPE": "Development", "START_DATE": "Thu, 07 Dec 2023 08:00:00 GMT", "END_DATE": "Thu, 07 Dec 2023 08:00:00 GMT", "START_TIME": "7AM", "END_TIME": "4PM" }, "geometry": { "type": "Point", "coordinates": [ -63.57368439, 44.64515332 ] } },
{ "type": "Feature", "properties": { "id": 1086, "latitude": 44.64351871, "longitude": -63.58444015, "CLOSURE_TYPE": "Special Event", "START_DATE": "Sat, 20 Jul 2024 06:00:00 GMT", "END_DATE": "Sat, 20 Jul 2024 06:00:00 GMT", "START_TIME": "12:00PM", "END_TIME": "3:00PM" }, "geometry": { "type": "Point", "coordinates": [ -63.58444015, 44.64351871 ] } },
{ "type": "Feature", "properties": { "id": 1096, "latitude": 44.64653225, "longitude": -63.57227067, "CLOSURE_TYPE": "Development", "START_DATE": "Sun, 08 Mar 2020 07:00:00 GMT", "END_DATE": "Sun, 08 Mar 2020 07:00:00 GMT", "START_TIME": "9:00 AM", "END_TIME": "6:00 PM" }, "geometry": { "type": "Point", "coordinates": [ -63.57227067, 44.64653225 ] } },
{ "type": "Feature", "properties": { "id": 1104, "latitude": 44.64497985, "longitude": -63.5785933, "CLOSURE_TYPE": "Special Event", "START_DATE": "Sat, 21 May 2022 06:00:00 GMT", "END_DATE": "Sun, 22 May 2022 06:00:00 GMT", "START_TIME": "5:00AM", "END_TIME": "12:00PM" }, "geometry": { "type": "Point", "coordinates": [ -63.5785933, 44.64497985 ] } },
{ "type": "Feature", "properties": { "id": 1105, "latitude": 44.64473993, "longitude": -63.57267428, "CLOSURE_TYPE": "Development", "START_DATE": "Mon, 13 Jul 2020 06:00:00 GMT", "END_DATE": "Mon, 13 Jul 2020 06:00:00 GMT", "START_TIME": "8AM", "END_TIME": "2PM" }, "geometry": { "type": "Point", "coordinates": [ -63.57267428, 44.64473993 ] } },
{ "type": "Feature", "properties": { "id": 1109, "latitude": 44.65225135, "longitude": -63.59024692, "CLOSURE_TYPE": "Utility", "START_DATE": "Wed, 01 May 2024 06:00:00 GMT", "END_DATE": "Wed, 01 May 2024 06:00:00 GMT", "START_TIME": "9:00AM", "END_TIME": "3:00PM" }, "geometry": { "type": "Point", "coordinates": [ -63.59024692, 44.65225135 ] } },
{ "type": "Feature", "properties": { "id": 1113, "latitude": 44.64935635, "longitude": -63.58492521, "CLOSURE_TYPE": "Special Event", "START_DATE": "Sat, 20 May 2023 03:00:00 GMT", "END_DATE": "Sun, 21 May 2023 03:00:00 GMT", "START_TIME": "8:00AM", "END_TIME": "2:00PM" }, "geometry": { "type": "Point", "coordinates": [ -63.58492521, 44.64935635 ] } },
{ "type": "Feature", "properties": { "id": 1115, "latitude": 44.64964091, "longitude": -63.57330814, "CLOSURE_TYPE": "Development", "START_DATE": "Fri, 28 Mar 2025 06:00:00 GMT", "END_DATE": "Mon, 31 Mar 2025 06:00:00 GMT", "START_TIME": "7:00pm on Friday", "END_TIME": "5:00am on Monday" }, "geometry": { "type": "Point", "coordinates": [ -63.57330814, 44.64964091 ] } },
{ "type": "Feature", "properties": { "id": 1116, "latitude": 44.64730212, "longitude": -63.57341623, "CLOSURE_TYPE": "Development", "START_DATE": "Mon, 24 Jun 2024 06:00:00 GMT", "END_DATE": "Mon, 24 Jun 2024 06:00:00 GMT", "START_TIME": "9AM", "END_TIME": "4PM" }, "geometry": { "type": "Point", "coordinates": [ -63.57341623, 44.64730212 ] } },
{ "type": "Feature", "properties": { "id": 1135, "latitude": 44.6464686, "longitude": -63.57297423, "CLOSURE_TYPE": "Development", "START_DATE": "Thu, 18 Jan 2024 08:00:00 GMT", "END_DATE": "Thu, 18 Jan 2024 08:00:00 GMT", "START_TIME": "9AM", "END_TIME": "4PM" }, "geometry": { "type": "Point", "coordinates": [ -63.57297423, 44.6464686 ] } },
{ "type": "Feature", "properties": { "id": 1139, "latitude": 44.64298602, "longitude": -63.57688022, "CLOSURE_TYPE": "Utility", "START_DATE": "Fri, 02 Feb 2024 08:00:00 GMT", "END_DATE": "Fri, 02 Feb 2024 08:00:00 GMT", "START_TIME": "7:00AM", "END_TIME": "4:00PM" }, "geometry": { "type": "Point", "coordinates": [ -63.57688022, 44.64298602 ] } },
{ "type": "Feature", "properties": { "id": 1143, "latitude": 44.64728135, "longitude": -63.59022863, "CLOSURE_TYPE": "Special Event", "START_DATE": "Sun, 18 May 2025 06:00:00 GMT", "END_DATE": "Sun, 18 May 2025 06:00:00 GMT", "START_TIME": "5:00am", "END_TIME": "4:00pm" }, "geometry": { "type": "Point", "coordinates": [ -63.59022863, 44.64728135 ] } },
{ "type": "Feature", "properties": { "id": 1148, "latitude": 44.64703749, "longitude": -63.57478131, "CLOSURE_TYPE": "Construction", "START_DATE": "Mon, 06 Feb 2023 04:00:00 GMT", "END_DATE": "Mon, 06 Feb 2023 04:00:00 GMT", "START_TIME": "7AM", "END_TIME": "7PM" }, "geometry": { "type": "Point", "coordinates": [ -63.57478131, 44.64703749 ] } },
{ "type": "Feature", "properties": { "id": 1149, "latitude": 44.64861881, "longitude": -63.57775301, "CLOSURE_TYPE": "Special Event", "START_DATE": "Sat, 16 Jul 2022 06:00:00 GMT", "END_DATE": "Sat, 16 Jul 2022 06:00:00 GMT", "START_TIME": "10AM", "END_TIME": "4PM" }, "geometry": { "type": "Point", "coordinates": [ -63.57775301, 44.64861881 ] } },
{ "type": "Feature", "properties": { "id": 1153, "latitude": 44.64588065, "longitude": -63.57421962, "CLOSURE_TYPE": "Other", "START_DATE": "Fri, 05 Jul 2019 06:00:00 GMT", "END_DATE": "Mon, 08 Jul 2019 06:00:00 GMT", "START_TIME": "5PM", "END_TIME": "6AM" }, "geometry": { "type": "Point", "coordinates": [ -63.57421962, 44.64588065 ] } },
{ "type": "Feature", "properties": { "id": 1158, "latitude": 44.64097711, "longitude": -63.56791773, "CLOSURE_TYPE": "Special Event", "START_DATE": "Sun, 21 May 2023 03:00:00 GMT", "END_DATE": "Sun, 21 May 2023 03:00:00 GMT", "START_TIME": "9:00AM", "END_TIME": "12:00PM" }, "geometry": { "type": "Point", "coordinates": [ -63.56791773, 44.64097711 ] } },
{ "type": "Feature", "properties": { "id": 1160, "latitude": 44.64933078, "longitude": -63.58494468, "CLOSURE_TYPE": "Special Event", "START_DATE": "Sun, 18 May 2025 06:00:00 GMT", "END_DATE": "Sun, 18 May 2025 06:00:00 GMT", "START_TIME": "8:30am", "END_TIME": "2:00pm" }, "geometry": { "type": "Point", "coordinates": [ -63.58494468, 44.64933078 ] } },
{ "type": "Feature", "properties": { "id": 1161, "latitude": 44.65101167, "longitude": -63.5787975, "CLOSURE_TYPE": "Construction", "START_DATE": "Thu, 28 Apr 2022 06:00:00 GMT", "END_DATE": "Sun, 31 Dec 2023 08:00:00 GMT", "START_TIME": "12.00AM", "END_TIME": "12.00AM" }, "geometry": { "type": "Point", "coordinates": [ -63.5787975, 44.65101167 ] } },
{ "type": "Feature", "properties": { "id": 1164, "latitude": 44.64530437, "longitude": -63.57304566, "CLOSURE_TYPE": "Construction", "START_DATE": "Mon, 08 Nov 2021 08:00:00 GMT", "END_DATE": "Fri, 19 Nov 2021 08:00:00 GMT", "START_TIME": "7AM", "END_TIME": "7PM" }, "geometry": { "type": "Point", "coordinates": [ -63.57304566, 44.64530437 ] } },
{ "type": "Feature", "properties": { "id": 1166, "latitude": 44.64582472, "longitude": -63.59289218, "CLOSURE_TYPE": "Utility", "START_DATE": "Sun, 29 Jan 2023 04:00:00 GMT", "END_DATE": "Sun, 29 Jan 2023 04:00:00 GMT", "START_TIME": "7:00AM", "END_TIME": "12:00AM" }, "geometry": { "type": "Point", "coordinates": [ -63.59289218, 44.64582472 ] } },
{ "type": "Feature", "properties": { "id": 1167, "latitude": 44.65390058, "longitude": -63.58146477, "CLOSURE_TYPE": "Construction", "START_DATE": "Mon, 14 Nov 2022 04:00:00 GMT", "END_DATE": "Wed, 07 Dec 2022 04:00:00 GMT", "START_TIME": "6AM", "END_TIME": "6AM" }, "geometry": { "type": "Point", "coordinates": [ -63.58146477, 44.65390058 ] } },
{ "type": "Feature", "properties": { "id": 1172, "latitude": 44.64056835, "longitude": -63.59188554, "CLOSURE_TYPE": "Utility", "START_DATE": "Tue, 12 Nov 2019 08:00:00 GMT", "END_DATE": "Fri, 15 Nov 2019 08:00:00 GMT", "START_TIME": "9AM", "END_TIME": "3PM" }, "geometry": { "type": "Point", "coordinates": [ -63.59188554, 44.64056835 ] } },
{ "type": "Feature", "properties": { "id": 1178, "latitude": 44.64127567, "longitude": -63.5897365, "CLOSURE_TYPE": "Block Party", "START_DATE": "Sun, 22 Sep 2019 06:00:00 GMT", "END_DATE": "Sun, 22 Sep 2019 06:00:00 GMT", "START_TIME": "4:00PM", "END_TIME": "8:00PM" }, "geometry": { "type": "Point", "coordinates": [ -63.5897365, 44.64127567 ] } },
{ "type": "Feature", "properties": { "id": 1182, "latitude": 44.64419826, "longitude": -63.59215847, "CLOSURE_TYPE": "Utility", "START_DATE": "Wed, 14 Jun 2023 03:00:00 GMT", "END_DATE": "Wed, 14 Jun 2023 03:00:00 GMT", "START_TIME": "7AM", "END_TIME": "7PM" }, "geometry": { "type": "Point", "coordinates": [ -63.59215847, 44.64419826 ] } },
{ "type": "Feature", "properties": { "id": 1187, "latitude": 44.64095283, "longitude": -63.57990864, "CLOSURE_TYPE": "Utility", "START_DATE": "Thu, 01 Sep 2022 03:00:00 GMT", "END_DATE": "Fri, 30 Sep 2022 03:00:00 GMT", "START_TIME": "24 hours", "END_TIME": "24 hours" }, "geometry": { "type": "Point", "coordinates": [ -63.57990864, 44.64095283 ] } },
{ "type": "Feature", "properties": { "id": 1192, "latitude": 44.65224227, "longitude": -63.58063267, "CLOSURE_TYPE": "Development", "START_DATE": "Thu, 06 Jul 2023 03:00:00 GMT", "END_DATE": "Fri, 07 Jul 2023 03:00:00 GMT", "START_TIME": "9:00AM", "END_TIME": "4:00PM" }, "geometry": { "type": "Point", "coordinates": [ -63.58063267, 44.65224227 ] } },
{ "type": "Feature", "properties": { "id": 1195, "latitude": 44.645024, "longitude": -63.57151006, "CLOSURE_TYPE": "Development", "START_DATE": "Sat, 19 Feb 2022 08:00:00 GMT", "END_DATE": "Mon, 21 Feb 2022 08:00:00 GMT", "START_TIME": "8:00AM", "END_TIME": "9:00PM" }, "geometry": { "type": "Point", "coordinates": [ -63.57151006, 44.645024 ] } },
{ "type": "Feature", "properties": { "id": 1200, "latitude": 44.65241103, "longitude": -63.58387947, "CLOSURE_TYPE": "Utility", "START_DATE": "Fri, 13 Aug 2021 06:00:00 GMT", "END_DATE": "Sat, 14 Aug 2021 06:00:00 GMT", "START_TIME": "7AM Friday", "END_TIME": "7AM Saturday" }, "geometry": { "type": "Point", "coordinates": [ -63.58387947, 44.65241103 ] } },
{ "type": "Feature", "properties": { "id": 1202, "latitude": 44.64076534, "longitude": -63.58496735, "CLOSURE_TYPE": "Utility", "START_DATE": "Mon, 01 Nov 2021 06:00:00 GMT", "END_DATE": "Fri, 05 Nov 2021 06:00:00 GMT", "START_TIME": "7.00AM", "END_TIME": "5.00PM" }, "geometry": { "type": "Point", "coordinates": [ -63.58496735, 44.64076534 ] } },
{ "type": "Feature", "properties": { "id": 1204, "latitude": 44.65210507, "longitude": -63.5887719, "CLOSURE_TYPE": "Utility", "START_DATE": "Wed, 19 Feb 2020 08:00:00 GMT", "END_DATE": "Wed, 19 Feb 2020 08:00:00 GMT", "START_TIME": "7.00AM", "END_TIME": "9.30PM" }, "geometry": { "type": "Point", "coordinates": [ -63.5887719, 44.65210507 ] } },
{ "type": "Feature", "properties": { "id": 1217, "latitude": 44.64248996, "longitude": -63.57868242, "CLOSURE_TYPE": "Development", "START_DATE": "Mon, 01 Feb 2021 08:00:00 GMT", "END_DATE": "Fri, 12 Feb 2021 08:00:00 GMT", "START_TIME": "7:00 AM", "END_TIME": "7:00 PM" }, "geometry": { "type": "Point", "coordinates": [ -63.57868242, 44.64248996 ] } },
{ "type": "Feature", "properties": { "id": 1218, "latitude": 44.65362092, "longitude": -63.58861498, "CLOSURE_TYPE": "Special Event", "START_DATE": "Sun, 09 Jun 2024 06:00:00 GMT", "END_DATE": "Sun, 09 Jun 2024 06:00:00 GMT", "START_TIME": "9AM", "END_TIME": "4PM" }, "geometry": { "type": "Point", "coordinates": [ -63.58861498, 44.65362092 ] } },
{ "type": "Feature", "properties": { "id": 1223, "latitude": 44.64574428, "longitude": -63.57549852, "CLOSURE_TYPE": "Construction", "START_DATE": "Wed, 26 Jun 2024 06:00:00 GMT", "END_DATE": "Wed, 26 Jun 2024 06:00:00 GMT", "START_TIME": "6:30AM", "END_TIME": "4:00PM" }, "geometry": { "type": "Point", "coordinates": [ -63.57549852, 44.64574428 ] } },
{ "type": "Feature", "properties": { "id": 1227, "latitude": 44.64249063, "longitude": -63.57868779, "CLOSURE_TYPE": "Development", "START_DATE": "Thu, 06 Aug 2020 06:00:00 GMT", "END_DATE": "Thu, 06 Aug 2020 06:00:00 GMT", "START_TIME": "7:00 AM", "END_TIME": "6:00 PM" }, "geometry": { "type": "Point", "coordinates": [ -63.57868779, 44.64249063 ] } },
{ "type": "Feature", "properties": { "id": 1239, "latitude": 44.64734386, "longitude": -63.59172525, "CLOSURE_TYPE": "Development", "START_DATE": "Mon, 17 Mar 2025 06:00:00 GMT", "END_DATE": "Sun, 23 Mar 2025 06:00:00 GMT", "START_TIME": "24 hours", "END_TIME": "24 hours" }, "geometry": { "type": "Point", "coordinates": [ -63.59172525, 44.64734386 ] } },
{ "type": "Feature", "properties": { "id": 1242, "latitude": 44.6449683, "longitude": -63.57434499, "CLOSURE_TYPE": "Construction", "START_DATE": "Tue, 21 Feb 2023 04:00:00 GMT", "END_DATE": "Fri, 24 Feb 2023 04:00:00 GMT", "START_TIME": "8AM", "END_TIME": "8PM" }, "geometry": { "type": "Point", "coordinates": [ -63.57434499, 44.6449683 ] } },
{ "type": "Feature", "properties": { "id": 1244, "latitude": 44.64596562, "longitude": -63.57420015, "CLOSURE_TYPE": "Special Event", "START_DATE": "Fri, 27 Sep 2019 06:00:00 GMT", "END_DATE": "Fri, 27 Sep 2019 06:00:00 GMT", "START_TIME": "9:00AM", "END_TIME": "4:00PM" }, "geometry": { "type": "Point", "coordinates": [ -63.57420015, 44.64596562 ] } },
{ "type": "Feature", "properties": { "id": 1247, "latitude": 44.64964583, "longitude": -63.58437424, "CLOSURE_TYPE": "Special Event", "START_DATE": "Sat, 21 May 2022 06:00:00 GMT", "END_DATE": "Sun, 22 May 2022 06:00:00 GMT", "START_TIME": "8:00AM", "END_TIME": "2:00PM" }, "geometry": { "type": "Point", "coordinates": [ -63.58437424, 44.64964583 ] } },
{ "type": "Feature", "properties": { "id": 1252, "latitude": 44.65246965, "longitude": -63.58389184, "CLOSURE_TYPE": "Development", "START_DATE": "Mon, 22 Nov 2021 08:00:00 GMT", "END_DATE": "Fri, 26 Nov 2021 08:00:00 GMT", "START_TIME": "9AM", "END_TIME": "4PM" }, "geometry": { "type": "Point", "coordinates": [ -63.58389184, 44.65246965 ] } },
{ "type": "Feature", "properties": { "id": 1255, "latitude": 44.64732131, "longitude": -63.57340812, "CLOSURE_TYPE": "Development", "START_DATE": "Mon, 04 Mar 2024 08:00:00 GMT", "END_DATE": "Tue, 05 Mar 2024 08:00:00 GMT", "START_TIME": "9:00AM", "END_TIME": "4:00PM" }, "geometry": { "type": "Point", "coordinates": [ -63.57340812, 44.64732131 ] } },
{ "type": "Feature", "properties": { "id": 1261, "latitude": 44.64671635, "longitude": -63.58587265, "CLOSURE_TYPE": "Special Event", "START_DATE": "Sun, 31 Jul 2022 06:00:00 GMT", "END_DATE": "Sun, 31 Jul 2022 06:00:00 GMT", "START_TIME": "7AM", "END_TIME": "6PM" }, "geometry": { "type": "Point", "coordinates": [ -63.58587265, 44.64671635 ] } },
{ "type": "Feature", "properties": { "id": 1262, "latitude": 44.65084926, "longitude": -63.57474668, "CLOSURE_TYPE": "Construction", "START_DATE": "Wed, 07 Dec 2022 04:00:00 GMT", "END_DATE": "Sun, 31 Mar 2024 06:00:00 GMT", "START_TIME": "6AM", "END_TIME": "11:59PM" }, "geometry": { "type": "Point", "coordinates": [ -63.57474668, 44.65084926 ] } },
{ "type": "Feature", "properties": { "id": 1263, "latitude": 44.64933459, "longitude": -63.58493395, "CLOSURE_TYPE": "Special Event", "START_DATE": "Sat, 17 May 2025 06:00:00 GMT", "END_DATE": "Sat, 17 May 2025 06:00:00 GMT", "START_TIME": "8:00am", "END_TIME": "1:00pm" }, "geometry": { "type": "Point", "coordinates": [ -63.58493395, 44.64933459 ] } },
{ "type": "Feature", "properties": { "id": 1264, "latitude": 44.64401914, "longitude": -63.57512112, "CLOSURE_TYPE": "Development", "START_DATE": "Wed, 04 Sep 2019 06:00:00 GMT", "END_DATE": "Wed, 04 Sep 2019 06:00:00 GMT", "START_TIME": "9AM", "END_TIME": "4PM" }, "geometry": { "type": "Point", "coordinates": [ -63.57512112, 44.64401914 ] } },
{ "type": "Feature", "properties": { "id": 1265, "latitude": 44.64231081, "longitude": -63.57956288, "CLOSURE_TYPE": "Development", "START_DATE": "Thu, 12 Jun 2025 06:00:00 GMT", "END_DATE": "Fri, 13 Jun 2025 06:00:00 GMT", "START_TIME": "9:00AM", "END_TIME": "3:30PM" }, "geometry": { "type": "Point", "coordinates": [ -63.57956288, 44.64231081 ] } },
{ "type": "Feature", "properties": { "id": 1268, "latitude": 44.64473554, "longitude": -63.57267526, "CLOSURE_TYPE": "Development", "START_DATE": "Mon, 28 Sep 2020 06:00:00 GMT", "END_DATE": "Mon, 28 Sep 2020 06:00:00 GMT", "START_TIME": "8:00 AM", "END_TIME": "2:30 PM" }, "geometry": { "type": "Point", "coordinates": [ -63.57267526, 44.64473554 ] } },
{ "type": "Feature", "properties": { "id": 1269, "latitude": 44.65087675, "longitude": -63.57580843, "CLOSURE_TYPE": "Construction", "START_DATE": "Wed, 17 Aug 2022 03:00:00 GMT", "END_DATE": "Sun, 01 Sep 2024 06:00:00 GMT", "START_TIME": "12:01AM", "END_TIME": "11:59PM" }, "geometry": { "type": "Point", "coordinates": [ -63.57580843, 44.65087675 ] } },
{ "type": "Feature", "properties": { "id": 1274, "latitude": 44.65384712, "longitude": -63.59130477, "CLOSURE_TYPE": "Development", "START_DATE": "Mon, 28 Mar 2022 06:00:00 GMT", "END_DATE": "Fri, 01 Apr 2022 06:00:00 GMT", "START_TIME": "9AM on Monday", "END_TIME": "9PM on Friday" }, "geometry": { "type": "Point", "coordinates": [ -63.59130477, 44.65384712 ] } },
{ "type": "Feature", "properties": { "id": 1279, "latitude": 44.64892589, "longitude": -63.57570659, "CLOSURE_TYPE": "Special Event", "START_DATE": "Fri, 18 Aug 2023 03:00:00 GMT", "END_DATE": "Sun, 20 Aug 2023 03:00:00 GMT", "START_TIME": "8:00AM", "END_TIME": "2:00AM" }, "geometry": { "type": "Point", "coordinates": [ -63.57570659, 44.64892589 ] } },
{ "type": "Feature", "properties": { "id": 1280, "latitude": 44.6534859, "longitude": -63.58223797, "CLOSURE_TYPE": "Construction", "START_DATE": "Mon, 28 Oct 2024 06:00:00 GMT", "END_DATE": "Sat, 14 Dec 2024 08:00:00 GMT", "START_TIME": "24 hours", "END_TIME": "24 hours" }, "geometry": { "type": "Point", "coordinates": [ -63.58223797, 44.6534859 ] } },
{ "type": "Feature", "properties": { "id": 1281, "latitude": 44.65287602, "longitude": -63.58771159, "CLOSURE_TYPE": "Utility", "START_DATE": "Thu, 08 Jul 2021 06:00:00 GMT", "END_DATE": "Thu, 08 Jul 2021 06:00:00 GMT", "START_TIME": "7:00AM", "END_TIME": "10:00PM" }, "geometry": { "type": "Point", "coordinates": [ -63.58771159, 44.65287602 ] } },
{ "type": "Feature", "properties": { "id": 1282, "latitude": 44.64074497, "longitude": -63.57076777, "CLOSURE_TYPE": "Utility", "START_DATE": "Fri, 27 Aug 2021 06:00:00 GMT", "END_DATE": "Fri, 27 Aug 2021 06:00:00 GMT", "START_TIME": "7:00AM", "END_TIME": "10:00PM" }, "geometry": { "type": "Point", "coordinates": [ -63.57076777, 44.64074497 ] } },
{ "type": "Feature", "properties": { "id": 1287, "latitude": 44.65239776, "longitude": -63.58389727, "CLOSURE_TYPE": "Development", "START_DATE": "Wed, 30 Nov 2022 04:00:00 GMT", "END_DATE": "Fri, 02 Dec 2022 04:00:00 GMT", "START_TIME": "9am each day", "END_TIME": "4pm each day" }, "geometry": { "type": "Point", "coordinates": [ -63.58389727, 44.65239776 ] } },
{ "type": "Feature", "properties": { "id": 1288, "latitude": 44.64214935, "longitude": -63.58025024, "CLOSURE_TYPE": "Construction", "START_DATE": "Fri, 10 Dec 2021 08:00:00 GMT", "END_DATE": "Mon, 13 Dec 2021 08:00:00 GMT", "START_TIME": "5AM", "END_TIME": "6AM" }, "geometry": { "type": "Point", "coordinates": [ -63.58025024, 44.64214935 ] } },
{ "type": "Feature", "properties": { "id": 1289, "latitude": 44.64730141, "longitude": -63.57341518, "CLOSURE_TYPE": "Development", "START_DATE": "Tue, 05 Nov 2019 08:00:00 GMT", "END_DATE": "Tue, 05 Nov 2019 08:00:00 GMT", "START_TIME": "5AM", "END_TIME": "8AM" }, "geometry": { "type": "Point", "coordinates": [ -63.57341518, 44.64730141 ] } },
{ "type": "Feature", "properties": { "id": 1292, "latitude": 44.64700093, "longitude": -63.57474825, "CLOSURE_TYPE": "Special Event", "START_DATE": "Fri, 06 Dec 2019 08:00:00 GMT", "END_DATE": "Fri, 06 Dec 2019 08:00:00 GMT", "START_TIME": "5:00PM", "END_TIME": "10:00PM" }, "geometry": { "type": "Point", "coordinates": [ -63.57474825, 44.64700093 ] } },
{ "type": "Feature", "properties": { "id": 1295, "latitude": 44.64419609, "longitude": -63.59210386, "CLOSURE_TYPE": "Block Party", "START_DATE": "Sat, 14 Sep 2024 06:00:00 GMT", "END_DATE": "Sat, 14 Sep 2024 06:00:00 GMT", "START_TIME": "12:00PM", "END_TIME": "10:00PM" }, "geometry": { "type": "Point", "coordinates": [ -63.59210386, 44.64419609 ] } },
{ "type": "Feature", "properties": { "id": 1299, "latitude": 44.64303161, "longitude": -63.57699837, "CLOSURE_TYPE": "Special Event", "START_DATE": "Sun, 18 Sep 2022 03:00:00 GMT", "END_DATE": "Sun, 18 Sep 2022 03:00:00 GMT", "START_TIME": "11:30AM", "END_TIME": "5:00PM" }, "geometry": { "type": "Point", "coordinates": [ -63.57699837, 44.64303161 ] } },
{ "type": "Feature", "properties": { "id": 1303, "latitude": 44.64441196, "longitude": -63.58087775, "CLOSURE_TYPE": "Special Event", "START_DATE": "Sat, 20 May 2023 03:00:00 GMT", "END_DATE": "Sat, 20 May 2023 03:00:00 GMT", "START_TIME": "8:00AM", "END_TIME": "12:00PM" }, "geometry": { "type": "Point", "coordinates": [ -63.58087775, 44.64441196 ] } },
{ "type": "Feature", "properties": { "id": 1304, "latitude": 44.64894842, "longitude": -63.57571533, "CLOSURE_TYPE": "Special Event", "START_DATE": "Sat, 31 Dec 2022 04:00:00 GMT", "END_DATE": "Sun, 01 Jan 2023 04:00:00 GMT", "START_TIME": "8:00AM", "END_TIME": "2:00AM" }, "geometry": { "type": "Point", "coordinates": [ -63.57571533, 44.64894842 ] } },
{ "type": "Feature", "properties": { "id": 1309, "latitude": 44.64530546, "longitude": -63.57306642, "CLOSURE_TYPE": "Development", "START_DATE": "Thu, 30 Dec 2021 08:00:00 GMT", "END_DATE": "Thu, 30 Dec 2021 08:00:00 GMT", "START_TIME": "8:00AM", "END_TIME": "12:00PM" }, "geometry": { "type": "Point", "coordinates": [ -63.57306642, 44.64530546 ] } },
{ "type": "Feature", "properties": { "id": 1311, "latitude": 44.64942385, "longitude": -63.57447476, "CLOSURE_TYPE": "Special Event", "START_DATE": "Tue, 02 Nov 2021 06:00:00 GMT", "END_DATE": "Tue, 02 Nov 2021 06:00:00 GMT", "START_TIME": "8AM", "END_TIME": "12PM" }, "geometry": { "type": "Point", "coordinates": [ -63.57447476, 44.64942385 ] } },
{ "type": "Feature", "properties": { "id": 1312, "latitude": 44.64822473, "longitude": -63.5745839, "CLOSURE_TYPE": "Utility", "START_DATE": "Sun, 06 Oct 2024 06:00:00 GMT", "END_DATE": "Wed, 16 Oct 2024 06:00:00 GMT", "START_TIME": "7:00pm each night", "END_TIME": "6:00am each morning" }, "geometry": { "type": "Point", "coordinates": [ -63.5745839, 44.64822473 ] } },
{ "type": "Feature", "properties": { "id": 1313, "latitude": 44.64031258, "longitude": -63.58261741, "CLOSURE_TYPE": "Development", "START_DATE": "Thu, 13 Apr 2023 03:00:00 GMT", "END_DATE": "Thu, 13 Apr 2023 03:00:00 GMT", "START_TIME": "9:00AM", "END_TIME": "4:00PM" }, "geometry": { "type": "Point", "coordinates": [ -63.58261741, 44.64031258 ] } },
{ "type": "Feature", "properties": { "id": 1317, "latitude": 44.65080137, "longitude": -63.59223249, "CLOSURE_TYPE": "Construction", "START_DATE": "Mon, 05 Oct 2020 06:00:00 GMT", "END_DATE": "Tue, 06 Oct 2020 06:00:00 GMT", "START_TIME": "7:00 AM", "END_TIME": "7:00 PM" }, "geometry": { "type": "Point", "coordinates": [ -63.59223249, 44.65080137 ] } },
{ "type": "Feature", "properties": { "id": 1323, "latitude": 44.64514768, "longitude": -63.57381929, "CLOSURE_TYPE": "Other", "START_DATE": "Mon, 22 Apr 2024 06:00:00 GMT", "END_DATE": "Tue, 12 Nov 2024 08:00:00 GMT", "START_TIME": "8AM", "END_TIME": "8AM" }, "geometry": { "type": "Point", "coordinates": [ -63.57381929, 44.64514768 ] } },
{ "type": "Feature", "properties": { "id": 1326, "latitude": 44.651712, "longitude": -63.58810465, "CLOSURE_TYPE": "Special Event", "START_DATE": "Sat, 20 May 2023 03:00:00 GMT", "END_DATE": "Sun, 21 May 2023 03:00:00 GMT", "START_TIME": "8:00AM", "END_TIME": "2:00PM" }, "geometry": { "type": "Point", "coordinates": [ -63.58810465, 44.651712 ] } },
{ "type": "Feature", "properties": { "id": 1330, "latitude": 44.64857557, "longitude": -63.57319892, "CLOSURE_TYPE": "Utility", "START_DATE": "Mon, 10 Aug 2020 06:00:00 GMT", "END_DATE": "Wed, 12 Aug 2020 06:00:00 GMT", "START_TIME": "6:00 PM", "END_TIME": "8:00 AM" }, "geometry": { "type": "Point", "coordinates": [ -63.57319892, 44.64857557 ] } },
{ "type": "Feature", "properties": { "id": 1332, "latitude": 44.64555327, "longitude": -63.57624072, "CLOSURE_TYPE": "Special Event", "START_DATE": "Sat, 06 Nov 2021 06:00:00 GMT", "END_DATE": "Sun, 07 Nov 2021 07:00:00 GMT", "START_TIME": "5:00 AM", "END_TIME": "1:00 PM" }, "geometry": { "type": "Point", "coordinates": [ -63.57624072, 44.64555327 ] } },
{ "type": "Feature", "properties": { "id": 1335, "latitude": 44.6427934, "longitude": -63.57793312, "CLOSURE_TYPE": "Development", "START_DATE": "Fri, 25 Apr 2025 06:00:00 GMT", "END_DATE": "Mon, 28 Apr 2025 06:00:00 GMT", "START_TIME": "9am", "END_TIME": "3:30pm" }, "geometry": { "type": "Point", "coordinates": [ -63.57793312, 44.6427934 ] } },
{ "type": "Feature", "properties": { "id": 1336, "latitude": 44.64964829, "longitude": -63.57334405, "CLOSURE_TYPE": "Construction", "START_DATE": "Fri, 07 Oct 2022 03:00:00 GMT", "END_DATE": "Tue, 11 Oct 2022 03:00:00 GMT", "START_TIME": "9.00PM", "END_TIME": "5.00AM" }, "geometry": { "type": "Point", "coordinates": [ -63.57334405, 44.64964829 ] } },
{ "type": "Feature", "properties": { "id": 1339, "latitude": 44.64075198, "longitude": -63.58499417, "CLOSURE_TYPE": "Development", "START_DATE": "Mon, 04 Oct 2021 06:00:00 GMT", "END_DATE": "Tue, 05 Oct 2021 06:00:00 GMT", "START_TIME": "7AM", "END_TIME": "9PM" }, "geometry": { "type": "Point", "coordinates": [ -63.58499417, 44.64075198 ] } },
{ "type": "Feature", "properties": { "id": 1340, "latitude": 44.64444427, "longitude": -63.58089427, "CLOSURE_TYPE": "Special Event", "START_DATE": "Sat, 20 Jul 2024 06:00:00 GMT", "END_DATE": "Sat, 20 Jul 2024 06:00:00 GMT", "START_TIME": "12:00PM", "END_TIME": "3:00PM" }, "geometry": { "type": "Point", "coordinates": [ -63.58089427, 44.64444427 ] } },
{ "type": "Feature", "properties": { "id": 1342, "latitude": 44.64515804, "longitude": -63.57380998, "CLOSURE_TYPE": "Other", "START_DATE": "Tue, 02 May 2023 03:00:00 GMT", "END_DATE": "Mon, 13 Nov 2023 04:00:00 GMT", "START_TIME": "8AM", "END_TIME": "8AM" }, "geometry": { "type": "Point", "coordinates": [ -63.57380998, 44.64515804 ] } },
{ "type": "Feature", "properties": { "id": 1348, "latitude": 44.65020718, "longitude": -63.5922409, "CLOSURE_TYPE": "Block Party", "START_DATE": "Sat, 21 Sep 2019 06:00:00 GMT", "END_DATE": "Sat, 21 Sep 2019 06:00:00 GMT", "START_TIME": "12:00PM", "END_TIME": "7:00PM" }, "geometry": { "type": "Point", "coordinates": [ -63.5922409, 44.65020718 ] } },
{ "type": "Feature", "properties": { "id": 1352, "latitude": 44.6503862, "longitude": -63.58091956, "CLOSURE_TYPE": "Special Event", "START_DATE": "Sat, 21 May 2022 06:00:00 GMT", "END_DATE": "Sun, 22 May 2022 06:00:00 GMT", "START_TIME": "6:00AM", "END_TIME": "2:00PM" }, "geometry": { "type": "Point", "coordinates": [ -63.58091956, 44.6503862 ] } },
{ "type": "Feature", "properties": { "id": 1360, "latitude": 44.64570398, "longitude": -63.58346417, "CLOSURE_TYPE": "Special Event", "START_DATE": "Sat, 20 May 2023 03:00:00 GMT", "END_DATE": "Sun, 21 May 2023 03:00:00 GMT", "START_TIME": "8:00AM", "END_TIME": "1:00PM" }, "geometry": { "type": "Point", "coordinates": [ -63.58346417, 44.64570398 ] } },
{ "type": "Feature", "properties": { "id": 1368, "latitude": 44.64724864, "longitude": -63.59008007, "CLOSURE_TYPE": "Special Event", "START_DATE": "Sun, 04 Aug 2019 06:00:00 GMT", "END_DATE": "Sun, 04 Aug 2019 06:00:00 GMT", "START_TIME": "930AM", "END_TIME": "1130PM" }, "geometry": { "type": "Point", "coordinates": [ -63.59008007, 44.64724864 ] } },
{ "type": "Feature", "properties": { "id": 1369, "latitude": 44.64778464, "longitude": -63.57223063, "CLOSURE_TYPE": "Special Event", "START_DATE": "Sat, 12 Aug 2023 03:00:00 GMT", "END_DATE": "Sat, 12 Aug 2023 03:00:00 GMT", "START_TIME": "8:00AM", "END_TIME": "3:00PM" }, "geometry": { "type": "Point", "coordinates": [ -63.57223063, 44.64778464 ] } },
{ "type": "Feature", "properties": { "id": 1372, "latitude": 44.64358551, "longitude": -63.57486466, "CLOSURE_TYPE": "Special Event", "START_DATE": "Sat, 20 Jul 2024 06:00:00 GMT", "END_DATE": "Sat, 20 Jul 2024 06:00:00 GMT", "START_TIME": "12:00PM", "END_TIME": "3:00PM" }, "geometry": { "type": "Point", "coordinates": [ -63.57486466, 44.64358551 ] } },
{ "type": "Feature", "properties": { "id": 1376, "latitude": 44.65080176, "longitude": -63.59226098, "CLOSURE_TYPE": "Special Event", "START_DATE": "Sun, 23 Jul 2023 03:00:00 GMT", "END_DATE": "Sun, 23 Jul 2023 03:00:00 GMT", "START_TIME": "2PM", "END_TIME": "4PM" }, "geometry": { "type": "Point", "coordinates": [ -63.59226098, 44.65080176 ] } },
{ "type": "Feature", "properties": { "id": 1377, "latitude": 44.64285946, "longitude": -63.577725, "CLOSURE_TYPE": "Construction", "START_DATE": "Mon, 07 Jun 2021 06:00:00 GMT", "END_DATE": "Tue, 30 Nov 2021 08:00:00 GMT", "START_TIME": "7:00 AM", "END_TIME": "9:00 PM" }, "geometry": { "type": "Point", "coordinates": [ -63.577725, 44.64285946 ] } },
{ "type": "Feature", "properties": { "id": 1385, "latitude": 44.64901831, "longitude": -63.57578419, "CLOSURE_TYPE": "Construction", "START_DATE": "Sun, 28 Nov 2021 08:00:00 GMT", "END_DATE": "Sun, 28 Nov 2021 08:00:00 GMT", "START_TIME": "6AM", "END_TIME": "12PM" }, "geometry": { "type": "Point", "coordinates": [ -63.57578419, 44.64901831 ] } },
{ "type": "Feature", "properties": { "id": 1386, "latitude": 44.65235702, "longitude": -63.58685866, "CLOSURE_TYPE": "Development", "START_DATE": "Thu, 07 Dec 2023 08:00:00 GMT", "END_DATE": "Thu, 07 Dec 2023 08:00:00 GMT", "START_TIME": "9AM", "END_TIME": "4PM" }, "geometry": { "type": "Point", "coordinates": [ -63.58685866, 44.65235702 ] } },
{ "type": "Feature", "properties": { "id": 1397, "latitude": 44.64143951, "longitude": -63.57817637, "CLOSURE_TYPE": "Construction", "START_DATE": "Tue, 05 Sep 2023 03:00:00 GMT", "END_DATE": "Tue, 19 Sep 2023 03:00:00 GMT", "START_TIME": "7AM", "END_TIME": "7PM" }, "geometry": { "type": "Point", "coordinates": [ -63.57817637, 44.64143951 ] } },
{ "type": "Feature", "properties": { "id": 1399, "latitude": 44.64643098, "longitude": -63.57294372, "CLOSURE_TYPE": "Construction", "START_DATE": "Sat, 15 Jun 2019 06:00:00 GMT", "END_DATE": "Sat, 15 Jun 2019 06:00:00 GMT", "START_TIME": "8AM", "END_TIME": "12PM" }, "geometry": { "type": "Point", "coordinates": [ -63.57294372, 44.64643098 ] } },
{ "type": "Feature", "properties": { "id": 1403, "latitude": 44.64084831, "longitude": -63.57473624, "CLOSURE_TYPE": "Development", "START_DATE": "Wed, 10 Jul 2019 06:00:00 GMT", "END_DATE": "Wed, 10 Jul 2019 06:00:00 GMT", "START_TIME": "9AM", "END_TIME": "4PM" }, "geometry": { "type": "Point", "coordinates": [ -63.57473624, 44.64084831 ] } },
{ "type": "Feature", "properties": { "id": 1405, "latitude": 44.65409056, "longitude": -63.58497228, "CLOSURE_TYPE": "Development", "START_DATE": "Thu, 08 Feb 2024 08:00:00 GMT", "END_DATE": "Fri, 09 Feb 2024 08:00:00 GMT", "START_TIME": "7AM", "END_TIME": "6PM" }, "geometry": { "type": "Point", "coordinates": [ -63.58497228, 44.65409056 ] } },
{ "type": "Feature", "properties": { "id": 1408, "latitude": 44.64097748, "longitude": -63.56800329, "CLOSURE_TYPE": "Utility", "START_DATE": "Sat, 24 Aug 2024 06:00:00 GMT", "END_DATE": "Sat, 24 Aug 2024 06:00:00 GMT", "START_TIME": "8AM", "END_TIME": "4PM" }, "geometry": { "type": "Point", "coordinates": [ -63.56800329, 44.64097748 ] } },
{ "type": "Feature", "properties": { "id": 1417, "latitude": 44.64936535, "longitude": -63.58539702, "CLOSURE_TYPE": "Special Event", "START_DATE": "Sat, 20 May 2023 03:00:00 GMT", "END_DATE": "Sun, 21 May 2023 03:00:00 GMT", "START_TIME": "8:00AM", "END_TIME": "12:00PM" }, "geometry": { "type": "Point", "coordinates": [ -63.58539702, 44.64936535 ] } },
{ "type": "Feature", "properties": { "id": 1418, "latitude": 44.64473573, "longitude": -63.57267401, "CLOSURE_TYPE": "Other", "START_DATE": "Sat, 18 Sep 2021 06:00:00 GMT", "END_DATE": "Sun, 19 Sep 2021 06:00:00 GMT", "START_TIME": "4:00 PM", "END_TIME": "7:00 PM" }, "geometry": { "type": "Point", "coordinates": [ -63.57267401, 44.64473573 ] } },
{ "type": "Feature", "properties": { "id": 1423, "latitude": 44.65097631, "longitude": -63.58354024, "CLOSURE_TYPE": "Special Event", "START_DATE": "Sat, 06 Jul 2024 06:00:00 GMT", "END_DATE": "Sat, 06 Jul 2024 06:00:00 GMT", "START_TIME": "9AM", "END_TIME": "4PM" }, "geometry": { "type": "Point", "coordinates": [ -63.58354024, 44.65097631 ] } },
{ "type": "Feature", "properties": { "id": 1427, "latitude": 44.64189517, "longitude": -63.57631498, "CLOSURE_TYPE": "Construction", "START_DATE": "Thu, 09 Dec 2021 08:00:00 GMT", "END_DATE": "Fri, 10 Dec 2021 08:00:00 GMT", "START_TIME": "6PM", "END_TIME": "7AM" }, "geometry": { "type": "Point", "coordinates": [ -63.57631498, 44.64189517 ] } },
{ "type": "Feature", "properties": { "id": 1428, "latitude": 44.64625632, "longitude": -63.57358247, "CLOSURE_TYPE": "Development", "START_DATE": "Tue, 18 Jun 2024 06:00:00 GMT", "END_DATE": "Wed, 19 Jun 2024 06:00:00 GMT", "START_TIME": "11:ooPM", "END_TIME": "2:00AM" }, "geometry": { "type": "Point", "coordinates": [ -63.57358247, 44.64625632 ] } },
{ "type": "Feature", "properties": { "id": 1430, "latitude": 44.64700155, "longitude": -63.57476701, "CLOSURE_TYPE": "Special Event", "START_DATE": "Sun, 15 Sep 2019 06:00:00 GMT", "END_DATE": "Sun, 15 Sep 2019 06:00:00 GMT", "START_TIME": "11AM", "END_TIME": "5PM" }, "geometry": { "type": "Point", "coordinates": [ -63.57476701, 44.64700155 ] } },
{ "type": "Feature", "properties": { "id": 1431, "latitude": 44.64237317, "longitude": -63.56874616, "CLOSURE_TYPE": "Utility", "START_DATE": "Mon, 12 Aug 2024 06:00:00 GMT", "END_DATE": "Fri, 30 Aug 2024 06:00:00 GMT", "START_TIME": "7:00AM", "END_TIME": "4:00PM" }, "geometry": { "type": "Point", "coordinates": [ -63.56874616, 44.64237317 ] } },
{ "type": "Feature", "properties": { "id": 1437, "latitude": 44.64123478, "longitude": -63.57856511, "CLOSURE_TYPE": "Development", "START_DATE": "Mon, 04 Nov 2019 08:00:00 GMT", "END_DATE": "Fri, 08 Nov 2019 08:00:00 GMT", "START_TIME": "7AM", "END_TIME": "7PM" }, "geometry": { "type": "Point", "coordinates": [ -63.57856511, 44.64123478 ] } },
{ "type": "Feature", "properties": { "id": 1440, "latitude": 44.65080076, "longitude": -63.58647457, "CLOSURE_TYPE": "Special Event", "START_DATE": "Tue, 16 Jul 2024 06:00:00 GMT", "END_DATE": "Tue, 16 Jul 2024 06:00:00 GMT", "START_TIME": "9AM", "END_TIME": "4PM" }, "geometry": { "type": "Point", "coordinates": [ -63.58647457, 44.65080076 ] } },
{ "type": "Feature", "properties": { "id": 1452, "latitude": 44.6541007, "longitude": -63.58496632, "CLOSURE_TYPE": "Development", "START_DATE": "Fri, 07 Mar 2025 08:00:00 GMT", "END_DATE": "Fri, 07 Mar 2025 08:00:00 GMT", "START_TIME": "10am", "END_TIME": "2pm" }, "geometry": { "type": "Point", "coordinates": [ -63.58496632, 44.6541007 ] } },
{ "type": "Feature", "properties": { "id": 1454, "latitude": 44.6407377, "longitude": -63.58501353, "CLOSURE_TYPE": "Development", "START_DATE": "Sun, 16 May 2021 06:00:00 GMT", "END_DATE": "Sun, 16 May 2021 06:00:00 GMT", "START_TIME": "8:00 AM", "END_TIME": "5:00 PM" }, "geometry": { "type": "Point", "coordinates": [ -63.58501353, 44.6407377 ] } },
{ "type": "Feature", "properties": { "id": 1457, "latitude": 44.64969333, "longitude": -63.58512171, "CLOSURE_TYPE": "Special Event", "START_DATE": "Sun, 18 May 2025 06:00:00 GMT", "END_DATE": "Sun, 18 May 2025 06:00:00 GMT", "START_TIME": "8:00am", "END_TIME": "2:00pm" }, "geometry": { "type": "Point", "coordinates": [ -63.58512171, 44.64969333 ] } },
{ "type": "Feature", "properties": { "id": 1459, "latitude": 44.64704253, "longitude": -63.57476716, "CLOSURE_TYPE": "Special Event", "START_DATE": "Fri, 13 Sep 2019 06:00:00 GMT", "END_DATE": "Mon, 16 Sep 2019 06:00:00 GMT", "START_TIME": "5PM", "END_TIME": "6AM" }, "geometry": { "type": "Point", "coordinates": [ -63.57476716, 44.64704253 ] } },
{ "type": "Feature", "properties": { "id": 1463, "latitude": 44.64994978, "longitude": -63.58335327, "CLOSURE_TYPE": "Development", "START_DATE": "Tue, 02 Jan 2024 08:00:00 GMT", "END_DATE": "Mon, 08 Jan 2024 08:00:00 GMT", "START_TIME": "7AM", "END_TIME": "10PM" }, "geometry": { "type": "Point", "coordinates": [ -63.58335327, 44.64994978 ] } },
{ "type": "Feature", "properties": { "id": 1466, "latitude": 44.65410599, "longitude": -63.58500796, "CLOSURE_TYPE": "Development", "START_DATE": "Tue, 20 May 2025 06:00:00 GMT", "END_DATE": "Thu, 22 May 2025 06:00:00 GMT", "START_TIME": "7:00 am (1 day)", "END_TIME": "2:00 pm (1 day)" }, "geometry": { "type": "Point", "coordinates": [ -63.58500796, 44.65410599 ] } },
{ "type": "Feature", "properties": { "id": 1470, "latitude": 44.64645525, "longitude": -63.57295711, "CLOSURE_TYPE": "Development", "START_DATE": "Mon, 28 Apr 2025 06:00:00 GMT", "END_DATE": "Mon, 28 Apr 2025 06:00:00 GMT", "START_TIME": "7:00am", "END_TIME": "6:00pm" }, "geometry": { "type": "Point", "coordinates": [ -63.57295711, 44.64645525 ] } },
{ "type": "Feature", "properties": { "id": 1482, "latitude": 44.64417554, "longitude": -63.57255404, "CLOSURE_TYPE": "Special Event", "START_DATE": "Sat, 19 Nov 2022 04:00:00 GMT", "END_DATE": "Sat, 19 Nov 2022 04:00:00 GMT", "START_TIME": "4:00PM", "END_TIME": "10:00PM" }, "geometry": { "type": "Point", "coordinates": [ -63.57255404, 44.64417554 ] } },
{ "type": "Feature", "properties": { "id": 1489, "latitude": 44.64914598, "longitude": -63.57994648, "CLOSURE_TYPE": "Special Event", "START_DATE": "Sun, 07 Nov 2021 07:00:00 GMT", "END_DATE": "Sun, 07 Nov 2021 07:00:00 GMT", "START_TIME": "5:00 AM", "END_TIME": "2:00 PM" }, "geometry": { "type": "Point", "coordinates": [ -63.57994648, 44.64914598 ] } },
{ "type": "Feature", "properties": { "id": 1490, "latitude": 44.65404157, "longitude": -63.58140339, "CLOSURE_TYPE": "Special Event", "START_DATE": "Sun, 21 May 2023 03:00:00 GMT", "END_DATE": "Sun, 21 May 2023 03:00:00 GMT", "START_TIME": "9:00AM", "END_TIME": "11:00AM" }, "geometry": { "type": "Point", "coordinates": [ -63.58140339, 44.65404157 ] } },
{ "type": "Feature", "properties": { "id": 1494, "latitude": 44.64770029, "longitude": -63.57216836, "CLOSURE_TYPE": "Construction", "START_DATE": "Thu, 19 May 2022 06:00:00 GMT", "END_DATE": "Thu, 19 May 2022 06:00:00 GMT", "START_TIME": "8:00AM", "END_TIME": "4:00PM" }, "geometry": { "type": "Point", "coordinates": [ -63.57216836, 44.64770029 ] } },
{ "type": "Feature", "properties": { "id": 1507, "latitude": 44.64952199, "longitude": -63.58547139, "CLOSURE_TYPE": "Special Event", "START_DATE": "Sat, 25 Nov 2023 08:00:00 GMT", "END_DATE": "Sat, 25 Nov 2023 08:00:00 GMT", "START_TIME": "2PM", "END_TIME": "8PM" }, "geometry": { "type": "Point", "coordinates": [ -63.58547139, 44.64952199 ] } },
{ "type": "Feature", "properties": { "id": 1508, "latitude": 44.64406091, "longitude": -63.57745591, "CLOSURE_TYPE": "Utility", "START_DATE": "Thu, 30 May 2024 06:00:00 GMT", "END_DATE": "Fri, 31 May 2024 06:00:00 GMT", "START_TIME": "8:00AM", "END_TIME": "4:00PM" }, "geometry": { "type": "Point", "coordinates": [ -63.57745591, 44.64406091 ] } },
{ "type": "Feature", "properties": { "id": 1510, "latitude": 44.65088086, "longitude": -63.57893108, "CLOSURE_TYPE": "Other", "START_DATE": "Sat, 11 Sep 2021 06:00:00 GMT", "END_DATE": "Sat, 11 Sep 2021 06:00:00 GMT", "START_TIME": "7:00AM", "END_TIME": "7:00PM" }, "geometry": { "type": "Point", "coordinates": [ -63.57893108, 44.65088086 ] } },
{ "type": "Feature", "properties": { "id": 1511, "latitude": 44.64820048, "longitude": -63.57457255, "CLOSURE_TYPE": "Development", "START_DATE": "Mon, 10 Jan 2022 08:00:00 GMT", "END_DATE": "Mon, 10 Jan 2022 08:00:00 GMT", "START_TIME": "1:00AM", "END_TIME": "5:00AM" }, "geometry": { "type": "Point", "coordinates": [ -63.57457255, 44.64820048 ] } },
{ "type": "Feature", "properties": { "id": 1513, "latitude": 44.64969333, "longitude": -63.58512171, "CLOSURE_TYPE": "Special Event", "START_DATE": "Sat, 17 May 2025 06:00:00 GMT", "END_DATE": "Sat, 17 May 2025 06:00:00 GMT", "START_TIME": "8:00am", "END_TIME": "1:00pm" }, "geometry": { "type": "Point", "coordinates": [ -63.58512171, 44.64969333 ] } },
{ "type": "Feature", "properties": { "id": 1515, "latitude": 44.64856144, "longitude": -63.573213, "CLOSURE_TYPE": "Utility", "START_DATE": "Fri, 14 Aug 2020 06:00:00 GMT", "END_DATE": "Sat, 15 Aug 2020 06:00:00 GMT", "START_TIME": "5:00 PM", "END_TIME": "5:00 PM" }, "geometry": { "type": "Point", "coordinates": [ -63.573213, 44.64856144 ] } },
{ "type": "Feature", "properties": { "id": 1525, "latitude": 44.64407819, "longitude": -63.57742755, "CLOSURE_TYPE": "Construction", "START_DATE": "Thu, 19 Aug 2021 06:00:00 GMT", "END_DATE": "Fri, 20 Aug 2021 06:00:00 GMT", "START_TIME": "2:00 PM", "END_TIME": "6:00 AM" }, "geometry": { "type": "Point", "coordinates": [ -63.57742755, 44.64407819 ] } },
{ "type": "Feature", "properties": { "id": 1526, "latitude": 44.64416773, "longitude": -63.59209142, "CLOSURE_TYPE": "Block Party", "START_DATE": "Sat, 01 Oct 2022 03:00:00 GMT", "END_DATE": "Sat, 01 Oct 2022 03:00:00 GMT", "START_TIME": "12:00PM", "END_TIME": "10:00PM" }, "geometry": { "type": "Point", "coordinates": [ -63.59209142, 44.64416773 ] } },
{ "type": "Feature", "properties": { "id": 1532, "latitude": 44.64701927, "longitude": -63.57478083, "CLOSURE_TYPE": "Construction", "START_DATE": "Sun, 13 Mar 2022 07:00:00 GMT", "END_DATE": "Sun, 13 Mar 2022 07:00:00 GMT", "START_TIME": "9AM", "END_TIME": "3PM" }, "geometry": { "type": "Point", "coordinates": [ -63.57478083, 44.64701927 ] } },
{ "type": "Feature", "properties": { "id": 1534, "latitude": 44.65288338, "longitude": -63.58326087, "CLOSURE_TYPE": "Development", "START_DATE": "Mon, 02 Dec 2024 08:00:00 GMT", "END_DATE": "Fri, 06 Dec 2024 08:00:00 GMT", "START_TIME": "7:00am", "END_TIME": "5:00pm" }, "geometry": { "type": "Point", "coordinates": [ -63.58326087, 44.65288338 ] } },
{ "type": "Feature", "properties": { "id": 1538, "latitude": 44.64236435, "longitude": -63.57958374, "CLOSURE_TYPE": "Development", "START_DATE": "Mon, 12 May 2025 06:00:00 GMT", "END_DATE": "Tue, 13 May 2025 06:00:00 GMT", "START_TIME": "9:00AM", "END_TIME": "3:30PM" }, "geometry": { "type": "Point", "coordinates": [ -63.57958374, 44.64236435 ] } },
{ "type": "Feature", "properties": { "id": 1541, "latitude": 44.65408269, "longitude": -63.58498539, "CLOSURE_TYPE": "Development", "START_DATE": "Mon, 22 Nov 2021 08:00:00 GMT", "END_DATE": "Fri, 26 Nov 2021 08:00:00 GMT", "START_TIME": "9AM", "END_TIME": "4PM" }, "geometry": { "type": "Point", "coordinates": [ -63.58498539, 44.65408269 ] } },
{ "type": "Feature", "properties": { "id": 1545, "latitude": 44.64962633, "longitude": -63.58539453, "CLOSURE_TYPE": "Special Event", "START_DATE": "Sun, 23 Jul 2023 03:00:00 GMT", "END_DATE": "Sun, 23 Jul 2023 03:00:00 GMT", "START_TIME": "2PM", "END_TIME": "4PM" }, "geometry": { "type": "Point", "coordinates": [ -63.58539453, 44.64962633 ] } },
{ "type": "Feature", "properties": { "id": 1546, "latitude": 44.65039762, "longitude": -63.57393896, "CLOSURE_TYPE": "Construction", "START_DATE": "Tue, 15 Mar 2022 06:00:00 GMT", "END_DATE": "Thu, 06 Jun 2024 06:00:00 GMT", "START_TIME": "9AM", "END_TIME": "7PM" }, "geometry": { "type": "Point", "coordinates": [ -63.57393896, 44.65039762 ] } },
{ "type": "Feature", "properties": { "id": 1547, "latitude": 44.65241485, "longitude": -63.5838741, "CLOSURE_TYPE": "Utility", "START_DATE": "Sat, 14 Aug 2021 06:00:00 GMT", "END_DATE": "Sun, 15 Aug 2021 06:00:00 GMT", "START_TIME": "7AM Saturday", "END_TIME": "7AM Sunday" }, "geometry": { "type": "Point", "coordinates": [ -63.5838741, 44.65241485 ] } },
{ "type": "Feature", "properties": { "id": 1552, "latitude": 44.64698745, "longitude": -63.57478287, "CLOSURE_TYPE": "Other", "START_DATE": "Fri, 05 Jul 2019 06:00:00 GMT", "END_DATE": "Mon, 08 Jul 2019 06:00:00 GMT", "START_TIME": "5PM", "END_TIME": "6AM" }, "geometry": { "type": "Point", "coordinates": [ -63.57478287, 44.64698745 ] } },
{ "type": "Feature", "properties": { "id": 1556, "latitude": 44.64226525, "longitude": -63.57980136, "CLOSURE_TYPE": "Special Event", "START_DATE": "Sat, 19 Nov 2022 04:00:00 GMT", "END_DATE": "Sat, 19 Nov 2022 04:00:00 GMT", "START_TIME": "4:00PM", "END_TIME": "10:00PM" }, "geometry": { "type": "Point", "coordinates": [ -63.57980136, 44.64226525 ] } },
{ "type": "Feature", "properties": { "id": 1557, "latitude": 44.64926759, "longitude": -63.58528734, "CLOSURE_TYPE": "Special Event", "START_DATE": "Sat, 16 Jul 2022 06:00:00 GMT", "END_DATE": "Sat, 16 Jul 2022 06:00:00 GMT", "START_TIME": "8AM", "END_TIME": "4PM" }, "geometry": { "type": "Point", "coordinates": [ -63.58528734, 44.64926759 ] } },
{ "type": "Feature", "properties": { "id": 1558, "latitude": 44.65079078, "longitude": -63.58643912, "CLOSURE_TYPE": "Development", "START_DATE": "Tue, 20 Apr 2021 06:00:00 GMT", "END_DATE": "Wed, 21 Apr 2021 06:00:00 GMT", "START_TIME": "9:00 AM", "END_TIME": "4:00 PM" }, "geometry": { "type": "Point", "coordinates": [ -63.58643912, 44.65079078 ] } },
{ "type": "Feature", "properties": { "id": 1560, "latitude": 44.64768349, "longitude": -63.57662929, "CLOSURE_TYPE": "Special Event", "START_DATE": "Sun, 16 Jul 2023 03:00:00 GMT", "END_DATE": "Sun, 16 Jul 2023 03:00:00 GMT", "START_TIME": "6:00PM", "END_TIME": "12:00AM" }, "geometry": { "type": "Point", "coordinates": [ -63.57662929, 44.64768349 ] } },
{ "type": "Feature", "properties": { "id": 1564, "latitude": 44.64893578, "longitude": -63.57573323, "CLOSURE_TYPE": "Special Event", "START_DATE": "Fri, 04 Aug 2023 03:00:00 GMT", "END_DATE": "Sun, 06 Aug 2023 03:00:00 GMT", "START_TIME": "8:00AM", "END_TIME": "12:00AM" }, "geometry": { "type": "Point", "coordinates": [ -63.57573323, 44.64893578 ] } },
{ "type": "Feature", "properties": { "id": 1566, "latitude": 44.64702187, "longitude": -63.57483083, "CLOSURE_TYPE": "Construction", "START_DATE": "Mon, 25 May 2020 06:00:00 GMT", "END_DATE": "Tue, 26 May 2020 06:00:00 GMT", "START_TIME": "7:00AM", "END_TIME": "6:00PM" }, "geometry": { "type": "Point", "coordinates": [ -63.57483083, 44.64702187 ] } },
{ "type": "Feature", "properties": { "id": 1569, "latitude": 44.64282473, "longitude": -63.57787013, "CLOSURE_TYPE": "Construction", "START_DATE": "Mon, 28 Dec 2020 08:00:00 GMT", "END_DATE": "Mon, 28 Dec 2020 08:00:00 GMT", "START_TIME": "8AM", "END_TIME": "12PM" }, "geometry": { "type": "Point", "coordinates": [ -63.57787013, 44.64282473 ] } },
{ "type": "Feature", "properties": { "id": 1571, "latitude": 44.6480266, "longitude": -63.57531719, "CLOSURE_TYPE": "Special Event", "START_DATE": "Sat, 21 May 2022 06:00:00 GMT", "END_DATE": "Sun, 22 May 2022 06:00:00 GMT", "START_TIME": "5:00AM", "END_TIME": "1:00PM" }, "geometry": { "type": "Point", "coordinates": [ -63.57531719, 44.6480266 ] } },
{ "type": "Feature", "properties": { "id": 1572, "latitude": 44.64615418, "longitude": -63.57432229, "CLOSURE_TYPE": "Other", "START_DATE": "Tue, 02 May 2023 03:00:00 GMT", "END_DATE": "Mon, 13 Nov 2023 04:00:00 GMT", "START_TIME": "8AM", "END_TIME": "8AM" }, "geometry": { "type": "Point", "coordinates": [ -63.57432229, 44.64615418 ] } },
{ "type": "Feature", "properties": { "id": 1574, "latitude": 44.64965539, "longitude": -63.57331779, "CLOSURE_TYPE": "Development", "START_DATE": "Sat, 15 Mar 2025 06:00:00 GMT", "END_DATE": "Sat, 15 Mar 2025 06:00:00 GMT", "START_TIME": "7:00am", "END_TIME": "2:00pm" }, "geometry": { "type": "Point", "coordinates": [ -63.57331779, 44.64965539 ] } },
{ "type": "Feature", "properties": { "id": 1582, "latitude": 44.6472831, "longitude": -63.59024719, "CLOSURE_TYPE": "Special Event", "START_DATE": "Sat, 17 May 2025 06:00:00 GMT", "END_DATE": "Sat, 17 May 2025 06:00:00 GMT", "START_TIME": "5:00am", "END_TIME": "1:00pm" }, "geometry": { "type": "Point", "coordinates": [ -63.59024719, 44.6472831 ] } },
{ "type": "Feature", "properties": { "id": 1584, "latitude": 44.64807387, "longitude": -63.5752652, "CLOSURE_TYPE": "Special Event", "START_DATE": "Fri, 17 Sep 2021 06:00:00 GMT", "END_DATE": "Sat, 18 Sep 2021 06:00:00 GMT", "START_TIME": "2PM", "END_TIME": "11PM" }, "geometry": { "type": "Point", "coordinates": [ -63.5752652, 44.64807387 ] } },
{ "type": "Feature", "properties": { "id": 1589, "latitude": 44.645626, "longitude": -63.5762345, "CLOSURE_TYPE": "Special Event", "START_DATE": "Sat, 21 May 2022 06:00:00 GMT", "END_DATE": "Sun, 22 May 2022 06:00:00 GMT", "START_TIME": "5:00AM", "END_TIME": "10:00AM" }, "geometry": { "type": "Point", "coordinates": [ -63.5762345, 44.645626 ] } },
{ "type": "Feature", "properties": { "id": 1591, "latitude": 44.64358405, "longitude": -63.57489467, "CLOSURE_TYPE": "Special Event", "START_DATE": "Sat, 17 Jun 2023 03:00:00 GMT", "END_DATE": "Sat, 17 Jun 2023 03:00:00 GMT", "START_TIME": "11:30AM", "END_TIME": "1:30PM" }, "geometry": { "type": "Point", "coordinates": [ -63.57489467, 44.64358405 ] } },
{ "type": "Feature", "properties": { "id": 1595, "latitude": 44.64276832, "longitude": -63.59135044, "CLOSURE_TYPE": "Development", "START_DATE": "Mon, 03 Feb 2025 08:00:00 GMT", "END_DATE": "Sun, 16 Feb 2025 08:00:00 GMT", "START_TIME": "7:00AM", "END_TIME": "7:00PM" }, "geometry": { "type": "Point", "coordinates": [ -63.59135044, 44.64276832 ] } },
{ "type": "Feature", "properties": { "id": 1596, "latitude": 44.64319322, "longitude": -63.58961215, "CLOSURE_TYPE": "Development", "START_DATE": "Wed, 04 Jun 2025 06:00:00 GMT", "END_DATE": "Mon, 09 Jun 2025 06:00:00 GMT", "START_TIME": "7:00AM", "END_TIME": "6:00PM" }, "geometry": { "type": "Point", "coordinates": [ -63.58961215, 44.64319322 ] } },
{ "type": "Feature", "properties": { "id": 1597, "latitude": 44.6449912, "longitude": -63.57433963, "CLOSURE_TYPE": "Construction", "START_DATE": "Wed, 01 Mar 2023 04:00:00 GMT", "END_DATE": "Wed, 01 Mar 2023 04:00:00 GMT", "START_TIME": "8AM", "END_TIME": "8PM" }, "geometry": { "type": "Point", "coordinates": [ -63.57433963, 44.6449912 ] } },
{ "type": "Feature", "properties": { "id": 1598, "latitude": 44.64271841, "longitude": -63.57787473, "CLOSURE_TYPE": "Construction", "START_DATE": "Sun, 21 Nov 2021 08:00:00 GMT", "END_DATE": "Mon, 22 Nov 2021 08:00:00 GMT", "START_TIME": "9.00PM", "END_TIME": "6.00AM" }, "geometry": { "type": "Point", "coordinates": [ -63.57787473, 44.64271841 ] } },
{ "type": "Feature", "properties": { "id": 1599, "latitude": 44.65408535, "longitude": -63.58499109, "CLOSURE_TYPE": "Development", "START_DATE": "Wed, 30 Nov 2022 04:00:00 GMT", "END_DATE": "Fri, 02 Dec 2022 04:00:00 GMT", "START_TIME": "9am each day", "END_TIME": "4pm each day" }, "geometry": { "type": "Point", "coordinates": [ -63.58499109, 44.65408535 ] } },
{ "type": "Feature", "properties": { "id": 1600, "latitude": 44.64733404, "longitude": -63.59032778, "CLOSURE_TYPE": "Special Event", "START_DATE": "Mon, 01 Jul 2019 06:00:00 GMT", "END_DATE": "Mon, 01 Jul 2019 06:00:00 GMT", "START_TIME": "6:00AM", "END_TIME": "6:00PM" }, "geometry": { "type": "Point", "coordinates": [ -63.59032778, 44.64733404 ] } },
{ "type": "Feature", "properties": { "id": 1602, "latitude": 44.64657495, "longitude": -63.57672719, "CLOSURE_TYPE": "Special Event", "START_DATE": "Sun, 16 Jul 2023 03:00:00 GMT", "END_DATE": "Sun, 16 Jul 2023 03:00:00 GMT", "START_TIME": "6:00PM", "END_TIME": "12:00AM" }, "geometry": { "type": "Point", "coordinates": [ -63.57672719, 44.64657495 ] } },
{ "type": "Feature", "properties": { "id": 1606, "latitude": 44.65103886, "longitude": -63.5835826, "CLOSURE_TYPE": "Utility", "START_DATE": "Fri, 23 Jul 2021 06:00:00 GMT", "END_DATE": "Fri, 23 Jul 2021 06:00:00 GMT", "START_TIME": "7AM", "END_TIME": "6PM" }, "geometry": { "type": "Point", "coordinates": [ -63.5835826, 44.65103886 ] } },
{ "type": "Feature", "properties": { "id": 1610, "latitude": 44.6476353, "longitude": -63.57649071, "CLOSURE_TYPE": "Development", "START_DATE": "Tue, 21 Jan 2025 08:00:00 GMT", "END_DATE": "Tue, 21 Jan 2025 08:00:00 GMT", "START_TIME": "7:00AM", "END_TIME": "4:00PM" }, "geometry": { "type": "Point", "coordinates": [ -63.57649071, 44.6476353 ] } },
{ "type": "Feature", "properties": { "id": 1614, "latitude": 44.64299103, "longitude": -63.57685795, "CLOSURE_TYPE": "Utility", "START_DATE": "Mon, 27 Jun 2022 06:00:00 GMT", "END_DATE": "Mon, 27 Jun 2022 06:00:00 GMT", "START_TIME": "8:00AM", "END_TIME": "3:00PM" }, "geometry": { "type": "Point", "coordinates": [ -63.57685795, 44.64299103 ] } },
{ "type": "Feature", "properties": { "id": 1616, "latitude": 44.64716562, "longitude": -63.57403923, "CLOSURE_TYPE": "Development", "START_DATE": "Sun, 15 Sep 2019 06:00:00 GMT", "END_DATE": "Sun, 15 Sep 2019 06:00:00 GMT", "START_TIME": "8:30AM", "END_TIME": "12:00PM" }, "geometry": { "type": "Point", "coordinates": [ -63.57403923, 44.64716562 ] } },
{ "type": "Feature", "properties": { "id": 1624, "latitude": 44.64532443, "longitude": -63.57305041, "CLOSURE_TYPE": "Development", "START_DATE": "Mon, 23 Sep 2019 06:00:00 GMT", "END_DATE": "Fri, 27 Sep 2019 06:00:00 GMT", "START_TIME": "700", "END_TIME": "1900" }, "geometry": { "type": "Point", "coordinates": [ -63.57305041, 44.64532443 ] } },
{ "type": "Feature", "properties": { "id": 1635, "latitude": 44.64600537, "longitude": -63.57424526, "CLOSURE_TYPE": "Other", "START_DATE": "Mon, 07 Apr 2025 06:00:00 GMT", "END_DATE": "Wed, 12 Nov 2025 08:00:00 GMT", "START_TIME": "9AM", "END_TIME": "9AM" }, "geometry": { "type": "Point", "coordinates": [ -63.57424526, 44.64600537 ] } },
{ "type": "Feature", "properties": { "id": 1636, "latitude": 44.64701375, "longitude": -63.57475631, "CLOSURE_TYPE": "Construction", "START_DATE": "Sat, 05 Mar 2022 08:00:00 GMT", "END_DATE": "Sat, 05 Mar 2022 08:00:00 GMT", "START_TIME": "8:30am", "END_TIME": "3:00pm" }, "geometry": { "type": "Point", "coordinates": [ -63.57475631, 44.64701375 ] } },
{ "type": "Feature", "properties": { "id": 1637, "latitude": 44.64226285, "longitude": -63.57971116, "CLOSURE_TYPE": "Development", "START_DATE": "Sun, 05 Jul 2020 06:00:00 GMT", "END_DATE": "Thu, 09 Jul 2020 06:00:00 GMT", "START_TIME": "7AM", "END_TIME": "7PM" }, "geometry": { "type": "Point", "coordinates": [ -63.57971116, 44.64226285 ] } },
{ "type": "Feature", "properties": { "id": 1646, "latitude": 44.65188223, "longitude": -63.586287, "CLOSURE_TYPE": "Construction", "START_DATE": "Sun, 01 Apr 2018 06:00:00 GMT", "END_DATE": "Sat, 31 Aug 2019 06:00:00 GMT", "START_TIME": "7am", "END_TIME": "7pm" }, "geometry": { "type": "Point", "coordinates": [ -63.586287, 44.65188223 ] } },
{ "type": "Feature", "properties": { "id": 1647, "latitude": 44.64421206, "longitude": -63.59209153, "CLOSURE_TYPE": "Block Party", "START_DATE": "Sat, 14 Sep 2019 06:00:00 GMT", "END_DATE": "Sat, 14 Sep 2019 06:00:00 GMT", "START_TIME": "12:00PM", "END_TIME": "11:59PM" }, "geometry": { "type": "Point", "coordinates": [ -63.59209153, 44.64421206 ] } },
{ "type": "Feature", "properties": { "id": 1648, "latitude": 44.65177403, "longitude": -63.58834122, "CLOSURE_TYPE": "Special Event", "START_DATE": "Sun, 08 Sep 2024 06:00:00 GMT", "END_DATE": "Sun, 08 Sep 2024 06:00:00 GMT", "START_TIME": "11:00AM", "END_TIME": "5:00PM" }, "geometry": { "type": "Point", "coordinates": [ -63.58834122, 44.65177403 ] } },
{ "type": "Feature", "properties": { "id": 1649, "latitude": 44.64134786, "longitude": -63.58339496, "CLOSURE_TYPE": "Construction", "START_DATE": "Mon, 26 Aug 2019 06:00:00 GMT", "END_DATE": "Mon, 26 Aug 2019 06:00:00 GMT", "START_TIME": "9AM", "END_TIME": "4PM" }, "geometry": { "type": "Point", "coordinates": [ -63.58339496, 44.64134786 ] } },
{ "type": "Feature", "properties": { "id": 1650, "latitude": 44.65448748, "longitude": -63.59223396, "CLOSURE_TYPE": "Special Event", "START_DATE": "Sat, 27 Nov 2021 08:00:00 GMT", "END_DATE": "Sat, 27 Nov 2021 08:00:00 GMT", "START_TIME": "1PM", "END_TIME": "10PM" }, "geometry": { "type": "Point", "coordinates": [ -63.59223396, 44.65448748 ] } },
{ "type": "Feature", "properties": { "id": 1651, "latitude": 44.64229779, "longitude": -63.57974946, "CLOSURE_TYPE": "Special Event", "START_DATE": "Sat, 17 Jun 2023 03:00:00 GMT", "END_DATE": "Sat, 17 Jun 2023 03:00:00 GMT", "START_TIME": "11:30AM", "END_TIME": "1:30PM" }, "geometry": { "type": "Point", "coordinates": [ -63.57974946, 44.64229779 ] } },
{ "type": "Feature", "properties": { "id": 1654, "latitude": 44.64572208, "longitude": -63.58345807, "CLOSURE_TYPE": "Special Event", "START_DATE": "Sat, 16 Jul 2022 06:00:00 GMT", "END_DATE": "Sat, 16 Jul 2022 06:00:00 GMT", "START_TIME": "8AM", "END_TIME": "4PM" }, "geometry": { "type": "Point", "coordinates": [ -63.58345807, 44.64572208 ] } },
{ "type": "Feature", "properties": { "id": 1662, "latitude": 44.6462948, "longitude": -63.57348761, "CLOSURE_TYPE": "Development", "START_DATE": "Sun, 27 Oct 2019 06:00:00 GMT", "END_DATE": "Sun, 27 Oct 2019 06:00:00 GMT", "START_TIME": "9AM", "END_TIME": "5PM" }, "geometry": { "type": "Point", "coordinates": [ -63.57348761, 44.6462948 ] } },
{ "type": "Feature", "properties": { "id": 1666, "latitude": 44.64737649, "longitude": -63.57343044, "CLOSURE_TYPE": "Development", "START_DATE": "Wed, 20 Nov 2024 08:00:00 GMT", "END_DATE": "Thu, 21 Nov 2024 08:00:00 GMT", "START_TIME": "7:00am", "END_TIME": "5:00pm" }, "geometry": { "type": "Point", "coordinates": [ -63.57343044, 44.64737649 ] } },
{ "type": "Feature", "properties": { "id": 1667, "latitude": 44.65336743, "longitude": -63.58536398, "CLOSURE_TYPE": "Development", "START_DATE": "Wed, 18 Dec 2019 08:00:00 GMT", "END_DATE": "Thu, 19 Dec 2019 08:00:00 GMT", "START_TIME": "9AM", "END_TIME": "5PM" }, "geometry": { "type": "Point", "coordinates": [ -63.58536398, 44.65336743 ] } },
{ "type": "Feature", "properties": { "id": 1672, "latitude": 44.64573345, "longitude": -63.58343818, "CLOSURE_TYPE": "Special Event", "START_DATE": "Sat, 25 Nov 2023 08:00:00 GMT", "END_DATE": "Sat, 25 Nov 2023 08:00:00 GMT", "START_TIME": "6PM", "END_TIME": "8PM" }, "geometry": { "type": "Point", "coordinates": [ -63.58343818, 44.64573345 ] } },
{ "type": "Feature", "properties": { "id": 1675, "latitude": 44.64806242, "longitude": -63.57531348, "CLOSURE_TYPE": "Special Event", "START_DATE": "Fri, 24 Sep 2021 06:00:00 GMT", "END_DATE": "Sat, 25 Sep 2021 06:00:00 GMT", "START_TIME": "2PM", "END_TIME": "11PM" }, "geometry": { "type": "Point", "coordinates": [ -63.57531348, 44.64806242 ] } },
{ "type": "Feature", "properties": { "id": 1683, "latitude": 44.64951436, "longitude": -63.58548212, "CLOSURE_TYPE": "Special Event", "START_DATE": "Sat, 25 Nov 2023 08:00:00 GMT", "END_DATE": "Sat, 25 Nov 2023 08:00:00 GMT", "START_TIME": "6PM", "END_TIME": "8PM" }, "geometry": { "type": "Point", "coordinates": [ -63.58548212, 44.64951436 ] } },
{ "type": "Feature", "properties": { "id": 1686, "latitude": 44.64496046, "longitude": -63.57146858, "CLOSURE_TYPE": "Construction", "START_DATE": "Mon, 22 Aug 2022 03:00:00 GMT", "END_DATE": "Mon, 22 Aug 2022 03:00:00 GMT", "START_TIME": "9:00AM", "END_TIME": "10:00AM" }, "geometry": { "type": "Point", "coordinates": [ -63.57146858, 44.64496046 ] } },
{ "type": "Feature", "properties": { "id": 1688, "latitude": 44.64829038, "longitude": -63.57392671, "CLOSURE_TYPE": "Development", "START_DATE": "Mon, 09 Aug 2021 06:00:00 GMT", "END_DATE": "Sun, 29 Jun 2025 06:00:00 GMT", "START_TIME": "7:00AM", "END_TIME": "7:00PM" }, "geometry": { "type": "Point", "coordinates": [ -63.57392671, 44.64829038 ] } },
{ "type": "Feature", "properties": { "id": 1691, "latitude": 44.65159529, "longitude": -63.58835345, "CLOSURE_TYPE": "Special Event", "START_DATE": "Sat, 20 May 2023 03:00:00 GMT", "END_DATE": "Sun, 21 May 2023 03:00:00 GMT", "START_TIME": "8:00AM", "END_TIME": "2:00PM" }, "geometry": { "type": "Point", "coordinates": [ -63.58835345, 44.65159529 ] } },
{ "type": "Feature", "properties": { "id": 1692, "latitude": 44.64230359, "longitude": -63.57972402, "CLOSURE_TYPE": "Construction", "START_DATE": "Tue, 19 Nov 2019 08:00:00 GMT", "END_DATE": "Wed, 20 Nov 2019 08:00:00 GMT", "START_TIME": "9PM", "END_TIME": "6AM" }, "geometry": { "type": "Point", "coordinates": [ -63.57972402, 44.64230359 ] } },
{ "type": "Feature", "properties": { "id": 1698, "latitude": 44.64569612, "longitude": -63.58348796, "CLOSURE_TYPE": "Special Event", "START_DATE": "Sat, 20 Jul 2024 06:00:00 GMT", "END_DATE": "Sat, 20 Jul 2024 06:00:00 GMT", "START_TIME": "12:00PM", "END_TIME": "3:00PM" }, "geometry": { "type": "Point", "coordinates": [ -63.58348796, 44.64569612 ] } },
{ "type": "Feature", "properties": { "id": 1700, "latitude": 44.64717155, "longitude": -63.58998792, "CLOSURE_TYPE": "Development", "START_DATE": "Mon, 07 Oct 2024 06:00:00 GMT", "END_DATE": "Mon, 14 Oct 2024 06:00:00 GMT", "START_TIME": "7:00AM", "END_TIME": "7:00PM" }, "geometry": { "type": "Point", "coordinates": [ -63.58998792, 44.64717155 ] } },
{ "type": "Feature", "properties": { "id": 1701, "latitude": 44.65334644, "longitude": -63.5853293, "CLOSURE_TYPE": "Special Event", "START_DATE": "Sat, 11 Jun 2022 06:00:00 GMT", "END_DATE": "Sat, 11 Jun 2022 06:00:00 GMT", "START_TIME": "11:00am", "END_TIME": "5:00pm" }, "geometry": { "type": "Point", "coordinates": [ -63.5853293, 44.65334644 ] } },
{ "type": "Feature", "properties": { "id": 1702, "latitude": 44.64228555, "longitude": -63.57979789, "CLOSURE_TYPE": "Special Event", "START_DATE": "Sat, 07 Jun 2025 06:00:00 GMT", "END_DATE": "Sat, 07 Jun 2025 06:00:00 GMT", "START_TIME": "12:00PM", "END_TIME": "2:00PM" }, "geometry": { "type": "Point", "coordinates": [ -63.57979789, 44.64228555 ] } },
{ "type": "Feature", "properties": { "id": 1705, "latitude": 44.65276713, "longitude": -63.57765117, "CLOSURE_TYPE": "Construction", "START_DATE": "Sat, 12 Oct 2024 06:00:00 GMT", "END_DATE": "Tue, 15 Oct 2024 06:00:00 GMT", "START_TIME": "8.00PM", "END_TIME": "7.00AM" }, "geometry": { "type": "Point", "coordinates": [ -63.57765117, 44.65276713 ] } },
{ "type": "Feature", "properties": { "id": 1711, "latitude": 44.64948564, "longitude": -63.58543428, "CLOSURE_TYPE": "Special Event", "START_DATE": "Sat, 06 Nov 2021 06:00:00 GMT", "END_DATE": "Sun, 07 Nov 2021 07:00:00 GMT", "START_TIME": "7:30AM", "END_TIME": "2:00 PM" }, "geometry": { "type": "Point", "coordinates": [ -63.58543428, 44.64948564 ] } },
{ "type": "Feature", "properties": { "id": 1713, "latitude": 44.64358804, "longitude": -63.56959322, "CLOSURE_TYPE": "Development", "START_DATE": "Mon, 05 Jul 2021 06:00:00 GMT", "END_DATE": "Sun, 11 Jul 2021 06:00:00 GMT", "START_TIME": "7:00 AM", "END_TIME": "9:00 PM" }, "geometry": { "type": "Point", "coordinates": [ -63.56959322, 44.64358804 ] } },
{ "type": "Feature", "properties": { "id": 1714, "latitude": 44.65048734, "longitude": -63.58127628, "CLOSURE_TYPE": "Development", "START_DATE": "Mon, 27 Nov 2023 08:00:00 GMT", "END_DATE": "Fri, 22 Dec 2023 08:00:00 GMT", "START_TIME": "7AM", "END_TIME": "10PM" }, "geometry": { "type": "Point", "coordinates": [ -63.58127628, 44.65048734 ] } },
{ "type": "Feature", "properties": { "id": 1715, "latitude": 44.64920594, "longitude": -63.57509185, "CLOSURE_TYPE": "Special Event", "START_DATE": "Sat, 19 Nov 2022 04:00:00 GMT", "END_DATE": "Sat, 19 Nov 2022 04:00:00 GMT", "START_TIME": "4:00PM", "END_TIME": "10:00PM" }, "geometry": { "type": "Point", "coordinates": [ -63.57509185, 44.64920594 ] } },
{ "type": "Feature", "properties": { "id": 1719, "latitude": 44.64531548, "longitude": -63.57723681, "CLOSURE_TYPE": "Special Event", "START_DATE": "Sun, 16 Jul 2023 03:00:00 GMT", "END_DATE": "Sun, 16 Jul 2023 03:00:00 GMT", "START_TIME": "6:00PM", "END_TIME": "12:00AM" }, "geometry": { "type": "Point", "coordinates": [ -63.57723681, 44.64531548 ] } },
{ "type": "Feature", "properties": { "id": 1722, "latitude": 44.64771273, "longitude": -63.57649243, "CLOSURE_TYPE": "Special Event", "START_DATE": "Sat, 21 May 2022 06:00:00 GMT", "END_DATE": "Sun, 22 May 2022 06:00:00 GMT", "START_TIME": "5:00AM", "END_TIME": "2:00PM" }, "geometry": { "type": "Point", "coordinates": [ -63.57649243, 44.64771273 ] } },
{ "type": "Feature", "properties": { "id": 1725, "latitude": 44.64357372, "longitude": -63.57486396, "CLOSURE_TYPE": "Special Event", "START_DATE": "Sat, 07 Jun 2025 06:00:00 GMT", "END_DATE": "Sat, 07 Jun 2025 06:00:00 GMT", "START_TIME": "12:00PM", "END_TIME": "2:00PM" }, "geometry": { "type": "Point", "coordinates": [ -63.57486396, 44.64357372 ] } },
{ "type": "Feature", "properties": { "id": 1728, "latitude": 44.65280829, "longitude": -63.58622429, "CLOSURE_TYPE": "Special Event", "START_DATE": "Sat, 20 May 2023 03:00:00 GMT", "END_DATE": "Sat, 20 May 2023 03:00:00 GMT", "START_TIME": "8:00AM", "END_TIME": "12:00PM" }, "geometry": { "type": "Point", "coordinates": [ -63.58622429, 44.65280829 ] } },
{ "type": "Feature", "properties": { "id": 1729, "latitude": 44.65079229, "longitude": -63.5864652, "CLOSURE_TYPE": "Utility", "START_DATE": "Wed, 19 Feb 2020 08:00:00 GMT", "END_DATE": "Wed, 19 Feb 2020 08:00:00 GMT", "START_TIME": "9.00AM", "END_TIME": "4.00PM" }, "geometry": { "type": "Point", "coordinates": [ -63.5864652, 44.65079229 ] } },
{ "type": "Feature", "properties": { "id": 1731, "latitude": 44.65305092, "longitude": -63.59018454, "CLOSURE_TYPE": "Utility", "START_DATE": "Thu, 26 May 2022 06:00:00 GMT", "END_DATE": "Fri, 27 May 2022 06:00:00 GMT", "START_TIME": "6PM", "END_TIME": "6AM" }, "geometry": { "type": "Point", "coordinates": [ -63.59018454, 44.65305092 ] } },
{ "type": "Feature", "properties": { "id": 1732, "latitude": 44.6523811, "longitude": -63.59101403, "CLOSURE_TYPE": "Utility", "START_DATE": "Wed, 01 May 2024 06:00:00 GMT", "END_DATE": "Wed, 01 May 2024 06:00:00 GMT", "START_TIME": "9:00AM", "END_TIME": "3:00PM" }, "geometry": { "type": "Point", "coordinates": [ -63.59101403, 44.6523811 ] } },
{ "type": "Feature", "properties": { "id": 1735, "latitude": 44.65064529, "longitude": -63.58442016, "CLOSURE_TYPE": "Utility", "START_DATE": "Thu, 22 Oct 2020 06:00:00 GMT", "END_DATE": "Thu, 22 Oct 2020 06:00:00 GMT", "START_TIME": "7AM", "END_TIME": "7PM" }, "geometry": { "type": "Point", "coordinates": [ -63.58442016, 44.65064529 ] } },
{ "type": "Feature", "properties": { "id": 1738, "latitude": 44.65393392, "longitude": -63.58151639, "CLOSURE_TYPE": "Construction", "START_DATE": "Fri, 07 Jun 2024 06:00:00 GMT", "END_DATE": "Mon, 10 Jun 2024 06:00:00 GMT", "START_TIME": "7:00pm on Friday", "END_TIME": "5:30am on Monday" }, "geometry": { "type": "Point", "coordinates": [ -63.58151639, 44.65393392 ] } },
{ "type": "Feature", "properties": { "id": 1740, "latitude": 44.64398137, "longitude": -63.59098266, "CLOSURE_TYPE": "Utility", "START_DATE": "Wed, 07 May 2025 06:00:00 GMT", "END_DATE": "Thu, 08 May 2025 06:00:00 GMT", "START_TIME": "7:00AM", "END_TIME": "6:00PM" }, "geometry": { "type": "Point", "coordinates": [ -63.59098266, 44.64398137 ] } },
{ "type": "Feature", "properties": { "id": 1741, "latitude": 44.6462884, "longitude": -63.57348309, "CLOSURE_TYPE": "Utility", "START_DATE": "Thu, 24 Sep 2020 06:00:00 GMT", "END_DATE": "Wed, 30 Sep 2020 06:00:00 GMT", "START_TIME": "7:00 AM", "END_TIME": "7:00 PM" }, "geometry": { "type": "Point", "coordinates": [ -63.57348309, 44.6462884 ] } },
{ "type": "Feature", "properties": { "id": 1745, "latitude": 44.64334935, "longitude": -63.57062072, "CLOSURE_TYPE": "Utility", "START_DATE": "Thu, 04 Nov 2021 06:00:00 GMT", "END_DATE": "Tue, 09 Nov 2021 08:00:00 GMT", "START_TIME": "7AM", "END_TIME": "7PM" }, "geometry": { "type": "Point", "coordinates": [ -63.57062072, 44.64334935 ] } },
{ "type": "Feature", "properties": { "id": 1746, "latitude": 44.65128573, "longitude": -63.58228364, "CLOSURE_TYPE": "Development", "START_DATE": "Sat, 11 Feb 2023 04:00:00 GMT", "END_DATE": "Sat, 11 Feb 2023 04:00:00 GMT", "START_TIME": "8:00am", "END_TIME": "1:00PM" }, "geometry": { "type": "Point", "coordinates": [ -63.58228364, 44.65128573 ] } },
{ "type": "Feature", "properties": { "id": 1751, "latitude": 44.65155549, "longitude": -63.58841326, "CLOSURE_TYPE": "Special Event", "START_DATE": "Sat, 20 May 2023 03:00:00 GMT", "END_DATE": "Sun, 21 May 2023 03:00:00 GMT", "START_TIME": "8:00AM", "END_TIME": "1:00PM" }, "geometry": { "type": "Point", "coordinates": [ -63.58841326, 44.65155549 ] } },
{ "type": "Feature", "properties": { "id": 1759, "latitude": 44.64683271, "longitude": -63.58599534, "CLOSURE_TYPE": "Special Event", "START_DATE": "Sun, 23 Jul 2023 03:00:00 GMT", "END_DATE": "Sun, 23 Jul 2023 03:00:00 GMT", "START_TIME": "2PM", "END_TIME": "4PM" }, "geometry": { "type": "Point", "coordinates": [ -63.58599534, 44.64683271 ] } },
{ "type": "Feature", "properties": { "id": 1760, "latitude": 44.64969409, "longitude": -63.58507525, "CLOSURE_TYPE": "Special Event", "START_DATE": "Sat, 18 May 2024 06:00:00 GMT", "END_DATE": "Sun, 19 May 2024 06:00:00 GMT", "START_TIME": "8:00AM", "END_TIME": "2:00PM" }, "geometry": { "type": "Point", "coordinates": [ -63.58507525, 44.64969409 ] } },
{ "type": "Feature", "properties": { "id": 1761, "latitude": 44.64932865, "longitude": -63.58493865, "CLOSURE_TYPE": "Special Event", "START_DATE": "Sat, 16 Jul 2022 06:00:00 GMT", "END_DATE": "Sat, 16 Jul 2022 06:00:00 GMT", "START_TIME": "10AM", "END_TIME": "1PM" }, "geometry": { "type": "Point", "coordinates": [ -63.58493865, 44.64932865 ] } },
{ "type": "Feature", "properties": { "id": 1762, "latitude": 44.65234499, "longitude": -63.58686861, "CLOSURE_TYPE": "Construction", "START_DATE": "Sun, 11 Sep 2022 03:00:00 GMT", "END_DATE": "Sun, 11 Sep 2022 03:00:00 GMT", "START_TIME": "8:00AM", "END_TIME": "3:00PM" }, "geometry": { "type": "Point", "coordinates": [ -63.58686861, 44.65234499 ] } },
{ "type": "Feature", "properties": { "id": 1764, "latitude": 44.65237038, "longitude": -63.58683853, "CLOSURE_TYPE": "Construction", "START_DATE": "Thu, 23 Jun 2022 06:00:00 GMT", "END_DATE": "Thu, 23 Jun 2022 06:00:00 GMT", "START_TIME": "9:00AM", "END_TIME": "3:30PM" }, "geometry": { "type": "Point", "coordinates": [ -63.58683853, 44.65237038 ] } },
{ "type": "Feature", "properties": { "id": 1766, "latitude": 44.65092604, "longitude": -63.58346784, "CLOSURE_TYPE": "Construction", "START_DATE": "Thu, 01 Dec 2022 04:00:00 GMT", "END_DATE": "Fri, 02 Dec 2022 04:00:00 GMT", "START_TIME": "7AM", "END_TIME": "7PM" }, "geometry": { "type": "Point", "coordinates": [ -63.58346784, 44.65092604 ] } },
{ "type": "Feature", "properties": { "id": 1773, "latitude": 44.64965769, "longitude": -63.57333232, "CLOSURE_TYPE": "Construction", "START_DATE": "Fri, 27 Sep 2024 06:00:00 GMT", "END_DATE": "Mon, 30 Sep 2024 06:00:00 GMT", "START_TIME": "7PM", "END_TIME": "11:59AM" }, "geometry": { "type": "Point", "coordinates": [ -63.57333232, 44.64965769 ] } },
{ "type": "Feature", "properties": { "id": 1775, "latitude": 44.64958567, "longitude": -63.58435352, "CLOSURE_TYPE": "Special Event", "START_DATE": "Sat, 19 Nov 2022 04:00:00 GMT", "END_DATE": "Sat, 19 Nov 2022 04:00:00 GMT", "START_TIME": "12:00PM", "END_TIME": "10:00PM" }, "geometry": { "type": "Point", "coordinates": [ -63.58435352, 44.64958567 ] } },
{ "type": "Feature", "properties": { "id": 1777, "latitude": 44.64051105, "longitude": -63.58681109, "CLOSURE_TYPE": "Other", "START_DATE": "Sat, 08 Feb 2025 08:00:00 GMT", "END_DATE": "Sat, 08 Feb 2025 08:00:00 GMT", "START_TIME": "7:00AM", "END_TIME": "1:00PM" }, "geometry": { "type": "Point", "coordinates": [ -63.58681109, 44.64051105 ] } },
{ "type": "Feature", "properties": { "id": 1780, "latitude": 44.64837243, "longitude": -63.57391295, "CLOSURE_TYPE": "Development", "START_DATE": "Wed, 12 Jun 2019 06:00:00 GMT", "END_DATE": "Wed, 12 Jun 2019 06:00:00 GMT", "START_TIME": "6AM", "END_TIME": "8AM" }, "geometry": { "type": "Point", "coordinates": [ -63.57391295, 44.64837243 ] } },
{ "type": "Feature", "properties": { "id": 1793, "latitude": 44.64470083, "longitude": -63.57264773, "CLOSURE_TYPE": "Development", "START_DATE": "Thu, 13 Aug 2020 06:00:00 GMT", "END_DATE": "Wed, 19 Aug 2020 06:00:00 GMT", "START_TIME": "7:00 AM", "END_TIME": "4:00 PM" }, "geometry": { "type": "Point", "coordinates": [ -63.57264773, 44.64470083 ] } },
{ "type": "Feature", "properties": { "id": 1797, "latitude": 44.65038738, "longitude": -63.57381256, "CLOSURE_TYPE": "Construction", "START_DATE": "Tue, 01 Aug 2023 03:00:00 GMT", "END_DATE": "Tue, 01 Aug 2023 03:00:00 GMT", "START_TIME": "7:00PM", "END_TIME": "11:00PM" }, "geometry": { "type": "Point", "coordinates": [ -63.57381256, 44.65038738 ] } },
{ "type": "Feature", "properties": { "id": 1800, "latitude": 44.64234038, "longitude": -63.57958645, "CLOSURE_TYPE": "Construction", "START_DATE": "Mon, 07 Jun 2021 06:00:00 GMT", "END_DATE": "Tue, 30 Nov 2021 08:00:00 GMT", "START_TIME": "7:00 AM", "END_TIME": "9:00 PM" }, "geometry": { "type": "Point", "coordinates": [ -63.57958645, 44.64234038 ] } },
{ "type": "Feature", "properties": { "id": 1801, "latitude": 44.64489942, "longitude": -63.57212744, "CLOSURE_TYPE": "Development", "START_DATE": "Thu, 30 Dec 2021 08:00:00 GMT", "END_DATE": "Thu, 30 Dec 2021 08:00:00 GMT", "START_TIME": "8:00AM", "END_TIME": "12:00PM" }, "geometry": { "type": "Point", "coordinates": [ -63.57212744, 44.64489942 ] } },
{ "type": "Feature", "properties": { "id": 1810, "latitude": 44.64574106, "longitude": -63.58344552, "CLOSURE_TYPE": "Special Event", "START_DATE": "Sat, 20 May 2023 03:00:00 GMT", "END_DATE": "Sun, 21 May 2023 03:00:00 GMT", "START_TIME": "8:00AM", "END_TIME": "2:00PM" }, "geometry": { "type": "Point", "coordinates": [ -63.58344552, 44.64574106 ] } },
{ "type": "Feature", "properties": { "id": 1818, "latitude": 44.64726036, "longitude": -63.59005563, "CLOSURE_TYPE": "Special Event", "START_DATE": "Mon, 05 Aug 2019 06:00:00 GMT", "END_DATE": "Mon, 05 Aug 2019 06:00:00 GMT", "START_TIME": "830AM", "END_TIME": "830PM" }, "geometry": { "type": "Point", "coordinates": [ -63.59005563, 44.64726036 ] } },
{ "type": "Feature", "properties": { "id": 1820, "latitude": 44.64229277, "longitude": -63.57978345, "CLOSURE_TYPE": "Special Event", "START_DATE": "Sat, 16 Jul 2022 06:00:00 GMT", "END_DATE": "Sat, 16 Jul 2022 06:00:00 GMT", "START_TIME": "10AM", "END_TIME": "4PM" }, "geometry": { "type": "Point", "coordinates": [ -63.57978345, 44.64229277 ] } },
{ "type": "Feature", "properties": { "id": 1822, "latitude": 44.64732197, "longitude": -63.59011838, "CLOSURE_TYPE": "Special Event", "START_DATE": "Sat, 20 Jul 2024 06:00:00 GMT", "END_DATE": "Sat, 20 Jul 2024 06:00:00 GMT", "START_TIME": "7:00AM", "END_TIME": "3:00PM" }, "geometry": { "type": "Point", "coordinates": [ -63.59011838, 44.64732197 ] } },
{ "type": "Feature", "properties": { "id": 1823, "latitude": 44.64678322, "longitude": -63.58598445, "CLOSURE_TYPE": "Special Event", "START_DATE": "Sun, 28 Jul 2024 06:00:00 GMT", "END_DATE": "Sun, 28 Jul 2024 06:00:00 GMT", "START_TIME": "7AM", "END_TIME": "8PM" }, "geometry": { "type": "Point", "coordinates": [ -63.58598445, 44.64678322 ] } },
{ "type": "Feature", "properties": { "id": 1825, "latitude": 44.64702903, "longitude": -63.57474126, "CLOSURE_TYPE": "Other", "START_DATE": "Thu, 15 Apr 2021 06:00:00 GMT", "END_DATE": "Fri, 05 Nov 2021 06:00:00 GMT", "START_TIME": "9AM", "END_TIME": "9AM" }, "geometry": { "type": "Point", "coordinates": [ -63.57474126, 44.64702903 ] } },
{ "type": "Feature", "properties": { "id": 1833, "latitude": 44.64732653, "longitude": -63.57337936, "CLOSURE_TYPE": "Development", "START_DATE": "Mon, 29 May 2023 03:00:00 GMT", "END_DATE": "Tue, 30 May 2023 03:00:00 GMT", "START_TIME": "7:00AM", "END_TIME": "4:00PM" }, "geometry": { "type": "Point", "coordinates": [ -63.57337936, 44.64732653 ] } },
{ "type": "Feature", "properties": { "id": 1836, "latitude": 44.6469989, "longitude": -63.57473727, "CLOSURE_TYPE": "Other", "START_DATE": "Fri, 12 Jul 2019 06:00:00 GMT", "END_DATE": "Mon, 15 Jul 2019 06:00:00 GMT", "START_TIME": "5PM", "END_TIME": "6AM" }, "geometry": { "type": "Point", "coordinates": [ -63.57473727, 44.6469989 ] } },
{ "type": "Feature", "properties": { "id": 1847, "latitude": 44.65067711, "longitude": -63.58444464, "CLOSURE_TYPE": "Utility", "START_DATE": "Wed, 22 Jul 2020 06:00:00 GMT", "END_DATE": "Wed, 22 Jul 2020 06:00:00 GMT", "START_TIME": "7AM", "END_TIME": "6PM" }, "geometry": { "type": "Point", "coordinates": [ -63.58444464, 44.65067711 ] } },
{ "type": "Feature", "properties": { "id": 1852, "latitude": 44.65126829, "longitude": -63.57799868, "CLOSURE_TYPE": "Construction", "START_DATE": "Mon, 28 Mar 2022 06:00:00 GMT", "END_DATE": "Thu, 06 Jun 2024 06:00:00 GMT", "START_TIME": "24-Jul", "END_TIME": "24-Jul" }, "geometry": { "type": "Point", "coordinates": [ -63.57799868, 44.65126829 ] } },
{ "type": "Feature", "properties": { "id": 1853, "latitude": 44.64589783, "longitude": -63.57417938, "CLOSURE_TYPE": "Other", "START_DATE": "Fri, 12 Jul 2019 06:00:00 GMT", "END_DATE": "Mon, 15 Jul 2019 06:00:00 GMT", "START_TIME": "5PM", "END_TIME": "6AM" }, "geometry": { "type": "Point", "coordinates": [ -63.57417938, 44.64589783 ] } },
{ "type": "Feature", "properties": { "id": 1858, "latitude": 44.65020783, "longitude": -63.59226392, "CLOSURE_TYPE": "Block Party", "START_DATE": "Sat, 18 Sep 2021 06:00:00 GMT", "END_DATE": "Sat, 18 Sep 2021 06:00:00 GMT", "START_TIME": "9:00AM", "END_TIME": "9:00PM" }, "geometry": { "type": "Point", "coordinates": [ -63.59226392, 44.65020783 ] } },
{ "type": "Feature", "properties": { "id": 1862, "latitude": 44.64758878, "longitude": -63.5770711, "CLOSURE_TYPE": "Construction", "START_DATE": "Tue, 06 Aug 2024 06:00:00 GMT", "END_DATE": "Wed, 07 Aug 2024 06:00:00 GMT", "START_TIME": "7AM each day", "END_TIME": "5PM each day" }, "geometry": { "type": "Point", "coordinates": [ -63.5770711, 44.64758878 ] } },
{ "type": "Feature", "properties": { "id": 1864, "latitude": 44.64248619, "longitude": -63.57871897, "CLOSURE_TYPE": "Utility", "START_DATE": "Sun, 26 Nov 2023 08:00:00 GMT", "END_DATE": "Sun, 26 Nov 2023 08:00:00 GMT", "START_TIME": "9:00AM", "END_TIME": "5:00PM" }, "geometry": { "type": "Point", "coordinates": [ -63.57871897, 44.64248619 ] } },
{ "type": "Feature", "properties": { "id": 1866, "latitude": 44.64648444, "longitude": -63.57296908, "CLOSURE_TYPE": "Development", "START_DATE": "Fri, 27 Oct 2023 03:00:00 GMT", "END_DATE": "Fri, 27 Oct 2023 03:00:00 GMT", "START_TIME": "7AM", "END_TIME": "5PM" }, "geometry": { "type": "Point", "coordinates": [ -63.57296908, 44.64648444 ] } },
{ "type": "Feature", "properties": { "id": 1867, "latitude": 44.64944793, "longitude": -63.57376705, "CLOSURE_TYPE": "Construction", "START_DATE": "Sun, 21 Jul 2024 06:00:00 GMT", "END_DATE": "Sun, 21 Jul 2024 06:00:00 GMT", "START_TIME": "7:00AM", "END_TIME": "7:00PM" }, "geometry": { "type": "Point", "coordinates": [ -63.57376705, 44.64944793 ] } },
{ "type": "Feature", "properties": { "id": 1869, "latitude": 44.64677589, "longitude": -63.58598442, "CLOSURE_TYPE": "Special Event", "START_DATE": "Sat, 20 May 2023 03:00:00 GMT", "END_DATE": "Sun, 21 May 2023 03:00:00 GMT", "START_TIME": "8:00AM", "END_TIME": "12:00PM" }, "geometry": { "type": "Point", "coordinates": [ -63.58598442, 44.64677589 ] } },
{ "type": "Feature", "properties": { "id": 1873, "latitude": 44.64805479, "longitude": -63.57528129, "CLOSURE_TYPE": "Special Event", "START_DATE": "Fri, 10 Sep 2021 06:00:00 GMT", "END_DATE": "Fri, 10 Sep 2021 06:00:00 GMT", "START_TIME": "2PM", "END_TIME": "11PM" }, "geometry": { "type": "Point", "coordinates": [ -63.57528129, 44.64805479 ] } },
{ "type": "Feature", "properties": { "id": 1874, "latitude": 44.64851086, "longitude": -63.57761635, "CLOSURE_TYPE": "Special Event", "START_DATE": "Sun, 16 Jul 2023 03:00:00 GMT", "END_DATE": "Sun, 16 Jul 2023 03:00:00 GMT", "START_TIME": "6:00PM", "END_TIME": "12:00AM" }, "geometry": { "type": "Point", "coordinates": [ -63.57761635, 44.64851086 ] } },
{ "type": "Feature", "properties": { "id": 1875, "latitude": 44.64297764, "longitude": -63.57688767, "CLOSURE_TYPE": "Development", "START_DATE": "Wed, 22 May 2024 06:00:00 GMT", "END_DATE": "Fri, 24 May 2024 06:00:00 GMT", "START_TIME": "7AM", "END_TIME": "6PM" }, "geometry": { "type": "Point", "coordinates": [ -63.57688767, 44.64297764 ] } },
{ "type": "Feature", "properties": { "id": 1876, "latitude": 44.65020553, "longitude": -63.59223695, "CLOSURE_TYPE": "Utility", "START_DATE": "Tue, 25 Oct 2022 03:00:00 GMT", "END_DATE": "Wed, 26 Oct 2022 03:00:00 GMT", "START_TIME": "8AM", "END_TIME": "8PM" }, "geometry": { "type": "Point", "coordinates": [ -63.59223695, 44.65020553 ] } },
{ "type": "Feature", "properties": { "id": 1880, "latitude": 44.64723139, "longitude": -63.59014931, "CLOSURE_TYPE": "Development", "START_DATE": "Sun, 30 Mar 2025 06:00:00 GMT", "END_DATE": "Tue, 29 Apr 2025 06:00:00 GMT", "START_TIME": "7:00AM", "END_TIME": "8:00PM" }, "geometry": { "type": "Point", "coordinates": [ -63.59014931, 44.64723139 ] } },
{ "type": "Feature", "properties": { "id": 1883, "latitude": 44.64897584, "longitude": -63.57580566, "CLOSURE_TYPE": "Special Event", "START_DATE": "Sat, 23 Nov 2024 08:00:00 GMT", "END_DATE": "Sat, 23 Nov 2024 08:00:00 GMT", "START_TIME": "8AM", "END_TIME": "8PM" }, "geometry": { "type": "Point", "coordinates": [ -63.57580566, 44.64897584 ] } },
{ "type": "Feature", "properties": { "id": 1889, "latitude": 44.65234353, "longitude": -63.58691524, "CLOSURE_TYPE": "Special Event", "START_DATE": "Sat, 20 May 2023 03:00:00 GMT", "END_DATE": "Sun, 21 May 2023 03:00:00 GMT", "START_TIME": "8:00AM", "END_TIME": "1:00PM" }, "geometry": { "type": "Point", "coordinates": [ -63.58691524, 44.65234353 ] } },
{ "type": "Feature", "properties": { "id": 1891, "latitude": 44.6489401, "longitude": -63.57573991, "CLOSURE_TYPE": "Special Event", "START_DATE": "Sat, 26 Nov 2022 04:00:00 GMT", "END_DATE": "Sat, 26 Nov 2022 04:00:00 GMT", "START_TIME": "8:00AM", "END_TIME": "8:00PM" }, "geometry": { "type": "Point", "coordinates": [ -63.57573991, 44.6489401 ] } },
{ "type": "Feature", "properties": { "id": 1896, "latitude": 44.64628254, "longitude": -63.5734797, "CLOSURE_TYPE": "Development", "START_DATE": "Sat, 11 Jul 2020 06:00:00 GMT", "END_DATE": "Sat, 11 Jul 2020 06:00:00 GMT", "START_TIME": "7:00 AM", "END_TIME": "4:00 PM" }, "geometry": { "type": "Point", "coordinates": [ -63.5734797, 44.64628254 ] } },
{ "type": "Feature", "properties": { "id": 1899, "latitude": 44.64779322, "longitude": -63.57220382, "CLOSURE_TYPE": "Other", "START_DATE": "Tue, 23 Apr 2024 06:00:00 GMT", "END_DATE": "Tue, 23 Apr 2024 06:00:00 GMT", "START_TIME": "7:00AM", "END_TIME": "6:00PM" }, "geometry": { "type": "Point", "coordinates": [ -63.57220382, 44.64779322 ] } },
{ "type": "Feature", "properties": { "id": 1903, "latitude": 44.6527288, "longitude": -63.57760745, "CLOSURE_TYPE": "Construction", "START_DATE": "Fri, 13 Jun 2025 06:00:00 GMT", "END_DATE": "Mon, 16 Jun 2025 06:00:00 GMT", "START_TIME": "7pm", "END_TIME": "5am" }, "geometry": { "type": "Point", "coordinates": [ -63.57760745, 44.6527288 ] } },
{ "type": "Feature", "properties": { "id": 1904, "latitude": 44.65083822, "longitude": -63.59229394, "CLOSURE_TYPE": "Special Event", "START_DATE": "Sat, 17 May 2025 06:00:00 GMT", "END_DATE": "Sat, 17 May 2025 06:00:00 GMT", "START_TIME": "8:00am", "END_TIME": "12:00pm" }, "geometry": { "type": "Point", "coordinates": [ -63.59229394, 44.65083822 ] } },
{ "type": "Feature", "properties": { "id": 1907, "latitude": 44.64492347, "longitude": -63.57146035, "CLOSURE_TYPE": "Construction", "START_DATE": "Sat, 07 Jun 2025 06:00:00 GMT", "END_DATE": "Sat, 07 Jun 2025 06:00:00 GMT", "START_TIME": "7am", "END_TIME": "12pm" }, "geometry": { "type": "Point", "coordinates": [ -63.57146035, 44.64492347 ] } },
{ "type": "Feature", "properties": { "id": 1909, "latitude": 44.64512789, "longitude": -63.57376918, "CLOSURE_TYPE": "Development", "START_DATE": "Mon, 27 Apr 2020 06:00:00 GMT", "END_DATE": "Fri, 01 May 2020 06:00:00 GMT", "START_TIME": "7AM", "END_TIME": "7PM" }, "geometry": { "type": "Point", "coordinates": [ -63.57376918, 44.64512789 ] } },
{ "type": "Feature", "properties": { "id": 1911, "latitude": 44.65148868, "longitude": -63.58845224, "CLOSURE_TYPE": "Special Event", "START_DATE": "Sun, 23 Jul 2023 03:00:00 GMT", "END_DATE": "Sun, 23 Jul 2023 03:00:00 GMT", "START_TIME": "2PM", "END_TIME": "4PM" }, "geometry": { "type": "Point", "coordinates": [ -63.58845224, 44.65148868 ] } },
{ "type": "Feature", "properties": { "id": 1921, "latitude": 44.65102945, "longitude": -63.58356996, "CLOSURE_TYPE": "Construction", "START_DATE": "Tue, 05 Nov 2024 08:00:00 GMT", "END_DATE": "Fri, 29 Nov 2024 08:00:00 GMT", "START_TIME": "7:00am", "END_TIME": "6:00pm" }, "geometry": { "type": "Point", "coordinates": [ -63.58356996, 44.65102945 ] } },
{ "type": "Feature", "properties": { "id": 1923, "latitude": 44.64530087, "longitude": -63.57048288, "CLOSURE_TYPE": "Special Event", "START_DATE": "Thu, 27 Jun 2019 06:00:00 GMT", "END_DATE": "Tue, 02 Jul 2019 06:00:00 GMT", "START_TIME": "6:00PM", "END_TIME": "8:00AM" }, "geometry": { "type": "Point", "coordinates": [ -63.57048288, 44.64530087 ] } },
{ "type": "Feature", "properties": { "id": 1928, "latitude": 44.64824879, "longitude": -63.57452693, "CLOSURE_TYPE": "Special Event", "START_DATE": "Sat, 23 Sep 2023 03:00:00 GMT", "END_DATE": "Sat, 23 Sep 2023 03:00:00 GMT", "START_TIME": "11AM", "END_TIME": "1PM" }, "geometry": { "type": "Point", "coordinates": [ -63.57452693, 44.64824879 ] } },
{ "type": "Feature", "properties": { "id": 1933, "latitude": 44.64446379, "longitude": -63.58912095, "CLOSURE_TYPE": "Construction", "START_DATE": "Thu, 03 Apr 2025 06:00:00 GMT", "END_DATE": "Fri, 04 Apr 2025 06:00:00 GMT", "START_TIME": "8am", "END_TIME": "4pm" }, "geometry": { "type": "Point", "coordinates": [ -63.58912095, 44.64446379 ] } },
{ "type": "Feature", "properties": { "id": 1934, "latitude": 44.64545517, "longitude": -63.57243261, "CLOSURE_TYPE": "Construction", "START_DATE": "Fri, 07 Jul 2023 03:00:00 GMT", "END_DATE": "Sun, 09 Jul 2023 03:00:00 GMT", "START_TIME": "6PM", "END_TIME": "7PM" }, "geometry": { "type": "Point", "coordinates": [ -63.57243261, 44.64545517 ] } },
{ "type": "Feature", "properties": { "id": 1938, "latitude": 44.64785902, "longitude": -63.57591748, "CLOSURE_TYPE": "Development", "START_DATE": "Thu, 18 Feb 2021 08:00:00 GMT", "END_DATE": "Thu, 18 Feb 2021 08:00:00 GMT", "START_TIME": "7:00 AM", "END_TIME": "7:00 PM" }, "geometry": { "type": "Point", "coordinates": [ -63.57591748, 44.64785902 ] } },
{ "type": "Feature", "properties": { "id": 1940, "latitude": 44.64410552, "longitude": -63.57748562, "CLOSURE_TYPE": "Utility", "START_DATE": "Tue, 14 Dec 2021 08:00:00 GMT", "END_DATE": "Fri, 17 Dec 2021 08:00:00 GMT", "START_TIME": "5.00AM", "END_TIME": "9.00PM" }, "geometry": { "type": "Point", "coordinates": [ -63.57748562, 44.64410552 ] } },
{ "type": "Feature", "properties": { "id": 1943, "latitude": 44.64699279, "longitude": -63.57475182, "CLOSURE_TYPE": "Special Event", "START_DATE": "Fri, 28 Jun 2019 06:00:00 GMT", "END_DATE": "Tue, 02 Jul 2019 06:00:00 GMT", "START_TIME": "5PM", "END_TIME": "6AM" }, "geometry": { "type": "Point", "coordinates": [ -63.57475182, 44.64699279 ] } },
{ "type": "Feature", "properties": { "id": 1948, "latitude": 44.64898055, "longitude": -63.5722267, "CLOSURE_TYPE": "Other", "START_DATE": "Sat, 23 May 2020 06:00:00 GMT", "END_DATE": "Sat, 23 May 2020 06:00:00 GMT", "START_TIME": "7:00AM", "END_TIME": "1:00PM" }, "geometry": { "type": "Point", "coordinates": [ -63.5722267, 44.64898055 ] } },
{ "type": "Feature", "properties": { "id": 1956, "latitude": 44.648508, "longitude": -63.57761769, "CLOSURE_TYPE": "Special Event", "START_DATE": "Sun, 16 Jul 2023 03:00:00 GMT", "END_DATE": "Sun, 16 Jul 2023 03:00:00 GMT", "START_TIME": "6:00PM", "END_TIME": "12:00AM" }, "geometry": { "type": "Point", "coordinates": [ -63.57761769, 44.648508 ] } },
{ "type": "Feature", "properties": { "id": 1957, "latitude": 44.65255388, "longitude": -63.57774728, "CLOSURE_TYPE": "Construction", "START_DATE": "Mon, 14 Apr 2025 06:00:00 GMT", "END_DATE": "Tue, 06 May 2025 06:00:00 GMT", "START_TIME": "24 hours", "END_TIME": "24 hours" }, "geometry": { "type": "Point", "coordinates": [ -63.57774728, 44.65255388 ] } },
{ "type": "Feature", "properties": { "id": 1966, "latitude": 44.64370389, "longitude": -63.576414, "CLOSURE_TYPE": "Other", "START_DATE": "Sun, 10 Apr 2022 06:00:00 GMT", "END_DATE": "Sun, 10 Apr 2022 06:00:00 GMT", "START_TIME": "7AM", "END_TIME": "12PM" }, "geometry": { "type": "Point", "coordinates": [ -63.576414, 44.64370389 ] } },
{ "type": "Feature", "properties": { "id": 1968, "latitude": 44.64688716, "longitude": -63.57550311, "CLOSURE_TYPE": "Special Event", "START_DATE": "Sat, 06 Nov 2021 06:00:00 GMT", "END_DATE": "Sun, 07 Nov 2021 07:00:00 GMT", "START_TIME": "5:00 AM", "END_TIME": "2:00 PM" }, "geometry": { "type": "Point", "coordinates": [ -63.57550311, 44.64688716 ] } },
{ "type": "Feature", "properties": { "id": 1969, "latitude": 44.64075597, "longitude": -63.57078142, "CLOSURE_TYPE": "Utility", "START_DATE": "Wed, 03 Nov 2021 06:00:00 GMT", "END_DATE": "Thu, 04 Nov 2021 06:00:00 GMT", "START_TIME": "6:00AM", "END_TIME": "6:00AM" }, "geometry": { "type": "Point", "coordinates": [ -63.57078142, 44.64075597 ] } },
{ "type": "Feature", "properties": { "id": 1980, "latitude": 44.65251578, "longitude": -63.57972245, "CLOSURE_TYPE": "Construction", "START_DATE": "Fri, 26 May 2023 03:00:00 GMT", "END_DATE": "Mon, 29 May 2023 03:00:00 GMT", "START_TIME": "7PM", "END_TIME": "5AM" }, "geometry": { "type": "Point", "coordinates": [ -63.57972245, 44.65251578 ] } },
{ "type": "Feature", "properties": { "id": 1985, "latitude": 44.65446496, "longitude": -63.59220626, "CLOSURE_TYPE": "Special Event", "START_DATE": "Sat, 20 May 2023 03:00:00 GMT", "END_DATE": "Sat, 20 May 2023 03:00:00 GMT", "START_TIME": "8:00AM", "END_TIME": "12:00PM" }, "geometry": { "type": "Point", "coordinates": [ -63.59220626, 44.65446496 ] } },
{ "type": "Feature", "properties": { "id": 1987, "latitude": 44.64704611, "longitude": -63.57477775, "CLOSURE_TYPE": "Special Event", "START_DATE": "Fri, 25 Oct 2019 06:00:00 GMT", "END_DATE": "Sun, 27 Oct 2019 06:00:00 GMT", "START_TIME": "7:00AM", "END_TIME": "8:00PM" }, "geometry": { "type": "Point", "coordinates": [ -63.57477775, 44.64704611 ] } },
{ "type": "Feature", "properties": { "id": 1993, "latitude": 44.64102472, "longitude": -63.58000994, "CLOSURE_TYPE": "Development", "START_DATE": "Tue, 04 Jun 2024 06:00:00 GMT", "END_DATE": "Thu, 06 Jun 2024 06:00:00 GMT", "START_TIME": "7AM Tuesday", "END_TIME": "6PM Thursday" }, "geometry": { "type": "Point", "coordinates": [ -63.58000994, 44.64102472 ] } },
{ "type": "Feature", "properties": { "id": 1996, "latitude": 44.64647389, "longitude": -63.57295569, "CLOSURE_TYPE": "Development", "START_DATE": "Wed, 06 Nov 2024 08:00:00 GMT", "END_DATE": "Wed, 06 Nov 2024 08:00:00 GMT", "START_TIME": "7:00am", "END_TIME": "2:00pm" }, "geometry": { "type": "Point", "coordinates": [ -63.57295569, 44.64647389 ] } },
{ "type": "Feature", "properties": { "id": 2002, "latitude": 44.64856471, "longitude": -63.57760243, "CLOSURE_TYPE": "Special Event", "START_DATE": "Sat, 21 May 2022 06:00:00 GMT", "END_DATE": "Sun, 22 May 2022 06:00:00 GMT", "START_TIME": "5:00AM", "END_TIME": "4:00PM" }, "geometry": { "type": "Point", "coordinates": [ -63.57760243, 44.64856471 ] } },
{ "type": "Feature", "properties": { "id": 2010, "latitude": 44.64026717, "longitude": -63.56905487, "CLOSURE_TYPE": "Construction", "START_DATE": "Tue, 06 Jun 2023 03:00:00 GMT", "END_DATE": "Fri, 07 Jul 2023 03:00:00 GMT", "START_TIME": "9.00AM", "END_TIME": "4.00PM" }, "geometry": { "type": "Point", "coordinates": [ -63.56905487, 44.64026717 ] } },
{ "type": "Feature", "properties": { "id": 2011, "latitude": 44.64234421, "longitude": -63.57972601, "CLOSURE_TYPE": "Special Event", "START_DATE": "Sat, 25 Nov 2023 08:00:00 GMT", "END_DATE": "Sat, 25 Nov 2023 08:00:00 GMT", "START_TIME": "6PM", "END_TIME": "8PM" }, "geometry": { "type": "Point", "coordinates": [ -63.57972601, 44.64234421 ] } },
{ "type": "Feature", "properties": { "id": 2013, "latitude": 44.6424953, "longitude": -63.57876854, "CLOSURE_TYPE": "Other", "START_DATE": "Fri, 29 May 2020 06:00:00 GMT", "END_DATE": "Fri, 29 May 2020 06:00:00 GMT", "START_TIME": "9.00AM", "END_TIME": "4.00PM" }, "geometry": { "type": "Point", "coordinates": [ -63.57876854, 44.6424953 ] } },
{ "type": "Feature", "properties": { "id": 2020, "latitude": 44.64894418, "longitude": -63.5851547, "CLOSURE_TYPE": "Special Event", "START_DATE": "Sat, 02 Sep 2023 03:00:00 GMT", "END_DATE": "Sat, 02 Sep 2023 03:00:00 GMT", "START_TIME": "3:00 PM", "END_TIME": "5:00" }, "geometry": { "type": "Point", "coordinates": [ -63.5851547, 44.64894418 ] } },
{ "type": "Feature", "properties": { "id": 2021, "latitude": 44.64229808, "longitude": -63.57974887, "CLOSURE_TYPE": "Utility", "START_DATE": "Sun, 09 May 2021 06:00:00 GMT", "END_DATE": "Sun, 09 May 2021 06:00:00 GMT", "START_TIME": "7:00AM", "END_TIME": "5:00PM" }, "geometry": { "type": "Point", "coordinates": [ -63.57974887, 44.64229808 ] } },
{ "type": "Feature", "properties": { "id": 2023, "latitude": 44.64472508, "longitude": -63.57265858, "CLOSURE_TYPE": "Development", "START_DATE": "Tue, 08 Sep 2020 06:00:00 GMT", "END_DATE": "Tue, 08 Sep 2020 06:00:00 GMT", "START_TIME": "7AM", "END_TIME": "4PM" }, "geometry": { "type": "Point", "coordinates": [ -63.57265858, 44.64472508 ] } },
{ "type": "Feature", "properties": { "id": 2025, "latitude": 44.64572611, "longitude": -63.57551061, "CLOSURE_TYPE": "Construction", "START_DATE": "Mon, 08 Nov 2021 08:00:00 GMT", "END_DATE": "Fri, 19 Nov 2021 08:00:00 GMT", "START_TIME": "7AM", "END_TIME": "7PM" }, "geometry": { "type": "Point", "coordinates": [ -63.57551061, 44.64572611 ] } },
{ "type": "Feature", "properties": { "id": 2026, "latitude": 44.64395676, "longitude": -63.59097051, "CLOSURE_TYPE": "Construction", "START_DATE": "Mon, 21 Aug 2023 03:00:00 GMT", "END_DATE": "Tue, 22 Aug 2023 03:00:00 GMT", "START_TIME": "8:00 AM", "END_TIME": "6:00 PM" }, "geometry": { "type": "Point", "coordinates": [ -63.59097051, 44.64395676 ] } },
{ "type": "Feature", "properties": { "id": 2032, "latitude": 44.65104865, "longitude": -63.58602523, "CLOSURE_TYPE": "Utility", "START_DATE": "Thu, 19 Aug 2021 06:00:00 GMT", "END_DATE": "Thu, 19 Aug 2021 06:00:00 GMT", "START_TIME": "7AM", "END_TIME": "7PM" }, "geometry": { "type": "Point", "coordinates": [ -63.58602523, 44.65104865 ] } },
{ "type": "Feature", "properties": { "id": 2034, "latitude": 44.64727536, "longitude": -63.57410099, "CLOSURE_TYPE": "Development", "START_DATE": "Thu, 21 Nov 2024 08:00:00 GMT", "END_DATE": "Thu, 21 Nov 2024 08:00:00 GMT", "START_TIME": "7:00pm", "END_TIME": "5:30am" }, "geometry": { "type": "Point", "coordinates": [ -63.57410099, 44.64727536 ] } },
{ "type": "Feature", "properties": { "id": 2048, "latitude": 44.64229808, "longitude": -63.57973278, "CLOSURE_TYPE": "Construction", "START_DATE": "Sun, 07 Mar 2021 08:00:00 GMT", "END_DATE": "Sun, 07 Mar 2021 08:00:00 GMT", "START_TIME": "9AM", "END_TIME": "4PM" }, "geometry": { "type": "Point", "coordinates": [ -63.57973278, 44.64229808 ] } },
{ "type": "Feature", "properties": { "id": 2050, "latitude": 44.64961803, "longitude": -63.5843616, "CLOSURE_TYPE": "Special Event", "START_DATE": "Sat, 21 May 2022 06:00:00 GMT", "END_DATE": "Sun, 22 May 2022 06:00:00 GMT", "START_TIME": "5:00AM", "END_TIME": "2:00PM" }, "geometry": { "type": "Point", "coordinates": [ -63.5843616, 44.64961803 ] } },
{ "type": "Feature", "properties": { "id": 2054, "latitude": 44.64963647, "longitude": -63.58491975, "CLOSURE_TYPE": "Development", "START_DATE": "Mon, 21 Feb 2022 08:00:00 GMT", "END_DATE": "Fri, 04 Mar 2022 08:00:00 GMT", "START_TIME": "9:00AM", "END_TIME": "4:00PM" }, "geometry": { "type": "Point", "coordinates": [ -63.58491975, 44.64963647 ] } },
{ "type": "Feature", "properties": { "id": 2055, "latitude": 44.64641115, "longitude": -63.57290847, "CLOSURE_TYPE": "Development", "START_DATE": "Fri, 17 Jan 2020 08:00:00 GMT", "END_DATE": "Fri, 31 Jan 2020 08:00:00 GMT", "START_TIME": "7AM", "END_TIME": "9PM" }, "geometry": { "type": "Point", "coordinates": [ -63.57290847, 44.64641115 ] } },
{ "type": "Feature", "properties": { "id": 2074, "latitude": 44.64730794, "longitude": -63.5734491, "CLOSURE_TYPE": "Other", "START_DATE": "Wed, 06 Dec 2023 08:00:00 GMT", "END_DATE": "Wed, 06 Dec 2023 08:00:00 GMT", "START_TIME": "7:30AM", "END_TIME": "8:30PM" }, "geometry": { "type": "Point", "coordinates": [ -63.5734491, 44.64730794 ] } },
{ "type": "Feature", "properties": { "id": 2075, "latitude": 44.64880353, "longitude": -63.574186, "CLOSURE_TYPE": "Construction", "START_DATE": "Mon, 08 Apr 2024 06:00:00 GMT", "END_DATE": "Mon, 08 Apr 2024 06:00:00 GMT", "START_TIME": "7:30AM", "END_TIME": "4:30 PM" }, "geometry": { "type": "Point", "coordinates": [ -63.574186, 44.64880353 ] } },
{ "type": "Feature", "properties": { "id": 2076, "latitude": 44.64349535, "longitude": -63.58866185, "CLOSURE_TYPE": "Utility", "START_DATE": "Wed, 04 May 2022 06:00:00 GMT", "END_DATE": "Wed, 04 May 2022 06:00:00 GMT", "START_TIME": "9.00AM", "END_TIME": "4.00PM" }, "geometry": { "type": "Point", "coordinates": [ -63.58866185, 44.64349535 ] } },
{ "type": "Feature", "properties": { "id": 2095, "latitude": 44.64025921, "longitude": -63.56906799, "CLOSURE_TYPE": "Construction", "START_DATE": "Tue, 06 Jun 2023 03:00:00 GMT", "END_DATE": "Tue, 13 Jun 2023 03:00:00 GMT", "START_TIME": "9:00AM", "END_TIME": "4:00PM" }, "geometry": { "type": "Point", "coordinates": [ -63.56906799, 44.64025921 ] } },
{ "type": "Feature", "properties": { "id": 2099, "latitude": 44.64197822, "longitude": -63.58030633, "CLOSURE_TYPE": "Utility", "START_DATE": "Sun, 22 Dec 2024 08:00:00 GMT", "END_DATE": "Fri, 27 Jun 2025 06:00:00 GMT", "START_TIME": "7:00AM", "END_TIME": "9:00PM" }, "geometry": { "type": "Point", "coordinates": [ -63.58030633, 44.64197822 ] } },
{ "type": "Feature", "properties": { "id": 2100, "latitude": 44.65043209, "longitude": -63.58098181, "CLOSURE_TYPE": "Special Event", "START_DATE": "Sat, 06 Nov 2021 06:00:00 GMT", "END_DATE": "Sat, 06 Nov 2021 06:00:00 GMT", "START_TIME": "5:00 AM", "END_TIME": "1:00 PM" }, "geometry": { "type": "Point", "coordinates": [ -63.58098181, 44.65043209 ] } },
{ "type": "Feature", "properties": { "id": 2101, "latitude": 44.65331799, "longitude": -63.58542221, "CLOSURE_TYPE": "Development", "START_DATE": "Fri, 25 Sep 2020 06:00:00 GMT", "END_DATE": "Fri, 25 Sep 2020 06:00:00 GMT", "START_TIME": "7:00 AM", "END_TIME": "11:00 AM" }, "geometry": { "type": "Point", "coordinates": [ -63.58542221, 44.65331799 ] } },
{ "type": "Feature", "properties": { "id": 2104, "latitude": 44.64438297, "longitude": -63.58082079, "CLOSURE_TYPE": "Special Event", "START_DATE": "Sat, 20 May 2023 03:00:00 GMT", "END_DATE": "Sun, 21 May 2023 03:00:00 GMT", "START_TIME": "8:00AM", "END_TIME": "1:00PM" }, "geometry": { "type": "Point", "coordinates": [ -63.58082079, 44.64438297 ] } },
{ "type": "Feature", "properties": { "id": 2118, "latitude": 44.64498234, "longitude": -63.57431703, "CLOSURE_TYPE": "Construction", "START_DATE": "Sun, 28 Nov 2021 08:00:00 GMT", "END_DATE": "Sun, 28 Nov 2021 08:00:00 GMT", "START_TIME": "6AM", "END_TIME": "7PM" }, "geometry": { "type": "Point", "coordinates": [ -63.57431703, 44.64498234 ] } },
{ "type": "Feature", "properties": { "id": 2123, "latitude": 44.65142618, "longitude": -63.58261572, "CLOSURE_TYPE": "Utility", "START_DATE": "Wed, 02 Sep 2020 06:00:00 GMT", "END_DATE": "Wed, 02 Sep 2020 06:00:00 GMT", "START_TIME": "8.00AM", "END_TIME": "4.00PM" }, "geometry": { "type": "Point", "coordinates": [ -63.58261572, 44.65142618 ] } },
{ "type": "Feature", "properties": { "id": 2124, "latitude": 44.64442754, "longitude": -63.58080089, "CLOSURE_TYPE": "Special Event", "START_DATE": "Sat, 17 Jun 2023 03:00:00 GMT", "END_DATE": "Sat, 17 Jun 2023 03:00:00 GMT", "START_TIME": "11:30AM", "END_TIME": "1:30PM" }, "geometry": { "type": "Point", "coordinates": [ -63.58080089, 44.64442754 ] } }
]
}
