{"type":"FeatureCollection","crs":{"type":"name","properties":{"name":"EPSG:4326"}},"features":[{"type":"Feature","id":1,"geometry":{"type":"Point","coordinates":[-63.6168067023526,44.6462729095958]},"properties":{"OBJECTID":1,"SHELTERID":"TRSHEL200","ASSETID":"TRSHEL200","ASSETCODE":"TRSHEL","OWNER":"HRM","INSTYR":2017,"INSTYRCONF":2,"MAT":"ALUM","MATCONF":4,"LOCGEN":"ROW","ASSETSTAT":"INS","ELECTRICAL":null,"AD":"N","BUSSTOPID":"BS88","LOCATION":"Mumford Rd Before Leppert St (7274)","MAINTBY":"HRM","ASSETDESC":"DAYTECH HALF SHELTER AVANTI - Shelter Bench","SDATE":null,"SOURCE":null,"SACC":"IN","ADDDATE":"Tue, 01 Nov 2022 17:05:45 GMT","MODDATE":"Mon, 24 Jun 2024 17:18:22 GMT","CONDITPERD":null,"CONDITEXP":null,"GLOBALID":"a1f13df7-f50b-4c7d-b09f-882f8dab3a9c"}},{"type":"Feature","id":2,"geometry":{"type":"Point","coordinates":[-63.6096552440201,44.6725252284275]},"properties":{"OBJECTID":2,"SHELTERID":"TRSHEL455","ASSETID":"TRSHEL455","ASSETCODE":"TRSHEL","OWNER":"HRM","INSTYR":null,"INSTYRCONF":6,"MAT":"STEEL","MATCONF":3,"LOCGEN":"ROW","ASSETSTAT":"INS","ELECTRICAL":null,"AD":null,"BUSSTOPID":"BS3423","LOCATION":"Kencrest Ave Before Glebe St (7050)","MAINTBY":"HRM","ASSETDESC":"DAYTECH BROWN- Shelter Bench","SDATE":null,"SOURCE":null,"SACC":"IN","ADDDATE":"Tue, 01 Nov 2022 17:05:45 GMT","MODDATE":"Mon, 24 Jun 2024 17:18:22 GMT","CONDITPERD":null,"CONDITEXP":null,"GLOBALID":"04f93adc-055f-4f7e-9780-bce2bce1a8ad"}},{"type":"Feature","id":3,"geometry":{"type":"Point","coordinates":[-63.5868801083998,44.640760117769]},"properties":{"OBJECTID":3,"SHELTERID":"TRSHEL116","ASSETID":"TRSHEL116","ASSETCODE":"TRSHEL","OWNER":"HRM","INSTYR":null,"INSTYRCONF":6,"MAT":"ALUM","MATCONF":3,"LOCGEN":"ROW","ASSETSTAT":"INS","ELECTRICAL":null,"AD":null,"BUSSTOPID":"BS1174","LOCATION":"Robie St After Spring Garden Rd (8185)","MAINTBY":"HRM","ASSETDESC":"DAYTECH AVANTI - Shelter Bench","SDATE":null,"SOURCE":null,"SACC":"IN","ADDDATE":"Tue, 01 Nov 2022 17:05:45 GMT","MODDATE":"Mon, 24 Jun 2024 17:18:22 GMT","CONDITPERD":null,"CONDITEXP":null,"GLOBALID":"d60140a9-d7d7-4fed-8532-f65f7509de75"}},{"type":"Feature","id":4,"geometry":{"type":"Point","coordinates":[-63.480043595627,44.6112571830901]},"properties":{"OBJECTID":4,"SHELTERID":"TRSHEL71","ASSETID":"TRSHEL71","ASSETCODE":"TRSHEL","OWNER":"HRM","INSTYR":null,"INSTYRCONF":6,"MAT":"ALUM","MATCONF":3,"LOCGEN":"ROW","ASSETSTAT":"INS","ELECTRICAL":null,"AD":null,"BUSSTOPID":"BS1668","LOCATION":"Cow Bay Rd Before Garrison Dr (6512)","MAINTBY":"HRM","ASSETDESC":"DAYTECH AVANTI - Shelter Bench","SDATE":null,"SOURCE":null,"SACC":"IN","ADDDATE":"Tue, 01 Nov 2022 17:05:45 GMT","MODDATE":"Fri, 04 Nov 2022 15:17:35 GMT","CONDITPERD":null,"CONDITEXP":null,"GLOBALID":"e8f535f7-06b0-4640-9417-289e0e20c0a5"}},{"type":"Feature","id":5,"geometry":{"type":"Point","coordinates":[-63.5799359120646,44.642088152261]},"properties":{"OBJECTID":5,"SHELTERID":"TRSHEL345","ASSETID":"TRSHEL345","ASSETCODE":"TRSHEL","OWNER":"HRM","INSTYR":2007,"INSTYRCONF":2,"MAT":"ALUM","MATCONF":3,"LOCGEN":"ROW","ASSETSTAT":"INS","ELECTRICAL":null,"AD":"Y","BUSSTOPID":"BS1123","LOCATION":"Spring Garden Rd Before South Park St (8333)","MAINTBY":"HRM","ASSETDESC":"DAYTECH AVANTI - Shelter Bench","SDATE":null,"SOURCE":null,"SACC":"IN","ADDDATE":"Tue, 01 Nov 2022 17:05:45 GMT","MODDATE":"Mon, 24 Jun 2024 17:18:22 GMT","CONDITPERD":null,"CONDITEXP":null,"GLOBALID":"d03e731e-cbd9-4866-a3b0-aa463c186b7b"}},{"type":"Feature","id":6,"geometry":{"type":"Point","coordinates":[-63.6046713360266,44.6580679814712]},"properties":{"OBJECTID":6,"SHELTERID":"TRSHEL768","ASSETID":"TRSHEL768","ASSETCODE":"TRSHEL","OWNER":"HRM","INSTYR":2024,"INSTYRCONF":1,"MAT":"ALUM","MATCONF":1,"LOCGEN":"ROW","ASSETSTAT":"INS","ELECTRICAL":null,"AD":null,"BUSSTOPID":"BS1421","LOCATION":"Young St After Monaghan Dr (8629)","MAINTBY":"HRM","ASSETDESC":"DAYTECH AVANTI","SDATE":"Wed, 06 Nov 2024 04:00:00 GMT","SOURCE":"Transit","SACC":"IN","ADDDATE":"Wed, 27 Nov 2024 16:27:06 GMT","MODDATE":"Wed, 27 Nov 2024 16:36:07 GMT","CONDITPERD":null,"CONDITEXP":null,"GLOBALID":"f232a0cb-d592-4ebb-8433-f121003dd1aa"}},{"type":"Feature","id":7,"geometry":{"type":"Point","coordinates":[-63.5864838633246,44.6405806774195]},"properties":{"OBJECTID":7,"SHELTERID":"TRSHEL332","ASSETID":"TRSHEL332","ASSETCODE":"TRSHEL","OWNER":"HRM","INSTYR":null,"INSTYRCONF":6,"MAT":"ALUM","MATCONF":3,"LOCGEN":"ROW","ASSETSTAT":"INS","ELECTRICAL":null,"AD":null,"BUSSTOPID":"BS1122","LOCATION":"Spring Garden Rd Before Robie St (8332)","MAINTBY":"HRM","ASSETDESC":"DAYTECH AVANTI - Shelter Bench","SDATE":null,"SOURCE":null,"SACC":"IN","ADDDATE":"Tue, 01 Nov 2022 17:05:45 GMT","MODDATE":"Mon, 24 Jun 2024 17:18:22 GMT","CONDITPERD":null,"CONDITEXP":null,"GLOBALID":"5415b4eb-016b-4efb-a13d-144e075c0fc6"}},{"type":"Feature","id":8,"geometry":{"type":"Point","coordinates":[-63.6624695819056,44.6613319121198]},"properties":{"OBJECTID":8,"SHELTERID":"TRSHEL444","ASSETID":"TRSHEL444","ASSETCODE":"TRSHEL","OWNER":"HRM","INSTYR":2015,"INSTYRCONF":2,"MAT":"ALUM","MATCONF":3,"LOCGEN":"ROW","ASSETSTAT":"INS","ELECTRICAL":null,"AD":null,"BUSSTOPID":"BS2620","LOCATION":"Lacewood Terminal Bay 14 (9114)","MAINTBY":"HRM","ASSETDESC":"DAYTECH LARGE - Shelter Bench","SDATE":null,"SOURCE":null,"SACC":"IN","ADDDATE":"Tue, 01 Nov 2022 17:05:45 GMT","MODDATE":"Fri, 04 Nov 2022 15:17:35 GMT","CONDITPERD":null,"CONDITEXP":null,"GLOBALID":"3f38d0f7-b8ba-4ba8-9292-53abb1cfd374"}},{"type":"Feature","id":9,"geometry":{"type":"Point","coordinates":[-63.6084891562211,44.6636928988703]},"properties":{"OBJECTID":9,"SHELTERID":"TRSHEL766","ASSETID":"TRSHEL766","ASSETCODE":"TRSHEL","OWNER":"HRM","INSTYR":2024,"INSTYRCONF":1,"MAT":"ALUM","MATCONF":1,"LOCGEN":"ROW","ASSETSTAT":"INS","ELECTRICAL":null,"AD":null,"BUSSTOPID":"BS753","LOCATION":"Robie St Before Cabot St (8203)","MAINTBY":"HRM","ASSETDESC":"DAYTECH AVANTI","SDATE":"Wed, 06 Nov 2024 04:00:00 GMT","SOURCE":"Transit","SACC":"IN","ADDDATE":"Wed, 27 Nov 2024 16:22:31 GMT","MODDATE":"Wed, 27 Nov 2024 16:36:07 GMT","CONDITPERD":null,"CONDITEXP":null,"GLOBALID":"73a97c42-9e42-4b58-9aad-757531144cab"}},{"type":"Feature","id":10,"geometry":{"type":"Point","coordinates":[-63.5847773113215,44.69902880907]},"properties":{"OBJECTID":10,"SHELTERID":"TRSHEL378","ASSETID":"TRSHEL378","ASSETCODE":"TRSHEL","OWNER":"HRM","INSTYR":null,"INSTYRCONF":6,"MAT":"ALUM","MATCONF":3,"LOCGEN":"ROW","ASSETSTAT":"INS","ELECTRICAL":null,"AD":null,"BUSSTOPID":"BS1650","LOCATION":"Ronald Smith Ave After Ilsley Ave (8241)","MAINTBY":"HRM","ASSETDESC":"DAYTECH AVANTI - Shelter Bench","SDATE":null,"SOURCE":null,"SACC":"IN","ADDDATE":"Tue, 01 Nov 2022 17:05:45 GMT","MODDATE":"Mon, 24 Jun 2024 17:18:22 GMT","CONDITPERD":null,"CONDITEXP":null,"GLOBALID":"65214330-45e6-4868-9255-6562d02b65ea"}},{"type":"Feature","id":11,"geometry":{"type":"Point","coordinates":[-63.5794049152052,44.6377265842272]},"properties":{"OBJECTID":11,"SHELTERID":"TRSHEL161","ASSETID":"TRSHEL161","ASSETCODE":"TRSHEL","OWNER":"HRM","INSTYR":null,"INSTYRCONF":6,"MAT":"ALUM","MATCONF":4,"LOCGEN":"ROW","ASSETSTAT":"INS","ELECTRICAL":null,"AD":null,"BUSSTOPID":"BS244","LOCATION":"South St Before Tower Rd (8305)","MAINTBY":"HRM","ASSETDESC":"DAYTECH HALF SHELTER AVANTI","SDATE":null,"SOURCE":null,"SACC":"IN","ADDDATE":"Tue, 01 Nov 2022 17:05:45 GMT","MODDATE":"Mon, 24 Jun 2024 17:18:22 GMT","CONDITPERD":null,"CONDITEXP":null,"GLOBALID":"529db388-26c4-4cae-b731-30a4d13ddab7"}},{"type":"Feature","id":12,"geometry":{"type":"Point","coordinates":[-63.5499169075202,44.6556477376871]},"properties":{"OBJECTID":12,"SHELTERID":"TRSHEL166","ASSETID":"TRSHEL166","ASSETCODE":"TRSHEL","OWNER":"HRM","INSTYR":2010,"INSTYRCONF":2,"MAT":"ALUM","MATCONF":3,"LOCGEN":"ROW","ASSETSTAT":"INS","ELECTRICAL":null,"AD":null,"BUSSTOPID":"BS2430","LOCATION":"Pleasant St Before Mawiomi Pl (7470)","MAINTBY":"HRM","ASSETDESC":"DAYTECH AVANTI - Shelter Bench","SDATE":null,"SOURCE":null,"SACC":"IN","ADDDATE":"Tue, 01 Nov 2022 17:05:45 GMT","MODDATE":"Mon, 24 Jun 2024 17:18:22 GMT","CONDITPERD":null,"CONDITEXP":null,"GLOBALID":"b3f242de-0fac-4a4b-95b7-b6741800ed34"}},{"type":"Feature","id":13,"geometry":{"type":"Point","coordinates":[-63.664267215892,44.6730681434107]},"properties":{"OBJECTID":13,"SHELTERID":"TRSHEL335","ASSETID":"TRSHEL335","ASSETCODE":"TRSHEL","OWNER":"PRIV","INSTYR":1998,"INSTYRCONF":6,"MAT":null,"MATCONF":6,"LOCGEN":"ROW","ASSETSTAT":"INS","ELECTRICAL":null,"AD":null,"BUSSTOPID":"BS2268","LOCATION":"Dunbrack St After Farnham Gate Rd (6593)","MAINTBY":"PRIV","ASSETDESC":"Privately Owned Shelter - Do Not Inspect","SDATE":"Mon, 21 Dec 2015 04:00:00 GMT","SOURCE":"TRANSIT","SACC":"IN","ADDDATE":"Tue, 01 Nov 2022 17:05:45 GMT","MODDATE":"Fri, 04 Nov 2022 15:17:35 GMT","CONDITPERD":null,"CONDITEXP":null,"GLOBALID":"38f87cea-750a-48ae-b7a4-86a8634a6567"}},{"type":"Feature","id":14,"geometry":{"type":"Point","coordinates":[-63.6701105573892,44.6602711510749]},"properties":{"OBJECTID":14,"SHELTERID":"TRSHEL299","ASSETID":"TRSHEL299","ASSETCODE":"TRSHEL","OWNER":"HRM","INSTYR":2005,"INSTYRCONF":2,"MAT":"STEEL","MATCONF":3,"LOCGEN":"ROW","ASSETSTAT":"INS","ELECTRICAL":null,"AD":null,"BUSSTOPID":"BS1550","LOCATION":"Parkland Dr Before Lacewood Dr (7438)","MAINTBY":"HRM","ASSETDESC":"DAYTECH BROWN- Shelter Bench","SDATE":null,"SOURCE":null,"SACC":"IN","ADDDATE":"Tue, 01 Nov 2022 17:05:45 GMT","MODDATE":"Mon, 24 Jun 2024 17:18:22 GMT","CONDITPERD":null,"CONDITEXP":null,"GLOBALID":"ff492e84-fbe8-46e2-9743-e5540e7117e2"}},{"type":"Feature","id":15,"geometry":{"type":"Point","coordinates":[-63.5906094921496,44.6479365634411]},"properties":{"OBJECTID":15,"SHELTERID":"TRSHEL142","ASSETID":"TRSHEL142","ASSETCODE":"TRSHEL","OWNER":"HRM","INSTYR":null,"INSTYRCONF":6,"MAT":"ALUM","MATCONF":3,"LOCGEN":"ROW","ASSETSTAT":"INS","ELECTRICAL":null,"AD":null,"BUSSTOPID":"BS1173","LOCATION":"Robie St After Quinpool Rd (8184)","MAINTBY":"HRM","ASSETDESC":"DAYTECH AVANTI - Shelter Bench","SDATE":null,"SOURCE":null,"SACC":"IN","ADDDATE":"Tue, 01 Nov 2022 17:05:45 GMT","MODDATE":"Mon, 24 Jun 2024 17:18:22 GMT","CONDITPERD":null,"CONDITEXP":null,"GLOBALID":"6466b604-b2ae-4b4c-a7ed-381a68ce3aa1"}},{"type":"Feature","id":16,"geometry":{"type":"Point","coordinates":[-63.6179726455228,44.6120080733099]},"properties":{"OBJECTID":16,"SHELTERID":"TRSHEL317","ASSETID":"TRSHEL317","ASSETCODE":"TRSHEL","OWNER":"HRM","INSTYR":2009,"INSTYRCONF":2,"MAT":"ALUM","MATCONF":3,"LOCGEN":"ROW","ASSETSTAT":"INS","ELECTRICAL":null,"AD":"N","BUSSTOPID":"BS2451","LOCATION":"Herring Cove Rd After Denitith Rd (6857)","MAINTBY":"HRM","ASSETDESC":"DAYTECH AVANTI - Shelter Bench","SDATE":null,"SOURCE":null,"SACC":"IN","ADDDATE":"Tue, 01 Nov 2022 17:05:45 GMT","MODDATE":"Mon, 24 Jun 2024 17:18:22 GMT","CONDITPERD":null,"CONDITEXP":null,"GLOBALID":"9539adb1-4920-4077-acad-7a84ddc08633"}},{"type":"Feature","id":17,"geometry":{"type":"Point","coordinates":[-63.5404570439106,44.6444492949228]},"properties":{"OBJECTID":17,"SHELTERID":"TRSHEL456","ASSETID":"TRSHEL456","ASSETCODE":"TRSHEL","OWNER":"HRM","INSTYR":2001,"INSTYRCONF":2,"MAT":"ALUM","MATCONF":3,"LOCGEN":"ROW","ASSETSTAT":"INS","ELECTRICAL":null,"AD":null,"BUSSTOPID":"BS2299","LOCATION":"Pleasant St Before Everette St (7488)","MAINTBY":"HRM","ASSETDESC":"DAYTECH AVANTI - Shelter Bench","SDATE":null,"SOURCE":null,"SACC":"IN","ADDDATE":"Tue, 01 Nov 2022 17:05:45 GMT","MODDATE":"Fri, 04 Nov 2022 15:17:35 GMT","CONDITPERD":null,"CONDITEXP":null,"GLOBALID":"790ea0b6-9408-44cd-bcf7-ed47f2a3da5f"}},{"type":"Feature","id":18,"geometry":{"type":"Point","coordinates":[-63.5473736682548,44.6860674772173]},"properties":{"OBJECTID":18,"SHELTERID":"TRSHEL375","ASSETID":"TRSHEL375","ASSETCODE":"TRSHEL","OWNER":"HRM","INSTYR":2006,"INSTYRCONF":2,"MAT":"STEEL","MATCONF":4,"LOCGEN":"ROW","ASSETSTAT":"INS","ELECTRICAL":null,"AD":"N","BUSSTOPID":"BS1826","LOCATION":"Braemar Dr Before Braeside Ct (6313)","MAINTBY":"HRM","ASSETDESC":"DAYTECH HALF SHELTER","SDATE":null,"SOURCE":null,"SACC":"IN","ADDDATE":"Tue, 01 Nov 2022 17:05:45 GMT","MODDATE":"Mon, 24 Jun 2024 17:18:22 GMT","CONDITPERD":null,"CONDITEXP":null,"GLOBALID":"3a867ff0-4ed6-467b-9c3f-0491379cc344"}},{"type":"Feature","id":19,"geometry":{"type":"Point","coordinates":[-63.5647405613857,44.6728162188525]},"properties":{"OBJECTID":19,"SHELTERID":"TRSHEL148","ASSETID":"TRSHEL148","ASSETCODE":"TRSHEL","OWNER":"HRM","INSTYR":2008,"INSTYRCONF":2,"MAT":"ALUM","MATCONF":3,"LOCGEN":"ROW","ASSETSTAT":"INS","ELECTRICAL":null,"AD":null,"BUSSTOPID":"BS1954","LOCATION":"Crichton Ave After Dahlia St (6527)","MAINTBY":"HRM","ASSETDESC":"DAYTECH AVANTI - Shelter Bench","SDATE":null,"SOURCE":null,"SACC":"IN","ADDDATE":"Tue, 01 Nov 2022 17:05:45 GMT","MODDATE":"Mon, 24 Jun 2024 17:18:22 GMT","CONDITPERD":null,"CONDITEXP":null,"GLOBALID":"d33d5b26-a394-49ce-bd39-8efe96e0d63d"}},{"type":"Feature","id":20,"geometry":{"type":"Point","coordinates":[-63.6714203765319,44.6390167353721]},"properties":{"OBJECTID":20,"SHELTERID":"TRSHEL381","ASSETID":"TRSHEL381","ASSETCODE":"TRSHEL","OWNER":"HRM","INSTYR":2011,"INSTYRCONF":2,"MAT":"ALUM","MATCONF":3,"LOCGEN":"ROW","ASSETSTAT":"INS","ELECTRICAL":null,"AD":null,"BUSSTOPID":"BS2095","LOCATION":"Horseshoe Lake Dr After Chain Lake Dr (6376)","MAINTBY":"HRM","ASSETDESC":"DAYTECH AVANTI - Shelter Bench","SDATE":null,"SOURCE":null,"SACC":"IN","ADDDATE":"Tue, 01 Nov 2022 17:05:45 GMT","MODDATE":"Mon, 24 Jun 2024 17:18:22 GMT","CONDITPERD":null,"CONDITEXP":null,"GLOBALID":"d38b8d00-66c0-4257-b6f8-4be09096f3d9"}},{"type":"Feature","id":21,"geometry":{"type":"Point","coordinates":[-63.6296518347711,44.6569460649947]},"properties":{"OBJECTID":21,"SHELTERID":"TRSHEL479","ASSETID":"TRSHEL479","ASSETCODE":"TRSHEL","OWNER":"HRM","INSTYR":2021,"INSTYRCONF":2,"MAT":null,"MATCONF":null,"LOCGEN":"ROW","ASSETSTAT":"INS","ELECTRICAL":null,"AD":null,"BUSSTOPID":"BS677","LOCATION":"Joseph Howe Dr Before Scot St (6985)","MAINTBY":"HRM","ASSETDESC":null,"SDATE":null,"SOURCE":null,"SACC":"IN","ADDDATE":"Tue, 01 Nov 2022 17:05:45 GMT","MODDATE":"Mon, 24 Jun 2024 17:18:22 GMT","CONDITPERD":null,"CONDITEXP":null,"GLOBALID":"8a40a85d-270e-4dd8-bf0f-a767e5dd0ef1"}},{"type":"Feature","id":22,"geometry":{"type":"Point","coordinates":[-63.4995137143326,44.6713696585827]},"properties":{"OBJECTID":22,"SHELTERID":"TRSHEL237","ASSETID":"TRSHEL237","ASSETCODE":"TRSHEL","OWNER":"HRM","INSTYR":2005,"INSTYRCONF":2,"MAT":"ALUM","MATCONF":4,"LOCGEN":"ROW","ASSETSTAT":"INS","ELECTRICAL":null,"AD":null,"BUSSTOPID":"BS177","LOCATION":"Cole Harbour Rd After Otago Dr (6478)","MAINTBY":"HRM","ASSETDESC":"MOUNTAIN MFG-Shelter Bench","SDATE":null,"SOURCE":null,"SACC":"IN","ADDDATE":"Tue, 01 Nov 2022 17:05:45 GMT","MODDATE":"Mon, 24 Jun 2024 17:18:22 GMT","CONDITPERD":null,"CONDITEXP":null,"GLOBALID":"e9f52b04-1d8d-42b0-9d6f-cc9b956acca6"}},{"type":"Feature","id":23,"geometry":{"type":"Point","coordinates":[-63.6128282193677,44.6533127573881]},"properties":{"OBJECTID":23,"SHELTERID":"TRSHEL193","ASSETID":"TRSHEL193","ASSETCODE":"TRSHEL","OWNER":"HRM","INSTYR":2000,"INSTYRCONF":2,"MAT":"STEEL","MATCONF":4,"LOCGEN":"ROW","ASSETSTAT":"INS","ELECTRICAL":null,"AD":"N","BUSSTOPID":"BS787","LOCATION":"Bayers Rd Before Connolly St (6203)","MAINTBY":"HRM","ASSETDESC":"DAYTECH HALF SHELTER","SDATE":null,"SOURCE":null,"SACC":"IN","ADDDATE":"Tue, 01 Nov 2022 17:05:45 GMT","MODDATE":"Mon, 24 Jun 2024 17:18:22 GMT","CONDITPERD":null,"CONDITEXP":null,"GLOBALID":"55825865-757d-42a0-9385-09eed95d4e7f"}},{"type":"Feature","id":24,"geometry":{"type":"Point","coordinates":[-63.6191834361852,44.664137165404]},"properties":{"OBJECTID":24,"SHELTERID":"TRSHEL477","ASSETID":"TRSHEL477","ASSETCODE":"TRSHEL","OWNER":"HRM","INSTYR":null,"INSTYRCONF":null,"MAT":"ALUM","MATCONF":3,"LOCGEN":"ROW","ASSETSTAT":"DIS","ELECTRICAL":null,"AD":null,"BUSSTOPID":"BS296","LOCATION":"Lady Hammond Rd Opposite MacKintosh St (7089)","MAINTBY":"HRM","ASSETDESC":"Removed due to repeated damage to shelter","SDATE":null,"SOURCE":null,"SACC":"IN","ADDDATE":"Tue, 01 Nov 2022 17:05:45 GMT","MODDATE":"Fri, 04 Nov 2022 15:17:35 GMT","CONDITPERD":null,"CONDITEXP":null,"GLOBALID":"f161912e-4cad-44bc-9a16-55576fe41ceb"}},{"type":"Feature","id":25,"geometry":{"type":"Point","coordinates":[-63.6691821736959,44.7248798066548]},"properties":{"OBJECTID":25,"SHELTERID":"TRSHEL137","ASSETID":"TRSHEL137","ASSETCODE":"TRSHEL","OWNER":"HRM","INSTYR":2007,"INSTYRCONF":2,"MAT":"ALUM","MATCONF":3,"LOCGEN":"ROW","ASSETSTAT":"INS","ELECTRICAL":null,"AD":null,"BUSSTOPID":"BS2385","LOCATION":"Bedford Hwy After Meadowbrook Dr (6257)","MAINTBY":"HRM","ASSETDESC":"DAYTECH AVANTI","SDATE":null,"SOURCE":null,"SACC":"IN","ADDDATE":"Tue, 01 Nov 2022 17:05:45 GMT","MODDATE":"Mon, 24 Jun 2024 17:18:22 GMT","CONDITPERD":null,"CONDITEXP":null,"GLOBALID":"8881b8c3-6b87-4de5-868a-3b583bb5af44"}},{"type":"Feature","id":26,"geometry":{"type":"Point","coordinates":[-63.59841827203,44.6622426957737]},"properties":{"OBJECTID":26,"SHELTERID":"TRSHEL369","ASSETID":"TRSHEL369","ASSETCODE":"TRSHEL","OWNER":"HRM","INSTYR":null,"INSTYRCONF":6,"MAT":"STEEL","MATCONF":3,"LOCGEN":"ROW","ASSETSTAT":"INS","ELECTRICAL":null,"AD":null,"BUSSTOPID":"BS746","LOCATION":"Gottingen St After Young St (6770)","MAINTBY":"HRM","ASSETDESC":"DAYTECH BROWN FLAT ROOF","SDATE":null,"SOURCE":null,"SACC":"IN","ADDDATE":"Tue, 01 Nov 2022 17:05:45 GMT","MODDATE":"Mon, 24 Jun 2024 17:18:22 GMT","CONDITPERD":null,"CONDITEXP":null,"GLOBALID":"4fa1cbe1-9625-4ba9-adc4-c66194df785b"}},{"type":"Feature","id":27,"geometry":{"type":"Point","coordinates":[-63.5307098325978,44.6915131409041]},"properties":{"OBJECTID":27,"SHELTERID":"TRSHEL82","ASSETID":"TRSHEL82","ASSETCODE":"TRSHEL","OWNER":"HRM","INSTYR":2005,"INSTYRCONF":6,"MAT":"STEEL","MATCONF":3,"LOCGEN":"ROW","ASSETSTAT":"INS","ELECTRICAL":null,"AD":null,"BUSSTOPID":"BS1940","LOCATION":"Kennedy Dr Before Rolieka Dr (7051)","MAINTBY":"HRM","ASSETDESC":"DAYTECH BROWN","SDATE":null,"SOURCE":null,"SACC":"IN","ADDDATE":"Tue, 01 Nov 2022 17:05:45 GMT","MODDATE":"Mon, 24 Jun 2024 17:18:22 GMT","CONDITPERD":null,"CONDITEXP":null,"GLOBALID":"45e7836b-36f4-4b6e-8478-30a9604349ec"}},{"type":"Feature","id":28,"geometry":{"type":"Point","coordinates":[-63.6414481805021,44.6702149869193]},"properties":{"OBJECTID":28,"SHELTERID":"TRSHEL278","ASSETID":"TRSHEL278","ASSETCODE":"TRSHEL","OWNER":"HRM","INSTYR":2005,"INSTYRCONF":2,"MAT":"STEEL","MATCONF":3,"LOCGEN":"ROW","ASSETSTAT":"INS","ELECTRICAL":null,"AD":"Y","BUSSTOPID":"BS572","LOCATION":"Bedford Hwy After Seton Rd (6217)","MAINTBY":"HRM","ASSETDESC":"DAYTECH BROWN","SDATE":null,"SOURCE":null,"SACC":"IN","ADDDATE":"Tue, 01 Nov 2022 17:05:45 GMT","MODDATE":"Mon, 24 Jun 2024 17:18:22 GMT","CONDITPERD":null,"CONDITEXP":null,"GLOBALID":"ff57ec68-ee07-433b-847f-1f9dfa8bdfad"}},{"type":"Feature","id":29,"geometry":{"type":"Point","coordinates":[-63.5895617636775,44.6364451643022]},"properties":{"OBJECTID":29,"SHELTERID":"TRSHEL227","ASSETID":"TRSHEL227","ASSETCODE":"TRSHEL","OWNER":"HRM","INSTYR":2005,"INSTYRCONF":2,"MAT":"ALUM","MATCONF":4,"LOCGEN":"ROW","ASSETSTAT":"INS","ELECTRICAL":null,"AD":"N","BUSSTOPID":"BS1024","LOCATION":"Lemarchant St Before University Ave (7144)","MAINTBY":"HRM","ASSETDESC":"MOUNTAIN MFG-Shelter Bench","SDATE":null,"SOURCE":null,"SACC":"IN","ADDDATE":"Tue, 01 Nov 2022 17:05:45 GMT","MODDATE":"Fri, 04 Nov 2022 15:17:35 GMT","CONDITPERD":null,"CONDITEXP":null,"GLOBALID":"c67e195e-dc0e-4488-858b-61f9dc0d3ab5"}},{"type":"Feature","id":30,"geometry":{"type":"Point","coordinates":[-63.6144055460223,44.6161207314]},"properties":{"OBJECTID":30,"SHELTERID":"TRSHEL352","ASSETID":"TRSHEL352","ASSETCODE":"TRSHEL","OWNER":"HRM","INSTYR":2007,"INSTYRCONF":2,"MAT":"ALUM","MATCONF":3,"LOCGEN":"ROW","ASSETSTAT":"INS","ELECTRICAL":null,"AD":null,"BUSSTOPID":"BS2461","LOCATION":"Herring Cove Rd After Williams Lake Rd (6867)","MAINTBY":"HRM","ASSETDESC":"DAYTECH AVANTI - Shelter Bench","SDATE":null,"SOURCE":null,"SACC":"IN","ADDDATE":"Tue, 01 Nov 2022 17:05:45 GMT","MODDATE":"Mon, 24 Jun 2024 17:18:22 GMT","CONDITPERD":null,"CONDITEXP":null,"GLOBALID":"3efa4c7f-0268-466c-97fb-cd2e7114403f"}},{"type":"Feature","id":31,"geometry":{"type":"Point","coordinates":[-63.6452923150463,44.663789264247]},"properties":{"OBJECTID":31,"SHELTERID":"TRSHEL307","ASSETID":"TRSHEL307","ASSETCODE":"TRSHEL","OWNER":"HRM","INSTYR":null,"INSTYRCONF":6,"MAT":"ALUM","MATCONF":3,"LOCGEN":"ROW","ASSETSTAT":"INS","ELECTRICAL":null,"AD":null,"BUSSTOPID":"BS1725","LOCATION":"Lacewood Dr After Clayton Park Dr (7066)","MAINTBY":"HRM","ASSETDESC":"DAYTECH AVANTI - Shelter Bench","SDATE":null,"SOURCE":null,"SACC":"IN","ADDDATE":"Tue, 01 Nov 2022 17:05:45 GMT","MODDATE":"Mon, 24 Jun 2024 17:18:22 GMT","CONDITPERD":null,"CONDITEXP":null,"GLOBALID":"b57f9a2d-6d85-4ed1-95c1-1817b79429a1"}},{"type":"Feature","id":32,"geometry":{"type":"Point","coordinates":[-63.5682753619601,44.6853088392459]},"properties":{"OBJECTID":32,"SHELTERID":"TRSHEL483","ASSETID":"TRSHEL483","ASSETCODE":"TRSHEL","OWNER":"HRM","INSTYR":null,"INSTYRCONF":6,"MAT":"ALUM","MATCONF":3,"LOCGEN":"ROW","ASSETSTAT":"INS","ELECTRICAL":null,"AD":null,"BUSSTOPID":"BS264","LOCATION":"Micmac Blvd Before Woodland Ave (7215)","MAINTBY":"HRM","ASSETDESC":"DAYTECH AVANTI - Shelter Bench","SDATE":null,"SOURCE":null,"SACC":"IN","ADDDATE":"Tue, 01 Nov 2022 17:05:45 GMT","MODDATE":"Mon, 24 Jun 2024 17:18:22 GMT","CONDITPERD":null,"CONDITEXP":null,"GLOBALID":"b28e1507-ff62-4118-a8df-506c4422b6ad"}},{"type":"Feature","id":33,"geometry":{"type":"Point","coordinates":[-63.6570095587267,44.6623714640587]},"properties":{"OBJECTID":33,"SHELTERID":"TRSHEL712","ASSETID":"TRSHEL712","ASSETCODE":"TRSHEL","OWNER":"HRM","INSTYR":null,"INSTYRCONF":null,"MAT":null,"MATCONF":null,"LOCGEN":"ROW","ASSETSTAT":"INS","ELECTRICAL":null,"AD":null,"BUSSTOPID":"BS2604","LOCATION":"Lacewood Dr Before Willett St (6660)","MAINTBY":"HRM","ASSETDESC":null,"SDATE":"Fri, 12 Jan 2024 04:00:00 GMT","SOURCE":"FAM","SACC":"IN","ADDDATE":"Mon, 15 Jan 2024 22:48:03 GMT","MODDATE":"Mon, 24 Jun 2024 17:18:22 GMT","CONDITPERD":null,"CONDITEXP":null,"GLOBALID":"23b50e9c-32c5-43f8-82bc-5ba117cd90c9"}},{"type":"Feature","id":34,"geometry":{"type":"Point","coordinates":[-63.6126803728417,44.5997323040042]},"properties":{"OBJECTID":34,"SHELTERID":"TRSHEL235","ASSETID":"TRSHEL235","ASSETCODE":"TRSHEL","OWNER":"HRM","INSTYR":null,"INSTYRCONF":6,"MAT":"STEEL","MATCONF":4,"LOCGEN":"ROW","ASSETSTAT":"INS","ELECTRICAL":null,"AD":null,"BUSSTOPID":"BS169","LOCATION":"Greystone Dr Opposite Cranberry Ct (6795)","MAINTBY":"HRM","ASSETDESC":"\u003cNull\u003e","SDATE":null,"SOURCE":null,"SACC":"IN","ADDDATE":"Tue, 01 Nov 2022 17:05:45 GMT","MODDATE":"Mon, 24 Jun 2024 17:18:22 GMT","CONDITPERD":null,"CONDITEXP":null,"GLOBALID":"849b8fa0-f5ab-4346-8fdb-170b8df7b68c"}},{"type":"Feature","id":35,"geometry":{"type":"Point","coordinates":[-63.5893012684148,44.6844012429724]},"properties":{"OBJECTID":35,"SHELTERID":"TRSHEL301","ASSETID":"TRSHEL301","ASSETCODE":"TRSHEL","OWNER":"HRM","INSTYR":2014,"INSTYRCONF":2,"MAT":"STEEL","MATCONF":4,"LOCGEN":"ROW","ASSETSTAT":"INS","ELECTRICAL":null,"AD":"N","BUSSTOPID":"BS2667","LOCATION":"Highfield Terminal Bay 1 (8140)","MAINTBY":"HRM","ASSETDESC":"DAYTECH LARGE","SDATE":null,"SOURCE":null,"SACC":"IN","ADDDATE":"Tue, 01 Nov 2022 17:05:45 GMT","MODDATE":"Fri, 04 Nov 2022 15:17:35 GMT","CONDITPERD":null,"CONDITEXP":null,"GLOBALID":"ad2def5f-b615-407c-873f-0adedc18ab54"}},{"type":"Feature","id":36,"geometry":{"type":"Point","coordinates":[-63.5638722642051,44.7060834017272]},"properties":{"OBJECTID":36,"SHELTERID":"TRSHEL360","ASSETID":"TRSHEL360","ASSETCODE":"TRSHEL","OWNER":"HRM","INSTYR":2009,"INSTYRCONF":2,"MAT":"ALUM","MATCONF":3,"LOCGEN":"ROW","ASSETSTAT":"INS","ELECTRICAL":null,"AD":null,"BUSSTOPID":"BS1813","LOCATION":"Countryview Dr Before Ferindonald Cl (8654)","MAINTBY":"HRM","ASSETDESC":"DAYTECH AVANTI - Shelter Bench","SDATE":null,"SOURCE":null,"SACC":"IN","ADDDATE":"Tue, 01 Nov 2022 17:05:45 GMT","MODDATE":"Mon, 24 Jun 2024 17:18:22 GMT","CONDITPERD":null,"CONDITEXP":null,"GLOBALID":"50baaa17-f35e-48b8-b71f-c5f5622e014e"}},{"type":"Feature","id":37,"geometry":{"type":"Point","coordinates":[-63.5521873329255,44.6790278033042]},"properties":{"OBJECTID":37,"SHELTERID":"TRSHEL304","ASSETID":"TRSHEL304","ASSETCODE":"TRSHEL","OWNER":"HRM","INSTYR":2012,"INSTYRCONF":2,"MAT":"ALUM","MATCONF":3,"LOCGEN":"ROW","ASSETSTAT":"INS","ELECTRICAL":null,"AD":"N","BUSSTOPID":"BS1506","LOCATION":"Prince Albert Rd Before Celtic Dr (8069)","MAINTBY":"HRM","ASSETDESC":"DAYTECH AVANTI - Shelter Bench","SDATE":null,"SOURCE":null,"SACC":"IN","ADDDATE":"Tue, 01 Nov 2022 17:05:45 GMT","MODDATE":"Mon, 24 Jun 2024 17:18:22 GMT","CONDITPERD":null,"CONDITEXP":null,"GLOBALID":"641f6f86-e27a-4067-8fc9-c361c09614b0"}},{"type":"Feature","id":38,"geometry":{"type":"Point","coordinates":[-63.5750081685393,44.6709289489749]},"properties":{"OBJECTID":38,"SHELTERID":"TRSHEL99","ASSETID":"TRSHEL99","ASSETCODE":"TRSHEL","OWNER":"HRM","INSTYR":2012,"INSTYRCONF":2,"MAT":"ALUM","MATCONF":3,"LOCGEN":"ROW","ASSETSTAT":"INS","ELECTRICAL":null,"AD":"N","BUSSTOPID":"BS1248","LOCATION":"Bridge Terminal Bay 2 (7602)","MAINTBY":"HRM","ASSETDESC":"DAYTECH AVANTI","SDATE":null,"SOURCE":null,"SACC":"IN","ADDDATE":"Tue, 01 Nov 2022 17:05:45 GMT","MODDATE":"Fri, 04 Nov 2022 15:17:35 GMT","CONDITPERD":null,"CONDITEXP":null,"GLOBALID":"ef1eb9a7-ed35-4580-ac6c-9d0ff9f367d9"}},{"type":"Feature","id":39,"geometry":{"type":"Point","coordinates":[-63.6027112632806,44.6600483420944]},"properties":{"OBJECTID":39,"SHELTERID":"TRSHEL362","ASSETID":"TRSHEL362","ASSETCODE":"TRSHEL","OWNER":"HRM","INSTYR":null,"INSTYRCONF":6,"MAT":"STEEL","MATCONF":4,"LOCGEN":"ROW","ASSETSTAT":"INS","ELECTRICAL":null,"AD":null,"BUSSTOPID":"BS547","LOCATION":"Robie St After Young St (8192)","MAINTBY":"HRM","ASSETDESC":"DAYTECH HALF SHELTER AVANTI-ShelterBench","SDATE":null,"SOURCE":null,"SACC":"IN","ADDDATE":"Tue, 01 Nov 2022 17:05:45 GMT","MODDATE":"Mon, 24 Jun 2024 17:18:22 GMT","CONDITPERD":null,"CONDITEXP":null,"GLOBALID":"e0ecabcb-7268-4aae-ab38-89b5c62383fe"}},{"type":"Feature","id":40,"geometry":{"type":"Point","coordinates":[-63.5946641118463,44.6462566722565]},"properties":{"OBJECTID":40,"SHELTERID":"TRSHEL203","ASSETID":"TRSHEL203","ASSETCODE":"TRSHEL","OWNER":"HRM","INSTYR":null,"INSTYRCONF":6,"MAT":"STEEL","MATCONF":3,"LOCGEN":"ROW","ASSETSTAT":"INS","ELECTRICAL":null,"AD":null,"BUSSTOPID":"BS652","LOCATION":"Quinpool Rd After Quingate Pl (8138)","MAINTBY":"HRM","ASSETDESC":"DAYTECH BROWN","SDATE":null,"SOURCE":null,"SACC":"IN","ADDDATE":"Tue, 01 Nov 2022 17:05:45 GMT","MODDATE":"Fri, 04 Nov 2022 15:17:35 GMT","CONDITPERD":null,"CONDITEXP":null,"GLOBALID":"e735ead9-adb5-47a5-8f6a-2ad8da97ed71"}},{"type":"Feature","id":41,"geometry":{"type":"Point","coordinates":[-63.577405636387,44.6159256072049]},"properties":{"OBJECTID":41,"SHELTERID":"TRSHEL425","ASSETID":"TRSHEL425","ASSETCODE":"TRSHEL","OWNER":"HRM","INSTYR":null,"INSTYRCONF":6,"MAT":"ALUM","MATCONF":4,"LOCGEN":"ROW","ASSETSTAT":"INS","ELECTRICAL":null,"AD":null,"BUSSTOPID":"BS1912","LOCATION":"Purcells Cove Rd Before Rocklyn Rd (8115)","MAINTBY":"HRM","ASSETDESC":"MOUNTAIN MFG-Shelter Bench","SDATE":null,"SOURCE":null,"SACC":"IN","ADDDATE":"Tue, 01 Nov 2022 17:05:45 GMT","MODDATE":"Mon, 24 Jun 2024 17:18:22 GMT","CONDITPERD":null,"CONDITEXP":null,"GLOBALID":"73d304ea-01b2-47e4-b3c7-9cd30e8c6b74"}},{"type":"Feature","id":42,"geometry":{"type":"Point","coordinates":[-63.5317694260181,44.6715805576866]},"properties":{"OBJECTID":42,"SHELTERID":"TRSHEL716","ASSETID":"TRSHEL716","ASSETCODE":"TRSHEL","OWNER":"HRM","INSTYR":null,"INSTYRCONF":null,"MAT":null,"MATCONF":null,"LOCGEN":"ROW","ASSETSTAT":"INS","ELECTRICAL":null,"AD":null,"BUSSTOPID":"BS1029","LOCATION":"Woodlawn Rd After Portland St (8589)","MAINTBY":"HRM","ASSETDESC":null,"SDATE":"Fri, 12 Jan 2024 04:00:00 GMT","SOURCE":"FAM","SACC":"IN","ADDDATE":"Mon, 15 Jan 2024 23:09:02 GMT","MODDATE":"Mon, 24 Jun 2024 17:18:22 GMT","CONDITPERD":null,"CONDITEXP":null,"GLOBALID":"54e6a68c-cd60-4cf9-8fe8-69c055d3bf4a"}},{"type":"Feature","id":43,"geometry":{"type":"Point","coordinates":[-63.6150983618037,44.6187179740844]},"properties":{"OBJECTID":43,"SHELTERID":"TRSHEL287","ASSETID":"TRSHEL287","ASSETCODE":"TRSHEL","OWNER":"HRM","INSTYR":2007,"INSTYRCONF":2,"MAT":"ALUM","MATCONF":3,"LOCGEN":"ROW","ASSETSTAT":"INS","ELECTRICAL":null,"AD":"Y","BUSSTOPID":"BS713","LOCATION":"Herring Cove Rd Before Circle Dr (6890)","MAINTBY":"HRM","ASSETDESC":"DAYTECH AVANTI - Shelter Bench","SDATE":null,"SOURCE":null,"SACC":"IN","ADDDATE":"Tue, 01 Nov 2022 17:05:45 GMT","MODDATE":"Mon, 24 Jun 2024 17:18:22 GMT","CONDITPERD":null,"CONDITEXP":null,"GLOBALID":"3db33852-a6c7-4223-8a60-217b551099f7"}},{"type":"Feature","id":44,"geometry":{"type":"Point","coordinates":[-63.6189802390645,44.6584116466544]},"properties":{"OBJECTID":44,"SHELTERID":"TRSHEL67","ASSETID":"TRSHEL67","ASSETCODE":"TRSHEL","OWNER":"HRM","INSTYR":null,"INSTYRCONF":6,"MAT":"ALUM","MATCONF":4,"LOCGEN":"ROW","ASSETSTAT":"INS","ELECTRICAL":null,"AD":null,"BUSSTOPID":"BS2322","LOCATION":"Connaught Ave After Chisholm Ave (6499)","MAINTBY":"HRM","ASSETDESC":"DAYTECH HALF SHELTER AVANTI-ShelterBench","SDATE":null,"SOURCE":null,"SACC":"IN","ADDDATE":"Tue, 01 Nov 2022 17:05:45 GMT","MODDATE":"Mon, 24 Jun 2024 17:18:22 GMT","CONDITPERD":null,"CONDITEXP":null,"GLOBALID":"f2b30aaa-b170-44bd-adf0-cf77bc81d054"}},{"type":"Feature","id":45,"geometry":{"type":"Point","coordinates":[-63.286492429102,44.7350572185349]},"properties":{"OBJECTID":45,"SHELTERID":"TRSHEL435","ASSETID":"TRSHEL435","ASSETCODE":"TRSHEL","OWNER":"HRM","INSTYR":2013,"INSTYRCONF":2,"MAT":"ALUM","MATCONF":2,"LOCGEN":"ROW","ASSETSTAT":"INS","ELECTRICAL":null,"AD":"N","BUSSTOPID":"BS2649","LOCATION":"Porters Lake Park & Ride (8394)","MAINTBY":"HRM","ASSETDESC":"DAYTECH AVANTI","SDATE":null,"SOURCE":null,"SACC":"IN","ADDDATE":"Tue, 01 Nov 2022 17:05:45 GMT","MODDATE":"Fri, 04 Nov 2022 15:17:35 GMT","CONDITPERD":null,"CONDITEXP":null,"GLOBALID":"3debd55c-46d2-4d59-b47e-960ce6619529"}},{"type":"Feature","id":46,"geometry":{"type":"Point","coordinates":[-63.5007583409386,44.6170475292821]},"properties":{"OBJECTID":46,"SHELTERID":"TRSHEL150","ASSETID":"TRSHEL150","ASSETCODE":"TRSHEL","OWNER":"HRM","INSTYR":null,"INSTYRCONF":6,"MAT":"STEEL","MATCONF":3,"LOCGEN":"ROW","ASSETSTAT":"INS","ELECTRICAL":null,"AD":null,"BUSSTOPID":"BS2288","LOCATION":"Main Rd At Civic 1341 (7477)","MAINTBY":"HRM","ASSETDESC":"DAYTECH BROWN","SDATE":null,"SOURCE":null,"SACC":"IN","ADDDATE":"Tue, 01 Nov 2022 17:05:45 GMT","MODDATE":"Fri, 04 Nov 2022 15:17:35 GMT","CONDITPERD":null,"CONDITEXP":null,"GLOBALID":"88dd4574-8b73-470e-b42c-9596a08bb5ff"}},{"type":"Feature","id":47,"geometry":{"type":"Point","coordinates":[-63.4829389044152,44.6063510437838]},"properties":{"OBJECTID":47,"SHELTERID":"TRSHEL329","ASSETID":"TRSHEL329","ASSETCODE":"TRSHEL","OWNER":"HRM","INSTYR":null,"INSTYRCONF":6,"MAT":"STEEL","MATCONF":3,"LOCGEN":"ROW","ASSETSTAT":"INS","ELECTRICAL":null,"AD":null,"BUSSTOPID":"BS1115","LOCATION":"Shore Rd After Oceanlea Dr (8270)","MAINTBY":"HRM","ASSETDESC":"DAYTECH BROWN","SDATE":null,"SOURCE":null,"SACC":"IN","ADDDATE":"Tue, 01 Nov 2022 17:05:45 GMT","MODDATE":"Fri, 04 Nov 2022 15:17:35 GMT","CONDITPERD":null,"CONDITEXP":null,"GLOBALID":"92634df7-dd62-49e6-bd5d-ddf1d647d17e"}},{"type":"Feature","id":48,"geometry":{"type":"Point","coordinates":[-63.5777054643844,44.6384290048285]},"properties":{"OBJECTID":48,"SHELTERID":"TRSHEL713","ASSETID":"TRSHEL713","ASSETCODE":"TRSHEL","OWNER":"HRM","INSTYR":null,"INSTYRCONF":null,"MAT":null,"MATCONF":null,"LOCGEN":"ROW","ASSETSTAT":"INS","ELECTRICAL":null,"AD":null,"BUSSTOPID":"BS246","LOCATION":"South Park St After South St (8307)","MAINTBY":"HRM","ASSETDESC":null,"SDATE":"Fri, 12 Jan 2024 04:00:00 GMT","SOURCE":"FAM","SACC":"IN","ADDDATE":"Mon, 15 Jan 2024 22:48:50 GMT","MODDATE":"Mon, 24 Jun 2024 17:18:22 GMT","CONDITPERD":null,"CONDITEXP":null,"GLOBALID":"97c0cc97-dc9d-4214-bdf5-e6e9401ef071"}},{"type":"Feature","id":49,"geometry":{"type":"Point","coordinates":[-63.5840838541429,44.6366350034961]},"properties":{"OBJECTID":49,"SHELTERID":"TRSHEL158","ASSETID":"TRSHEL158","ASSETCODE":"TRSHEL","OWNER":"HRM","INSTYR":null,"INSTYRCONF":6,"MAT":"ALUM","MATCONF":3,"LOCGEN":"ROW","ASSETSTAT":"INS","ELECTRICAL":null,"AD":null,"BUSSTOPID":"BS235","LOCATION":"South St After Robie St (8296)","MAINTBY":"HRM","ASSETDESC":"DAYTECH AVANTI - Shelter Bench","SDATE":null,"SOURCE":null,"SACC":"IN","ADDDATE":"Tue, 01 Nov 2022 17:05:45 GMT","MODDATE":"Mon, 24 Jun 2024 17:18:22 GMT","CONDITPERD":null,"CONDITEXP":null,"GLOBALID":"add2c984-0ff3-4c90-aa8d-dfc8b2a35b65"}},{"type":"Feature","id":50,"geometry":{"type":"Point","coordinates":[-63.6074212569777,44.6282908733419]},"properties":{"OBJECTID":50,"SHELTERID":"TRSHEL322","ASSETID":"TRSHEL322","ASSETCODE":"TRSHEL","OWNER":"HRM","INSTYR":null,"INSTYRCONF":6,"MAT":"STEEL","MATCONF":3,"LOCGEN":"ROW","ASSETSTAT":"INS","ELECTRICAL":null,"AD":null,"BUSSTOPID":"BS2280","LOCATION":"Purcells Cove Rd Before Westgate Dr (8116)","MAINTBY":"HRM","ASSETDESC":"DAYTECH BROWN FLAT ROOF","SDATE":null,"SOURCE":null,"SACC":"IN","ADDDATE":"Tue, 01 Nov 2022 17:05:45 GMT","MODDATE":"Mon, 24 Jun 2024 17:18:22 GMT","CONDITPERD":null,"CONDITEXP":null,"GLOBALID":"cf73ead2-e998-48db-b7c9-a572a1e56342"}},{"type":"Feature","id":51,"geometry":{"type":"Point","coordinates":[-63.5925617333829,44.6779950795244]},"properties":{"OBJECTID":51,"SHELTERID":"TRSHEL45","ASSETID":"TRSHEL45","ASSETCODE":"TRSHEL","OWNER":"HRM","INSTYR":null,"INSTYRCONF":6,"MAT":"ALUM","MATCONF":3,"LOCGEN":"ROW","ASSETSTAT":"INS","ELECTRICAL":null,"AD":null,"BUSSTOPID":"BS1631","LOCATION":"Windmill Rd Before Sunnydale Ave (8529)","MAINTBY":"HRM","ASSETDESC":"DAYTECH AVANTI - Shelter Bench","SDATE":null,"SOURCE":null,"SACC":"IN","ADDDATE":"Tue, 01 Nov 2022 17:05:45 GMT","MODDATE":"Mon, 24 Jun 2024 17:18:22 GMT","CONDITPERD":null,"CONDITEXP":null,"GLOBALID":"0a45ecff-4c50-4028-9f54-fe86f3ad6550"}},{"type":"Feature","id":52,"geometry":{"type":"Point","coordinates":[-63.647133035827,44.6746360011554]},"properties":{"OBJECTID":52,"SHELTERID":"TRSHEL133","ASSETID":"TRSHEL133","ASSETCODE":"TRSHEL","OWNER":"HRM","INSTYR":1998,"INSTYRCONF":2,"MAT":"STEEL","MATCONF":3,"LOCGEN":"ROW","ASSETSTAT":"INS","ELECTRICAL":null,"AD":"Y","BUSSTOPID":"BS2379","LOCATION":"Bedford Hwy After Flamingo Dr (6251)","MAINTBY":"HRM","ASSETDESC":"DAYTECH BROWN FLAT ROOF","SDATE":null,"SOURCE":null,"SACC":"IN","ADDDATE":"Tue, 01 Nov 2022 17:05:45 GMT","MODDATE":"Mon, 24 Jun 2024 17:18:22 GMT","CONDITPERD":null,"CONDITEXP":null,"GLOBALID":"8d6f980e-f265-4b89-a326-ded36dcb2d2a"}},{"type":"Feature","id":53,"geometry":{"type":"Point","coordinates":[-63.6300373341988,44.635299346596]},"properties":{"OBJECTID":53,"SHELTERID":"TRSHEL441","ASSETID":"TRSHEL441","ASSETCODE":"TRSHEL","OWNER":"HRM","INSTYR":2005,"INSTYRCONF":2,"MAT":"STEEL","MATCONF":3,"LOCGEN":"ROW","ASSETSTAT":"INS","ELECTRICAL":null,"AD":"N","BUSSTOPID":"BS693","LOCATION":"Stonehaven Rd Before Glenmore Ave (8361)","MAINTBY":"HRM","ASSETDESC":"DAYTECH BROWN","SDATE":null,"SOURCE":null,"SACC":"IN","ADDDATE":"Tue, 01 Nov 2022 17:05:45 GMT","MODDATE":"Mon, 24 Jun 2024 17:18:22 GMT","CONDITPERD":null,"CONDITEXP":null,"GLOBALID":"d8b654e8-8631-4294-ae2f-36fd83ec39af"}},{"type":"Feature","id":54,"geometry":{"type":"Point","coordinates":[-63.5903662220824,44.6748010545006]},"properties":{"OBJECTID":54,"SHELTERID":"TRSHEL31","ASSETID":"TRSHEL31","ASSETCODE":"TRSHEL","OWNER":"HRM","INSTYR":null,"INSTYRCONF":6,"MAT":"STEEL","MATCONF":3,"LOCGEN":"ROW","ASSETSTAT":"INS","ELECTRICAL":null,"AD":null,"BUSSTOPID":"BS1632","LOCATION":"Windmill Rd Opposite Wallace St (8546)","MAINTBY":"HRM","ASSETDESC":"DAYTECH BROWN FLAT ROOF","SDATE":null,"SOURCE":null,"SACC":"IN","ADDDATE":"Tue, 01 Nov 2022 17:05:45 GMT","MODDATE":"Mon, 24 Jun 2024 17:18:22 GMT","CONDITPERD":null,"CONDITEXP":null,"GLOBALID":"48de2b2d-f9b1-43a1-a8d9-53631ec6c08a"}},{"type":"Feature","id":55,"geometry":{"type":"Point","coordinates":[-63.505577349687,44.6696504333309]},"properties":{"OBJECTID":55,"SHELTERID":"TRSHEL101","ASSETID":"TRSHEL101","ASSETCODE":"TRSHEL","OWNER":"HRM","INSTYR":2005,"INSTYRCONF":2,"MAT":"ALUM","MATCONF":3,"LOCGEN":"ROW","ASSETSTAT":"INS","ELECTRICAL":null,"AD":"N","BUSSTOPID":"BS2625","LOCATION":"Portland Hills Terminal  Bay 4 (8952)","MAINTBY":"HRM","ASSETDESC":"MOUNTAIN MFG - Shelter Bench","SDATE":"Mon, 21 Dec 2015 04:00:00 GMT","SOURCE":"TRANSIT","SACC":"DV","ADDDATE":"Tue, 01 Nov 2022 17:05:45 GMT","MODDATE":"Fri, 04 Nov 2022 15:17:35 GMT","CONDITPERD":null,"CONDITEXP":null,"GLOBALID":"c4fe98c5-93f5-450a-8417-27c8e946a692"}},{"type":"Feature","id":56,"geometry":{"type":"Point","coordinates":[-63.6445495187991,44.6731822108139]},"properties":{"OBJECTID":56,"SHELTERID":"TRSHEL279","ASSETID":"TRSHEL279","ASSETCODE":"TRSHEL","OWNER":"HRM","INSTYR":2007,"INSTYRCONF":2,"MAT":"ALUM","MATCONF":3,"LOCGEN":"ROW","ASSETSTAT":"INS","ELECTRICAL":null,"AD":"N","BUSSTOPID":"BS573","LOCATION":"Bedford Hwy Opposite MSVU (6219)","MAINTBY":"HRM","ASSETDESC":"DAYTECH AVANTI","SDATE":null,"SOURCE":null,"SACC":"IN","ADDDATE":"Tue, 01 Nov 2022 17:05:45 GMT","MODDATE":"Mon, 24 Jun 2024 17:18:22 GMT","CONDITPERD":null,"CONDITEXP":null,"GLOBALID":"bb0682c4-e705-4704-9cde-f0e31cece3b3"}},{"type":"Feature","id":57,"geometry":{"type":"Point","coordinates":[-63.5266299208342,44.6357475350069]},"properties":{"OBJECTID":57,"SHELTERID":"TRSHEL127","ASSETID":"TRSHEL127","ASSETCODE":"TRSHEL","OWNER":"HRM","INSTYR":null,"INSTYRCONF":6,"MAT":"STEEL","MATCONF":3,"LOCGEN":"ROW","ASSETSTAT":"INS","ELECTRICAL":null,"AD":null,"BUSSTOPID":"BS2295","LOCATION":"Pleasant St After Belmont Ave (7484)","MAINTBY":"HRM","ASSETDESC":"DAYTECH BROWN- Shelter Bench","SDATE":null,"SOURCE":null,"SACC":"IN","ADDDATE":"Tue, 01 Nov 2022 17:05:45 GMT","MODDATE":"Fri, 04 Nov 2022 15:17:35 GMT","CONDITPERD":null,"CONDITEXP":null,"GLOBALID":"a2fab041-b266-4b4f-8283-06a271609690"}},{"type":"Feature","id":58,"geometry":{"type":"Point","coordinates":[-63.5757056843062,44.65022314227]},"properties":{"OBJECTID":58,"SHELTERID":"TRSHEL320","ASSETID":"TRSHEL320","ASSETCODE":"TRSHEL","OWNER":"HRM","INSTYR":2003,"INSTYRCONF":2,"MAT":"STEEL","MATCONF":3,"LOCGEN":"ROW","ASSETSTAT":"DIS","ELECTRICAL":null,"AD":"Y","BUSSTOPID":"BS2662","LOCATION":"Barrington St Before Duke St  Bay 2 (6107)","MAINTBY":"HRM","ASSETDESC":"DAYTECH LARGE","SDATE":null,"SOURCE":null,"SACC":"IN","ADDDATE":"Tue, 01 Nov 2022 17:05:45 GMT","MODDATE":"Thu, 20 Feb 2025 17:34:11 GMT","CONDITPERD":null,"CONDITEXP":null,"GLOBALID":"c411dd07-58f8-42f7-ae27-a96c5cf8af89"}},{"type":"Feature","id":59,"geometry":{"type":"Point","coordinates":[-63.5611450221217,44.6856988356449]},"properties":{"OBJECTID":59,"SHELTERID":"TRSHEL163","ASSETID":"TRSHEL163","ASSETCODE":"TRSHEL","OWNER":"HRM","INSTYR":2005,"INSTYRCONF":2,"MAT":"ALUM","MATCONF":4,"LOCGEN":"ROW","ASSETSTAT":"INS","ELECTRICAL":null,"AD":"N","BUSSTOPID":"BS2673","LOCATION":"Micmac Terminal Bay 2 (8172)","MAINTBY":"HRM","ASSETDESC":"MOUNTAIN MFG","SDATE":null,"SOURCE":null,"SACC":"IN","ADDDATE":"Tue, 01 Nov 2022 17:05:45 GMT","MODDATE":"Fri, 04 Nov 2022 15:17:35 GMT","CONDITPERD":null,"CONDITEXP":null,"GLOBALID":"8afdb09f-0ddb-4dbb-8a1c-2226b5d49bd5"}},{"type":"Feature","id":60,"geometry":{"type":"Point","coordinates":[-63.6931103544756,44.6380435137622]},"properties":{"OBJECTID":60,"SHELTERID":"TRSHEL416","ASSETID":"TRSHEL416","ASSETCODE":"TRSHEL","OWNER":"HRM","INSTYR":null,"INSTYRCONF":6,"MAT":"ALUM","MATCONF":3,"LOCGEN":"ROW","ASSETSTAT":"INS","ELECTRICAL":null,"AD":null,"BUSSTOPID":"BS463","LOCATION":"St Margarets Bay Rd Opposite Boylan Ln (6164)","MAINTBY":"HRM","ASSETDESC":"DAYTECH AVANTI - Shelter Bench","SDATE":null,"SOURCE":null,"SACC":"IN","ADDDATE":"Tue, 01 Nov 2022 17:05:45 GMT","MODDATE":"Mon, 24 Jun 2024 17:18:22 GMT","CONDITPERD":null,"CONDITEXP":null,"GLOBALID":"086047b3-63ca-46e2-b68c-ecc0d3f0cf4e"}},{"type":"Feature","id":61,"geometry":{"type":"Point","coordinates":[-63.6064572443036,44.6675221909276]},"properties":{"OBJECTID":61,"SHELTERID":"TRSHEL358","ASSETID":"TRSHEL358","ASSETCODE":"TRSHEL","OWNER":"HRM","INSTYR":2017,"INSTYRCONF":2,"MAT":"ALUM","MATCONF":2,"LOCGEN":"ROW","ASSETSTAT":"INS","ELECTRICAL":null,"AD":"N","BUSSTOPID":"BS1767","LOCATION":"Novalea Dr Before Duffus St (7370)","MAINTBY":"HRM","ASSETDESC":"DAYTECH HALF SHELTER AVANTI-Shelter Bench","SDATE":null,"SOURCE":null,"SACC":"IN","ADDDATE":"Tue, 01 Nov 2022 17:05:45 GMT","MODDATE":"Mon, 24 Jun 2024 17:18:22 GMT","CONDITPERD":null,"CONDITEXP":null,"GLOBALID":"3d59791e-b0af-484c-8368-cbcf8fe09541"}},{"type":"Feature","id":62,"geometry":{"type":"Point","coordinates":[-63.5384054759563,44.670728470253]},"properties":{"OBJECTID":62,"SHELTERID":"TRSHEL222","ASSETID":"TRSHEL222","ASSETCODE":"TRSHEL","OWNER":"HRM","INSTYR":2005,"INSTYRCONF":2,"MAT":"ALUM","MATCONF":4,"LOCGEN":"ROW","ASSETSTAT":"INS","ELECTRICAL":null,"AD":"Y","BUSSTOPID":"BS2680","LOCATION":"Penhorn Terminal Bay 6 (8946)","MAINTBY":"HRM","ASSETDESC":"OLD TERMINAL BMS","SDATE":null,"SOURCE":null,"SACC":"IN","ADDDATE":"Tue, 01 Nov 2022 17:05:45 GMT","MODDATE":"Fri, 04 Nov 2022 15:17:35 GMT","CONDITPERD":null,"CONDITEXP":null,"GLOBALID":"deee2102-170d-4d2e-86f2-743d635611bf"}},{"type":"Feature","id":63,"geometry":{"type":"Point","coordinates":[-63.6098016182074,44.7058200652811]},"properties":{"OBJECTID":63,"SHELTERID":"TRSHEL28","ASSETID":"TRSHEL28","ASSETCODE":"TRSHEL","OWNER":"HRM","INSTYR":2007,"INSTYRCONF":2,"MAT":"ALUM","MATCONF":3,"LOCGEN":"ROW","ASSETSTAT":"INS","ELECTRICAL":null,"AD":"N","BUSSTOPID":"BS1002","LOCATION":"Akerley Blvd Before Morris Dr (6012)","MAINTBY":"HRM","ASSETDESC":"DAYTECH AVANTI - Shelter Bench","SDATE":null,"SOURCE":null,"SACC":"IN","ADDDATE":"Tue, 01 Nov 2022 17:05:45 GMT","MODDATE":"Mon, 24 Jun 2024 17:18:22 GMT","CONDITPERD":null,"CONDITEXP":null,"GLOBALID":"c368a34f-5a6a-4160-94eb-94dfc2477e94"}},{"type":"Feature","id":64,"geometry":{"type":"Point","coordinates":[-63.5896416805001,44.6365954274273]},"properties":{"OBJECTID":64,"SHELTERID":"TRSHEL117","ASSETID":"TRSHEL117","ASSETCODE":"TRSHEL","OWNER":"HRM","INSTYR":2005,"INSTYRCONF":2,"MAT":"ALUM","MATCONF":4,"LOCGEN":"ROW","ASSETSTAT":"INS","ELECTRICAL":null,"AD":"N","BUSSTOPID":"BS1024","LOCATION":"Lemarchant St Before University Ave (7144)","MAINTBY":"HRM","ASSETDESC":"MOUNTAIN MFG-Shelter Bench","SDATE":null,"SOURCE":null,"SACC":"IN","ADDDATE":"Tue, 01 Nov 2022 17:05:45 GMT","MODDATE":"Fri, 04 Nov 2022 15:17:35 GMT","CONDITPERD":null,"CONDITEXP":null,"GLOBALID":"9cc934f2-110b-4c1d-9cec-682ae141431b"}},{"type":"Feature","id":65,"geometry":{"type":"Point","coordinates":[-63.663994707459,44.6605163144031]},"properties":{"OBJECTID":65,"SHELTERID":"TRSHEL449","ASSETID":"TRSHEL449","ASSETCODE":"TRSHEL","OWNER":"HRM","INSTYR":2015,"INSTYRCONF":2,"MAT":"ALUM","MATCONF":3,"LOCGEN":"ROW","ASSETSTAT":"INS","ELECTRICAL":null,"AD":null,"BUSSTOPID":"BS2612","LOCATION":"Lacewood Terminal Bay 8 (9108)","MAINTBY":"HRM","ASSETDESC":"DAYTECH LARGE - Shelter Bench","SDATE":null,"SOURCE":null,"SACC":"IN","ADDDATE":"Tue, 01 Nov 2022 17:05:45 GMT","MODDATE":"Fri, 04 Nov 2022 15:17:35 GMT","CONDITPERD":null,"CONDITEXP":null,"GLOBALID":"c4de4784-b6a1-4b91-b0b9-7376f45b850b"}},{"type":"Feature","id":66,"geometry":{"type":"Point","coordinates":[-63.6081322923897,44.7022448418742]},"properties":{"OBJECTID":66,"SHELTERID":"TRSHEL233","ASSETID":"TRSHEL233","ASSETCODE":"TRSHEL","OWNER":"HRM","INSTYR":null,"INSTYRCONF":6,"MAT":"STEEL","MATCONF":3,"LOCGEN":"ROW","ASSETSTAT":"INS","ELECTRICAL":null,"AD":null,"BUSSTOPID":"BS1623","LOCATION":"Windmill Rd Before Dawn Dr (8522)","MAINTBY":"HRM","ASSETDESC":"DAYTECH BROWN FLAT ROOF-Shelter Bench","SDATE":null,"SOURCE":null,"SACC":"IN","ADDDATE":"Tue, 01 Nov 2022 17:05:45 GMT","MODDATE":"Mon, 24 Jun 2024 17:18:22 GMT","CONDITPERD":null,"CONDITEXP":null,"GLOBALID":"f0af6aa8-27c1-4844-8379-5e7118aa774b"}},{"type":"Feature","id":67,"geometry":{"type":"Point","coordinates":[-63.6086011743404,44.6465322168468]},"properties":{"OBJECTID":67,"SHELTERID":"TRSHEL53","ASSETID":"TRSHEL53","ASSETCODE":"TRSHEL","OWNER":"HRM","INSTYR":null,"INSTYRCONF":6,"MAT":"STEEL","MATCONF":3,"LOCGEN":"ROW","ASSETSTAT":"INS","ELECTRICAL":null,"AD":null,"BUSSTOPID":"BS2049","LOCATION":"Chebucto Rd Before Newton Ave (6407)","MAINTBY":"HRM","ASSETDESC":"DAYTECH BROWN- Shelter Bench","SDATE":null,"SOURCE":null,"SACC":"IN","ADDDATE":"Tue, 01 Nov 2022 17:05:45 GMT","MODDATE":"Mon, 24 Jun 2024 17:18:22 GMT","CONDITPERD":null,"CONDITEXP":null,"GLOBALID":"915b0cad-198b-4158-9102-3c7095f98fc6"}},{"type":"Feature","id":68,"geometry":{"type":"Point","coordinates":[-63.5184954567476,44.6778871895179]},"properties":{"OBJECTID":68,"SHELTERID":"TRSHEL359","ASSETID":"TRSHEL359","ASSETCODE":"TRSHEL","OWNER":"HRM","INSTYR":2010,"INSTYRCONF":2,"MAT":"ALUM","MATCONF":3,"LOCGEN":"ROW","ASSETSTAT":"INS","ELECTRICAL":null,"AD":null,"BUSSTOPID":"BS1786","LOCATION":"Ellenvale Ave After Spring Ave (6632)","MAINTBY":"HRM","ASSETDESC":"DAYTECH AVANTI - Shelter Bench","SDATE":null,"SOURCE":null,"SACC":"IN","ADDDATE":"Tue, 01 Nov 2022 17:05:45 GMT","MODDATE":"Mon, 24 Jun 2024 17:18:22 GMT","CONDITPERD":null,"CONDITEXP":null,"GLOBALID":"9944345a-e44e-42c7-94ef-9b3b08af2778"}},{"type":"Feature","id":69,"geometry":{"type":"Point","coordinates":[-63.5609041200136,44.6853936008573]},"properties":{"OBJECTID":69,"SHELTERID":"TRSHEL229","ASSETID":"TRSHEL229","ASSETCODE":"TRSHEL","OWNER":"HRM","INSTYR":2005,"INSTYRCONF":2,"MAT":"ALUM","MATCONF":4,"LOCGEN":"ROW","ASSETSTAT":"INS","ELECTRICAL":null,"AD":"Y","BUSSTOPID":"BS2672","LOCATION":"Micmac Terminal Bay 1 (8171)","MAINTBY":"HRM","ASSETDESC":"MOUNTAIN MFG","SDATE":null,"SOURCE":null,"SACC":"IN","ADDDATE":"Tue, 01 Nov 2022 17:05:45 GMT","MODDATE":"Fri, 04 Nov 2022 15:17:35 GMT","CONDITPERD":null,"CONDITEXP":null,"GLOBALID":"77925a67-d8f3-4547-85c0-044c754f60b6"}},{"type":"Feature","id":70,"geometry":{"type":"Point","coordinates":[-63.6152871400657,44.6651450488556]},"properties":{"OBJECTID":70,"SHELTERID":"TRSHEL269","ASSETID":"TRSHEL269","ASSETCODE":"TRSHEL","OWNER":"HRM","INSTYR":2000,"INSTYRCONF":2,"MAT":"STEEL","MATCONF":3,"LOCGEN":"ROW","ASSETSTAT":"INS","ELECTRICAL":null,"AD":null,"BUSSTOPID":"BS1738","LOCATION":"Lady Hammond Rd Opposite Basinview Dr (7088)","MAINTBY":"HRM","ASSETDESC":"DAYTECH BROWN","SDATE":null,"SOURCE":null,"SACC":"IN","ADDDATE":"Tue, 01 Nov 2022 17:05:45 GMT","MODDATE":"Mon, 24 Jun 2024 17:18:22 GMT","CONDITPERD":null,"CONDITEXP":null,"GLOBALID":"7a56d8bb-1898-4354-b39f-842e5f9c157e"}},{"type":"Feature","id":71,"geometry":{"type":"Point","coordinates":[-63.6217668013978,44.6314086469118]},"properties":{"OBJECTID":71,"SHELTERID":"TRSHEL22","ASSETID":"TRSHEL22","ASSETCODE":"TRSHEL","OWNER":"HRM","INSTYR":null,"INSTYRCONF":6,"MAT":"STEEL","MATCONF":3,"LOCGEN":"ROW","ASSETSTAT":"INS","ELECTRICAL":null,"AD":null,"BUSSTOPID":"BS2337","LOCATION":"Cowie Hill Rd After Limerick Rd (6515)","MAINTBY":"HRM","ASSETDESC":"DAYTECH BROWN- Shelter Bench","SDATE":null,"SOURCE":null,"SACC":"IN","ADDDATE":"Tue, 01 Nov 2022 17:05:45 GMT","MODDATE":"Mon, 24 Jun 2024 17:18:22 GMT","CONDITPERD":null,"CONDITEXP":null,"GLOBALID":"4d79faad-ee4d-4904-a9b3-39bfb916ba49"}},{"type":"Feature","id":72,"geometry":{"type":"Point","coordinates":[-63.6102181607165,44.6891228401691]},"properties":{"OBJECTID":72,"SHELTERID":"TRSHEL306","ASSETID":"TRSHEL306","ASSETCODE":"TRSHEL","OWNER":"HRM","INSTYR":2007,"INSTYRCONF":2,"MAT":"ALUM","MATCONF":3,"LOCGEN":"ROW","ASSETSTAT":"INS","ELECTRICAL":null,"AD":null,"BUSSTOPID":"BS1709","LOCATION":"Princess Margaret Blvd After Killkee Gate (8074)","MAINTBY":"HRM","ASSETDESC":"DAYTECH AVANTI - Shelter Bench","SDATE":null,"SOURCE":null,"SACC":"IN","ADDDATE":"Tue, 01 Nov 2022 17:05:45 GMT","MODDATE":"Mon, 24 Jun 2024 17:18:22 GMT","CONDITPERD":null,"CONDITEXP":null,"GLOBALID":"fb80a9bb-a188-4910-ba2c-6cf0fd71f9a8"}},{"type":"Feature","id":73,"geometry":{"type":"Point","coordinates":[-63.5573847740554,44.6846261401178]},"properties":{"OBJECTID":73,"SHELTERID":"TRSHEL394","ASSETID":"TRSHEL394","ASSETCODE":"TRSHEL","OWNER":"HRM","INSTYR":null,"INSTYRCONF":6,"MAT":"ALUM","MATCONF":3,"LOCGEN":"ROW","ASSETSTAT":"INS","ELECTRICAL":null,"AD":null,"BUSSTOPID":"BS2441","LOCATION":"Micmac Blvd After Brookdale Cr (7209)","MAINTBY":"HRM","ASSETDESC":"DAYTECH AVANTI - Shelter Bench","SDATE":null,"SOURCE":null,"SACC":"IN","ADDDATE":"Tue, 01 Nov 2022 17:05:45 GMT","MODDATE":"Mon, 24 Jun 2024 17:18:22 GMT","CONDITPERD":null,"CONDITEXP":null,"GLOBALID":"db3b7809-fee6-41bb-97c5-971e1722a4eb"}},{"type":"Feature","id":74,"geometry":{"type":"Point","coordinates":[-63.5474808696075,44.6516666247024]},"properties":{"OBJECTID":74,"SHELTERID":"TRSHEL126","ASSETID":"TRSHEL126","ASSETCODE":"TRSHEL","OWNER":"HRM","INSTYR":null,"INSTYRCONF":6,"MAT":"STEEL","MATCONF":4,"LOCGEN":"ROW","ASSETSTAT":"INS","ELECTRICAL":null,"AD":null,"BUSSTOPID":"BS2293","LOCATION":"Pleasant St After Mt Hope Centre (7482)","MAINTBY":"HRM","ASSETDESC":"DAYTECH HALF SHELTER-ShelterBench","SDATE":null,"SOURCE":null,"SACC":"IN","ADDDATE":"Tue, 01 Nov 2022 17:05:45 GMT","MODDATE":"Mon, 24 Jun 2024 17:18:22 GMT","CONDITPERD":null,"CONDITEXP":null,"GLOBALID":"20452be1-e332-4ebb-a85e-178f20c832ef"}},{"type":"Feature","id":75,"geometry":{"type":"Point","coordinates":[-63.5484186227292,44.6536438496628]},"properties":{"OBJECTID":75,"SHELTERID":"TRSHEL125","ASSETID":"TRSHEL125","ASSETCODE":"TRSHEL","OWNER":"HRM","INSTYR":null,"INSTYRCONF":6,"MAT":"ALUM","MATCONF":3,"LOCGEN":"ROW","ASSETSTAT":"INS","ELECTRICAL":null,"AD":null,"BUSSTOPID":"BS2292","LOCATION":"Pleasant St At Dartmouth General (7481)","MAINTBY":"HRM","ASSETDESC":"DAYTECH AVANTI - Shelter Bench","SDATE":null,"SOURCE":null,"SACC":"IN","ADDDATE":"Tue, 01 Nov 2022 17:05:45 GMT","MODDATE":"Mon, 24 Jun 2024 17:18:22 GMT","CONDITPERD":null,"CONDITEXP":null,"GLOBALID":"f7478cab-c83b-4a59-92d7-6eb3fa13691a"}},{"type":"Feature","id":76,"geometry":{"type":"Point","coordinates":[-63.6070835254651,44.6881894650652]},"properties":{"OBJECTID":76,"SHELTERID":"TRSHEL305","ASSETID":"TRSHEL305","ASSETCODE":"TRSHEL","OWNER":"HRM","INSTYR":null,"INSTYRCONF":6,"MAT":"STEEL","MATCONF":3,"LOCGEN":"ROW","ASSETSTAT":"INS","ELECTRICAL":null,"AD":null,"BUSSTOPID":"BS1509","LOCATION":"Princess Margaret Blvd At Civic 55 (8072)","MAINTBY":"HRM","ASSETDESC":"DAYTECH BROWN FLAT ROOF-Shelter Bench","SDATE":null,"SOURCE":null,"SACC":"IN","ADDDATE":"Tue, 01 Nov 2022 17:05:45 GMT","MODDATE":"Mon, 24 Jun 2024 17:18:22 GMT","CONDITPERD":null,"CONDITEXP":null,"GLOBALID":"2eb58148-c992-4201-aba2-cd48fe16ea84"}},{"type":"Feature","id":77,"geometry":{"type":"Point","coordinates":[-63.6157946262175,44.6607220717112]},"properties":{"OBJECTID":77,"SHELTERID":"TRSHEL35","ASSETID":"TRSHEL35","ASSETCODE":"TRSHEL","OWNER":"HRM","INSTYR":null,"INSTYRCONF":6,"MAT":"ALUM","MATCONF":3,"LOCGEN":"ROW","ASSETSTAT":"INS","ELECTRICAL":null,"AD":null,"BUSSTOPID":"BS1150","LOCATION":"Windsor St Before Hood St (8562)","MAINTBY":"HRM","ASSETDESC":"DAYTECH AVANTI - Shelter Bench","SDATE":null,"SOURCE":null,"SACC":"IN","ADDDATE":"Tue, 01 Nov 2022 17:05:45 GMT","MODDATE":"Mon, 24 Jun 2024 17:18:22 GMT","CONDITPERD":null,"CONDITEXP":null,"GLOBALID":"55600d1d-bb21-4a1f-9990-165bf8e9229d"}},{"type":"Feature","id":78,"geometry":{"type":"Point","coordinates":[-63.5704168997834,44.6402803503911]},"properties":{"OBJECTID":78,"SHELTERID":"TRSHEL318","ASSETID":"TRSHEL318","ASSETCODE":"TRSHEL","OWNER":"HRM","INSTYR":2017,"INSTYRCONF":2,"MAT":"ALUM","MATCONF":3,"LOCGEN":"ROW","ASSETSTAT":"DIS","ELECTRICAL":null,"AD":"N","BUSSTOPID":"BS2173","LOCATION":"Barrington St After South St (6096)","MAINTBY":"HRM","ASSETDESC":"DAYTECH HALF SHELTER AVANTI","SDATE":null,"SOURCE":"IMAGERY","SACC":"IN","ADDDATE":"Tue, 01 Nov 2022 17:05:45 GMT","MODDATE":"Tue, 09 Jan 2024 16:00:22 GMT","CONDITPERD":null,"CONDITEXP":null,"GLOBALID":"27d3f441-3626-453e-8437-a0128f2627df"}},{"type":"Feature","id":79,"geometry":{"type":"Point","coordinates":[-63.5454224187615,44.6487624439819]},"properties":{"OBJECTID":79,"SHELTERID":"TRSHEL234","ASSETID":"TRSHEL234","ASSETCODE":"TRSHEL","OWNER":"HRM","INSTYR":2017,"INSTYRCONF":2,"MAT":"ALUM","MATCONF":2,"LOCGEN":"ROW","ASSETSTAT":"INS","ELECTRICAL":null,"AD":"N","BUSSTOPID":"BS2511","LOCATION":"Pleasant St After Hwy 111 (7472)","MAINTBY":"HRM","ASSETDESC":"DAYTECH AVANTI - Shelter Bench","SDATE":null,"SOURCE":null,"SACC":"IN","ADDDATE":"Tue, 01 Nov 2022 17:05:45 GMT","MODDATE":"Mon, 24 Jun 2024 17:18:22 GMT","CONDITPERD":null,"CONDITEXP":null,"GLOBALID":"7216c2b1-a93f-4da9-82c0-930cb041590a"}},{"type":"Feature","id":80,"geometry":{"type":"Point","coordinates":[-63.4874770692631,44.6117957898245]},"properties":{"OBJECTID":80,"SHELTERID":"TRSHEL70","ASSETID":"TRSHEL70","ASSETCODE":"TRSHEL","OWNER":"HRM","INSTYR":null,"INSTYRCONF":6,"MAT":"STEEL","MATCONF":3,"LOCGEN":"ROW","ASSETSTAT":"INS","ELECTRICAL":null,"AD":null,"BUSSTOPID":"BS2333","LOCATION":"Cow Bay Rd Before Briarwood Dr (6511)","MAINTBY":"HRM","ASSETDESC":"DAYTECH BROWN","SDATE":null,"SOURCE":null,"SACC":"IN","ADDDATE":"Tue, 01 Nov 2022 17:05:45 GMT","MODDATE":"Fri, 04 Nov 2022 15:17:35 GMT","CONDITPERD":null,"CONDITEXP":null,"GLOBALID":"137dc58c-69bd-4923-a1bd-fa8aa956282b"}},{"type":"Feature","id":81,"geometry":{"type":"Point","coordinates":[-63.6229054339867,44.6531840910408]},"properties":{"OBJECTID":81,"SHELTERID":"TRSHEL710","ASSETID":"TRSHEL710","ASSETCODE":"TRSHEL","OWNER":"HRM","INSTYR":null,"INSTYRCONF":null,"MAT":null,"MATCONF":null,"LOCGEN":"ROW","ASSETSTAT":"INS","ELECTRICAL":null,"AD":null,"BUSSTOPID":"BS782","LOCATION":"Bayers Rd After Barnstead Ln (6198)","MAINTBY":"HRM","ASSETDESC":null,"SDATE":"Fri, 12 Jan 2024 04:00:00 GMT","SOURCE":"FAM","SACC":"IN","ADDDATE":"Mon, 15 Jan 2024 22:40:00 GMT","MODDATE":"Mon, 24 Jun 2024 17:18:22 GMT","CONDITPERD":null,"CONDITEXP":null,"GLOBALID":"ad4ca74d-0969-495c-9754-a174bccf65d5"}},{"type":"Feature","id":82,"geometry":{"type":"Point","coordinates":[-63.653866030154,44.6799484100061]},"properties":{"OBJECTID":82,"SHELTERID":"TRSHEL23","ASSETID":"TRSHEL23","ASSETCODE":"TRSHEL","OWNER":"HRM","INSTYR":1998,"INSTYRCONF":2,"MAT":"STEEL","MATCONF":3,"LOCGEN":"ROW","ASSETSTAT":"INS","ELECTRICAL":null,"AD":"N","BUSSTOPID":"BS2344","LOCATION":"Bedford Hwy After Torrington Dr (6279)","MAINTBY":"HRM","ASSETDESC":"DAYTECH BROWN FLAT ROOF-2 benches","SDATE":null,"SOURCE":null,"SACC":"IN","ADDDATE":"Tue, 01 Nov 2022 17:05:45 GMT","MODDATE":"Mon, 24 Jun 2024 17:18:22 GMT","CONDITPERD":null,"CONDITEXP":null,"GLOBALID":"8f15005b-8c8d-4905-bd9c-4a6311269a77"}},{"type":"Feature","id":83,"geometry":{"type":"Point","coordinates":[-63.547764454268,44.6986464971837]},"properties":{"OBJECTID":83,"SHELTERID":"TRSHEL151","ASSETID":"TRSHEL151","ASSETCODE":"TRSHEL","OWNER":"HRM","INSTYR":null,"INSTYRCONF":6,"MAT":"ALUM","MATCONF":3,"LOCGEN":"ROW","ASSETSTAT":"INS","ELECTRICAL":null,"AD":null,"BUSSTOPID":"BS1033","LOCATION":"Waverley Rd Before Montebello Dr (8441)","MAINTBY":"HRM","ASSETDESC":"DAYTECH AVANTI - Shelter Bench","SDATE":null,"SOURCE":null,"SACC":"IN","ADDDATE":"Tue, 01 Nov 2022 17:05:45 GMT","MODDATE":"Mon, 24 Jun 2024 17:18:22 GMT","CONDITPERD":null,"CONDITEXP":null,"GLOBALID":"d82f8a77-c486-4f9a-8825-5d5a1e6ee012"}},{"type":"Feature","id":84,"geometry":{"type":"Point","coordinates":[-63.4950506764903,44.6858242313321]},"properties":{"OBJECTID":84,"SHELTERID":"TRSHEL392","ASSETID":"TRSHEL392","ASSETCODE":"TRSHEL","OWNER":"HRM","INSTYR":null,"INSTYRCONF":6,"MAT":"STEEL","MATCONF":3,"LOCGEN":"ROW","ASSETSTAT":"OUT","ELECTRICAL":null,"AD":null,"BUSSTOPID":"BS308","LOCATION":"Gregory Dr After Flying Cloud Dr (6792)","MAINTBY":"HRM","ASSETDESC":"DAYTECH BROWN","SDATE":null,"SOURCE":null,"SACC":"IN","ADDDATE":"Tue, 01 Nov 2022 17:05:45 GMT","MODDATE":"Wed, 28 Aug 2024 15:46:09 GMT","CONDITPERD":null,"CONDITEXP":null,"GLOBALID":"dbd8ff46-b99c-4270-82cb-a1d115458c7b"}},{"type":"Feature","id":85,"geometry":{"type":"Point","coordinates":[-63.6041341371985,44.654969138577]},"properties":{"OBJECTID":85,"SHELTERID":"TRSHEL313","ASSETID":"TRSHEL313","ASSETCODE":"TRSHEL","OWNER":"HRM","INSTYR":null,"INSTYRCONF":6,"MAT":"STEEL","MATCONF":3,"LOCGEN":"ROW","ASSETSTAT":"DIS","ELECTRICAL":null,"AD":null,"BUSSTOPID":"BS1155","LOCATION":"Windsor St Opposite London St (8572)","MAINTBY":"HRM","ASSETDESC":"DAYTECH BROWN FLAT ROOF","SDATE":null,"SOURCE":null,"SACC":"IN","ADDDATE":"Tue, 01 Nov 2022 17:05:45 GMT","MODDATE":"Wed, 27 Nov 2024 16:25:00 GMT","CONDITPERD":null,"CONDITEXP":null,"GLOBALID":"9b53d998-e379-48d6-8fe3-38c22ef588f1"}},{"type":"Feature","id":86,"geometry":{"type":"Point","coordinates":[-63.5984371393459,44.6520686105284]},"properties":{"OBJECTID":86,"SHELTERID":"TRSHEL260","ASSETID":"TRSHEL260","ASSETCODE":"TRSHEL","OWNER":"HRM","INSTYR":2005,"INSTYRCONF":2,"MAT":"ALUM","MATCONF":4,"LOCGEN":"ROW","ASSETSTAT":"INS","ELECTRICAL":null,"AD":null,"BUSSTOPID":"BS365","LOCATION":"North St Before Windsor St (7357)","MAINTBY":"HRM","ASSETDESC":"MOUNTAIN MFG-Shelter Bench","SDATE":null,"SOURCE":null,"SACC":"IN","ADDDATE":"Tue, 01 Nov 2022 17:05:45 GMT","MODDATE":"Mon, 24 Jun 2024 17:18:22 GMT","CONDITPERD":null,"CONDITEXP":null,"GLOBALID":"dfb75bd5-642e-4a04-89d3-cd48088f018c"}},{"type":"Feature","id":87,"geometry":{"type":"Point","coordinates":[-63.615239578763,44.6339034025896]},"properties":{"OBJECTID":87,"SHELTERID":"TRSHEL765","ASSETID":"TRSHEL765","ASSETCODE":"TRSHEL","OWNER":"HRM","INSTYR":2024,"INSTYRCONF":1,"MAT":"ALUM","MATCONF":1,"LOCGEN":"ROW","ASSETSTAT":"INS","ELECTRICAL":null,"AD":null,"BUSSTOPID":"BS639","LOCATION":"Purcells Cove Rd After Sailboat Ln (8122)","MAINTBY":"HRM","ASSETDESC":"AYTECH AVANTI","SDATE":"Wed, 06 Nov 2024 04:00:00 GMT","SOURCE":"Transit","SACC":"IN","ADDDATE":"Wed, 27 Nov 2024 16:19:23 GMT","MODDATE":"Wed, 27 Nov 2024 16:36:07 GMT","CONDITPERD":null,"CONDITEXP":null,"GLOBALID":"aa3bcd0b-9e52-434a-a532-686deda498ce"}},{"type":"Feature","id":88,"geometry":{"type":"Point","coordinates":[-63.5372819539288,44.681168106548]},"properties":{"OBJECTID":88,"SHELTERID":"TRSHEL426","ASSETID":"TRSHEL426","ASSETCODE":"TRSHEL","OWNER":"HRM","INSTYR":2011,"INSTYRCONF":2,"MAT":"ALUM","MATCONF":2,"LOCGEN":"ROW","ASSETSTAT":"INS","ELECTRICAL":null,"AD":"Y","BUSSTOPID":"BS2235","LOCATION":"Hartlen St After Tacoma Dr (6835)","MAINTBY":"HRM","ASSETDESC":"DAYTECH AVANTI - Shelter Bench","SDATE":null,"SOURCE":null,"SACC":"IN","ADDDATE":"Tue, 01 Nov 2022 17:05:45 GMT","MODDATE":"Mon, 24 Jun 2024 17:18:22 GMT","CONDITPERD":null,"CONDITEXP":null,"GLOBALID":"c920e6b4-b63d-4f69-9b1e-6feb3befc16b"}},{"type":"Feature","id":89,"geometry":{"type":"Point","coordinates":[-63.5742614861802,44.6389650897357]},"properties":{"OBJECTID":89,"SHELTERID":"TRSHEL159","ASSETID":"TRSHEL159","ASSETCODE":"TRSHEL","OWNER":"HRM","INSTYR":null,"INSTYRCONF":6,"MAT":"ALUM","MATCONF":3,"LOCGEN":"ROW","ASSETSTAT":"INS","ELECTRICAL":null,"AD":null,"BUSSTOPID":"BS238","LOCATION":"South St Before Queen St (8299)","MAINTBY":"HRM","ASSETDESC":"DAYTECH AVANTI - Shelter Bench","SDATE":null,"SOURCE":null,"SACC":"IN","ADDDATE":"Tue, 01 Nov 2022 17:05:45 GMT","MODDATE":"Mon, 24 Jun 2024 17:18:22 GMT","CONDITPERD":null,"CONDITEXP":null,"GLOBALID":"3cae3d3e-8b30-4b9c-9ca5-5ba811df3f4e"}},{"type":"Feature","id":90,"geometry":{"type":"Point","coordinates":[-63.660651766368,44.6966042973803]},"properties":{"OBJECTID":90,"SHELTERID":"TRSHEL429","ASSETID":"TRSHEL429","ASSETCODE":"TRSHEL","OWNER":"HRM","INSTYR":2008,"INSTYRCONF":2,"MAT":"ALUM","MATCONF":3,"LOCGEN":"ROW","ASSETSTAT":"INS","ELECTRICAL":null,"AD":null,"BUSSTOPID":"BS2352","LOCATION":"Bedford Hwy After Charlotte Ln (6287)","MAINTBY":"HRM","ASSETDESC":"DAYTECH AVANTI-No Shelter Pad","SDATE":null,"SOURCE":null,"SACC":"IN","ADDDATE":"Tue, 01 Nov 2022 17:05:45 GMT","MODDATE":"Mon, 24 Jun 2024 17:18:22 GMT","CONDITPERD":null,"CONDITEXP":null,"GLOBALID":"5c3d0a20-ac90-4010-8d8c-bae5cf57e770"}},{"type":"Feature","id":91,"geometry":{"type":"Point","coordinates":[-63.5387250345506,44.6703693591682]},"properties":{"OBJECTID":91,"SHELTERID":"TRSHEL123","ASSETID":"TRSHEL123","ASSETCODE":"TRSHEL","OWNER":"HRM","INSTYR":2005,"INSTYRCONF":2,"MAT":"ALUM","MATCONF":4,"LOCGEN":"ROW","ASSETSTAT":"INS","ELECTRICAL":null,"AD":"Y","BUSSTOPID":"BS1250","LOCATION":"Penhorn Terminal Metrolink (8637)","MAINTBY":"HRM","ASSETDESC":"METROLINK SMALL","SDATE":null,"SOURCE":null,"SACC":"IN","ADDDATE":"Tue, 01 Nov 2022 17:05:45 GMT","MODDATE":"Mon, 24 Jun 2024 17:18:22 GMT","CONDITPERD":null,"CONDITEXP":null,"GLOBALID":"e7016eec-0fbf-4f1f-8bed-bdb2df3d12a8"}},{"type":"Feature","id":92,"geometry":{"type":"Point","coordinates":[-63.5950135933228,44.6650727572014]},"properties":{"OBJECTID":92,"SHELTERID":"TRSHEL484","ASSETID":"TRSHEL484","ASSETCODE":"TRSHEL","OWNER":"HRM","INSTYR":2013,"INSTYRCONF":2,"MAT":"ALUM","MATCONF":3,"LOCGEN":"ROW","ASSETSTAT":"DIS","ELECTRICAL":null,"AD":"N","BUSSTOPID":"BS2171","LOCATION":"Barrington St Before Young St (6095)","MAINTBY":"HRM","ASSETDESC":"DAYTECH AVANTI - Shelter Bench","SDATE":null,"SOURCE":null,"SACC":"IN","ADDDATE":"Tue, 01 Nov 2022 17:05:45 GMT","MODDATE":"Fri, 04 Nov 2022 15:17:35 GMT","CONDITPERD":null,"CONDITEXP":null,"GLOBALID":"1a957814-71f9-4b03-b840-68f9dc0590d0"}},{"type":"Feature","id":93,"geometry":{"type":"Point","coordinates":[-63.5139276394105,44.6854166758341]},"properties":{"OBJECTID":93,"SHELTERID":"TRSHEL440","ASSETID":"TRSHEL440","ASSETCODE":"TRSHEL","OWNER":"HRM","INSTYR":null,"INSTYRCONF":6,"MAT":"ALUM","MATCONF":3,"LOCGEN":"ROW","ASSETSTAT":"INS","ELECTRICAL":null,"AD":null,"BUSSTOPID":"BS582","LOCATION":"Mt Edward Rd After Lucien Dr (7266)","MAINTBY":"HRM","ASSETDESC":"DAYTECH AVANTI - Shelter Bench","SDATE":null,"SOURCE":null,"SACC":"IN","ADDDATE":"Tue, 01 Nov 2022 17:05:45 GMT","MODDATE":"Mon, 24 Jun 2024 17:18:22 GMT","CONDITPERD":null,"CONDITEXP":null,"GLOBALID":"b9e84cbb-465c-4346-81b5-88f7edfe8abf"}},{"type":"Feature","id":94,"geometry":{"type":"Point","coordinates":[-63.6153184454551,44.6526969087027]},"properties":{"OBJECTID":94,"SHELTERID":"TRSHEL66","ASSETID":"TRSHEL66","ASSETCODE":"TRSHEL","OWNER":"HRM","INSTYR":null,"INSTYRCONF":6,"MAT":"STEEL","MATCONF":3,"LOCGEN":"ROW","ASSETSTAT":"INS","ELECTRICAL":null,"AD":null,"BUSSTOPID":"BS2321","LOCATION":"Connaught Ave Before Roslyn Rd (6498)","MAINTBY":"HRM","ASSETDESC":"DAYTECH BROWN- Shelter Bench","SDATE":null,"SOURCE":null,"SACC":"IN","ADDDATE":"Tue, 01 Nov 2022 17:05:45 GMT","MODDATE":"Mon, 24 Jun 2024 17:18:22 GMT","CONDITPERD":null,"CONDITEXP":null,"GLOBALID":"08cbd2cb-ac8c-4399-b226-33dbc4334344"}},{"type":"Feature","id":95,"geometry":{"type":"Point","coordinates":[-63.7234148265492,44.6511938500086]},"properties":{"OBJECTID":95,"SHELTERID":"TRSHEL182","ASSETID":"TRSHEL182","ASSETCODE":"TRSHEL","OWNER":"HRM","INSTYR":null,"INSTYRCONF":6,"MAT":"STEEL","MATCONF":3,"LOCGEN":"ROW","ASSETSTAT":"INS","ELECTRICAL":null,"AD":null,"BUSSTOPID":"BS560","LOCATION":"St Margarets Bay Rd Before Devonshire Dr (6176)","MAINTBY":"HRM","ASSETDESC":"DAYTECH BROWN","SDATE":null,"SOURCE":null,"SACC":"IN","ADDDATE":"Tue, 01 Nov 2022 17:05:45 GMT","MODDATE":"Mon, 24 Jun 2024 17:18:22 GMT","CONDITPERD":null,"CONDITEXP":null,"GLOBALID":"5bb58630-3111-4699-bb5a-0ed667bf59af"}},{"type":"Feature","id":96,"geometry":{"type":"Point","coordinates":[-63.6537315846953,44.6632987003573]},"properties":{"OBJECTID":96,"SHELTERID":"TRSHEL308","ASSETID":"TRSHEL308","ASSETCODE":"TRSHEL","OWNER":"HRM","INSTYR":null,"INSTYRCONF":6,"MAT":"ALUM","MATCONF":3,"LOCGEN":"ROW","ASSETSTAT":"INS","ELECTRICAL":null,"AD":null,"BUSSTOPID":"BS1718","LOCATION":"Lacewood Dr After Dunbrack St (7067)","MAINTBY":"HRM","ASSETDESC":"DAYTECH AVANTI - Shelter Bench","SDATE":null,"SOURCE":null,"SACC":"IN","ADDDATE":"Tue, 01 Nov 2022 17:05:45 GMT","MODDATE":"Mon, 24 Jun 2024 17:18:22 GMT","CONDITPERD":null,"CONDITEXP":null,"GLOBALID":"1a7dba1e-75d6-4cb0-814d-6f64a908eef0"}},{"type":"Feature","id":97,"geometry":{"type":"Point","coordinates":[-63.5794456151758,44.6424713679039]},"properties":{"OBJECTID":97,"SHELTERID":"TRSHEL680","ASSETID":"TRSHEL680","ASSETCODE":"TRSHEL","OWNER":"HRM","INSTYR":2023,"INSTYRCONF":2,"MAT":"CONC","MATCONF":2,"LOCGEN":"ROW","ASSETSTAT":"INS","ELECTRICAL":null,"AD":"N","BUSSTOPID":"BS1124","LOCATION":"Spring Garden Rd Before South Park St (8334)","MAINTBY":"HRM","ASSETDESC":"OTHER","SDATE":null,"SOURCE":null,"SACC":"IN","ADDDATE":"Tue, 14 Nov 2023 16:01:35 GMT","MODDATE":"Mon, 15 Jan 2024 16:53:06 GMT","CONDITPERD":null,"CONDITEXP":null,"GLOBALID":"fb92a3c9-ecf0-429c-8802-f543f7a67b60"}},{"type":"Feature","id":98,"geometry":{"type":"Point","coordinates":[-63.5786408234959,44.6380086956201]},"properties":{"OBJECTID":98,"SHELTERID":"TRSHEL160","ASSETID":"TRSHEL160","ASSETCODE":"TRSHEL","OWNER":"HRM","INSTYR":null,"INSTYRCONF":6,"MAT":"ALUM","MATCONF":3,"LOCGEN":"ROW","ASSETSTAT":"INS","ELECTRICAL":null,"AD":null,"BUSSTOPID":"BS240","LOCATION":"South St Before Tower Rd (8301)","MAINTBY":"HRM","ASSETDESC":"DAYTECH AVANTI - Shelter Bench","SDATE":null,"SOURCE":null,"SACC":"IN","ADDDATE":"Tue, 01 Nov 2022 17:05:45 GMT","MODDATE":"Mon, 24 Jun 2024 17:18:22 GMT","CONDITPERD":null,"CONDITEXP":null,"GLOBALID":"64e8b70a-5b47-40aa-b25d-4affcfc3f6bc"}},{"type":"Feature","id":99,"geometry":{"type":"Point","coordinates":[-63.5848154349238,44.6410207785011]},"properties":{"OBJECTID":99,"SHELTERID":"TRSHEL348","ASSETID":"TRSHEL348","ASSETCODE":"TRSHEL","OWNER":"HRM","INSTYR":2016,"INSTYRCONF":2,"MAT":"ALUM","MATCONF":2,"LOCGEN":"ROW","ASSETSTAT":"INS","ELECTRICAL":null,"AD":"N","BUSSTOPID":"BS1119","LOCATION":"Spring Garden Rd Before Carlton St (8329)","MAINTBY":"HRM","ASSETDESC":"DAYTECH AVANTI - Shelter Bench","SDATE":null,"SOURCE":null,"SACC":"IN","ADDDATE":"Tue, 01 Nov 2022 17:05:45 GMT","MODDATE":"Mon, 24 Jun 2024 17:18:22 GMT","CONDITPERD":null,"CONDITEXP":null,"GLOBALID":"a8eef468-9a11-4f1d-9c8f-9dd8201041f8"}},{"type":"Feature","id":100,"geometry":{"type":"Point","coordinates":[-63.4711765536295,44.6086231004868]},"properties":{"OBJECTID":100,"SHELTERID":"TRSHEL413","ASSETID":"TRSHEL413","ASSETCODE":"TRSHEL","OWNER":"HRM","INSTYR":null,"INSTYRCONF":6,"MAT":"STEEL","MATCONF":3,"LOCGEN":"ROW","ASSETSTAT":"INS","ELECTRICAL":null,"AD":null,"BUSSTOPID":"BS426","LOCATION":"Caldwell Rd After Thorncrest Ct (6337)","MAINTBY":"HRM","ASSETDESC":"DAYTECH BROWN","SDATE":null,"SOURCE":null,"SACC":"IN","ADDDATE":"Tue, 01 Nov 2022 17:05:45 GMT","MODDATE":"Fri, 04 Nov 2022 15:17:35 GMT","CONDITPERD":null,"CONDITEXP":null,"GLOBALID":"1e3ebc45-52ea-4e2a-8a3a-8800f849f501"}},{"type":"Feature","id":101,"geometry":{"type":"Point","coordinates":[-63.6279572779719,44.6315350735905]},"properties":{"OBJECTID":101,"SHELTERID":"TRSHEL118","ASSETID":"TRSHEL118","ASSETCODE":"TRSHEL","OWNER":"HRM","INSTYR":2005,"INSTYRCONF":2,"MAT":"ALUM","MATCONF":4,"LOCGEN":"ROW","ASSETSTAT":"INS","ELECTRICAL":null,"AD":null,"BUSSTOPID":"BS1108","LOCATION":"Osborne St Before Sunset Ave (7396)","MAINTBY":"HRM","ASSETDESC":"MOUNTAIN MFG-Shelter Bench","SDATE":null,"SOURCE":null,"SACC":"IN","ADDDATE":"Tue, 01 Nov 2022 17:05:45 GMT","MODDATE":"Mon, 24 Jun 2024 17:18:22 GMT","CONDITPERD":null,"CONDITEXP":null,"GLOBALID":"99573d59-14b7-4dea-aa60-5b3bf33cd54d"}},{"type":"Feature","id":102,"geometry":{"type":"Point","coordinates":[-63.6442842723468,44.672665720558]},"properties":{"OBJECTID":102,"SHELTERID":"TRSHEL277","ASSETID":"TRSHEL277","ASSETCODE":"TRSHEL","OWNER":"HRM","INSTYR":2010,"INSTYRCONF":2,"MAT":"ALUM","MATCONF":3,"LOCGEN":"ROW","ASSETSTAT":"INS","ELECTRICAL":null,"AD":"Y","BUSSTOPID":"BS571","LOCATION":"Bedford Hwy At MSVU (6216)","MAINTBY":"HRM","ASSETDESC":"DAYTECH AVANTI","SDATE":null,"SOURCE":null,"SACC":"IN","ADDDATE":"Tue, 01 Nov 2022 17:05:45 GMT","MODDATE":"Mon, 24 Jun 2024 17:18:22 GMT","CONDITPERD":null,"CONDITEXP":null,"GLOBALID":"8b669bcd-0e8f-4c76-89f2-fbfaf9cd3c77"}},{"type":"Feature","id":103,"geometry":{"type":"Point","coordinates":[-63.4646255822335,44.7427983566982]},"properties":{"OBJECTID":103,"SHELTERID":"TRSHEL296","ASSETID":"TRSHEL296","ASSETCODE":"TRSHEL","OWNER":"HRM","INSTYR":2005,"INSTYRCONF":2,"MAT":"STEEL","MATCONF":3,"LOCGEN":"ROW","ASSETSTAT":"INS","ELECTRICAL":null,"AD":null,"BUSSTOPID":"BS481","LOCATION":"North Preston Rd Before Upper Governor St (7102)","MAINTBY":"HRM","ASSETDESC":"DAYTECH BROWN-Shelter Bench","SDATE":null,"SOURCE":null,"SACC":"IN","ADDDATE":"Tue, 01 Nov 2022 17:05:45 GMT","MODDATE":"Fri, 04 Nov 2022 15:17:35 GMT","CONDITPERD":null,"CONDITEXP":null,"GLOBALID":"c56c15ef-5a70-475b-8e68-bb2d86f49d33"}},{"type":"Feature","id":104,"geometry":{"type":"Point","coordinates":[-63.6382247315136,44.66113397198]},"properties":{"OBJECTID":104,"SHELTERID":"TRSHEL177","ASSETID":"TRSHEL177","ASSETCODE":"TRSHEL","OWNER":"HRM","INSTYR":null,"INSTYRCONF":6,"MAT":"STEEL","MATCONF":4,"LOCGEN":"ROW","ASSETSTAT":"INS","ELECTRICAL":null,"AD":null,"BUSSTOPID":"BS1719","LOCATION":"Lacewood Dr After Glenforest Dr (7068)","MAINTBY":"HRM","ASSETDESC":"DAYTECH HALF SHELTER-ShelterBench","SDATE":null,"SOURCE":null,"SACC":"IN","ADDDATE":"Tue, 01 Nov 2022 17:05:45 GMT","MODDATE":"Mon, 24 Jun 2024 17:18:22 GMT","CONDITPERD":null,"CONDITEXP":null,"GLOBALID":"056183cd-71ed-4efa-a664-d77a7c3b500a"}},{"type":"Feature","id":105,"geometry":{"type":"Point","coordinates":[-63.6267117746103,44.649047423605]},"properties":{"OBJECTID":105,"SHELTERID":"TRSHEL470","ASSETID":"TRSHEL470","ASSETCODE":"TRSHEL","OWNER":"HRM","INSTYR":null,"INSTYRCONF":6,"MAT":"STEEL","MATCONF":3,"LOCGEN":"ROW","ASSETSTAT":"INS","ELECTRICAL":null,"AD":null,"BUSSTOPID":"BS92","LOCATION":"Mumford Rd Opposite Hemlock St (7279)","MAINTBY":"HRM","ASSETDESC":"DAYTECH BROWN FLAT ROOF","SDATE":null,"SOURCE":null,"SACC":"IN","ADDDATE":"Tue, 01 Nov 2022 17:05:45 GMT","MODDATE":"Mon, 24 Jun 2024 17:18:22 GMT","CONDITPERD":null,"CONDITEXP":null,"GLOBALID":"8864cf8a-672d-4668-8569-3e1179e3baff"}},{"type":"Feature","id":106,"geometry":{"type":"Point","coordinates":[-63.7467614676583,44.6619970477611]},"properties":{"OBJECTID":106,"SHELTERID":"TRSHEL240","ASSETID":"TRSHEL240","ASSETCODE":"TRSHEL","OWNER":"HRM","INSTYR":2005,"INSTYRCONF":2,"MAT":"STEEL","MATCONF":3,"LOCGEN":"ROW","ASSETSTAT":"INS","ELECTRICAL":null,"AD":null,"BUSSTOPID":"BS204","LOCATION":"Forestglen Dr Before Fraser Rd (6712)","MAINTBY":"HRM","ASSETDESC":"DAYTECH BROWN","SDATE":null,"SOURCE":null,"SACC":"IN","ADDDATE":"Tue, 01 Nov 2022 17:05:45 GMT","MODDATE":"Mon, 24 Jun 2024 17:18:22 GMT","CONDITPERD":null,"CONDITEXP":null,"GLOBALID":"631f335c-6bdc-4e93-baac-0fb8d9e94951"}},{"type":"Feature","id":107,"geometry":{"type":"Point","coordinates":[-63.5876295261289,44.6587846170997]},"properties":{"OBJECTID":107,"SHELTERID":"TRSHEL321","ASSETID":"TRSHEL321","ASSETCODE":"TRSHEL","OWNER":"HRM","INSTYR":2016,"INSTYRCONF":2,"MAT":"ALUM","MATCONF":3,"LOCGEN":"ROW","ASSETSTAT":"DIS","ELECTRICAL":null,"AD":"N","BUSSTOPID":null,"LOCATION":"Barrington St Before North St (6116)","MAINTBY":"HRM","ASSETDESC":"DAYTECH AVANTI - Shelter Bench - Removed Nov2018","SDATE":"Mon, 26 Nov 2018 04:00:00 GMT","SOURCE":"Transit","SACC":"IN","ADDDATE":"Tue, 01 Nov 2022 17:05:45 GMT","MODDATE":"Fri, 04 Nov 2022 15:17:35 GMT","CONDITPERD":null,"CONDITEXP":null,"GLOBALID":"72ad8066-d2f8-4dab-b8db-4d2716961f01"}},{"type":"Feature","id":108,"geometry":{"type":"Point","coordinates":[-63.5751647116556,44.6710017942287]},"properties":{"OBJECTID":108,"SHELTERID":"TRSHEL43","ASSETID":"TRSHEL43","ASSETCODE":"TRSHEL","OWNER":"HRM","INSTYR":2012,"INSTYRCONF":2,"MAT":"ALUM","MATCONF":2,"LOCGEN":"ROW","ASSETSTAT":"INS","ELECTRICAL":null,"AD":"N","BUSSTOPID":"BS1247","LOCATION":"Bridge Terminal Bay 1 (7601)","MAINTBY":"HRM","ASSETDESC":"DAYTECH LARGE","SDATE":null,"SOURCE":null,"SACC":"IN","ADDDATE":"Tue, 01 Nov 2022 17:05:45 GMT","MODDATE":"Fri, 04 Nov 2022 15:17:35 GMT","CONDITPERD":null,"CONDITEXP":null,"GLOBALID":"504e7357-e7ad-46c2-be4c-414ca2692d8c"}},{"type":"Feature","id":109,"geometry":{"type":"Point","coordinates":[-63.6390271193018,44.657419774926]},"properties":{"OBJECTID":109,"SHELTERID":"TRSHEL176","ASSETID":"TRSHEL176","ASSETCODE":"TRSHEL","OWNER":"HRM","INSTYR":2000,"INSTYRCONF":2,"MAT":"STEEL","MATCONF":3,"LOCGEN":"ROW","ASSETSTAT":"INS","ELECTRICAL":null,"AD":null,"BUSSTOPID":"BS1459","LOCATION":"Main Ave Before Borden St (7168)","MAINTBY":"HRM","ASSETDESC":"DAYTECH BROWN- Shelter Bench","SDATE":null,"SOURCE":null,"SACC":"IN","ADDDATE":"Tue, 01 Nov 2022 17:05:45 GMT","MODDATE":"Mon, 24 Jun 2024 17:18:22 GMT","CONDITPERD":null,"CONDITEXP":null,"GLOBALID":"02234623-765f-4c66-b5b6-3adea7ce434c"}},{"type":"Feature","id":110,"geometry":{"type":"Point","coordinates":[-63.6571566704309,44.6614769889894]},"properties":{"OBJECTID":110,"SHELTERID":"TRSHEL268","ASSETID":"TRSHEL268","ASSETCODE":"TRSHEL","OWNER":"HRM","INSTYR":1998,"INSTYRCONF":2,"MAT":"ALUM","MATCONF":4,"LOCGEN":"ROW","ASSETSTAT":"INS","ELECTRICAL":null,"AD":"N","BUSSTOPID":"BS1736","LOCATION":"Willett St Before Lacewood Dr (7086)","MAINTBY":"HRM","ASSETDESC":"OLD TERMINAL BMS","SDATE":null,"SOURCE":null,"SACC":"IN","ADDDATE":"Tue, 01 Nov 2022 17:05:45 GMT","MODDATE":"Fri, 04 Nov 2022 15:17:35 GMT","CONDITPERD":null,"CONDITEXP":null,"GLOBALID":"7be92a8a-6958-4291-bb46-0231731d47f3"}},{"type":"Feature","id":111,"geometry":{"type":"Point","coordinates":[-63.6984164279744,44.7681259890732]},"properties":{"OBJECTID":111,"SHELTERID":"TRSHEL102","ASSETID":"TRSHEL102","ASSETCODE":"TRSHEL","OWNER":"HRM","INSTYR":2005,"INSTYRCONF":2,"MAT":"ALUM","MATCONF":3,"LOCGEN":"ROW","ASSETSTAT":"INS","ELECTRICAL":null,"AD":null,"BUSSTOPID":"BS2647","LOCATION":"Sackville Terminal Bay 1 (8958)","MAINTBY":"HRM","ASSETDESC":"DAYTECH AVANTI - Terminal Shelter","SDATE":null,"SOURCE":null,"SACC":"IN","ADDDATE":"Tue, 01 Nov 2022 17:05:45 GMT","MODDATE":"Fri, 04 Nov 2022 15:17:35 GMT","CONDITPERD":null,"CONDITEXP":null,"GLOBALID":"0e661d3f-5c88-4eae-b433-14bd620455aa"}},{"type":"Feature","id":112,"geometry":{"type":"Point","coordinates":[-63.6626674250672,44.6611238158608]},"properties":{"OBJECTID":112,"SHELTERID":"TRSHEL451","ASSETID":"TRSHEL451","ASSETCODE":"TRSHEL","OWNER":"HRM","INSTYR":2015,"INSTYRCONF":2,"MAT":"ALUM","MATCONF":3,"LOCGEN":"ROW","ASSETSTAT":"INS","ELECTRICAL":null,"AD":null,"BUSSTOPID":"BS2606","LOCATION":"Lacewood Terminal Bay 3 (9103)","MAINTBY":"HRM","ASSETDESC":"DAYTECH AVANTI - Shelter Bench","SDATE":null,"SOURCE":null,"SACC":"IN","ADDDATE":"Tue, 01 Nov 2022 17:05:45 GMT","MODDATE":"Fri, 04 Nov 2022 15:17:35 GMT","CONDITPERD":null,"CONDITEXP":null,"GLOBALID":"bdb2d7ab-44d8-4cdb-9335-e6554af80e3b"}},{"type":"Feature","id":113,"geometry":{"type":"Point","coordinates":[-63.500335899193,44.6170821483465]},"properties":{"OBJECTID":113,"SHELTERID":"TRSHEL383","ASSETID":"TRSHEL383","ASSETCODE":"TRSHEL","OWNER":"HRM","INSTYR":null,"INSTYRCONF":6,"MAT":"ALUM","MATCONF":3,"LOCGEN":"ROW","ASSETSTAT":"INS","ELECTRICAL":null,"AD":null,"BUSSTOPID":"BS1185","LOCATION":"Main Rd Opposite Civic 1341  (8015)","MAINTBY":"HRM","ASSETDESC":"DAYTECH AVANTI - Shelter Bench","SDATE":null,"SOURCE":null,"SACC":"IN","ADDDATE":"Tue, 01 Nov 2022 17:05:45 GMT","MODDATE":"Fri, 04 Nov 2022 15:17:35 GMT","CONDITPERD":null,"CONDITEXP":null,"GLOBALID":"1424e8bb-f092-4a98-9a3e-152564d4d00a"}},{"type":"Feature","id":114,"geometry":{"type":"Point","coordinates":[-63.6029437373947,44.649240703282]},"properties":{"OBJECTID":114,"SHELTERID":"TRSHEL463","ASSETID":"TRSHEL463","ASSETCODE":"TRSHEL","OWNER":"HRM","INSTYR":null,"INSTYRCONF":6,"MAT":"STEEL","MATCONF":3,"LOCGEN":"ROW","ASSETSTAT":"INS","ELECTRICAL":null,"AD":null,"BUSSTOPID":"BS867","LOCATION":"Oxford St Before North St (7418)","MAINTBY":"HRM","ASSETDESC":"DAYTECH BROWN- Shelter Bench","SDATE":null,"SOURCE":null,"SACC":"IN","ADDDATE":"Tue, 01 Nov 2022 17:05:45 GMT","MODDATE":"Mon, 24 Jun 2024 17:18:22 GMT","CONDITPERD":null,"CONDITEXP":null,"GLOBALID":"c08f296b-db74-4c60-895e-d668fe8bd4c9"}},{"type":"Feature","id":115,"geometry":{"type":"Point","coordinates":[-63.6743476339033,44.7183840364676]},"properties":{"OBJECTID":115,"SHELTERID":"TRSHEL185","ASSETID":"TRSHEL185","ASSETCODE":"TRSHEL","OWNER":"HRM","INSTYR":2016,"INSTYRCONF":2,"MAT":"ALUM","MATCONF":3,"LOCGEN":"ROW","ASSETSTAT":"INS","ELECTRICAL":null,"AD":"N","BUSSTOPID":"BS770","LOCATION":"Bedford Hwy After Convoy Run (6235)","MAINTBY":"HRM","ASSETDESC":"DAYTECH AVANTI - Shelter Bench","SDATE":null,"SOURCE":null,"SACC":"IN","ADDDATE":"Tue, 01 Nov 2022 17:05:45 GMT","MODDATE":"Mon, 24 Jun 2024 17:18:22 GMT","CONDITPERD":null,"CONDITEXP":null,"GLOBALID":"8ed68025-b22e-4f7c-a1e3-341f5d190681"}},{"type":"Feature","id":116,"geometry":{"type":"Point","coordinates":[-63.5819619633733,44.6330417925895]},"properties":{"OBJECTID":116,"SHELTERID":"TRSHEL389","ASSETID":"TRSHEL389","ASSETCODE":"TRSHEL","OWNER":"HRM","INSTYR":2016,"INSTYRCONF":2,"MAT":"ALUM","MATCONF":2,"LOCGEN":"ROW","ASSETSTAT":"INS","ELECTRICAL":null,"AD":"N","BUSSTOPID":"BS4328","LOCATION":"Inglis St Before Robie St (2322)","MAINTBY":"HRM","ASSETDESC":"DAYTECH AVANTI - Shelter Bench","SDATE":null,"SOURCE":null,"SACC":"IN","ADDDATE":"Tue, 01 Nov 2022 17:05:45 GMT","MODDATE":"Wed, 19 Mar 2025 14:18:01 GMT","CONDITPERD":null,"CONDITEXP":null,"GLOBALID":"6939a55e-cbb8-41d3-915e-9caf220fe4f5"}},{"type":"Feature","id":117,"geometry":{"type":"Point","coordinates":[-63.5670008780491,44.698159380831]},"properties":{"OBJECTID":117,"SHELTERID":"TRSHEL673","ASSETID":"TRSHEL673","ASSETCODE":"TRSHEL","OWNER":"HRM","INSTYR":2018,"INSTYRCONF":2,"MAT":"CONC","MATCONF":2,"LOCGEN":"ROW","ASSETSTAT":"INS","ELECTRICAL":null,"AD":"Y","BUSSTOPID":"BS3321","LOCATION":"Lamont Terrace Before Lemair Row (8054)","MAINTBY":"HRM","ASSETDESC":"DAYTECH LARGE","SDATE":null,"SOURCE":null,"SACC":"IN","ADDDATE":"Wed, 08 Nov 2023 17:37:37 GMT","MODDATE":"Wed, 08 Nov 2023 18:10:18 GMT","CONDITPERD":null,"CONDITEXP":null,"GLOBALID":"77f90b1b-dad1-4dc6-81be-6dc9460f397f"}},{"type":"Feature","id":118,"geometry":{"type":"Point","coordinates":[-63.5469251259587,44.6882302110655]},"properties":{"OBJECTID":118,"SHELTERID":"TRSHEL376","ASSETID":"TRSHEL376","ASSETCODE":"TRSHEL","OWNER":"HRM","INSTYR":1998,"INSTYRCONF":2,"MAT":"STEEL","MATCONF":3,"LOCGEN":"ROW","ASSETSTAT":"INS","ELECTRICAL":null,"AD":"N","BUSSTOPID":"BS1827","LOCATION":"Braemar Dr After Maple Dr (6314)","MAINTBY":"HRM","ASSETDESC":"DAYTECH BROWN","SDATE":null,"SOURCE":null,"SACC":"IN","ADDDATE":"Tue, 01 Nov 2022 17:05:45 GMT","MODDATE":"Mon, 24 Jun 2024 17:18:22 GMT","CONDITPERD":null,"CONDITEXP":null,"GLOBALID":"af265774-eb36-4906-a8e5-71a2aa9a9b8f"}},{"type":"Feature","id":119,"geometry":{"type":"Point","coordinates":[-63.6819238471431,44.7661652120894]},"properties":{"OBJECTID":119,"SHELTERID":"TRSHEL231","ASSETID":"TRSHEL231","ASSETCODE":"TRSHEL","OWNER":"HRM","INSTYR":2008,"INSTYRCONF":2,"MAT":"ALUM","MATCONF":3,"LOCGEN":"ROW","ASSETSTAT":"INS","ELECTRICAL":null,"AD":null,"BUSSTOPID":"BS139","LOCATION":"Sackville Dr After Leaside Dr (7299)","MAINTBY":"HRM","ASSETDESC":"DAYTECH AVANTI - Shelter Bench","SDATE":null,"SOURCE":null,"SACC":"IN","ADDDATE":"Tue, 01 Nov 2022 17:05:45 GMT","MODDATE":"Fri, 04 Nov 2022 15:17:35 GMT","CONDITPERD":null,"CONDITEXP":null,"GLOBALID":"647abddb-5d7e-47f8-bb34-b483518f357e"}},{"type":"Feature","id":120,"geometry":{"type":"Point","coordinates":[-63.6623984820475,44.661264719636]},"properties":{"OBJECTID":120,"SHELTERID":"TRSHEL445","ASSETID":"TRSHEL445","ASSETCODE":"TRSHEL","OWNER":"HRM","INSTYR":2015,"INSTYRCONF":2,"MAT":"ALUM","MATCONF":3,"LOCGEN":"ROW","ASSETSTAT":"INS","ELECTRICAL":null,"AD":null,"BUSSTOPID":"BS2719","LOCATION":"Lacewood Terminal Bay 1 (9101)","MAINTBY":"HRM","ASSETDESC":"DAYTECH LARGE - Shelter Bench","SDATE":null,"SOURCE":null,"SACC":"IN","ADDDATE":"Tue, 01 Nov 2022 17:05:45 GMT","MODDATE":"Fri, 04 Nov 2022 15:17:35 GMT","CONDITPERD":null,"CONDITEXP":null,"GLOBALID":"994ed960-d690-45c5-a335-902e591eebbf"}},{"type":"Feature","id":121,"geometry":{"type":"Point","coordinates":[-63.4831941445335,44.6719171660919]},"properties":{"OBJECTID":121,"SHELTERID":"TRSHEL384","ASSETID":"TRSHEL384","ASSETCODE":"TRSHEL","OWNER":"HRM","INSTYR":2005,"INSTYRCONF":2,"MAT":"ALUM","MATCONF":4,"LOCGEN":"ROW","ASSETSTAT":"INS","ELECTRICAL":null,"AD":"N","BUSSTOPID":"BS1480","LOCATION":"Ashgrove Ave After Cole Harbour Rd (6048)","MAINTBY":"HRM","ASSETDESC":"MOUNTAIN MFG-Floating Shelter Pad","SDATE":null,"SOURCE":null,"SACC":"IN","ADDDATE":"Tue, 01 Nov 2022 17:05:45 GMT","MODDATE":"Mon, 24 Jun 2024 17:18:22 GMT","CONDITPERD":null,"CONDITEXP":null,"GLOBALID":"2f9364b0-651b-44f6-8331-e62019b3c1d7"}},{"type":"Feature","id":122,"geometry":{"type":"Point","coordinates":[-63.6065124879986,44.667293679676]},"properties":{"OBJECTID":122,"SHELTERID":"TRSHEL316","ASSETID":"TRSHEL316","ASSETCODE":"TRSHEL","OWNER":"HRM","INSTYR":null,"INSTYRCONF":6,"MAT":null,"MATCONF":6,"LOCGEN":"ROW","ASSETSTAT":"DIS","ELECTRICAL":null,"AD":null,"BUSSTOPID":"BS2258","LOCATION":"Duffus St After Novalea Dr (6583)","MAINTBY":"HRM","ASSETDESC":"Damaged - Replacement 2018","SDATE":null,"SOURCE":null,"SACC":"IN","ADDDATE":"Tue, 01 Nov 2022 17:05:45 GMT","MODDATE":"Wed, 27 Nov 2024 16:11:50 GMT","CONDITPERD":null,"CONDITEXP":null,"GLOBALID":"ab9b7c25-c443-4c1c-a491-48caadb5c68a"}},{"type":"Feature","id":123,"geometry":{"type":"Point","coordinates":[-63.5657083011699,44.7027571698202]},"properties":{"OBJECTID":123,"SHELTERID":"TRSHEL466","ASSETID":"TRSHEL466","ASSETCODE":"TRSHEL","OWNER":"HRM","INSTYR":2010,"INSTYRCONF":2,"MAT":"ALUM","MATCONF":3,"LOCGEN":"ROW","ASSETSTAT":"INS","ELECTRICAL":null,"AD":null,"BUSSTOPID":"BS1814","LOCATION":"Countryview Dr After McClure Cl (8655)","MAINTBY":"HRM","ASSETDESC":"DAYTECH AVANTI - Shelter Bench","SDATE":null,"SOURCE":null,"SACC":"IN","ADDDATE":"Tue, 01 Nov 2022 17:05:45 GMT","MODDATE":"Mon, 24 Jun 2024 17:18:22 GMT","CONDITPERD":null,"CONDITEXP":null,"GLOBALID":"3fe05103-7898-48d8-b33f-682724df5b5a"}},{"type":"Feature","id":124,"geometry":{"type":"Point","coordinates":[-63.5788722043603,44.6402404303726]},"properties":{"OBJECTID":124,"SHELTERID":"TRSHEL388","ASSETID":"TRSHEL388","ASSETCODE":"TRSHEL","OWNER":"HRM","INSTYR":2017,"INSTYRCONF":2,"MAT":"ALUM","MATCONF":4,"LOCGEN":"ROW","ASSETSTAT":"INS","ELECTRICAL":null,"AD":null,"BUSSTOPID":"BS252","LOCATION":"South Park St Before University Ave (8313)","MAINTBY":"HRM","ASSETDESC":"DAYTECH AVANTI","SDATE":null,"SOURCE":null,"SACC":"IN","ADDDATE":"Tue, 01 Nov 2022 17:05:45 GMT","MODDATE":"Mon, 24 Jun 2024 17:18:22 GMT","CONDITPERD":null,"CONDITEXP":null,"GLOBALID":"c3fc548c-f6b8-460d-a7fb-a61bd2202535"}},{"type":"Feature","id":125,"geometry":{"type":"Point","coordinates":[-63.67163606293,44.7774334043556]},"properties":{"OBJECTID":125,"SHELTERID":"TRSHEL438","ASSETID":"TRSHEL438","ASSETCODE":"TRSHEL","OWNER":"HRM","INSTYR":2012,"INSTYRCONF":2,"MAT":"ALUM","MATCONF":3,"LOCGEN":"ROW","ASSETSTAT":"INS","ELECTRICAL":null,"AD":"N","BUSSTOPID":"BS188","LOCATION":"First Lake Dr Before Lakehead Ct (6696)","MAINTBY":"HRM","ASSETDESC":"DAYTECH AVANTI - Shelter Bench","SDATE":null,"SOURCE":null,"SACC":"IN","ADDDATE":"Tue, 01 Nov 2022 17:05:45 GMT","MODDATE":"Mon, 24 Jun 2024 17:18:22 GMT","CONDITPERD":null,"CONDITEXP":null,"GLOBALID":"e7e784d0-5220-4bd9-96bd-9cd05f743b8f"}},{"type":"Feature","id":126,"geometry":{"type":"Point","coordinates":[-63.645552710596,44.652754011044]},"properties":{"OBJECTID":126,"SHELTERID":"TRSHEL415","ASSETID":"TRSHEL415","ASSETCODE":"TRSHEL","OWNER":"HRM","INSTYR":null,"INSTYRCONF":6,"MAT":"STEEL","MATCONF":3,"LOCGEN":"ROW","ASSETSTAT":"OUT","ELECTRICAL":null,"AD":null,"BUSSTOPID":"BS1757","LOCATION":"Willett St Before Adelaide Ave (8498)","MAINTBY":"HRM","ASSETDESC":"DAYTECH BROWN","SDATE":null,"SOURCE":null,"SACC":"IN","ADDDATE":"Tue, 01 Nov 2022 17:05:45 GMT","MODDATE":"Tue, 31 Jan 2023 18:16:34 GMT","CONDITPERD":null,"CONDITEXP":null,"GLOBALID":"7c390301-a446-4858-bc70-7e37cbcf5a85"}},{"type":"Feature","id":127,"geometry":{"type":"Point","coordinates":[-63.6079564831054,44.6564726221303]},"properties":{"OBJECTID":127,"SHELTERID":"TRSHEL364","ASSETID":"TRSHEL364","ASSETCODE":"TRSHEL","OWNER":"HRM","INSTYR":2007,"INSTYRCONF":2,"MAT":"ALUM","MATCONF":3,"LOCGEN":"ROW","ASSETSTAT":"INS","ELECTRICAL":null,"AD":"N","BUSSTOPID":"BS373","LOCATION":"Bayers Rd Before Windsor St (6191)","MAINTBY":"HRM","ASSETDESC":"DAYTECH AVANTI - Shelter Bench","SDATE":null,"SOURCE":null,"SACC":"IN","ADDDATE":"Tue, 01 Nov 2022 17:05:45 GMT","MODDATE":"Mon, 24 Jun 2024 17:18:22 GMT","CONDITPERD":null,"CONDITEXP":null,"GLOBALID":"8a4df751-1740-415c-954f-1079b64cf1e2"}},{"type":"Feature","id":128,"geometry":{"type":"Point","coordinates":[-63.6552862082277,44.7352815654104]},"properties":{"OBJECTID":128,"SHELTERID":"TRSHEL199","ASSETID":"TRSHEL199","ASSETCODE":"TRSHEL","OWNER":"HRM","INSTYR":2011,"INSTYRCONF":2,"MAT":"ALUM","MATCONF":3,"LOCGEN":"ROW","ASSETSTAT":"INS","ELECTRICAL":null,"AD":"Y","BUSSTOPID":"BS762","LOCATION":"Bedford Hwy Before Rocky Lake Dr (6226)","MAINTBY":"HRM","ASSETDESC":"DAYTECH AVANTI - Shelter Bench","SDATE":null,"SOURCE":null,"SACC":"IN","ADDDATE":"Tue, 01 Nov 2022 17:05:45 GMT","MODDATE":"Mon, 24 Jun 2024 17:18:22 GMT","CONDITPERD":null,"CONDITEXP":null,"GLOBALID":"92b9882d-72e7-4f14-bd0c-1c998c5914e8"}},{"type":"Feature","id":129,"geometry":{"type":"Point","coordinates":[-63.4921490660203,44.6716591126632]},"properties":{"OBJECTID":129,"SHELTERID":"TRSHEL238","ASSETID":"TRSHEL238","ASSETCODE":"TRSHEL","OWNER":"HRM","INSTYR":null,"INSTYRCONF":6,"MAT":"ALUM","MATCONF":3,"LOCGEN":"ROW","ASSETSTAT":"INS","ELECTRICAL":null,"AD":null,"BUSSTOPID":"BS179","LOCATION":"Cole Harbour Rd Before Hugh Allen Dr (6480)","MAINTBY":"HRM","ASSETDESC":"DAYTECH AVANTI - Shelter Bench","SDATE":null,"SOURCE":null,"SACC":"IN","ADDDATE":"Tue, 01 Nov 2022 17:05:45 GMT","MODDATE":"Mon, 24 Jun 2024 17:18:22 GMT","CONDITPERD":null,"CONDITEXP":null,"GLOBALID":"fd901da5-62e2-4cac-a66b-8f460b15d806"}},{"type":"Feature","id":130,"geometry":{"type":"Point","coordinates":[-63.5757743847642,44.6433969378775]},"properties":{"OBJECTID":130,"SHELTERID":"TRSHEL715","ASSETID":"TRSHEL715","ASSETCODE":"TRSHEL","OWNER":"HRM","INSTYR":null,"INSTYRCONF":null,"MAT":null,"MATCONF":null,"LOCGEN":"ROW","ASSETSTAT":"INS","ELECTRICAL":null,"AD":null,"BUSSTOPID":"BS1121","LOCATION":"Spring Garden Rd Before Queen St (8331)","MAINTBY":"HRM","ASSETDESC":null,"SDATE":"Fri, 12 Jan 2024 04:00:00 GMT","SOURCE":"FAM","SACC":"IN","ADDDATE":"Mon, 15 Jan 2024 23:02:39 GMT","MODDATE":"Mon, 15 Jan 2024 23:29:50 GMT","CONDITPERD":null,"CONDITEXP":null,"GLOBALID":"2eab2387-2496-4635-9751-5a9fbcf04d85"}},{"type":"Feature","id":131,"geometry":{"type":"Point","coordinates":[-63.6438611029659,44.6507994482878]},"properties":{"OBJECTID":131,"SHELTERID":"TRSHEL424","ASSETID":"TRSHEL424","ASSETCODE":"TRSHEL","OWNER":"HRM","INSTYR":null,"INSTYRCONF":6,"MAT":"STEEL","MATCONF":3,"LOCGEN":"ROW","ASSETSTAT":"OUT","ELECTRICAL":null,"AD":null,"BUSSTOPID":"BS1759","LOCATION":"Willett St Before Frederick Ave (8500)","MAINTBY":"HRM","ASSETDESC":"DAYTECH BROWN","SDATE":null,"SOURCE":null,"SACC":"IN","ADDDATE":"Tue, 01 Nov 2022 17:05:45 GMT","MODDATE":"Fri, 09 Dec 2022 17:36:17 GMT","CONDITPERD":null,"CONDITEXP":null,"GLOBALID":"a2d1d89b-fc8d-4f82-8ad4-9f46f3ead0ca"}},{"type":"Feature","id":132,"geometry":{"type":"Point","coordinates":[-63.6466807610309,44.6538455530642]},"properties":{"OBJECTID":132,"SHELTERID":"TRSHEL272","ASSETID":"TRSHEL272","ASSETCODE":"TRSHEL","OWNER":"HRM","INSTYR":2004,"INSTYRCONF":2,"MAT":"STEEL","MATCONF":4,"LOCGEN":"ROW","ASSETSTAT":"INS","ELECTRICAL":null,"AD":null,"BUSSTOPID":"BS1752","LOCATION":"Willett St After Main Ave (8493)","MAINTBY":"HRM","ASSETDESC":"DAYTECH HALF SHELTER","SDATE":null,"SOURCE":null,"SACC":"IN","ADDDATE":"Tue, 01 Nov 2022 17:05:45 GMT","MODDATE":"Mon, 24 Jun 2024 17:18:22 GMT","CONDITPERD":null,"CONDITEXP":null,"GLOBALID":"e0115239-86c4-401c-9ffe-8213aef37a82"}},{"type":"Feature","id":133,"geometry":{"type":"Point","coordinates":[-63.5713747787607,44.6664189143537]},"properties":{"OBJECTID":133,"SHELTERID":"TRSHEL290","ASSETID":"TRSHEL290","ASSETCODE":"TRSHEL","OWNER":"HRM","INSTYR":2007,"INSTYRCONF":2,"MAT":"ALUM","MATCONF":3,"LOCGEN":"ROW","ASSETSTAT":"INS","ELECTRICAL":null,"AD":"Y","BUSSTOPID":"BS728","LOCATION":"Alderney Dr Opposite Church St (6025)","MAINTBY":"HRM","ASSETDESC":"DAYTECH AVANTI - Shelter Bench","SDATE":null,"SOURCE":null,"SACC":"IN","ADDDATE":"Tue, 01 Nov 2022 17:05:45 GMT","MODDATE":"Mon, 24 Jun 2024 17:18:22 GMT","CONDITPERD":null,"CONDITEXP":null,"GLOBALID":"2bdd37e7-2c1b-4903-88ae-f7bab80330c9"}},{"type":"Feature","id":134,"geometry":{"type":"Point","coordinates":[-63.612720553586,44.6601627942172]},"properties":{"OBJECTID":134,"SHELTERID":"TRSHEL124","ASSETID":"TRSHEL124","ASSETCODE":"TRSHEL","OWNER":"HRM","INSTYR":null,"INSTYRCONF":6,"MAT":"STEEL","MATCONF":3,"LOCGEN":"ROW","ASSETSTAT":"INS","ELECTRICAL":null,"AD":null,"BUSSTOPID":"BS1635","LOCATION":"Windsor St After Maxwell St (8549)","MAINTBY":"HRM","ASSETDESC":"DAYTECH BROWN","SDATE":null,"SOURCE":null,"SACC":"IN","ADDDATE":"Tue, 01 Nov 2022 17:05:45 GMT","MODDATE":"Mon, 24 Jun 2024 17:18:22 GMT","CONDITPERD":null,"CONDITEXP":null,"GLOBALID":"7e8633b4-d640-4738-b18c-d6fca7465181"}},{"type":"Feature","id":135,"geometry":{"type":"Point","coordinates":[-63.5714892187381,44.6419282488169]},"properties":{"OBJECTID":135,"SHELTERID":"TRSHEL298","ASSETID":"TRSHEL298","ASSETCODE":"TRSHEL","OWNER":"HRM","INSTYR":2016,"INSTYRCONF":2,"MAT":"ALUM","MATCONF":3,"LOCGEN":"ROW","ASSETSTAT":"INS","ELECTRICAL":null,"AD":"N","BUSSTOPID":"BS2191","LOCATION":"Barrington St Before Morris St (6114)","MAINTBY":"HRM","ASSETDESC":"DAYTECH AVANTI - Shelter Bench","SDATE":null,"SOURCE":null,"SACC":"IN","ADDDATE":"Tue, 01 Nov 2022 17:05:45 GMT","MODDATE":"Mon, 24 Jun 2024 17:18:22 GMT","CONDITPERD":null,"CONDITEXP":null,"GLOBALID":"9d3bb18a-d21c-4c2e-bb5b-328fa47f7ddd"}},{"type":"Feature","id":136,"geometry":{"type":"Point","coordinates":[-63.4972514617998,44.6143437735089]},"properties":{"OBJECTID":136,"SHELTERID":"TRSHEL129","ASSETID":"TRSHEL129","ASSETCODE":"TRSHEL","OWNER":"HRM","INSTYR":null,"INSTYRCONF":6,"MAT":"STEEL","MATCONF":3,"LOCGEN":"ROW","ASSETSTAT":"INS","ELECTRICAL":null,"AD":null,"BUSSTOPID":"BS1899","LOCATION":"Main Rd Before Myers Ln (7495)","MAINTBY":"HRM","ASSETDESC":"DAYTECH BROWN- Shelter Bench","SDATE":null,"SOURCE":null,"SACC":"IN","ADDDATE":"Tue, 01 Nov 2022 17:05:45 GMT","MODDATE":"Fri, 04 Nov 2022 15:17:35 GMT","CONDITPERD":null,"CONDITEXP":null,"GLOBALID":"fdcfad0a-9b8f-4cbd-9344-1e8805719fb3"}},{"type":"Feature","id":137,"geometry":{"type":"Point","coordinates":[-63.6631381728188,44.7542906093218]},"properties":{"OBJECTID":137,"SHELTERID":"TRSHEL223","ASSETID":"TRSHEL223","ASSETCODE":"TRSHEL","OWNER":"HRM","INSTYR":2011,"INSTYRCONF":2,"MAT":"STEEL","MATCONF":4,"LOCGEN":"ROW","ASSETSTAT":"INS","ELECTRICAL":null,"AD":"Y","BUSSTOPID":"BS2663","LOCATION":"Cobequid Terminal Bay 1 (6297)","MAINTBY":"HRM","ASSETDESC":"DAYTECH LARGE-Shelter Bench","SDATE":null,"SOURCE":null,"SACC":"IN","ADDDATE":"Tue, 01 Nov 2022 17:05:45 GMT","MODDATE":"Fri, 04 Nov 2022 15:17:35 GMT","CONDITPERD":null,"CONDITEXP":null,"GLOBALID":"26507840-9af3-4708-935e-656cfa35a3a0"}},{"type":"Feature","id":138,"geometry":{"type":"Point","coordinates":[-63.561071712408,44.6855983309997]},"properties":{"OBJECTID":138,"SHELTERID":"TRSHEL228","ASSETID":"TRSHEL228","ASSETCODE":"TRSHEL","OWNER":"HRM","INSTYR":2005,"INSTYRCONF":2,"MAT":"ALUM","MATCONF":4,"LOCGEN":"ROW","ASSETSTAT":"INS","ELECTRICAL":null,"AD":"N","BUSSTOPID":"BS2673","LOCATION":"Micmac Terminal Bay 2 (8172)","MAINTBY":"HRM","ASSETDESC":"MOUNTAIN MFG","SDATE":null,"SOURCE":null,"SACC":"IN","ADDDATE":"Tue, 01 Nov 2022 17:05:45 GMT","MODDATE":"Fri, 04 Nov 2022 15:17:35 GMT","CONDITPERD":null,"CONDITEXP":null,"GLOBALID":"009c0bcc-c6dc-4267-8542-5c7ef27290a5"}},{"type":"Feature","id":139,"geometry":{"type":"Point","coordinates":[-63.5915132548176,44.6571554542369]},"properties":{"OBJECTID":139,"SHELTERID":"TRSHEL119","ASSETID":"TRSHEL119","ASSETCODE":"TRSHEL","OWNER":"HRM","INSTYR":null,"INSTYRCONF":6,"MAT":"ALUM","MATCONF":3,"LOCGEN":"ROW","ASSETSTAT":"INS","ELECTRICAL":null,"AD":null,"BUSSTOPID":"BS328","LOCATION":"North St After Gottingen St (7346)","MAINTBY":"HRM","ASSETDESC":"DAYTECH AVANTI - Shelter Bench","SDATE":null,"SOURCE":null,"SACC":"IN","ADDDATE":"Tue, 01 Nov 2022 17:05:45 GMT","MODDATE":"Mon, 24 Jun 2024 17:18:22 GMT","CONDITPERD":null,"CONDITEXP":null,"GLOBALID":"ac4f3e4f-ec9e-4e8c-bf85-bcc1e3c43cd4"}},{"type":"Feature","id":140,"geometry":{"type":"Point","coordinates":[-63.5758569031079,44.6688711507587]},"properties":{"OBJECTID":140,"SHELTERID":"TRSHEL420","ASSETID":"TRSHEL420","ASSETCODE":"TRSHEL","OWNER":"HRM","INSTYR":2005,"INSTYRCONF":2,"MAT":"ALUM","MATCONF":4,"LOCGEN":"ROW","ASSETSTAT":"OUT","ELECTRICAL":null,"AD":null,"BUSSTOPID":"BS1417","LOCATION":"Wyse Rd Before Thistle St (8624)","MAINTBY":"HRM","ASSETDESC":"METROLINK SMALL-Shelter Bench","SDATE":null,"SOURCE":null,"SACC":"IN","ADDDATE":"Tue, 01 Nov 2022 17:05:45 GMT","MODDATE":"Fri, 04 Nov 2022 15:17:35 GMT","CONDITPERD":null,"CONDITEXP":null,"GLOBALID":"500f242d-5962-418d-b62c-5b548bcfb944"}},{"type":"Feature","id":141,"geometry":{"type":"Point","coordinates":[-63.5497364656241,44.6556434984882]},"properties":{"OBJECTID":141,"SHELTERID":"TRSHEL165","ASSETID":"TRSHEL165","ASSETCODE":"TRSHEL","OWNER":"HRM","INSTYR":null,"INSTYRCONF":6,"MAT":"ALUM","MATCONF":3,"LOCGEN":"ROW","ASSETSTAT":"INS","ELECTRICAL":null,"AD":null,"BUSSTOPID":"BS2424","LOCATION":"Pleasant St After Acadia St (7464)","MAINTBY":"HRM","ASSETDESC":"DAYTECH AVANTI - Shelter Bench","SDATE":null,"SOURCE":null,"SACC":"IN","ADDDATE":"Tue, 01 Nov 2022 17:05:45 GMT","MODDATE":"Mon, 24 Jun 2024 17:18:22 GMT","CONDITPERD":null,"CONDITEXP":null,"GLOBALID":"6e6fce01-4032-493f-944f-6d4a0ea5f9ff"}},{"type":"Feature","id":142,"geometry":{"type":"Point","coordinates":[-63.6976327664666,44.7231345484564]},"properties":{"OBJECTID":142,"SHELTERID":"TRSHEL471","ASSETID":"TRSHEL471","ASSETCODE":"TRSHEL","OWNER":"HRM","INSTYR":2021,"INSTYRCONF":2,"MAT":null,"MATCONF":null,"LOCGEN":"ROW","ASSETSTAT":"INS","ELECTRICAL":null,"AD":null,"BUSSTOPID":"BS3486","LOCATION":"West Bedford Park and Ride Bay 4 (2237)","MAINTBY":"HRM","ASSETDESC":null,"SDATE":null,"SOURCE":null,"SACC":"IN","ADDDATE":"Tue, 01 Nov 2022 17:05:45 GMT","MODDATE":"Wed, 18 Jan 2023 21:16:49 GMT","CONDITPERD":null,"CONDITEXP":null,"GLOBALID":"c9592ed2-2571-448b-9d49-e99cda2339cd"}},{"type":"Feature","id":143,"geometry":{"type":"Point","coordinates":[-63.6630155393078,44.7542262505087]},"properties":{"OBJECTID":143,"SHELTERID":"TRSHEL57","ASSETID":"TRSHEL57","ASSETCODE":"TRSHEL","OWNER":"HRM","INSTYR":2011,"INSTYRCONF":2,"MAT":"STEEL","MATCONF":4,"LOCGEN":"ROW","ASSETSTAT":"INS","ELECTRICAL":null,"AD":"Y","BUSSTOPID":"BS2665","LOCATION":"Cobequid Terminal Bay 2 (6299)","MAINTBY":"HRM","ASSETDESC":"DAYTECH LARGE-Shelter Bench","SDATE":null,"SOURCE":null,"SACC":"IN","ADDDATE":"Tue, 01 Nov 2022 17:05:45 GMT","MODDATE":"Fri, 04 Nov 2022 15:17:35 GMT","CONDITPERD":null,"CONDITEXP":null,"GLOBALID":"d9f07e4b-776e-4c75-a2f0-f20554bed3dd"}},{"type":"Feature","id":144,"geometry":{"type":"Point","coordinates":[-63.5864691543101,44.680856044742]},"properties":{"OBJECTID":144,"SHELTERID":"TRSHEL226","ASSETID":"TRSHEL226","ASSETCODE":"TRSHEL","OWNER":"HRM","INSTYR":null,"INSTYRCONF":6,"MAT":"ALUM","MATCONF":3,"LOCGEN":"ROW","ASSETSTAT":"INS","ELECTRICAL":null,"AD":null,"BUSSTOPID":"BS806","LOCATION":"Victoria Rd Before Primrose St (8426)","MAINTBY":"HRM","ASSETDESC":"DAYTECH AVANTI - Shelter Bench","SDATE":null,"SOURCE":null,"SACC":"IN","ADDDATE":"Tue, 01 Nov 2022 17:05:45 GMT","MODDATE":"Mon, 24 Jun 2024 17:18:22 GMT","CONDITPERD":null,"CONDITEXP":null,"GLOBALID":"8aeb5950-b393-4a31-ac66-7b34433b1b0d"}},{"type":"Feature","id":145,"geometry":{"type":"Point","coordinates":[-63.6625769314804,44.6697252772549]},"properties":{"OBJECTID":145,"SHELTERID":"TRSHEL336","ASSETID":"TRSHEL336","ASSETCODE":"TRSHEL","OWNER":"HRM","INSTYR":null,"INSTYRCONF":6,"MAT":"ALUM","MATCONF":3,"LOCGEN":"ROW","ASSETSTAT":"INS","ELECTRICAL":null,"AD":null,"BUSSTOPID":"BS2271","LOCATION":"Dunbrack St After Langbrae Dr (6596)","MAINTBY":"HRM","ASSETDESC":"DAYTECH AVANTI - Shelter Bench","SDATE":null,"SOURCE":null,"SACC":"IN","ADDDATE":"Tue, 01 Nov 2022 17:05:45 GMT","MODDATE":"Mon, 24 Jun 2024 17:18:22 GMT","CONDITPERD":null,"CONDITEXP":null,"GLOBALID":"bec8a8ca-e421-46d0-8ea7-55b641e47dc9"}},{"type":"Feature","id":146,"geometry":{"type":"Point","coordinates":[-63.6029183015974,44.649431344195]},"properties":{"OBJECTID":146,"SHELTERID":"TRSHEL465","ASSETID":"TRSHEL465","ASSETCODE":"TRSHEL","OWNER":"HRM","INSTYR":2006,"INSTYRCONF":2,"MAT":"ALUM","MATCONF":4,"LOCGEN":"ROW","ASSETSTAT":"INS","ELECTRICAL":null,"AD":null,"BUSSTOPID":"BS638","LOCATION":"Oxford St After North St (7411)","MAINTBY":"HRM","ASSETDESC":"DAYTECH HALF SHELTER AVANTI-ShelterBench","SDATE":null,"SOURCE":null,"SACC":"IN","ADDDATE":"Tue, 01 Nov 2022 17:05:45 GMT","MODDATE":"Fri, 04 Nov 2022 15:17:35 GMT","CONDITPERD":null,"CONDITEXP":null,"GLOBALID":"f36ac380-9c11-4881-ba27-8902c6db8cc6"}},{"type":"Feature","id":147,"geometry":{"type":"Point","coordinates":[-63.6185334395001,44.6520378683614]},"properties":{"OBJECTID":147,"SHELTERID":"TRSHEL192","ASSETID":"TRSHEL192","ASSETCODE":"TRSHEL","OWNER":"HRM","INSTYR":2016,"INSTYRCONF":2,"MAT":"ALUM","MATCONF":3,"LOCGEN":"ROW","ASSETSTAT":"INS","ELECTRICAL":null,"AD":null,"BUSSTOPID":"BS783","LOCATION":"Bayers Rd Opposite Vaughan Ave (6199)","MAINTBY":"HRM","ASSETDESC":"DAYTECH AVANTI - Shelter Bench","SDATE":null,"SOURCE":null,"SACC":"IN","ADDDATE":"Tue, 01 Nov 2022 17:05:45 GMT","MODDATE":"Mon, 24 Jun 2024 17:18:22 GMT","CONDITPERD":null,"CONDITEXP":null,"GLOBALID":"91d8f8ec-e8b6-4972-8ca6-e3c79da67e4d"}},{"type":"Feature","id":148,"geometry":{"type":"Point","coordinates":[-63.5756438927911,44.6954237057257]},"properties":{"OBJECTID":148,"SHELTERID":"TRSHEL241","ASSETID":"TRSHEL241","ASSETCODE":"TRSHEL","OWNER":"HRM","INSTYR":2005,"INSTYRCONF":2,"MAT":"STEEL","MATCONF":3,"LOCGEN":"ROW","ASSETSTAT":"INS","ELECTRICAL":null,"AD":"N","BUSSTOPID":"BS217","LOCATION":"Brownlow Ave At Civic 260 (6326)","MAINTBY":"HRM","ASSETDESC":"DAYTECH BROWN","SDATE":null,"SOURCE":null,"SACC":"IN","ADDDATE":"Tue, 01 Nov 2022 17:05:45 GMT","MODDATE":"Mon, 24 Jun 2024 17:18:22 GMT","CONDITPERD":null,"CONDITEXP":null,"GLOBALID":"93d45ea1-faf5-4cb6-9396-09d72423648f"}},{"type":"Feature","id":149,"geometry":{"type":"Point","coordinates":[-63.6152713629544,44.6339055715666]},"properties":{"OBJECTID":149,"SHELTERID":"TRSHEL201","ASSETID":"TRSHEL201","ASSETCODE":"TRSHEL","OWNER":"HRM","INSTYR":null,"INSTYRCONF":6,"MAT":"STEEL","MATCONF":3,"LOCGEN":"ROW","ASSETSTAT":"DIS","ELECTRICAL":null,"AD":null,"BUSSTOPID":"BS639","LOCATION":"Purcells Cove Rd After Sailboat Ln (8122)","MAINTBY":"HRM","ASSETDESC":"DAYTECH BROWN FLAT ROOF","SDATE":null,"SOURCE":null,"SACC":"IN","ADDDATE":"Tue, 01 Nov 2022 17:05:45 GMT","MODDATE":"Wed, 27 Nov 2024 16:20:23 GMT","CONDITPERD":null,"CONDITEXP":null,"GLOBALID":"81b1de3c-6f77-4a1e-9b8f-6e3997dea8cf"}},{"type":"Feature","id":150,"geometry":{"type":"Point","coordinates":[-63.573808518783,44.6701222034042]},"properties":{"OBJECTID":150,"SHELTERID":"TRSHEL39","ASSETID":"TRSHEL39","ASSETCODE":"TRSHEL","OWNER":"HRM","INSTYR":2012,"INSTYRCONF":2,"MAT":"ALUM","MATCONF":2,"LOCGEN":"ROW","ASSETSTAT":"INS","ELECTRICAL":null,"AD":"N","BUSSTOPID":"BS1600","LOCATION":"Bridge Terminal Bay 9 (7609)","MAINTBY":"HRM","ASSETDESC":"DAYTECH LARGE","SDATE":null,"SOURCE":null,"SACC":"IN","ADDDATE":"Tue, 01 Nov 2022 17:05:45 GMT","MODDATE":"Fri, 04 Nov 2022 15:17:35 GMT","CONDITPERD":null,"CONDITEXP":null,"GLOBALID":"8bda8e48-4553-4308-8c9d-a81d80e5b63d"}},{"type":"Feature","id":151,"geometry":{"type":"Point","coordinates":[-63.65708189287,44.6614012929212]},"properties":{"OBJECTID":151,"SHELTERID":"TRSHEL41","ASSETID":"TRSHEL41","ASSETCODE":"TRSHEL","OWNER":"HRM","INSTYR":1998,"INSTYRCONF":2,"MAT":"ALUM","MATCONF":4,"LOCGEN":"ROW","ASSETSTAT":"INS","ELECTRICAL":null,"AD":"N","BUSSTOPID":"BS1736","LOCATION":"Willett St Before Lacewood Dr (7086)","MAINTBY":"HRM","ASSETDESC":"OLD TERMINAL BMS","SDATE":null,"SOURCE":null,"SACC":"IN","ADDDATE":"Tue, 01 Nov 2022 17:05:45 GMT","MODDATE":"Fri, 04 Nov 2022 15:17:35 GMT","CONDITPERD":null,"CONDITEXP":null,"GLOBALID":"cdfb8cbe-5353-405e-9637-c83dfc4742ad"}},{"type":"Feature","id":152,"geometry":{"type":"Point","coordinates":[-63.6130951663308,44.6669399727343]},"properties":{"OBJECTID":152,"SHELTERID":"TRSHEL437","ASSETID":"TRSHEL437","ASSETCODE":"TRSHEL","OWNER":"HRM","INSTYR":2001,"INSTYRCONF":2,"MAT":"STEEL","MATCONF":2,"LOCGEN":"ROW","ASSETSTAT":"INS","ELECTRICAL":null,"AD":null,"BUSSTOPID":"BS1741","LOCATION":"Robie St Before Normandy Dr (8212)","MAINTBY":"HRM","ASSETDESC":"DAYTECH BROWN","SDATE":null,"SOURCE":null,"SACC":"IN","ADDDATE":"Tue, 01 Nov 2022 17:05:45 GMT","MODDATE":"Mon, 24 Jun 2024 17:18:22 GMT","CONDITPERD":null,"CONDITEXP":null,"GLOBALID":"5cda607e-98cc-442d-a202-4d601ee05c8b"}},{"type":"Feature","id":153,"geometry":{"type":"Point","coordinates":[-63.6659112927621,44.7270450051302]},"properties":{"OBJECTID":153,"SHELTERID":"TRSHEL761","ASSETID":"TRSHEL761","ASSETCODE":"TRSHEL","OWNER":"HRM","INSTYR":2024,"INSTYRCONF":1,"MAT":"ALUM","MATCONF":1,"LOCGEN":"ROW","ASSETSTAT":"INS","ELECTRICAL":null,"AD":null,"BUSSTOPID":"BS2377","LOCATION":"Bedford Hwy Before Spring St (6249)","MAINTBY":"HRM","ASSETDESC":"DAYTECH AVANTI","SDATE":"Wed, 06 Nov 2024 04:00:00 GMT","SOURCE":"Transit","SACC":"IN","ADDDATE":"Wed, 27 Nov 2024 16:08:59 GMT","MODDATE":"Wed, 27 Nov 2024 16:36:07 GMT","CONDITPERD":null,"CONDITEXP":null,"GLOBALID":"dc431e16-5775-4ce7-b6d8-c1b749b21404"}},{"type":"Feature","id":154,"geometry":{"type":"Point","coordinates":[-63.6142926412658,44.6068063583702]},"properties":{"OBJECTID":154,"SHELTERID":"TRSHEL61","ASSETID":"TRSHEL61","ASSETCODE":"TRSHEL","OWNER":"HRM","INSTYR":null,"INSTYRCONF":6,"MAT":"ALUM","MATCONF":3,"LOCGEN":"ROW","ASSETSTAT":"INS","ELECTRICAL":null,"AD":null,"BUSSTOPID":"BS2452","LOCATION":"Herring Cove Rd After Drysdale Rd (6858)","MAINTBY":"HRM","ASSETDESC":"DAYTECH AVANTI - Shelter Bench","SDATE":null,"SOURCE":null,"SACC":"IN","ADDDATE":"Tue, 01 Nov 2022 17:05:45 GMT","MODDATE":"Mon, 24 Jun 2024 17:18:22 GMT","CONDITPERD":null,"CONDITEXP":null,"GLOBALID":"734c2a6b-be24-4aae-b54e-abc4bee04e4e"}},{"type":"Feature","id":155,"geometry":{"type":"Point","coordinates":[-63.6773602959054,44.7136217024641]},"properties":{"OBJECTID":155,"SHELTERID":"TRSHEL134","ASSETID":"TRSHEL134","ASSETCODE":"TRSHEL","OWNER":"HRM","INSTYR":2005,"INSTYRCONF":2,"MAT":"STEEL","MATCONF":3,"LOCGEN":"ROW","ASSETSTAT":"INS","ELECTRICAL":null,"AD":"N","BUSSTOPID":"BS2381","LOCATION":"Bedford Hwy After Moirs Mill Rd (6253)","MAINTBY":"HRM","ASSETDESC":"DAYTECH BROWN","SDATE":null,"SOURCE":null,"SACC":"IN","ADDDATE":"Tue, 01 Nov 2022 17:05:45 GMT","MODDATE":"Mon, 24 Jun 2024 17:18:22 GMT","CONDITPERD":null,"CONDITEXP":null,"GLOBALID":"657f17b8-9081-4347-9b03-313a8500e207"}},{"type":"Feature","id":156,"geometry":{"type":"Point","coordinates":[-63.6163262653723,44.6512625502007]},"properties":{"OBJECTID":156,"SHELTERID":"TRSHEL354","ASSETID":"TRSHEL354","ASSETCODE":"TRSHEL","OWNER":"HRM","INSTYR":null,"INSTYRCONF":6,"MAT":"STEEL","MATCONF":4,"LOCGEN":"ROW","ASSETSTAT":"INS","ELECTRICAL":null,"AD":null,"BUSSTOPID":"BS2481","LOCATION":"East Perimeter Rd Before Bayers Rd (6619)","MAINTBY":"HRM","ASSETDESC":"DAYTECH HALF SHELTER AVANTI-ShelterBench","SDATE":null,"SOURCE":null,"SACC":"IN","ADDDATE":"Tue, 01 Nov 2022 17:05:45 GMT","MODDATE":"Fri, 04 Nov 2022 15:17:35 GMT","CONDITPERD":null,"CONDITEXP":null,"GLOBALID":"0cadbd2a-d60a-4478-a834-8dd042ab946c"}},{"type":"Feature","id":157,"geometry":{"type":"Point","coordinates":[-63.6690492472884,44.6364459531027]},"properties":{"OBJECTID":157,"SHELTERID":"TRSHEL452","ASSETID":"TRSHEL452","ASSETCODE":"TRSHEL","OWNER":"HRM","INSTYR":2008,"INSTYRCONF":2,"MAT":"ALUM","MATCONF":3,"LOCGEN":"ROW","ASSETSTAT":"INS","ELECTRICAL":null,"AD":null,"BUSSTOPID":"BS1202","LOCATION":"Lakelands Blvd After St Margarets Bay Rd (7119)","MAINTBY":"HRM","ASSETDESC":"DAYTECH AVANTI","SDATE":null,"SOURCE":null,"SACC":"IN","ADDDATE":"Tue, 01 Nov 2022 17:05:45 GMT","MODDATE":"Mon, 24 Jun 2024 17:18:22 GMT","CONDITPERD":null,"CONDITEXP":null,"GLOBALID":"b26bd5d2-0f04-436b-9405-60924baecd7f"}},{"type":"Feature","id":158,"geometry":{"type":"Point","coordinates":[-63.5868049086307,44.6581835806439]},"properties":{"OBJECTID":158,"SHELTERID":"TRSHEL709","ASSETID":"TRSHEL709","ASSETCODE":"TRSHEL","OWNER":"HRM","INSTYR":null,"INSTYRCONF":null,"MAT":null,"MATCONF":null,"LOCGEN":"ROW","ASSETSTAT":"INS","ELECTRICAL":null,"AD":null,"BUSSTOPID":"BS2651","LOCATION":"Barrington St Before North St (2021)","MAINTBY":"HRM","ASSETDESC":null,"SDATE":"Fri, 12 Jan 2024 04:00:00 GMT","SOURCE":"FAM","SACC":"IN","ADDDATE":"Mon, 15 Jan 2024 21:23:08 GMT","MODDATE":"Mon, 24 Jun 2024 17:18:22 GMT","CONDITPERD":null,"CONDITEXP":null,"GLOBALID":"663777b2-bd10-4a4d-a591-cc8b1db8ea6c"}},{"type":"Feature","id":159,"geometry":{"type":"Point","coordinates":[-63.6346766304831,44.6600439338921]},"properties":{"OBJECTID":159,"SHELTERID":"TRSHEL206","ASSETID":"TRSHEL206","ASSETCODE":"TRSHEL","OWNER":"HRM","INSTYR":null,"INSTYRCONF":6,"MAT":"STEEL","MATCONF":4,"LOCGEN":"ROW","ASSETSTAT":"INS","ELECTRICAL":null,"AD":null,"BUSSTOPID":"BS892","LOCATION":"Titus St Before Evans Ave (8396)","MAINTBY":"HRM","ASSETDESC":"DAYTECH HALF SHELTER-ShelterBench","SDATE":null,"SOURCE":null,"SACC":"IN","ADDDATE":"Tue, 01 Nov 2022 17:05:45 GMT","MODDATE":"Mon, 24 Jun 2024 17:18:22 GMT","CONDITPERD":null,"CONDITEXP":null,"GLOBALID":"fe34ef59-79d4-477e-bf06-54c0f0111fbd"}},{"type":"Feature","id":160,"geometry":{"type":"Point","coordinates":[-63.5936070211324,44.6383215921683]},"properties":{"OBJECTID":160,"SHELTERID":"TRSHEL73","ASSETID":"TRSHEL73","ASSETCODE":"TRSHEL","OWNER":"HRM","INSTYR":null,"INSTYRCONF":6,"MAT":"ALUM","MATCONF":3,"LOCGEN":"ROW","ASSETSTAT":"INS","ELECTRICAL":null,"AD":null,"BUSSTOPID":"BS1859","LOCATION":"Coburg Rd After Lord Dalhousie Dr (6447)","MAINTBY":"HRM","ASSETDESC":"DAYTECH BROWN ALUM-ShelterBench","SDATE":null,"SOURCE":null,"SACC":"IN","ADDDATE":"Tue, 01 Nov 2022 17:05:45 GMT","MODDATE":"Mon, 24 Jun 2024 17:18:22 GMT","CONDITPERD":null,"CONDITEXP":null,"GLOBALID":"70811936-e5a2-448f-b31b-7ba090da706a"}},{"type":"Feature","id":161,"geometry":{"type":"Point","coordinates":[-63.5195713141661,44.6300171367921]},"properties":{"OBJECTID":161,"SHELTERID":"TRSHEL397","ASSETID":"TRSHEL397","ASSETCODE":"TRSHEL","OWNER":"HRM","INSTYR":2007,"INSTYRCONF":2,"MAT":"ALUM","MATCONF":3,"LOCGEN":"ROW","ASSETSTAT":"INS","ELECTRICAL":null,"AD":null,"BUSSTOPID":"BS2510","LOCATION":"Main Rd Opposite Harvard Dr (7471)","MAINTBY":"HRM","ASSETDESC":"DAYTECH AVANTI - Shelter Bench","SDATE":null,"SOURCE":null,"SACC":"IN","ADDDATE":"Tue, 01 Nov 2022 17:05:45 GMT","MODDATE":"Fri, 04 Nov 2022 15:17:35 GMT","CONDITPERD":null,"CONDITEXP":null,"GLOBALID":"9d2da21c-66af-42d9-a9b8-27bfd724a79e"}},{"type":"Feature","id":162,"geometry":{"type":"Point","coordinates":[-63.5924551824104,44.6468175979224]},"properties":{"OBJECTID":162,"SHELTERID":"TRSHEL302","ASSETID":"TRSHEL302","ASSETCODE":"TRSHEL","OWNER":"HRM","INSTYR":null,"INSTYRCONF":6,"MAT":"STEEL","MATCONF":4,"LOCGEN":"ROW","ASSETSTAT":"INS","ELECTRICAL":null,"AD":null,"BUSSTOPID":"BS2685","LOCATION":"Quinpool Rd Before Windsor St (8261)","MAINTBY":"HRM","ASSETDESC":"DAYTECH HALF SHELTER AVANTI-ShelterBench","SDATE":null,"SOURCE":null,"SACC":"IN","ADDDATE":"Tue, 01 Nov 2022 17:05:45 GMT","MODDATE":"Thu, 22 May 2025 20:42:54 GMT","CONDITPERD":null,"CONDITEXP":null,"GLOBALID":"7a3d17e2-f59c-4522-9819-c8432d7dd645"}},{"type":"Feature","id":163,"geometry":{"type":"Point","coordinates":[-63.6060110286441,44.6514711707299]},"properties":{"OBJECTID":163,"SHELTERID":"TRSHEL328","ASSETID":"TRSHEL328","ASSETCODE":"TRSHEL","OWNER":"HRM","INSTYR":null,"INSTYRCONF":6,"MAT":"ALUM","MATCONF":3,"LOCGEN":"ROW","ASSETSTAT":"INS","ELECTRICAL":null,"AD":null,"BUSSTOPID":"BS635","LOCATION":"Oxford St After Almon St (7408)","MAINTBY":"HRM","ASSETDESC":"DAYTECH AVANTI - Shelter Bench","SDATE":null,"SOURCE":null,"SACC":"IN","ADDDATE":"Tue, 01 Nov 2022 17:05:45 GMT","MODDATE":"Mon, 24 Jun 2024 17:18:22 GMT","CONDITPERD":null,"CONDITEXP":null,"GLOBALID":"5f0652f8-3f67-4203-9254-1db2207f5abc"}},{"type":"Feature","id":164,"geometry":{"type":"Point","coordinates":[-63.6712457161929,44.7108700541855]},"properties":{"OBJECTID":164,"SHELTERID":"TRSHEL390","ASSETID":"TRSHEL390","ASSETCODE":"TRSHEL","OWNER":"HRM","INSTYR":null,"INSTYRCONF":6,"MAT":"ALUM","MATCONF":3,"LOCGEN":"ROW","ASSETSTAT":"INS","ELECTRICAL":null,"AD":null,"BUSSTOPID":"BS766","LOCATION":"Bedford Hwy After Southgate Dr (6230)","MAINTBY":"HRM","ASSETDESC":"DAYTECH AVANTI - Shelter Bench","SDATE":null,"SOURCE":null,"SACC":"IN","ADDDATE":"Tue, 01 Nov 2022 17:05:45 GMT","MODDATE":"Mon, 24 Jun 2024 17:18:22 GMT","CONDITPERD":null,"CONDITEXP":null,"GLOBALID":"b7717a56-a965-4af3-a959-583ff54963c9"}},{"type":"Feature","id":165,"geometry":{"type":"Point","coordinates":[-63.5829276325407,44.6413340621215]},"properties":{"OBJECTID":165,"SHELTERID":"TRSHEL347","ASSETID":"TRSHEL347","ASSETCODE":"TRSHEL","OWNER":"HRM","INSTYR":null,"INSTYRCONF":6,"MAT":"ALUM","MATCONF":3,"LOCGEN":"ROW","ASSETSTAT":"INS","ELECTRICAL":null,"AD":null,"BUSSTOPID":"BS1127","LOCATION":"Spring Garden Rd After Summer St (8337)","MAINTBY":"HRM","ASSETDESC":"DAYTECH AVANTI - Shelter Bench","SDATE":null,"SOURCE":null,"SACC":"IN","ADDDATE":"Tue, 01 Nov 2022 17:05:45 GMT","MODDATE":"Mon, 24 Jun 2024 17:18:22 GMT","CONDITPERD":null,"CONDITEXP":null,"GLOBALID":"0b32d2ce-8196-473c-8bb2-0dca967e5cb2"}},{"type":"Feature","id":166,"geometry":{"type":"Point","coordinates":[-63.5789247441263,44.684227374228]},"properties":{"OBJECTID":166,"SHELTERID":"TRSHEL288","ASSETID":"TRSHEL288","ASSETCODE":"TRSHEL","OWNER":"HRM","INSTYR":2014,"INSTYRCONF":2,"MAT":"ALUM","MATCONF":3,"LOCGEN":"ROW","ASSETSTAT":"INS","ELECTRICAL":null,"AD":"N","BUSSTOPID":"BS720","LOCATION":"Albro Lake Rd After Cedar Ct (6017)","MAINTBY":"HRM","ASSETDESC":"DAYTECH AVANTI - Shelter Bench","SDATE":null,"SOURCE":null,"SACC":"IN","ADDDATE":"Tue, 01 Nov 2022 17:05:45 GMT","MODDATE":"Fri, 04 Nov 2022 15:17:35 GMT","CONDITPERD":null,"CONDITEXP":null,"GLOBALID":"aa3cb0a6-880c-4aed-abf3-d21fc96802d7"}},{"type":"Feature","id":167,"geometry":{"type":"Point","coordinates":[-63.6101811851611,44.6653936921264]},"properties":{"OBJECTID":167,"SHELTERID":"TRSHEL295","ASSETID":"TRSHEL295","ASSETCODE":"TRSHEL","OWNER":"HRM","INSTYR":null,"INSTYRCONF":6,"MAT":"ALUM","MATCONF":3,"LOCGEN":"ROW","ASSETSTAT":"INS","ELECTRICAL":null,"AD":null,"BUSSTOPID":"BS474","LOCATION":"Duffus St Before Robie St (7096)","MAINTBY":"HRM","ASSETDESC":"DAYTECH AVANTI - Shelter Bench","SDATE":null,"SOURCE":null,"SACC":"IN","ADDDATE":"Tue, 01 Nov 2022 17:05:45 GMT","MODDATE":"Mon, 24 Jun 2024 17:18:22 GMT","CONDITPERD":null,"CONDITEXP":null,"GLOBALID":"d5071bc1-ad99-4ddc-acad-01129937628f"}},{"type":"Feature","id":168,"geometry":{"type":"Point","coordinates":[-63.6600898468016,44.6714846671408]},"properties":{"OBJECTID":168,"SHELTERID":"TRSHEL92","ASSETID":"TRSHEL92","ASSETCODE":"TRSHEL","OWNER":"HRM","INSTYR":null,"INSTYRCONF":6,"MAT":"STEEL","MATCONF":4,"LOCGEN":"ROW","ASSETSTAT":"INS","ELECTRICAL":null,"AD":null,"BUSSTOPID":"BS1542","LOCATION":"Knightsridge Dr Before Flamingo Dr (7062)","MAINTBY":"HRM","ASSETDESC":"DAYTECH HALF SHELTER","SDATE":null,"SOURCE":null,"SACC":"IN","ADDDATE":"Tue, 01 Nov 2022 17:05:45 GMT","MODDATE":"Mon, 24 Jun 2024 17:18:22 GMT","CONDITPERD":null,"CONDITEXP":null,"GLOBALID":"f42d2895-df86-46fe-84d5-cda1e0e0876c"}},{"type":"Feature","id":169,"geometry":{"type":"Point","coordinates":[-63.5487865996191,44.6674966555232]},"properties":{"OBJECTID":169,"SHELTERID":"TRSHEL181","ASSETID":"TRSHEL181","ASSETCODE":"TRSHEL","OWNER":"HRM","INSTYR":2010,"INSTYRCONF":2,"MAT":"ALUM","MATCONF":3,"LOCGEN":"ROW","ASSETSTAT":"INS","ELECTRICAL":null,"AD":null,"BUSSTOPID":"BS1871","LOCATION":"Portland St After Lakefront Rd (8042)","MAINTBY":"HRM","ASSETDESC":"DAYTECH AVANTI - Shelter Bench","SDATE":null,"SOURCE":null,"SACC":"IN","ADDDATE":"Tue, 01 Nov 2022 17:05:45 GMT","MODDATE":"Mon, 24 Jun 2024 17:18:22 GMT","CONDITPERD":null,"CONDITEXP":null,"GLOBALID":"d266a2c6-be5b-4177-87df-1562834e83c6"}},{"type":"Feature","id":170,"geometry":{"type":"Point","coordinates":[-63.6586827544867,44.6664365177495]},"properties":{"OBJECTID":170,"SHELTERID":"TRSHEL338","ASSETID":"TRSHEL338","ASSETCODE":"TRSHEL","OWNER":"HRM","INSTYR":2010,"INSTYRCONF":2,"MAT":"ALUM","MATCONF":3,"LOCGEN":"ROW","ASSETSTAT":"INS","ELECTRICAL":null,"AD":null,"BUSSTOPID":"BS2273","LOCATION":"Dunbrack St After Lincoln Cross (6598)","MAINTBY":"HRM","ASSETDESC":"DAYTECH AVANTI - Shelter Bench","SDATE":null,"SOURCE":null,"SACC":"IN","ADDDATE":"Tue, 01 Nov 2022 17:05:45 GMT","MODDATE":"Mon, 24 Jun 2024 17:18:22 GMT","CONDITPERD":null,"CONDITEXP":null,"GLOBALID":"2d92bd0b-0ae0-4885-b83a-0dae4bca81b3"}},{"type":"Feature","id":171,"geometry":{"type":"Point","coordinates":[-63.6275286225796,44.6563769174623]},"properties":{"OBJECTID":171,"SHELTERID":"TRSHEL251","ASSETID":"TRSHEL251","ASSETCODE":"TRSHEL","OWNER":"HRM","INSTYR":null,"INSTYRCONF":6,"MAT":"ALUM","MATCONF":3,"LOCGEN":"ROW","ASSETSTAT":"INS","ELECTRICAL":null,"AD":null,"BUSSTOPID":"BS2158","LOCATION":"Desmond Ave Before Scot St (6565)","MAINTBY":"HRM","ASSETDESC":"DAYTECH BROWN ALUM-ShelterBench","SDATE":null,"SOURCE":null,"SACC":"IN","ADDDATE":"Tue, 01 Nov 2022 17:05:45 GMT","MODDATE":"Mon, 24 Jun 2024 17:18:22 GMT","CONDITPERD":null,"CONDITEXP":null,"GLOBALID":"68bdec28-69cf-4fa5-a0a6-380f0d625b5f"}},{"type":"Feature","id":172,"geometry":{"type":"Point","coordinates":[-63.6164661986391,44.6136787999283]},"properties":{"OBJECTID":172,"SHELTERID":"TRSHEL350","ASSETID":"TRSHEL350","ASSETCODE":"TRSHEL","OWNER":"HRM","INSTYR":2014,"INSTYRCONF":2,"MAT":"ALUM","MATCONF":3,"LOCGEN":"ROW","ASSETSTAT":"INS","ELECTRICAL":null,"AD":"N","BUSSTOPID":"BS2457","LOCATION":"Herring Cove Rd After Hartlen Ave (6863)","MAINTBY":"HRM","ASSETDESC":"DAYTECH AVANTI - Shelter Bench","SDATE":null,"SOURCE":null,"SACC":"IN","ADDDATE":"Tue, 01 Nov 2022 17:05:45 GMT","MODDATE":"Mon, 24 Jun 2024 17:18:22 GMT","CONDITPERD":null,"CONDITEXP":null,"GLOBALID":"ff14e5de-4921-4caa-b882-2573065a54ee"}},{"type":"Feature","id":173,"geometry":{"type":"Point","coordinates":[-63.5832702050743,44.6520311397957]},"properties":{"OBJECTID":173,"SHELTERID":"TRSHEL370","ASSETID":"TRSHEL370","ASSETCODE":"TRSHEL","OWNER":"HRM","INSTYR":2017,"INSTYRCONF":2,"MAT":"ALUM","MATCONF":3,"LOCGEN":"ROW","ASSETSTAT":"INS","ELECTRICAL":null,"AD":"N","BUSSTOPID":"BS750","LOCATION":"Gottingen St Before Cornwallis St (6778)","MAINTBY":"HRM","ASSETDESC":"DAYTECH AVANTI - Shelter Bench","SDATE":null,"SOURCE":null,"SACC":"IN","ADDDATE":"Tue, 01 Nov 2022 17:05:45 GMT","MODDATE":"Mon, 24 Jun 2024 17:18:22 GMT","CONDITPERD":null,"CONDITEXP":null,"GLOBALID":"0b71f233-fcf1-464e-b4f4-6e5397691240"}},{"type":"Feature","id":174,"geometry":{"type":"Point","coordinates":[-63.5937586747186,44.653082001417]},"properties":{"OBJECTID":174,"SHELTERID":"TRSHEL139","ASSETID":"TRSHEL139","ASSETCODE":"TRSHEL","OWNER":"HRM","INSTYR":null,"INSTYRCONF":6,"MAT":"STEEL","MATCONF":3,"LOCGEN":"ROW","ASSETSTAT":"INS","ELECTRICAL":null,"AD":null,"BUSSTOPID":"BS851","LOCATION":"Robie St After Charles St (8178)","MAINTBY":"HRM","ASSETDESC":"DAYTECH BROWN","SDATE":null,"SOURCE":null,"SACC":"IN","ADDDATE":"Tue, 01 Nov 2022 17:05:45 GMT","MODDATE":"Mon, 24 Jun 2024 17:18:22 GMT","CONDITPERD":null,"CONDITEXP":null,"GLOBALID":"0dfa5299-7163-4480-8146-ae59f4945eb9"}},{"type":"Feature","id":175,"geometry":{"type":"Point","coordinates":[-63.6065306142044,44.6672865267457]},"properties":{"OBJECTID":175,"SHELTERID":"TRSHEL762","ASSETID":"TRSHEL762","ASSETCODE":"TRSHEL","OWNER":"HRM","INSTYR":2024,"INSTYRCONF":1,"MAT":"ALUM","MATCONF":1,"LOCGEN":"ROW","ASSETSTAT":"INS","ELECTRICAL":null,"AD":null,"BUSSTOPID":"BS2258","LOCATION":"Duffus St After Novalea Dr (6583)","MAINTBY":"HRM","ASSETDESC":"DAYTECH AVANTI","SDATE":"Wed, 06 Nov 2024 04:00:00 GMT","SOURCE":"Transit","SACC":"IN","ADDDATE":"Wed, 27 Nov 2024 16:11:50 GMT","MODDATE":"Wed, 27 Nov 2024 16:36:07 GMT","CONDITPERD":null,"CONDITEXP":null,"GLOBALID":"fb703235-faf6-4c94-af76-ec6c02852fd0"}},{"type":"Feature","id":176,"geometry":{"type":"Point","coordinates":[-63.5755068368282,44.6498594664218]},"properties":{"OBJECTID":176,"SHELTERID":"TRSHEL784","ASSETID":"TRSHEL784","ASSETCODE":"TRSHEL","OWNER":"HRM","INSTYR":2025,"INSTYRCONF":1,"MAT":"ALUM","MATCONF":1,"LOCGEN":"ROW","ASSETSTAT":"INS","ELECTRICAL":null,"AD":null,"BUSSTOPID":"BS2695","LOCATION":"Barrington St Before\r\nDuke St Bay 5 (6107)","MAINTBY":"HRM","ASSETDESC":"Cogswell Shelter","SDATE":"Wed, 05 Mar 2025 04:00:00 GMT","SOURCE":"TRANSIT","SACC":"IN","ADDDATE":"Thu, 06 Mar 2025 19:09:23 GMT","MODDATE":"Thu, 06 Mar 2025 19:14:28 GMT","CONDITPERD":null,"CONDITEXP":null,"GLOBALID":"b99eb2e8-6b0e-44af-9a61-f6d98444f218"}},{"type":"Feature","id":177,"geometry":{"type":"Point","coordinates":[-63.5652478319418,44.6692496420357]},"properties":{"OBJECTID":177,"SHELTERID":"TRSHEL433","ASSETID":"TRSHEL433","ASSETCODE":"TRSHEL","OWNER":"HRM","INSTYR":2017,"INSTYRCONF":2,"MAT":"ALUM","MATCONF":3,"LOCGEN":"ROW","ASSETSTAT":"INS","ELECTRICAL":null,"AD":"N","BUSSTOPID":"BS1098","LOCATION":"Ochterloney St After Irishtown Rd (7386)","MAINTBY":"HRM","ASSETDESC":"DAYTECH HALF SHELTER AVANTI","SDATE":null,"SOURCE":null,"SACC":"IN","ADDDATE":"Tue, 01 Nov 2022 17:05:45 GMT","MODDATE":"Mon, 24 Jun 2024 17:18:22 GMT","CONDITPERD":null,"CONDITEXP":null,"GLOBALID":"cc246758-2344-4e19-9d89-9ce8740e000d"}},{"type":"Feature","id":178,"geometry":{"type":"Point","coordinates":[-63.6594909166455,44.6817306445425]},"properties":{"OBJECTID":178,"SHELTERID":"TRSHEL83","ASSETID":"TRSHEL83","ASSETCODE":"TRSHEL","OWNER":"HRM","INSTYR":2007,"INSTYRCONF":2,"MAT":"ALUM","MATCONF":3,"LOCGEN":"ROW","ASSETSTAT":"INS","ELECTRICAL":null,"AD":"Y","BUSSTOPID":"BS2396","LOCATION":"Bedford Hwy Before Kearney Lake Rd (6268)","MAINTBY":"HRM","ASSETDESC":"DAYTECH AVANTI","SDATE":null,"SOURCE":null,"SACC":"IN","ADDDATE":"Tue, 01 Nov 2022 17:05:45 GMT","MODDATE":"Mon, 24 Jun 2024 17:18:22 GMT","CONDITPERD":null,"CONDITEXP":null,"GLOBALID":"5b975a35-7237-4ff3-8bb0-01b3af2fe801"}},{"type":"Feature","id":179,"geometry":{"type":"Point","coordinates":[-63.5686959235318,44.6644810335673]},"properties":{"OBJECTID":179,"SHELTERID":"TRSHEL36","ASSETID":"TRSHEL36","ASSETCODE":"TRSHEL","OWNER":"HRM","INSTYR":2016,"INSTYRCONF":2,"MAT":"ALUM","MATCONF":2,"LOCGEN":"ROW","ASSETSTAT":"INS","ELECTRICAL":null,"AD":null,"BUSSTOPID":"BS2660","LOCATION":"Alderney Gate Ferry Terminal Bay 2 (6063)","MAINTBY":"HRM","ASSETDESC":"DAYTECH AVANTI","SDATE":null,"SOURCE":null,"SACC":"IN","ADDDATE":"Tue, 01 Nov 2022 17:05:45 GMT","MODDATE":"Mon, 24 Jun 2024 17:18:22 GMT","CONDITPERD":null,"CONDITEXP":null,"GLOBALID":"b5673e0f-87bf-4d8c-8798-35f6de6212a1"}},{"type":"Feature","id":180,"geometry":{"type":"Point","coordinates":[-63.5663766109104,44.7002490871941]},"properties":{"OBJECTID":180,"SHELTERID":"TRSHEL155","ASSETID":"TRSHEL155","ASSETCODE":"TRSHEL","OWNER":"HRM","INSTYR":2011,"INSTYRCONF":2,"MAT":"ALUM","MATCONF":3,"LOCGEN":"ROW","ASSETSTAT":"INS","ELECTRICAL":null,"AD":null,"BUSSTOPID":"BS1230","LOCATION":"Commodore Dr After Lamont Terr (8659)","MAINTBY":"HRM","ASSETDESC":"DAYTECH AVANTI - Shelter Bench","SDATE":null,"SOURCE":null,"SACC":"IN","ADDDATE":"Tue, 01 Nov 2022 17:05:45 GMT","MODDATE":"Mon, 24 Jun 2024 17:18:22 GMT","CONDITPERD":null,"CONDITEXP":null,"GLOBALID":"b0cf60c3-58b9-4f76-94f9-dd7d3b1015e0"}},{"type":"Feature","id":181,"geometry":{"type":"Point","coordinates":[-63.5463256307622,44.6912627813273]},"properties":{"OBJECTID":181,"SHELTERID":"TRSHEL374","ASSETID":"TRSHEL374","ASSETCODE":"TRSHEL","OWNER":"HRM","INSTYR":2012,"INSTYRCONF":2,"MAT":"ALUM","MATCONF":3,"LOCGEN":"ROW","ASSETSTAT":"INS","ELECTRICAL":null,"AD":"Y","BUSSTOPID":"BS1825","LOCATION":"Braemar Dr Before Creelman Dr (6312)","MAINTBY":"HRM","ASSETDESC":"DAYTECH AVANTI","SDATE":null,"SOURCE":null,"SACC":"IN","ADDDATE":"Tue, 01 Nov 2022 17:05:45 GMT","MODDATE":"Mon, 24 Jun 2024 17:18:22 GMT","CONDITPERD":null,"CONDITEXP":null,"GLOBALID":"80dfc09a-96c6-41fe-aee1-0a6428074fab"}},{"type":"Feature","id":182,"geometry":{"type":"Point","coordinates":[-63.6359959394285,44.5958015126055]},"properties":{"OBJECTID":182,"SHELTERID":"TRSHEL399","ASSETID":"TRSHEL399","ASSETCODE":"TRSHEL","OWNER":"HRM","INSTYR":1998,"INSTYRCONF":2,"MAT":"STEEL","MATCONF":3,"LOCGEN":"ROW","ASSETSTAT":"INS","ELECTRICAL":"N","AD":null,"BUSSTOPID":"BS1018","LOCATION":"Leiblin Dr Before Ivylea Cr (7138)","MAINTBY":"HRM","ASSETDESC":"DAYTECH BROWN","SDATE":"Mon, 21 Dec 2015 04:00:00 GMT","SOURCE":"TRANSIT","SACC":"DV","ADDDATE":"Tue, 01 Nov 2022 17:05:45 GMT","MODDATE":"Mon, 24 Jun 2024 17:18:22 GMT","CONDITPERD":null,"CONDITEXP":null,"GLOBALID":"6a65d298-29b0-4a97-9cc1-af31f6d1c44b"}},{"type":"Feature","id":183,"geometry":{"type":"Point","coordinates":[-63.6989733699758,44.767977739821]},"properties":{"OBJECTID":183,"SHELTERID":"TRSHEL769","ASSETID":"TRSHEL769","ASSETCODE":"TRSHEL","OWNER":"HRM","INSTYR":2024,"INSTYRCONF":1,"MAT":"ALUM","MATCONF":1,"LOCGEN":"ROW","ASSETSTAT":"INS","ELECTRICAL":null,"AD":null,"BUSSTOPID":"BS2644","LOCATION":"Sackville Terminal Bay 4 (8960)","MAINTBY":"HRM","ASSETDESC":"DAYTECH AVANTI","SDATE":"Wed, 06 Nov 2024 04:00:00 GMT","SOURCE":"Transit","SACC":"IN","ADDDATE":"Wed, 27 Nov 2024 16:30:14 GMT","MODDATE":"Wed, 27 Nov 2024 16:36:07 GMT","CONDITPERD":null,"CONDITEXP":null,"GLOBALID":"f0b613a8-8c39-40ba-accd-632c7b05bc29"}},{"type":"Feature","id":184,"geometry":{"type":"Point","coordinates":[-63.5846059819355,44.6798795892259]},"properties":{"OBJECTID":184,"SHELTERID":"TRSHEL253","ASSETID":"TRSHEL253","ASSETCODE":"TRSHEL","OWNER":"HRM","INSTYR":2016,"INSTYRCONF":2,"MAT":"ALUM","MATCONF":2,"LOCGEN":"ROW","ASSETSTAT":"INS","ELECTRICAL":null,"AD":"N","BUSSTOPID":"BS799","LOCATION":"Victoria Rd After Albro Lake Rd (8418)","MAINTBY":"HRM","ASSETDESC":"DAYTECH AVANTI - Shelter Bench","SDATE":null,"SOURCE":null,"SACC":"IN","ADDDATE":"Tue, 01 Nov 2022 17:05:45 GMT","MODDATE":"Mon, 24 Jun 2024 17:18:22 GMT","CONDITPERD":null,"CONDITEXP":null,"GLOBALID":"d6f9393a-650b-4dcc-b870-9cee4202f9bb"}},{"type":"Feature","id":185,"geometry":{"type":"Point","coordinates":[-63.600237490736,44.644210766295]},"properties":{"OBJECTID":185,"SHELTERID":"TRSHEL204","ASSETID":"TRSHEL204","ASSETCODE":"TRSHEL","OWNER":"HRM","INSTYR":2004,"INSTYRCONF":2,"MAT":"ALUM","MATCONF":4,"LOCGEN":"ROW","ASSETSTAT":"INS","ELECTRICAL":null,"AD":null,"BUSSTOPID":"BS870","LOCATION":"Oxford St After Quinpool Rd (7412)","MAINTBY":"HRM","ASSETDESC":"MOUNTAIN MFG","SDATE":null,"SOURCE":null,"SACC":"IN","ADDDATE":"Tue, 01 Nov 2022 17:05:45 GMT","MODDATE":"Fri, 04 Nov 2022 15:17:35 GMT","CONDITPERD":null,"CONDITEXP":null,"GLOBALID":"b5e9dfd6-3a8b-49b3-880f-73c7b7eb6e22"}},{"type":"Feature","id":186,"geometry":{"type":"Point","coordinates":[-63.6007717619546,44.6609744136787]},"properties":{"OBJECTID":186,"SHELTERID":"TRSHEL453","ASSETID":"TRSHEL453","ASSETCODE":"TRSHEL","OWNER":"HRM","INSTYR":null,"INSTYRCONF":6,"MAT":"ALUM","MATCONF":3,"LOCGEN":"ROW","ASSETSTAT":"INS","ELECTRICAL":null,"AD":null,"BUSSTOPID":"BS1423","LOCATION":"Young St Before Agricola St (8631)","MAINTBY":"HRM","ASSETDESC":"DAYTECH AVANTI - Shelter Bench","SDATE":null,"SOURCE":null,"SACC":"IN","ADDDATE":"Tue, 01 Nov 2022 17:05:45 GMT","MODDATE":"Mon, 24 Jun 2024 17:18:22 GMT","CONDITPERD":null,"CONDITEXP":null,"GLOBALID":"2df3304b-153a-4f5f-bbb5-0be810bff6e8"}},{"type":"Feature","id":187,"geometry":{"type":"Point","coordinates":[-63.6933031796479,44.7716001579145]},"properties":{"OBJECTID":187,"SHELTERID":"TRSHEL385","ASSETID":"TRSHEL385","ASSETCODE":"TRSHEL","OWNER":"HRM","INSTYR":2005,"INSTYRCONF":2,"MAT":"ALUM","MATCONF":4,"LOCGEN":"ROW","ASSETSTAT":"INS","ELECTRICAL":null,"AD":null,"BUSSTOPID":"BS2254","LOCATION":"Downsview Plaza Before Sackville Dr (6579)","MAINTBY":"HRM","ASSETDESC":"MOUNTAIN MFG-Shelter Bench","SDATE":null,"SOURCE":null,"SACC":"IN","ADDDATE":"Tue, 01 Nov 2022 17:05:45 GMT","MODDATE":"Fri, 04 Nov 2022 15:17:35 GMT","CONDITPERD":null,"CONDITEXP":null,"GLOBALID":"1bf49cba-e8d2-4c48-b29e-57201ba0b5ff"}},{"type":"Feature","id":188,"geometry":{"type":"Point","coordinates":[-63.5745977246927,44.6390222893303]},"properties":{"OBJECTID":188,"SHELTERID":"TRSHEL482","ASSETID":"TRSHEL482","ASSETCODE":"TRSHEL","OWNER":"HRM","INSTYR":2007,"INSTYRCONF":2,"MAT":"ALUM","MATCONF":3,"LOCGEN":"ROW","ASSETSTAT":"INS","ELECTRICAL":null,"AD":null,"BUSSTOPID":"BS164","LOCATION":"South St After Queen St (8292)","MAINTBY":"HRM","ASSETDESC":"DAYTECH AVANTI - Shelter Bench","SDATE":null,"SOURCE":null,"SACC":"IN","ADDDATE":"Tue, 01 Nov 2022 17:05:45 GMT","MODDATE":"Mon, 24 Jun 2024 17:18:22 GMT","CONDITPERD":null,"CONDITEXP":null,"GLOBALID":"ebd82748-5f15-4202-9fac-0c8b34f537be"}},{"type":"Feature","id":189,"geometry":{"type":"Point","coordinates":[-63.6985789709385,44.7680941037396]},"properties":{"OBJECTID":189,"SHELTERID":"TRSHEL114","ASSETID":"TRSHEL114","ASSETCODE":"TRSHEL","OWNER":"HRM","INSTYR":2005,"INSTYRCONF":2,"MAT":"ALUM","MATCONF":3,"LOCGEN":"ROW","ASSETSTAT":"INS","ELECTRICAL":null,"AD":null,"BUSSTOPID":"BS2646","LOCATION":"Sackville Terminal Bay 2 (8967)","MAINTBY":"HRM","ASSETDESC":"DAYTECH AVANTI - Terminal Shelter","SDATE":null,"SOURCE":null,"SACC":"IN","ADDDATE":"Tue, 01 Nov 2022 17:05:45 GMT","MODDATE":"Fri, 04 Nov 2022 15:17:35 GMT","CONDITPERD":null,"CONDITEXP":null,"GLOBALID":"7428a478-9407-4b1b-8e77-b35c30543e40"}},{"type":"Feature","id":190,"geometry":{"type":"Point","coordinates":[-63.6187189308265,44.6478913090403]},"properties":{"OBJECTID":190,"SHELTERID":"TRSHEL353","ASSETID":"TRSHEL353","ASSETCODE":"TRSHEL","OWNER":"HRM","INSTYR":1998,"INSTYRCONF":6,"MAT":"STEEL","MATCONF":3,"LOCGEN":"ROW","ASSETSTAT":"INS","ELECTRICAL":null,"AD":null,"BUSSTOPID":"BS2479","LOCATION":"East Perimeter Rd After Mumford Rd (6617)","MAINTBY":"HRM","ASSETDESC":"DAYTECH BROWN- Shelter Bench","SDATE":null,"SOURCE":null,"SACC":"IN","ADDDATE":"Tue, 01 Nov 2022 17:05:45 GMT","MODDATE":"Fri, 04 Nov 2022 15:17:35 GMT","CONDITPERD":null,"CONDITEXP":null,"GLOBALID":"bfa0d2e0-ebab-40d2-accf-79eb055d6e3c"}},{"type":"Feature","id":191,"geometry":{"type":"Point","coordinates":[-63.5848860568782,44.6579288955097]},"properties":{"OBJECTID":191,"SHELTERID":"TRSHEL108","ASSETID":"TRSHEL108","ASSETCODE":"TRSHEL","OWNER":"PRIV","INSTYR":null,"INSTYRCONF":6,"MAT":null,"MATCONF":6,"LOCGEN":"ROW","ASSETSTAT":"INS","ELECTRICAL":null,"AD":null,"BUSSTOPID":"BS2161","LOCATION":"Valour Way After Centre Gate (6571)","MAINTBY":"PRIV","ASSETDESC":"Privately Owned Shelter - Do Not Inspect","SDATE":"Mon, 21 Dec 2015 04:00:00 GMT","SOURCE":"TRANSIT","SACC":"IN","ADDDATE":"Tue, 01 Nov 2022 17:05:45 GMT","MODDATE":"Fri, 04 Nov 2022 15:17:35 GMT","CONDITPERD":null,"CONDITEXP":null,"GLOBALID":"59eade82-3ba0-4fa6-955a-ec30a157eff5"}},{"type":"Feature","id":192,"geometry":{"type":"Point","coordinates":[-63.5905262614419,44.6759393610515]},"properties":{"OBJECTID":192,"SHELTERID":"TRSHEL98","ASSETID":"TRSHEL98","ASSETCODE":"TRSHEL","OWNER":"HRM","INSTYR":null,"INSTYRCONF":6,"MAT":"ALUM","MATCONF":3,"LOCGEN":"ROW","ASSETSTAT":"INS","ELECTRICAL":null,"AD":null,"BUSSTOPID":"BS1927","LOCATION":"Windmill Rd After Albro Lake Rd (8509)","MAINTBY":"HRM","ASSETDESC":"DAYTECH AVANTI - Shelter Bench","SDATE":null,"SOURCE":null,"SACC":"IN","ADDDATE":"Tue, 01 Nov 2022 17:05:45 GMT","MODDATE":"Mon, 24 Jun 2024 17:18:22 GMT","CONDITPERD":null,"CONDITEXP":null,"GLOBALID":"96460cfc-d8f3-49f6-8cf3-014a4ed24bda"}},{"type":"Feature","id":193,"geometry":{"type":"Point","coordinates":[-63.5855068807744,44.6406545751794]},"properties":{"OBJECTID":193,"SHELTERID":"TRSHEL331","ASSETID":"TRSHEL331","ASSETCODE":"TRSHEL","OWNER":"HRM","INSTYR":2015,"INSTYRCONF":2,"MAT":"ALUM","MATCONF":2,"LOCGEN":"ROW","ASSETSTAT":"INS","ELECTRICAL":null,"AD":"N","BUSSTOPID":"BS1118","LOCATION":"Spring Garden Rd Before Carlton St (8328)","MAINTBY":"HRM","ASSETDESC":"DAYTECH AVANTI - Shelter Bench","SDATE":null,"SOURCE":null,"SACC":"IN","ADDDATE":"Tue, 01 Nov 2022 17:05:45 GMT","MODDATE":"Mon, 24 Jun 2024 17:18:22 GMT","CONDITPERD":null,"CONDITEXP":null,"GLOBALID":"ee2d3387-36e3-4efc-8b41-8093708cde73"}},{"type":"Feature","id":194,"geometry":{"type":"Point","coordinates":[-63.548414254222,44.7089374432933]},"properties":{"OBJECTID":194,"SHELTERID":"TRSHEL393","ASSETID":"TRSHEL393","ASSETCODE":"TRSHEL","OWNER":"HRM","INSTYR":null,"INSTYRCONF":6,"MAT":"ALUM","MATCONF":3,"LOCGEN":"ROW","ASSETSTAT":"INS","ELECTRICAL":null,"AD":null,"BUSSTOPID":"BS2205","LOCATION":"Waverley Rd Before Breeze Dr (8446)","MAINTBY":"HRM","ASSETDESC":"DAYTECH AVANTI - Shelter Bench","SDATE":null,"SOURCE":null,"SACC":"IN","ADDDATE":"Tue, 01 Nov 2022 17:05:45 GMT","MODDATE":"Mon, 24 Jun 2024 17:18:22 GMT","CONDITPERD":null,"CONDITEXP":null,"GLOBALID":"24a360f4-ec99-4ddb-a170-f5927d0daae3"}},{"type":"Feature","id":195,"geometry":{"type":"Point","coordinates":[-63.6279010200789,44.6564403276054]},"properties":{"OBJECTID":195,"SHELTERID":"TRSHEL281","ASSETID":"TRSHEL281","ASSETCODE":"TRSHEL","OWNER":"HRM","INSTYR":null,"INSTYRCONF":6,"MAT":"STEEL","MATCONF":3,"LOCGEN":"ROW","ASSETSTAT":"INS","ELECTRICAL":null,"AD":null,"BUSSTOPID":"BS670","LOCATION":"Scot St Before Desmond Ave (8262)","MAINTBY":"HRM","ASSETDESC":"DAYTECH BROWN- Shelter Bench","SDATE":null,"SOURCE":null,"SACC":"IN","ADDDATE":"Tue, 01 Nov 2022 17:05:45 GMT","MODDATE":"Mon, 24 Jun 2024 17:18:22 GMT","CONDITPERD":null,"CONDITEXP":null,"GLOBALID":"daff8161-3877-42f3-a7aa-43f4ef9f7ab9"}},{"type":"Feature","id":196,"geometry":{"type":"Point","coordinates":[-63.5685970953758,44.6089052721221]},"properties":{"OBJECTID":196,"SHELTERID":"TRSHEL315","ASSETID":"TRSHEL315","ASSETCODE":"TRSHEL","OWNER":"HRM","INSTYR":2007,"INSTYRCONF":2,"MAT":"ALUM","MATCONF":3,"LOCGEN":"ROW","ASSETSTAT":"INS","ELECTRICAL":null,"AD":null,"BUSSTOPID":"BS1901","LOCATION":"Purcells Cove Rd After Battery Dr (8104)","MAINTBY":"HRM","ASSETDESC":"DAYTECH AVANTI - Shelter Bench","SDATE":null,"SOURCE":null,"SACC":"IN","ADDDATE":"Tue, 01 Nov 2022 17:05:45 GMT","MODDATE":"Mon, 24 Jun 2024 17:18:22 GMT","CONDITPERD":null,"CONDITEXP":null,"GLOBALID":"74623e1c-51bb-4d6a-aa95-e8f9134490aa"}},{"type":"Feature","id":197,"geometry":{"type":"Point","coordinates":[-63.6770349368892,44.7643841577079]},"properties":{"OBJECTID":197,"SHELTERID":"TRSHEL247","ASSETID":"TRSHEL247","ASSETCODE":"TRSHEL","OWNER":"HRM","INSTYR":2007,"INSTYRCONF":2,"MAT":"ALUM","MATCONF":3,"LOCGEN":"ROW","ASSETSTAT":"INS","ELECTRICAL":null,"AD":null,"BUSSTOPID":"BS84","LOCATION":"Sackville Dr Opposite Pinehill Dr (7328)","MAINTBY":"HRM","ASSETDESC":"DAYTECH AVANTI - Shelter Bench","SDATE":null,"SOURCE":null,"SACC":"IN","ADDDATE":"Tue, 01 Nov 2022 17:05:45 GMT","MODDATE":"Fri, 04 Nov 2022 15:17:35 GMT","CONDITPERD":null,"CONDITEXP":null,"GLOBALID":"a76b5f3b-c1d8-4d9f-9044-e63c0767de6d"}},{"type":"Feature","id":198,"geometry":{"type":"Point","coordinates":[-63.6779407836487,44.7158129659877]},"properties":{"OBJECTID":198,"SHELTERID":"TRSHEL135","ASSETID":"TRSHEL135","ASSETCODE":"TRSHEL","OWNER":"HRM","INSTYR":2008,"INSTYRCONF":2,"MAT":"ALUM","MATCONF":3,"LOCGEN":"ROW","ASSETSTAT":"INS","ELECTRICAL":null,"AD":"N","BUSSTOPID":"BS2382","LOCATION":"Bedford Hwy After Hammonds Plains Rd (6254)","MAINTBY":"HRM","ASSETDESC":"DAYTECH AVANTI","SDATE":null,"SOURCE":null,"SACC":"IN","ADDDATE":"Tue, 01 Nov 2022 17:05:45 GMT","MODDATE":"Mon, 24 Jun 2024 17:18:22 GMT","CONDITPERD":null,"CONDITEXP":null,"GLOBALID":"807fc536-4ed2-488f-bda9-c32fc214353b"}},{"type":"Feature","id":199,"geometry":{"type":"Point","coordinates":[-63.549072202794,44.6799070456252]},"properties":{"OBJECTID":199,"SHELTERID":"TRSHEL178","ASSETID":"TRSHEL178","ASSETCODE":"TRSHEL","OWNER":"HRM","INSTYR":null,"INSTYRCONF":6,"MAT":"ALUM","MATCONF":3,"LOCGEN":"ROW","ASSETSTAT":"INS","ELECTRICAL":null,"AD":null,"BUSSTOPID":"BS1824","LOCATION":"Prince Albert Rd After Bartlin Rd (6311)","MAINTBY":"HRM","ASSETDESC":"DAYTECH AVANTI - Shelter Bench","SDATE":null,"SOURCE":null,"SACC":"IN","ADDDATE":"Tue, 01 Nov 2022 17:05:45 GMT","MODDATE":"Mon, 24 Jun 2024 17:18:22 GMT","CONDITPERD":null,"CONDITEXP":null,"GLOBALID":"fecb9d40-50f1-4e32-9026-ff6901b9bd1a"}},{"type":"Feature","id":200,"geometry":{"type":"Point","coordinates":[-63.486636784248,44.6755029654621]},"properties":{"OBJECTID":200,"SHELTERID":"TRSHEL62","ASSETID":"TRSHEL62","ASSETCODE":"TRSHEL","OWNER":"HRM","INSTYR":null,"INSTYRCONF":6,"MAT":"STEEL","MATCONF":3,"LOCGEN":"ROW","ASSETSTAT":"INS","ELECTRICAL":null,"AD":null,"BUSSTOPID":"BS2433","LOCATION":"Merrimac Dr After Arklow Dr (7203)","MAINTBY":"HRM","ASSETDESC":"DAYTECH BROWN","SDATE":null,"SOURCE":null,"SACC":"IN","ADDDATE":"Tue, 01 Nov 2022 17:05:45 GMT","MODDATE":"Mon, 24 Jun 2024 17:18:22 GMT","CONDITPERD":null,"CONDITEXP":null,"GLOBALID":"fc4aa073-b855-4b73-b005-6e84ed2170f0"}},{"type":"Feature","id":201,"geometry":{"type":"Point","coordinates":[-63.5155384022582,44.8858537477687]},"properties":{"OBJECTID":201,"SHELTERID":"TRSHEL156","ASSETID":"TRSHEL156","ASSETCODE":"TRSHEL","OWNER":"HRM","INSTYR":2012,"INSTYRCONF":2,"MAT":"ALUM","MATCONF":4,"LOCGEN":"ROW","ASSETSTAT":"INS","ELECTRICAL":null,"AD":null,"BUSSTOPID":"BS1237","LOCATION":"Silver Dart Dr At Halifax Airport (8695)","MAINTBY":"HRM","ASSETDESC":"DAYTECH LARGE-Shelter Bench","SDATE":null,"SOURCE":null,"SACC":"IN","ADDDATE":"Tue, 01 Nov 2022 17:05:45 GMT","MODDATE":"Fri, 04 Nov 2022 15:17:35 GMT","CONDITPERD":null,"CONDITEXP":null,"GLOBALID":"36abb613-0e70-4c28-b42b-a107d60a5531"}},{"type":"Feature","id":202,"geometry":{"type":"Point","coordinates":[-63.6682178376283,44.7251030799111]},"properties":{"OBJECTID":202,"SHELTERID":"TRSHEL60","ASSETID":"TRSHEL60","ASSETCODE":"TRSHEL","OWNER":"HRM","INSTYR":2005,"INSTYRCONF":2,"MAT":"STEEL","MATCONF":3,"LOCGEN":"ROW","ASSETSTAT":"INS","ELECTRICAL":null,"AD":null,"BUSSTOPID":"BS2389","LOCATION":"Bedford Hwy After Meadowbrook Dr (9024)","MAINTBY":"HRM","ASSETDESC":"DAYTECH BROWN","SDATE":null,"SOURCE":null,"SACC":"IN","ADDDATE":"Tue, 01 Nov 2022 17:05:45 GMT","MODDATE":"Mon, 24 Jun 2024 17:18:22 GMT","CONDITPERD":null,"CONDITEXP":null,"GLOBALID":"ceb18cac-8e4a-437b-bebe-fb2a3c3b485a"}},{"type":"Feature","id":203,"geometry":{"type":"Point","coordinates":[-63.515318763273,44.6654862078438]},"properties":{"OBJECTID":203,"SHELTERID":"TRSHEL677","ASSETID":"TRSHEL677","ASSETCODE":"TRSHEL","OWNER":"HRM","INSTYR":2023,"INSTYRCONF":2,"MAT":"CONC","MATCONF":2,"LOCGEN":"ROW","ASSETSTAT":"INS","ELECTRICAL":null,"AD":"Y","BUSSTOPID":"BS1323","LOCATION":"Portland Hills Dr At Civic 8 (8834)","MAINTBY":"HRM","ASSETDESC":"OTHER","SDATE":null,"SOURCE":null,"SACC":"IN","ADDDATE":"Wed, 08 Nov 2023 17:54:53 GMT","MODDATE":"Wed, 08 Nov 2023 18:12:04 GMT","CONDITPERD":null,"CONDITEXP":null,"GLOBALID":"bb485e0f-b5c4-4a4f-b061-6999c47a1e3c"}},{"type":"Feature","id":204,"geometry":{"type":"Point","coordinates":[-63.5755849300708,44.6505756858506]},"properties":{"OBJECTID":204,"SHELTERID":"TRSHEL42","ASSETID":"TRSHEL42","ASSETCODE":"TRSHEL","OWNER":"HRM","INSTYR":1998,"INSTYRCONF":2,"MAT":"ALUM","MATCONF":3,"LOCGEN":"ROW","ASSETSTAT":"DIS","ELECTRICAL":null,"AD":"Y","BUSSTOPID":"BS1880","LOCATION":"Barrington St After Duke St Bay 1 (6087)","MAINTBY":"HRM","ASSETDESC":"DAYTECH AVANTI - Shelter Bench","SDATE":null,"SOURCE":null,"SACC":"IN","ADDDATE":"Tue, 01 Nov 2022 17:05:45 GMT","MODDATE":"Thu, 06 Mar 2025 18:51:26 GMT","CONDITPERD":null,"CONDITEXP":null,"GLOBALID":"22e8d838-bdf0-4be4-abc6-dac55c954ce7"}},{"type":"Feature","id":205,"geometry":{"type":"Point","coordinates":[-63.6206332020694,44.6369325905321]},"properties":{"OBJECTID":205,"SHELTERID":"TRSHEL324","ASSETID":"TRSHEL324","ASSETCODE":"TRSHEL","OWNER":"HRM","INSTYR":null,"INSTYRCONF":6,"MAT":"STEEL","MATCONF":3,"LOCGEN":"ROW","ASSETSTAT":"INS","ELECTRICAL":null,"AD":null,"BUSSTOPID":"BS608","LOCATION":"Herring Cove Rd Before Melwood Ave (6900)","MAINTBY":"HRM","ASSETDESC":"DAYTECH BROWN FLAT ROOF","SDATE":null,"SOURCE":null,"SACC":"IN","ADDDATE":"Tue, 01 Nov 2022 17:05:45 GMT","MODDATE":"Mon, 24 Jun 2024 17:18:22 GMT","CONDITPERD":null,"CONDITEXP":null,"GLOBALID":"755a1a10-467b-498c-b7b2-3e2694cc709d"}},{"type":"Feature","id":206,"geometry":{"type":"Point","coordinates":[-63.5442070466911,44.6675916537639]},"properties":{"OBJECTID":206,"SHELTERID":"TRSHEL78","ASSETID":"TRSHEL78","ASSETCODE":"TRSHEL","OWNER":"HRM","INSTYR":null,"INSTYRCONF":6,"MAT":"STEEL","MATCONF":3,"LOCGEN":"ROW","ASSETSTAT":"INS","ELECTRICAL":null,"AD":null,"BUSSTOPID":"BS1867","LOCATION":"Portland St After Gaston Rd (8038)","MAINTBY":"HRM","ASSETDESC":"DAYTECH BROWN FLAT ROOF","SDATE":null,"SOURCE":null,"SACC":"IN","ADDDATE":"Tue, 01 Nov 2022 17:05:45 GMT","MODDATE":"Mon, 24 Jun 2024 17:18:22 GMT","CONDITPERD":null,"CONDITEXP":null,"GLOBALID":"e86a4e7e-e41f-4144-9d66-ca326eed7288"}},{"type":"Feature","id":207,"geometry":{"type":"Point","coordinates":[-63.7334799983535,44.6547750114779]},"properties":{"OBJECTID":207,"SHELTERID":"TRSHEL474","ASSETID":"TRSHEL474","ASSETCODE":"TRSHEL","OWNER":"HRM","INSTYR":null,"INSTYRCONF":6,"MAT":"ALUM","MATCONF":3,"LOCGEN":"ROW","ASSETSTAT":"INS","ELECTRICAL":null,"AD":null,"BUSSTOPID":"BS1828","LOCATION":"Brentwood Ave After Rosewood Ave (6317)","MAINTBY":"HRM","ASSETDESC":"DAYTECH AVANTI - Shelter Bench","SDATE":null,"SOURCE":null,"SACC":"IN","ADDDATE":"Tue, 01 Nov 2022 17:05:45 GMT","MODDATE":"Mon, 24 Jun 2024 17:18:22 GMT","CONDITPERD":null,"CONDITEXP":null,"GLOBALID":"4a9efb56-e042-4202-8032-73d25445f6d9"}},{"type":"Feature","id":208,"geometry":{"type":"Point","coordinates":[-63.6292310899431,44.6584151361269]},"properties":{"OBJECTID":208,"SHELTERID":"TRSHEL282","ASSETID":"TRSHEL282","ASSETCODE":"TRSHEL","OWNER":"HRM","INSTYR":null,"INSTYRCONF":6,"MAT":"ALUM","MATCONF":3,"LOCGEN":"ROW","ASSETSTAT":"INS","ELECTRICAL":null,"AD":null,"BUSSTOPID":"BS674","LOCATION":"Joseph Howe Dr After Dutch Village Rd (6982)","MAINTBY":"HRM","ASSETDESC":"DAYTECH AVANTI - Shelter Bench","SDATE":null,"SOURCE":null,"SACC":"IN","ADDDATE":"Tue, 01 Nov 2022 17:05:45 GMT","MODDATE":"Mon, 24 Jun 2024 17:18:22 GMT","CONDITPERD":null,"CONDITEXP":null,"GLOBALID":"4d80bdec-1d7b-43cf-bdfd-092b4a544df1"}},{"type":"Feature","id":209,"geometry":{"type":"Point","coordinates":[-63.6767073967636,44.6528474946305]},"properties":{"OBJECTID":209,"SHELTERID":"TRSHEL58","ASSETID":"TRSHEL58","ASSETCODE":"TRSHEL","OWNER":"HRM","INSTYR":null,"INSTYRCONF":6,"MAT":"ALUM","MATCONF":3,"LOCGEN":"ROW","ASSETSTAT":"INS","ELECTRICAL":null,"AD":null,"BUSSTOPID":"BS2106","LOCATION":"Chain Lake Dr Opposite Civic 209 (6387)","MAINTBY":"HRM","ASSETDESC":"DAYTECH AVANTI - Shelter Bench","SDATE":null,"SOURCE":null,"SACC":"IN","ADDDATE":"Tue, 01 Nov 2022 17:05:45 GMT","MODDATE":"Mon, 24 Jun 2024 17:18:22 GMT","CONDITPERD":null,"CONDITEXP":null,"GLOBALID":"cdd6eb4e-ee47-482d-a1a2-2ecdb369c307"}},{"type":"Feature","id":210,"geometry":{"type":"Point","coordinates":[-63.4881941440487,44.6062447913897]},"properties":{"OBJECTID":210,"SHELTERID":"TRSHEL189","ASSETID":"TRSHEL189","ASSETCODE":"TRSHEL","OWNER":"HRM","INSTYR":null,"INSTYRCONF":6,"MAT":"STEEL","MATCONF":3,"LOCGEN":"ROW","ASSETSTAT":"INS","ELECTRICAL":null,"AD":null,"BUSSTOPID":"BS149","LOCATION":"Shore Rd Before Normans Ln (8277)","MAINTBY":"HRM","ASSETDESC":"DAYTECH BROWN","SDATE":null,"SOURCE":null,"SACC":"IN","ADDDATE":"Tue, 01 Nov 2022 17:05:45 GMT","MODDATE":"Fri, 04 Nov 2022 15:17:35 GMT","CONDITPERD":null,"CONDITEXP":null,"GLOBALID":"98fd3c2b-8540-422e-a133-b6457ba7140f"}},{"type":"Feature","id":211,"geometry":{"type":"Point","coordinates":[-63.4924907707813,44.6098467884967]},"properties":{"OBJECTID":211,"SHELTERID":"TRSHEL188","ASSETID":"TRSHEL188","ASSETCODE":"TRSHEL","OWNER":"HRM","INSTYR":null,"INSTYRCONF":6,"MAT":"STEEL","MATCONF":3,"LOCGEN":"ROW","ASSETSTAT":"INS","ELECTRICAL":null,"AD":null,"BUSSTOPID":"BS147","LOCATION":"Shore Rd Before Francis Dr (8275)","MAINTBY":"HRM","ASSETDESC":"DAYTECH BROWN","SDATE":null,"SOURCE":null,"SACC":"IN","ADDDATE":"Tue, 01 Nov 2022 17:05:45 GMT","MODDATE":"Fri, 04 Nov 2022 15:17:35 GMT","CONDITPERD":null,"CONDITEXP":null,"GLOBALID":"b0ac08d2-d2b5-4b27-97a6-b959e3005703"}},{"type":"Feature","id":212,"geometry":{"type":"Point","coordinates":[-63.5755299684468,44.6504781929244]},"properties":{"OBJECTID":212,"SHELTERID":"TRSHEL431","ASSETID":"TRSHEL431","ASSETCODE":"TRSHEL","OWNER":"HRM","INSTYR":1998,"INSTYRCONF":2,"MAT":"ALUM","MATCONF":3,"LOCGEN":"ROW","ASSETSTAT":"INS","ELECTRICAL":null,"AD":null,"BUSSTOPID":"BS2659","LOCATION":"Barrington St After Duke St Bay 1 (6087)","MAINTBY":"HRM","ASSETDESC":"DAYTECH AVANTI - Shelter Bench","SDATE":null,"SOURCE":null,"SACC":"IN","ADDDATE":"Tue, 01 Nov 2022 17:05:45 GMT","MODDATE":"Mon, 24 Jun 2024 17:18:22 GMT","CONDITPERD":null,"CONDITEXP":null,"GLOBALID":"ddbedd58-a18c-4beb-933a-01a512b3a71c"}},{"type":"Feature","id":213,"geometry":{"type":"Point","coordinates":[-63.6111002236805,44.6655420849553]},"properties":{"OBJECTID":213,"SHELTERID":"TRSHEL220","ASSETID":"TRSHEL220","ASSETCODE":"TRSHEL","OWNER":"HRM","INSTYR":null,"INSTYRCONF":6,"MAT":"STEEL","MATCONF":3,"LOCGEN":"ROW","ASSETSTAT":"INS","ELECTRICAL":null,"AD":null,"BUSSTOPID":"BS977","LOCATION":"Robie St Before Lady Hammond Rd (8208)","MAINTBY":"HRM","ASSETDESC":"DAYTECH BROWN- Shelter Bench","SDATE":null,"SOURCE":null,"SACC":"IN","ADDDATE":"Tue, 01 Nov 2022 17:05:45 GMT","MODDATE":"Mon, 24 Jun 2024 17:18:22 GMT","CONDITPERD":null,"CONDITEXP":null,"GLOBALID":"8d43e9fd-f2b4-4cd2-92cb-9bb4a5baba88"}},{"type":"Feature","id":214,"geometry":{"type":"Point","coordinates":[-63.6164528038599,44.6282741386993]},"properties":{"OBJECTID":214,"SHELTERID":"TRSHEL349","ASSETID":"TRSHEL349","ASSETCODE":"TRSHEL","OWNER":"HRM","INSTYR":2015,"INSTYRCONF":2,"MAT":"ALUM","MATCONF":3,"LOCGEN":"ROW","ASSETSTAT":"INS","ELECTRICAL":null,"AD":"Y","BUSSTOPID":"BS2454","LOCATION":"Herring Cove Rd After Glenora Ave (6860)","MAINTBY":"HRM","ASSETDESC":"DAYTECH AVANTI - Shelter Bench","SDATE":null,"SOURCE":null,"SACC":"IN","ADDDATE":"Tue, 01 Nov 2022 17:05:45 GMT","MODDATE":"Mon, 24 Jun 2024 17:18:22 GMT","CONDITPERD":null,"CONDITEXP":null,"GLOBALID":"57df65cb-65f2-4998-96da-daa4edd74c92"}},{"type":"Feature","id":215,"geometry":{"type":"Point","coordinates":[-63.6076876406971,44.6695404636382]},"properties":{"OBJECTID":215,"SHELTERID":"TRSHEL476","ASSETID":"TRSHEL476","ASSETCODE":"TRSHEL","OWNER":"HRM","INSTYR":2008,"INSTYRCONF":2,"MAT":"ALUM","MATCONF":3,"LOCGEN":"ROW","ASSETSTAT":"DIS","ELECTRICAL":null,"AD":null,"BUSSTOPID":"BS1140","LOCATION":"St Pauls St Before Vestry St (8350)","MAINTBY":"HRM","ASSETDESC":"DAYTECH AVANTI - Shelter Bench","SDATE":null,"SOURCE":null,"SACC":"IN","ADDDATE":"Tue, 01 Nov 2022 17:05:45 GMT","MODDATE":"Fri, 04 Nov 2022 15:17:35 GMT","CONDITPERD":null,"CONDITEXP":null,"GLOBALID":"10b95c6f-5b73-4d03-9ec8-337159b74250"}},{"type":"Feature","id":216,"geometry":{"type":"Point","coordinates":[-63.6161493035495,44.6719003769547]},"properties":{"OBJECTID":216,"SHELTERID":"TRSHEL481","ASSETID":"TRSHEL481","ASSETCODE":"TRSHEL","OWNER":"HRM","INSTYR":2005,"INSTYRCONF":2,"MAT":"STEEL","MATCONF":3,"LOCGEN":"ROW","ASSETSTAT":"INS","ELECTRICAL":null,"AD":null,"BUSSTOPID":"BS957","LOCATION":"Northridge Rd Turning Loop (8165)","MAINTBY":"HRM","ASSETDESC":"DAYTECH BROWN- Shelter Bench","SDATE":null,"SOURCE":null,"SACC":"IN","ADDDATE":"Tue, 01 Nov 2022 17:05:45 GMT","MODDATE":"Mon, 24 Jun 2024 17:18:22 GMT","CONDITPERD":null,"CONDITEXP":null,"GLOBALID":"011b1726-e08f-4324-8fdf-d48a6241c2a2"}},{"type":"Feature","id":217,"geometry":{"type":"Point","coordinates":[-63.6440366211961,44.6508072806604]},"properties":{"OBJECTID":217,"SHELTERID":"TRSHEL274","ASSETID":"TRSHEL274","ASSETCODE":"TRSHEL","OWNER":"HRM","INSTYR":null,"INSTYRCONF":6,"MAT":"STEEL","MATCONF":3,"LOCGEN":"ROW","ASSETSTAT":"INS","ELECTRICAL":null,"AD":null,"BUSSTOPID":"BS1759","LOCATION":"Willett St After Frederick Ave (8502)","MAINTBY":"HRM","ASSETDESC":"DAYTECH BROWN- Shelter Bench","SDATE":null,"SOURCE":null,"SACC":"IN","ADDDATE":"Tue, 01 Nov 2022 17:05:45 GMT","MODDATE":"Mon, 24 Jun 2024 17:18:22 GMT","CONDITPERD":null,"CONDITEXP":null,"GLOBALID":"cd6bfc48-1679-4d58-8619-b04bf73beb94"}},{"type":"Feature","id":218,"geometry":{"type":"Point","coordinates":[-63.6265505665427,44.6538114703451]},"properties":{"OBJECTID":218,"SHELTERID":"TRSHEL365","ASSETID":"TRSHEL365","ASSETCODE":"TRSHEL","OWNER":"HRM","INSTYR":2017,"INSTYRCONF":2,"MAT":"ALUM","MATCONF":3,"LOCGEN":"ROW","ASSETSTAT":"INS","ELECTRICAL":null,"AD":"N","BUSSTOPID":"BS376","LOCATION":"Bayers Rd At Bayers Rd Centre (6194)","MAINTBY":"HRM","ASSETDESC":"DAYTECH AVANTI - Shelter Bench","SDATE":null,"SOURCE":null,"SACC":"IN","ADDDATE":"Tue, 01 Nov 2022 17:05:45 GMT","MODDATE":"Mon, 24 Jun 2024 17:18:22 GMT","CONDITPERD":null,"CONDITEXP":null,"GLOBALID":"75ffe141-25e3-4802-b4ac-32a0efd7a56d"}},{"type":"Feature","id":219,"geometry":{"type":"Point","coordinates":[-63.6499210812788,44.6531417956487]},"properties":{"OBJECTID":219,"SHELTERID":"TRSHEL337","ASSETID":"TRSHEL337","ASSETCODE":"TRSHEL","OWNER":"HRM","INSTYR":null,"INSTYRCONF":6,"MAT":"ALUM","MATCONF":3,"LOCGEN":"ROW","ASSETSTAT":"INS","ELECTRICAL":null,"AD":null,"BUSSTOPID":"BS2272","LOCATION":"Dunbrack St After Main Ave (6597)","MAINTBY":"HRM","ASSETDESC":"DAYTECH AVANTI - Shelter Bench","SDATE":null,"SOURCE":null,"SACC":"IN","ADDDATE":"Tue, 01 Nov 2022 17:05:45 GMT","MODDATE":"Mon, 24 Jun 2024 17:18:22 GMT","CONDITPERD":null,"CONDITEXP":null,"GLOBALID":"be564f9b-f814-4ab8-964b-c7a8e460f71d"}},{"type":"Feature","id":220,"geometry":{"type":"Point","coordinates":[-63.5388766611874,44.6706828024173]},"properties":{"OBJECTID":220,"SHELTERID":"TRSHEL84","ASSETID":"TRSHEL84","ASSETCODE":"TRSHEL","OWNER":"HRM","INSTYR":2005,"INSTYRCONF":2,"MAT":"ALUM","MATCONF":4,"LOCGEN":"ROW","ASSETSTAT":"INS","ELECTRICAL":null,"AD":"N","BUSSTOPID":"BS2677","LOCATION":"Penhorn Terminal Bay 8 (8948)","MAINTBY":"HRM","ASSETDESC":"OLD TERMINAL BMS","SDATE":null,"SOURCE":null,"SACC":"IN","ADDDATE":"Tue, 01 Nov 2022 17:05:45 GMT","MODDATE":"Fri, 04 Nov 2022 15:17:35 GMT","CONDITPERD":null,"CONDITEXP":null,"GLOBALID":"f47f747a-8876-4e8a-89f3-73ef7390ae0a"}},{"type":"Feature","id":221,"geometry":{"type":"Point","coordinates":[-63.6770636928598,44.6528115753566]},"properties":{"OBJECTID":221,"SHELTERID":"TRSHEL52","ASSETID":"TRSHEL52","ASSETCODE":"TRSHEL","OWNER":"HRM","INSTYR":2011,"INSTYRCONF":2,"MAT":"ALUM","MATCONF":3,"LOCGEN":"ROW","ASSETSTAT":"INS","ELECTRICAL":null,"AD":null,"BUSSTOPID":"BS2036","LOCATION":"Chain Lake Dr At Civic 209 (6394)","MAINTBY":"HRM","ASSETDESC":"DAYTECH AVANTI - Shelter Bench","SDATE":null,"SOURCE":null,"SACC":"IN","ADDDATE":"Tue, 01 Nov 2022 17:05:45 GMT","MODDATE":"Mon, 24 Jun 2024 17:18:22 GMT","CONDITPERD":null,"CONDITEXP":null,"GLOBALID":"aa473550-5450-41b0-a96a-b0768e6d6ee9"}},{"type":"Feature","id":222,"geometry":{"type":"Point","coordinates":[-63.5661343361766,44.6638323645802]},"properties":{"OBJECTID":222,"SHELTERID":"TRSHEL37","ASSETID":"TRSHEL37","ASSETCODE":"TRSHEL","OWNER":"HRM","INSTYR":2017,"INSTYRCONF":2,"MAT":"ALUM","MATCONF":3,"LOCGEN":"ROW","ASSETSTAT":"INS","ELECTRICAL":null,"AD":"N","BUSSTOPID":"BS731","LOCATION":"Alderney Dr Before Prince St (6028)","MAINTBY":"HRM","ASSETDESC":"DAYTECH AVANTI - Shelter Bench","SDATE":null,"SOURCE":null,"SACC":"IN","ADDDATE":"Tue, 01 Nov 2022 17:05:45 GMT","MODDATE":"Mon, 24 Jun 2024 17:18:22 GMT","CONDITPERD":null,"CONDITEXP":null,"GLOBALID":"987a9061-e610-46dd-ab85-0a1e961fe645"}},{"type":"Feature","id":223,"geometry":{"type":"Point","coordinates":[-63.5912538348383,44.6389440921835]},"properties":{"OBJECTID":223,"SHELTERID":"TRSHEL74","ASSETID":"TRSHEL74","ASSETCODE":"TRSHEL","OWNER":"HRM","INSTYR":2007,"INSTYRCONF":2,"MAT":"ALUM","MATCONF":3,"LOCGEN":"ROW","ASSETSTAT":"INS","ELECTRICAL":null,"AD":null,"BUSSTOPID":"BS1861","LOCATION":"Coburg Rd Before Lemarchant St (6449)","MAINTBY":"HRM","ASSETDESC":"DAYTECH AVANTI - Shelter Bench","SDATE":null,"SOURCE":null,"SACC":"IN","ADDDATE":"Tue, 01 Nov 2022 17:05:45 GMT","MODDATE":"Mon, 24 Jun 2024 17:18:22 GMT","CONDITPERD":null,"CONDITEXP":null,"GLOBALID":"ecd3cc57-19a4-4190-945d-7272e37880be"}},{"type":"Feature","id":224,"geometry":{"type":"Point","coordinates":[-63.5754327060544,44.6497155133782]},"properties":{"OBJECTID":224,"SHELTERID":"TRSHEL786","ASSETID":"TRSHEL786","ASSETCODE":"TRSHEL","OWNER":"HRM","INSTYR":2025,"INSTYRCONF":1,"MAT":"ALUM","MATCONF":1,"LOCGEN":"ROW","ASSETSTAT":"INS","ELECTRICAL":null,"AD":null,"BUSSTOPID":"BS2695","LOCATION":"Barrington St Before\r\nDuke St Bay 5 (6107)","MAINTBY":"HRM","ASSETDESC":"Heated Cogswell Shelter","SDATE":"Wed, 05 Mar 2025 04:00:00 GMT","SOURCE":"TRANSIT","SACC":"IN","ADDDATE":"Thu, 06 Mar 2025 19:09:23 GMT","MODDATE":"Thu, 06 Mar 2025 19:14:28 GMT","CONDITPERD":null,"CONDITEXP":null,"GLOBALID":"e672e6a3-1715-40a3-bf4a-9d7d35508117"}},{"type":"Feature","id":225,"geometry":{"type":"Point","coordinates":[-63.6040468712585,44.7152150711993]},"properties":{"OBJECTID":225,"SHELTERID":"TRSHEL396","ASSETID":"TRSHEL396","ASSETCODE":"TRSHEL","OWNER":"HRM","INSTYR":null,"INSTYRCONF":6,"MAT":"ALUM","MATCONF":3,"LOCGEN":"ROW","ASSETSTAT":"DIS","ELECTRICAL":null,"AD":null,"BUSSTOPID":"BS2356","LOCATION":"Joseph Zatzman Dr Before Topple Dr (6989)","MAINTBY":"HRM","ASSETDESC":"DAYTECH AVANTI - Shelter Bench","SDATE":null,"SOURCE":null,"SACC":"IN","ADDDATE":"Tue, 01 Nov 2022 17:05:45 GMT","MODDATE":"Tue, 21 Nov 2023 19:29:40 GMT","CONDITPERD":null,"CONDITEXP":null,"GLOBALID":"f5920dcc-a5bd-4d03-8def-b0587dab66c0"}},{"type":"Feature","id":226,"geometry":{"type":"Point","coordinates":[-63.8583666305231,44.7028417264812]},"properties":{"OBJECTID":226,"SHELTERID":"TRSHEL213","ASSETID":"TRSHEL213","ASSETCODE":"TRSHEL","OWNER":"HRM","INSTYR":2009,"INSTYRCONF":2,"MAT":"STEEL","MATCONF":4,"LOCGEN":"ROW","ASSETSTAT":"INS","ELECTRICAL":null,"AD":null,"BUSSTOPID":"BS933","LOCATION":"Hubley Centre (6940)","MAINTBY":"HRM","ASSETDESC":"DAYTECH LARGE- 2 Shelter Benches","SDATE":null,"SOURCE":null,"SACC":"IN","ADDDATE":"Tue, 01 Nov 2022 17:05:45 GMT","MODDATE":"Fri, 04 Nov 2022 15:17:35 GMT","CONDITPERD":null,"CONDITEXP":null,"GLOBALID":"dc03d580-c65b-4e64-b034-a206017d1cbb"}},{"type":"Feature","id":227,"geometry":{"type":"Point","coordinates":[-63.6198595289293,44.6419804836793]},"properties":{"OBJECTID":227,"SHELTERID":"TRSHEL179","ASSETID":"TRSHEL179","ASSETCODE":"TRSHEL","OWNER":"HRM","INSTYR":2011,"INSTYRCONF":2,"MAT":"ALUM","MATCONF":3,"LOCGEN":"ROW","ASSETSTAT":"INS","ELECTRICAL":null,"AD":null,"BUSSTOPID":"BS2041","LOCATION":"Chebucto Rd After Armdale Rotary (6399)","MAINTBY":"HRM","ASSETDESC":"DAYTECH AVANTI - Shelter Bench","SDATE":null,"SOURCE":null,"SACC":"IN","ADDDATE":"Tue, 01 Nov 2022 17:05:45 GMT","MODDATE":"Mon, 24 Jun 2024 17:18:22 GMT","CONDITPERD":null,"CONDITEXP":null,"GLOBALID":"45a970fb-2285-4601-9198-0e736298a238"}},{"type":"Feature","id":228,"geometry":{"type":"Point","coordinates":[-63.4979966888882,44.6848401320505]},"properties":{"OBJECTID":228,"SHELTERID":"TRSHEL412","ASSETID":"TRSHEL412","ASSETCODE":"TRSHEL","OWNER":"HRM","INSTYR":null,"INSTYRCONF":6,"MAT":"STEEL","MATCONF":3,"LOCGEN":"ROW","ASSETSTAT":"INS","ELECTRICAL":null,"AD":null,"BUSSTOPID":"BS309","LOCATION":"Gregory Dr Before Wildwood Blvd (6794)","MAINTBY":"HRM","ASSETDESC":"DAYTECH BROWN","SDATE":null,"SOURCE":null,"SACC":"IN","ADDDATE":"Tue, 01 Nov 2022 17:05:45 GMT","MODDATE":"Fri, 04 Nov 2022 15:17:35 GMT","CONDITPERD":null,"CONDITEXP":null,"GLOBALID":"545bfeb0-0435-47a6-bf6d-d19b9e271d83"}},{"type":"Feature","id":229,"geometry":{"type":"Point","coordinates":[-63.5728557853556,44.6446016413445]},"properties":{"OBJECTID":229,"SHELTERID":"TRSHEL342","ASSETID":"TRSHEL342","ASSETCODE":"TRSHEL","OWNER":"HRM","INSTYR":1998,"INSTYRCONF":2,"MAT":"CONC","MATCONF":3,"LOCGEN":"ROW","ASSETSTAT":"INS","ELECTRICAL":null,"AD":"N","BUSSTOPID":"BS2083","LOCATION":"Barrington St Before Spring Garden Rd (6122)","MAINTBY":"HRM","ASSETDESC":"CONCRETE - Custom Shelter","SDATE":null,"SOURCE":null,"SACC":"IN","ADDDATE":"Tue, 01 Nov 2022 17:05:45 GMT","MODDATE":"Fri, 04 Nov 2022 15:17:35 GMT","CONDITPERD":null,"CONDITEXP":null,"GLOBALID":"19eaef88-c291-49ab-98ba-42c8cb4e2c41"}},{"type":"Feature","id":230,"geometry":{"type":"Point","coordinates":[-63.6086109569939,44.6315177696484]},"properties":{"OBJECTID":230,"SHELTERID":"TRSHEL333","ASSETID":"TRSHEL333","ASSETCODE":"TRSHEL","OWNER":"HRM","INSTYR":null,"INSTYRCONF":6,"MAT":"STEEL","MATCONF":3,"LOCGEN":"ROW","ASSETSTAT":"DIS","ELECTRICAL":null,"AD":null,"BUSSTOPID":"BS2198","LOCATION":"Purcells Cove Rd After Dingle Rd (8118)","MAINTBY":"HRM","ASSETDESC":"DAYTECH BROWN FLAT ROOF","SDATE":null,"SOURCE":null,"SACC":"IN","ADDDATE":"Tue, 01 Nov 2022 17:05:45 GMT","MODDATE":"Wed, 27 Nov 2024 16:16:59 GMT","CONDITPERD":null,"CONDITEXP":null,"GLOBALID":"66bc86a1-697d-4bbd-bdaf-6bc0b5a2df5d"}},{"type":"Feature","id":231,"geometry":{"type":"Point","coordinates":[-63.6748976966063,44.6670390888652]},"properties":{"OBJECTID":231,"SHELTERID":"TRSHEL310","ASSETID":"TRSHEL310","ASSETCODE":"TRSHEL","OWNER":"HRM","INSTYR":2010,"INSTYRCONF":2,"MAT":"ALUM","MATCONF":3,"LOCGEN":"ROW","ASSETSTAT":"INS","ELECTRICAL":null,"AD":null,"BUSSTOPID":"BS1554","LOCATION":"Parkland Dr Before Carrington Pl (7431)","MAINTBY":"HRM","ASSETDESC":"DAYTECH AVANTI - Shelter Bench","SDATE":null,"SOURCE":null,"SACC":"IN","ADDDATE":"Tue, 01 Nov 2022 17:05:45 GMT","MODDATE":"Mon, 24 Jun 2024 17:18:22 GMT","CONDITPERD":null,"CONDITEXP":null,"GLOBALID":"6d5a4b8f-160f-4da6-b38a-8cb07ff4fd01"}},{"type":"Feature","id":232,"geometry":{"type":"Point","coordinates":[-63.6077050132164,44.657198964624]},"properties":{"OBJECTID":232,"SHELTERID":"TRSHEL120","ASSETID":"TRSHEL120","ASSETCODE":"TRSHEL","OWNER":"HRM","INSTYR":null,"INSTYRCONF":6,"MAT":"ALUM","MATCONF":3,"LOCGEN":"ROW","ASSETSTAT":"INS","ELECTRICAL":null,"AD":null,"BUSSTOPID":"BS1157","LOCATION":"Windsor St After Young St (2015) ","MAINTBY":"HRM","ASSETDESC":"DAYTECH AVANTI - Shelter Bench","SDATE":null,"SOURCE":null,"SACC":"IN","ADDDATE":"Tue, 01 Nov 2022 17:05:45 GMT","MODDATE":"Mon, 24 Jun 2024 17:18:22 GMT","CONDITPERD":null,"CONDITEXP":null,"GLOBALID":"c0cc4cc4-ade9-4e54-88e9-2700f1c89fa5"}},{"type":"Feature","id":233,"geometry":{"type":"Point","coordinates":[-63.5433482554829,44.6460102822504]},"properties":{"OBJECTID":233,"SHELTERID":"TRSHEL111","ASSETID":"TRSHEL111","ASSETCODE":"TRSHEL","OWNER":"HRM","INSTYR":2013,"INSTYRCONF":2,"MAT":"STEEL","MATCONF":4,"LOCGEN":"ROW","ASSETSTAT":"INS","ELECTRICAL":null,"AD":null,"BUSSTOPID":"BS2302","LOCATION":"Pleasant St Before Irving St (7492)","MAINTBY":"HRM","ASSETDESC":"DAYTECH HALF SHELTER-ShelterBench","SDATE":null,"SOURCE":null,"SACC":"IN","ADDDATE":"Tue, 01 Nov 2022 17:05:45 GMT","MODDATE":"Fri, 04 Nov 2022 15:17:35 GMT","CONDITPERD":null,"CONDITEXP":null,"GLOBALID":"81a0a973-790d-4787-b412-501742da1195"}},{"type":"Feature","id":234,"geometry":{"type":"Point","coordinates":[-63.618379555397,44.6131528972835]},"properties":{"OBJECTID":234,"SHELTERID":"TRSHEL184","ASSETID":"TRSHEL184","ASSETCODE":"TRSHEL","OWNER":"HRM","INSTYR":null,"INSTYRCONF":6,"MAT":null,"MATCONF":6,"LOCGEN":"ROW","ASSETSTAT":"INS","ELECTRICAL":null,"AD":null,"BUSSTOPID":"BS2152","LOCATION":"Dentith Rd Before Herring Cove Rd (6559)","MAINTBY":"HRM","ASSETDESC":"Construction Area  - Replacement 2018","SDATE":null,"SOURCE":null,"SACC":"IN","ADDDATE":"Tue, 01 Nov 2022 17:05:45 GMT","MODDATE":"Mon, 24 Jun 2024 17:18:22 GMT","CONDITPERD":null,"CONDITEXP":null,"GLOBALID":"b2ed3b21-400b-4028-809d-9cf3f1cab06c"}},{"type":"Feature","id":235,"geometry":{"type":"Point","coordinates":[-63.6167835922936,44.6257125671687]},"properties":{"OBJECTID":235,"SHELTERID":"TRSHEL91","ASSETID":"TRSHEL91","ASSETCODE":"TRSHEL","OWNER":"HRM","INSTYR":2014,"INSTYRCONF":2,"MAT":"ALUM","MATCONF":3,"LOCGEN":"ROW","ASSETSTAT":"INS","ELECTRICAL":null,"AD":"N","BUSSTOPID":"BS714","LOCATION":"Herring Cove Rd Before Highfield St (6891)","MAINTBY":"HRM","ASSETDESC":"DAYTECH AVANTI-Floating Shelter Pad","SDATE":null,"SOURCE":null,"SACC":"IN","ADDDATE":"Tue, 01 Nov 2022 17:05:45 GMT","MODDATE":"Mon, 24 Jun 2024 17:18:22 GMT","CONDITPERD":null,"CONDITEXP":null,"GLOBALID":"6da4c5a3-e888-400f-8a78-961e45d6fb9f"}},{"type":"Feature","id":236,"geometry":{"type":"Point","coordinates":[-63.5739865244481,44.6702222704525]},"properties":{"OBJECTID":236,"SHELTERID":"TRSHEL40","ASSETID":"TRSHEL40","ASSETCODE":"TRSHEL","OWNER":"HRM","INSTYR":2012,"INSTYRCONF":2,"MAT":"ALUM","MATCONF":3,"LOCGEN":"ROW","ASSETSTAT":"INS","ELECTRICAL":null,"AD":"N","BUSSTOPID":"BS1601","LOCATION":"Bridge Terminal Bay 10 (7610)","MAINTBY":"HRM","ASSETDESC":"DAYTECH AVANTI","SDATE":null,"SOURCE":null,"SACC":"IN","ADDDATE":"Tue, 01 Nov 2022 17:05:45 GMT","MODDATE":"Fri, 04 Nov 2022 15:17:35 GMT","CONDITPERD":null,"CONDITEXP":null,"GLOBALID":"ad0c4180-2fba-41dd-8624-19ae9732f9a1"}},{"type":"Feature","id":237,"geometry":{"type":"Point","coordinates":[-63.6720794291334,44.7699460700162]},"properties":{"OBJECTID":237,"SHELTERID":"TRSHEL218","ASSETID":"TRSHEL218","ASSETCODE":"TRSHEL","OWNER":"HRM","INSTYR":null,"INSTYRCONF":6,"MAT":"STEEL","MATCONF":3,"LOCGEN":"ROW","ASSETSTAT":"INS","ELECTRICAL":null,"AD":null,"BUSSTOPID":"BS517","LOCATION":"Glendale Dr After Pinehill Dr (6744)","MAINTBY":"HRM","ASSETDESC":"DAYTECH BROWN","SDATE":null,"SOURCE":null,"SACC":"IN","ADDDATE":"Tue, 01 Nov 2022 17:05:45 GMT","MODDATE":"Mon, 24 Jun 2024 17:18:22 GMT","CONDITPERD":null,"CONDITEXP":null,"GLOBALID":"04044e75-0dfd-4cb7-8ff9-ecbc2d174664"}},{"type":"Feature","id":238,"geometry":{"type":"Point","coordinates":[-63.5566218232064,44.6846027467575]},"properties":{"OBJECTID":238,"SHELTERID":"TRSHEL113","ASSETID":"TRSHEL113","ASSETCODE":"TRSHEL","OWNER":"HRM","INSTYR":2004,"INSTYRCONF":2,"MAT":"STEEL","MATCONF":4,"LOCGEN":"ROW","ASSETSTAT":"INS","ELECTRICAL":null,"AD":null,"BUSSTOPID":"BS2442","LOCATION":"Micmac Blvd At Civic 10 (7210)","MAINTBY":"HRM","ASSETDESC":"DAYTECH HALF SHELTER","SDATE":null,"SOURCE":null,"SACC":"IN","ADDDATE":"Tue, 01 Nov 2022 17:05:45 GMT","MODDATE":"Mon, 24 Jun 2024 17:18:22 GMT","CONDITPERD":null,"CONDITEXP":null,"GLOBALID":"01271339-90ed-49c6-a850-0012fa0479ee"}},{"type":"Feature","id":239,"geometry":{"type":"Point","coordinates":[-63.6659141341333,44.7270651512961]},"properties":{"OBJECTID":239,"SHELTERID":"TRSHEL132","ASSETID":"TRSHEL132","ASSETCODE":"TRSHEL","OWNER":"HRM","INSTYR":1998,"INSTYRCONF":2,"MAT":"STEEL","MATCONF":3,"LOCGEN":"ROW","ASSETSTAT":"DIS","ELECTRICAL":null,"AD":"N","BUSSTOPID":"BS2377","LOCATION":"Bedford Hwy Before Spring St (6249)","MAINTBY":"HRM","ASSETDESC":"DAYTECH BROWN FLAT ROOF","SDATE":null,"SOURCE":null,"SACC":"IN","ADDDATE":"Tue, 01 Nov 2022 17:05:45 GMT","MODDATE":"Wed, 27 Nov 2024 16:08:59 GMT","CONDITPERD":null,"CONDITEXP":null,"GLOBALID":"bcf1f056-dd0f-4289-b2f3-8d9d22f231b1"}},{"type":"Feature","id":240,"geometry":{"type":"Point","coordinates":[-63.6450452486988,44.6519554518455]},"properties":{"OBJECTID":240,"SHELTERID":"TRSHEL271","ASSETID":"TRSHEL271","ASSETCODE":"TRSHEL","OWNER":"HRM","INSTYR":null,"INSTYRCONF":6,"MAT":"ALUM","MATCONF":3,"LOCGEN":"ROW","ASSETSTAT":"INS","ELECTRICAL":null,"AD":null,"BUSSTOPID":"BS1749","LOCATION":"Willett St After Coronation Ave (8490)","MAINTBY":"HRM","ASSETDESC":"DAYTECH AVANTI - Shelter Bench","SDATE":null,"SOURCE":null,"SACC":"IN","ADDDATE":"Tue, 01 Nov 2022 17:05:45 GMT","MODDATE":"Mon, 24 Jun 2024 17:18:22 GMT","CONDITPERD":null,"CONDITEXP":null,"GLOBALID":"36530191-d0f7-41ae-81d9-1fc6d9eba491"}},{"type":"Feature","id":241,"geometry":{"type":"Point","coordinates":[-63.5751327846321,44.6129709658438]},"properties":{"OBJECTID":241,"SHELTERID":"TRSHEL427","ASSETID":"TRSHEL427","ASSETCODE":"TRSHEL","OWNER":"HRM","INSTYR":2011,"INSTYRCONF":2,"MAT":"STEEL","MATCONF":3,"LOCGEN":"ROW","ASSETSTAT":"INS","ELECTRICAL":null,"AD":null,"BUSSTOPID":"BS1915","LOCATION":"Purcells Cove Rd At St Cecelia Dr (8095)","MAINTBY":"HRM","ASSETDESC":"DAYTECH BROWN- Shelter Bench","SDATE":null,"SOURCE":null,"SACC":"IN","ADDDATE":"Tue, 01 Nov 2022 17:05:45 GMT","MODDATE":"Mon, 24 Jun 2024 17:18:22 GMT","CONDITPERD":null,"CONDITEXP":null,"GLOBALID":"07a86a51-f317-439c-9944-3e49fe2b3ed4"}},{"type":"Feature","id":242,"geometry":{"type":"Point","coordinates":[-63.5752376746197,44.670934887655]},"properties":{"OBJECTID":242,"SHELTERID":"TRSHEL47","ASSETID":"TRSHEL47","ASSETCODE":"TRSHEL","OWNER":"HRM","INSTYR":2012,"INSTYRCONF":2,"MAT":"ALUM","MATCONF":2,"LOCGEN":"ROW","ASSETSTAT":"INS","ELECTRICAL":null,"AD":"N","BUSSTOPID":"BS1607","LOCATION":"Bridge Terminal Bay 16 (7616)","MAINTBY":"HRM","ASSETDESC":"DAYTECH LARGE","SDATE":null,"SOURCE":null,"SACC":"IN","ADDDATE":"Tue, 01 Nov 2022 17:05:45 GMT","MODDATE":"Fri, 04 Nov 2022 15:17:35 GMT","CONDITPERD":null,"CONDITEXP":null,"GLOBALID":"91a72c3e-6ba6-45eb-a5e8-f408081d5ac1"}},{"type":"Feature","id":243,"geometry":{"type":"Point","coordinates":[-63.618798075098,44.6579512593704]},"properties":{"OBJECTID":243,"SHELTERID":"TRSHEL64","ASSETID":"TRSHEL64","ASSETCODE":"TRSHEL","OWNER":"HRM","INSTYR":null,"INSTYRCONF":6,"MAT":"STEEL","MATCONF":3,"LOCGEN":"ROW","ASSETSTAT":"INS","ELECTRICAL":null,"AD":null,"BUSSTOPID":"BS2315","LOCATION":"Connaught Ave After Chisholm Ave (6492)","MAINTBY":"HRM","ASSETDESC":"DAYTECH BROWN- Shelter Bench","SDATE":null,"SOURCE":null,"SACC":"IN","ADDDATE":"Tue, 01 Nov 2022 17:05:45 GMT","MODDATE":"Mon, 24 Jun 2024 17:18:22 GMT","CONDITPERD":null,"CONDITEXP":null,"GLOBALID":"d6289d42-3081-4792-970b-32786585d43b"}},{"type":"Feature","id":244,"geometry":{"type":"Point","coordinates":[-63.5857595571009,44.6457157130435]},"properties":{"OBJECTID":244,"SHELTERID":"TRSHEL283","ASSETID":"TRSHEL283","ASSETCODE":"TRSHEL","OWNER":"HRM","INSTYR":2000,"INSTYRCONF":2,"MAT":"STEEL","MATCONF":3,"LOCGEN":"ROW","ASSETSTAT":"INS","ELECTRICAL":null,"AD":null,"BUSSTOPID":"BS695","LOCATION":"Summer St After Bell Rd (8363)","MAINTBY":"HRM","ASSETDESC":"DAYTECH BROWN","SDATE":null,"SOURCE":null,"SACC":"IN","ADDDATE":"Tue, 01 Nov 2022 17:05:45 GMT","MODDATE":"Fri, 04 Nov 2022 15:17:35 GMT","CONDITPERD":null,"CONDITEXP":null,"GLOBALID":"b2b68bc1-1ee0-4024-87af-dbae74029e36"}},{"type":"Feature","id":245,"geometry":{"type":"Point","coordinates":[-63.486141700237,44.6720619315532]},"properties":{"OBJECTID":245,"SHELTERID":"TRSHEL236","ASSETID":"TRSHEL236","ASSETCODE":"TRSHEL","OWNER":"HRM","INSTYR":null,"INSTYRCONF":6,"MAT":"STEEL","MATCONF":3,"LOCGEN":"ROW","ASSETSTAT":"INS","ELECTRICAL":null,"AD":null,"BUSSTOPID":"BS174","LOCATION":"Cole Harbour Rd After Armbro Ln (6475)","MAINTBY":"HRM","ASSETDESC":"DAYTECH BROWN FLAT ROOF","SDATE":null,"SOURCE":null,"SACC":"IN","ADDDATE":"Tue, 01 Nov 2022 17:05:45 GMT","MODDATE":"Mon, 24 Jun 2024 17:18:22 GMT","CONDITPERD":null,"CONDITEXP":null,"GLOBALID":"887aab31-7290-4c93-a759-3c9866b4ba90"}},{"type":"Feature","id":246,"geometry":{"type":"Point","coordinates":[-63.6548679436483,44.7353601003629]},"properties":{"OBJECTID":246,"SHELTERID":"TRSHEL24","ASSETID":"TRSHEL24","ASSETCODE":"TRSHEL","OWNER":"HRM","INSTYR":2012,"INSTYRCONF":2,"MAT":"ALUM","MATCONF":3,"LOCGEN":"ROW","ASSETSTAT":"INS","ELECTRICAL":null,"AD":"N","BUSSTOPID":"BS2346","LOCATION":"Bedford Hwy After Rocky Lake Rd (6281)","MAINTBY":"HRM","ASSETDESC":"DAYTECH AVANTI/ Shelter Bench","SDATE":null,"SOURCE":null,"SACC":"IN","ADDDATE":"Tue, 01 Nov 2022 17:05:45 GMT","MODDATE":"Mon, 24 Jun 2024 17:18:22 GMT","CONDITPERD":null,"CONDITEXP":null,"GLOBALID":"af7b3ba7-3261-4e38-a75d-4d593a348680"}},{"type":"Feature","id":247,"geometry":{"type":"Point","coordinates":[-63.5237593866831,44.6721637724746]},"properties":{"OBJECTID":247,"SHELTERID":"TRSHEL261","ASSETID":"TRSHEL261","ASSETCODE":"TRSHEL","OWNER":"HRM","INSTYR":null,"INSTYRCONF":6,"MAT":"ALUM","MATCONF":3,"LOCGEN":"ROW","ASSETSTAT":"INS","ELECTRICAL":null,"AD":null,"BUSSTOPID":"BS1870","LOCATION":"Portland St After Jersey Dr (8041)","MAINTBY":"HRM","ASSETDESC":"DAYTECH AVANTI - Shelter Bench","SDATE":null,"SOURCE":null,"SACC":"IN","ADDDATE":"Tue, 01 Nov 2022 17:05:45 GMT","MODDATE":"Mon, 24 Jun 2024 17:18:22 GMT","CONDITPERD":null,"CONDITEXP":null,"GLOBALID":"ddd35b06-a152-459a-8cb7-96d6ca9d72f2"}},{"type":"Feature","id":248,"geometry":{"type":"Point","coordinates":[-63.6753590084541,44.7019572524102]},"properties":{"OBJECTID":248,"SHELTERID":"TRSHEL130","ASSETID":"TRSHEL130","ASSETCODE":"TRSHEL","OWNER":"HRM","INSTYR":2017,"INSTYRCONF":2,"MAT":"ALUM","MATCONF":2,"LOCGEN":"ROW","ASSETSTAT":"INS","ELECTRICAL":null,"AD":null,"BUSSTOPID":"BS1377","LOCATION":"Larry Uteck Blvd At Civic 420 (8880)","MAINTBY":"HRM","ASSETDESC":"DAYTECH HALF SHELTER","SDATE":null,"SOURCE":null,"SACC":"IN","ADDDATE":"Tue, 01 Nov 2022 17:05:45 GMT","MODDATE":"Fri, 04 Nov 2022 15:17:35 GMT","CONDITPERD":null,"CONDITEXP":null,"GLOBALID":"75e3595d-3fe8-42b4-ac0b-93957c2d4731"}},{"type":"Feature","id":249,"geometry":{"type":"Point","coordinates":[-63.505324532325,44.6890591189923]},"properties":{"OBJECTID":249,"SHELTERID":"TRSHEL366","ASSETID":"TRSHEL366","ASSETCODE":"TRSHEL","OWNER":"HRM","INSTYR":null,"INSTYRCONF":6,"MAT":"ALUM","MATCONF":3,"LOCGEN":"ROW","ASSETSTAT":"INS","ELECTRICAL":null,"AD":null,"BUSSTOPID":"BS404","LOCATION":"Mt Edward Rd After Cranberry Cr (7259)","MAINTBY":"HRM","ASSETDESC":"DAYTECH AVANTI - Shelter Bench","SDATE":null,"SOURCE":null,"SACC":"IN","ADDDATE":"Tue, 01 Nov 2022 17:05:45 GMT","MODDATE":"Mon, 24 Jun 2024 17:18:22 GMT","CONDITPERD":null,"CONDITEXP":null,"GLOBALID":"b464478c-dc47-446d-9cc2-282047232cf9"}},{"type":"Feature","id":250,"geometry":{"type":"Point","coordinates":[-63.5886556698814,44.6443282836541]},"properties":{"OBJECTID":250,"SHELTERID":"TRSHEL140","ASSETID":"TRSHEL140","ASSETCODE":"TRSHEL","OWNER":"HRM","INSTYR":null,"INSTYRCONF":6,"MAT":"STEEL","MATCONF":3,"LOCGEN":"ROW","ASSETSTAT":"INS","ELECTRICAL":null,"AD":null,"BUSSTOPID":"BS852","LOCATION":"Robie St After Veterans Memorial Ln (8179)","MAINTBY":"HRM","ASSETDESC":"DAYTECH BROWN- Shelter Bench","SDATE":null,"SOURCE":null,"SACC":"IN","ADDDATE":"Tue, 01 Nov 2022 17:05:45 GMT","MODDATE":"Mon, 24 Jun 2024 17:18:22 GMT","CONDITPERD":null,"CONDITEXP":null,"GLOBALID":"d3b00dfb-43e7-4d3d-af5f-f317bd888fde"}},{"type":"Feature","id":251,"geometry":{"type":"Point","coordinates":[-63.6041844724988,44.6549847472394]},"properties":{"OBJECTID":251,"SHELTERID":"TRSHEL767","ASSETID":"TRSHEL767","ASSETCODE":"TRSHEL","OWNER":"HRM","INSTYR":2024,"INSTYRCONF":1,"MAT":"ALUM","MATCONF":1,"LOCGEN":"ROW","ASSETSTAT":"INS","ELECTRICAL":null,"AD":null,"BUSSTOPID":"BS1155","LOCATION":"Windsor St Opposite London St (8572)","MAINTBY":"HRM","ASSETDESC":"DAYTECH AVANTI","SDATE":"Wed, 06 Nov 2024 04:00:00 GMT","SOURCE":"Transit","SACC":"IN","ADDDATE":"Wed, 27 Nov 2024 16:24:41 GMT","MODDATE":"Wed, 27 Nov 2024 16:36:07 GMT","CONDITPERD":null,"CONDITEXP":null,"GLOBALID":"3a705605-29c1-411b-8a25-cfabd6b8e7fd"}},{"type":"Feature","id":252,"geometry":{"type":"Point","coordinates":[-63.586692114367,44.6397665571056]},"properties":{"OBJECTID":252,"SHELTERID":"TRSHEL143","ASSETID":"TRSHEL143","ASSETCODE":"TRSHEL","OWNER":"HRM","INSTYR":null,"INSTYRCONF":6,"MAT":"STEEL","MATCONF":3,"LOCGEN":"ROW","ASSETSTAT":"INS","ELECTRICAL":null,"AD":null,"BUSSTOPID":"BS1175","LOCATION":"Robie St After Coburg Rd (8186)","MAINTBY":"HRM","ASSETDESC":"DAYTECH BROWN","SDATE":null,"SOURCE":null,"SACC":"IN","ADDDATE":"Tue, 01 Nov 2022 17:05:45 GMT","MODDATE":"Mon, 24 Jun 2024 17:18:22 GMT","CONDITPERD":null,"CONDITEXP":null,"GLOBALID":"e3dea5be-13de-467d-ba87-b771e77f147e"}},{"type":"Feature","id":253,"geometry":{"type":"Point","coordinates":[-63.48955704015,44.6707588715895]},"properties":{"OBJECTID":253,"SHELTERID":"TRSHEL26","ASSETID":"TRSHEL26","ASSETCODE":"TRSHEL","OWNER":"HRM","INSTYR":2011,"INSTYRCONF":2,"MAT":"ALUM","MATCONF":3,"LOCGEN":"ROW","ASSETSTAT":"INS","ELECTRICAL":null,"AD":null,"BUSSTOPID":"BS1968","LOCATION":"Cumberland Dr Before Cole Harbour Rd (6542)","MAINTBY":"HRM","ASSETDESC":"DAYTECH AVANTI - Shelter Bench","SDATE":null,"SOURCE":null,"SACC":"IN","ADDDATE":"Tue, 01 Nov 2022 17:05:45 GMT","MODDATE":"Mon, 24 Jun 2024 17:18:22 GMT","CONDITPERD":null,"CONDITEXP":null,"GLOBALID":"242b84ef-c7a5-4038-819a-5a43b11ac228"}},{"type":"Feature","id":254,"geometry":{"type":"Point","coordinates":[-63.6627278214986,44.6611928359046]},"properties":{"OBJECTID":254,"SHELTERID":"TRSHEL446","ASSETID":"TRSHEL446","ASSETCODE":"TRSHEL","OWNER":"HRM","INSTYR":2015,"INSTYRCONF":2,"MAT":"ALUM","MATCONF":3,"LOCGEN":"ROW","ASSETSTAT":"INS","ELECTRICAL":null,"AD":null,"BUSSTOPID":"BS2617","LOCATION":"Lacewood Terminal Bay 13 (9113)","MAINTBY":"HRM","ASSETDESC":"DAYTECH AVANTI - Shelter Bench","SDATE":null,"SOURCE":null,"SACC":"IN","ADDDATE":"Tue, 01 Nov 2022 17:05:45 GMT","MODDATE":"Fri, 04 Nov 2022 15:17:35 GMT","CONDITPERD":null,"CONDITEXP":null,"GLOBALID":"e4026bef-68bd-432d-b5ca-88848e0a8d6c"}},{"type":"Feature","id":255,"geometry":{"type":"Point","coordinates":[-63.655914893281,44.6623979447912]},"properties":{"OBJECTID":255,"SHELTERID":"TRSHEL194","ASSETID":"TRSHEL194","ASSETCODE":"TRSHEL","OWNER":"HRM","INSTYR":2016,"INSTYRCONF":2,"MAT":"ALUM","MATCONF":2,"LOCGEN":"ROW","ASSETSTAT":"INS","ELECTRICAL":null,"AD":"N","BUSSTOPID":"BS1728","LOCATION":"Lacewood Dr Before Dunbrack St (7078)","MAINTBY":"HRM","ASSETDESC":"DAYTECH AVANTI - Shelter Bench","SDATE":null,"SOURCE":null,"SACC":"IN","ADDDATE":"Tue, 01 Nov 2022 17:05:45 GMT","MODDATE":"Mon, 24 Jun 2024 17:18:22 GMT","CONDITPERD":null,"CONDITEXP":null,"GLOBALID":"13957bb9-6b90-4bdb-998e-b53e70015f02"}},{"type":"Feature","id":256,"geometry":{"type":"Point","coordinates":[-63.5629603681905,44.6677008490004]},"properties":{"OBJECTID":256,"SHELTERID":"TRSHEL379","ASSETID":"TRSHEL379","ASSETCODE":"TRSHEL","OWNER":"HRM","INSTYR":null,"INSTYRCONF":6,"MAT":"STEEL","MATCONF":4,"LOCGEN":"ROW","ASSETSTAT":"INS","ELECTRICAL":null,"AD":null,"BUSSTOPID":"BS603","LOCATION":"Portland St After Canal St (8035)","MAINTBY":"HRM","ASSETDESC":"DAYTECH HALF SHELTER-ShelterBench","SDATE":null,"SOURCE":null,"SACC":"IN","ADDDATE":"Tue, 01 Nov 2022 17:05:45 GMT","MODDATE":"Mon, 24 Jun 2024 17:18:22 GMT","CONDITPERD":null,"CONDITEXP":null,"GLOBALID":"c873c990-a777-4674-bfe9-b3fb7a965ffd"}},{"type":"Feature","id":257,"geometry":{"type":"Point","coordinates":[-63.6183450259541,44.632637530813]},"properties":{"OBJECTID":257,"SHELTERID":"TRSHEL167","ASSETID":"TRSHEL167","ASSETCODE":"TRSHEL","OWNER":"HRM","INSTYR":2010,"INSTYRCONF":2,"MAT":"ALUM","MATCONF":3,"LOCGEN":"ROW","ASSETSTAT":"INS","ELECTRICAL":null,"AD":"N","BUSSTOPID":"BS614","LOCATION":"Herring Cove Rd At Winchester Ave (6906)","MAINTBY":"HRM","ASSETDESC":"DAYTECH AVANTI - Shelter Bench","SDATE":null,"SOURCE":null,"SACC":"IN","ADDDATE":"Tue, 01 Nov 2022 17:05:45 GMT","MODDATE":"Mon, 24 Jun 2024 17:18:22 GMT","CONDITPERD":null,"CONDITEXP":null,"GLOBALID":"ac4462f4-b591-417a-b864-78c4f4bc5783"}},{"type":"Feature","id":258,"geometry":{"type":"Point","coordinates":[-63.5755520382567,44.643323206593]},"properties":{"OBJECTID":258,"SHELTERID":"TRSHEL330","ASSETID":"TRSHEL330","ASSETCODE":"TRSHEL","OWNER":"HRM","INSTYR":null,"INSTYRCONF":6,"MAT":"ALUM","MATCONF":3,"LOCGEN":"ROW","ASSETSTAT":"INS","ELECTRICAL":null,"AD":null,"BUSSTOPID":"BS1117","LOCATION":"Spring Garden Rd After Queen St (8327)","MAINTBY":"HRM","ASSETDESC":"DAYTECH AVANTI - Shelter Bench","SDATE":null,"SOURCE":null,"SACC":"IN","ADDDATE":"Tue, 01 Nov 2022 17:05:45 GMT","MODDATE":"Fri, 04 Nov 2022 15:17:35 GMT","CONDITPERD":null,"CONDITEXP":null,"GLOBALID":"06f9fb21-b9e7-443f-8a13-fe1e07e9b534"}},{"type":"Feature","id":259,"geometry":{"type":"Point","coordinates":[-63.5806452945765,44.6421464909552]},"properties":{"OBJECTID":259,"SHELTERID":"TRSHEL183","ASSETID":"TRSHEL183","ASSETCODE":"TRSHEL","OWNER":"HRM","INSTYR":2017,"INSTYRCONF":2,"MAT":"ALUM","MATCONF":3,"LOCGEN":"ROW","ASSETSTAT":"INS","ELECTRICAL":null,"AD":"N","BUSSTOPID":"BS2735","LOCATION":"Spring Garden Rd After South Park St (8322)","MAINTBY":"HRM","ASSETDESC":"DAYTECH AVANTI - Shelter Bench","SDATE":null,"SOURCE":null,"SACC":"IN","ADDDATE":"Tue, 01 Nov 2022 17:05:45 GMT","MODDATE":"Mon, 24 Jun 2024 17:18:22 GMT","CONDITPERD":null,"CONDITEXP":null,"GLOBALID":"51d73267-5210-429e-a35c-2989247e2055"}},{"type":"Feature","id":260,"geometry":{"type":"Point","coordinates":[-63.597129849859,44.6822951539049]},"properties":{"OBJECTID":260,"SHELTERID":"TRSHEL232","ASSETID":"TRSHEL232","ASSETCODE":"TRSHEL","OWNER":"HRM","INSTYR":null,"INSTYRCONF":6,"MAT":"STEEL","MATCONF":4,"LOCGEN":"ROW","ASSETSTAT":"INS","ELECTRICAL":null,"AD":null,"BUSSTOPID":"BS2139","LOCATION":"Windmill Rd Before Fernhill Dr (8521)","MAINTBY":"HRM","ASSETDESC":"DAYTECH HALF SHELTER-ShelterBench","SDATE":null,"SOURCE":null,"SACC":"IN","ADDDATE":"Tue, 01 Nov 2022 17:05:45 GMT","MODDATE":"Mon, 24 Jun 2024 17:18:22 GMT","CONDITPERD":null,"CONDITEXP":null,"GLOBALID":"3dafb35c-60c4-4ecc-828a-4bfd75af840f"}},{"type":"Feature","id":261,"geometry":{"type":"Point","coordinates":[-63.5896302449466,44.658145892774]},"properties":{"OBJECTID":261,"SHELTERID":"TRSHEL363","ASSETID":"TRSHEL363","ASSETCODE":"TRSHEL","OWNER":"HRM","INSTYR":1998,"INSTYRCONF":2,"MAT":"STEEL","MATCONF":4,"LOCGEN":"ROW","ASSETSTAT":"INS","ELECTRICAL":null,"AD":"N","BUSSTOPID":"BS332","LOCATION":"North St Before Brunswick St (7351)","MAINTBY":"HRM","ASSETDESC":"DAYTECH HALF SHELTER","SDATE":null,"SOURCE":null,"SACC":"IN","ADDDATE":"Tue, 01 Nov 2022 17:05:45 GMT","MODDATE":"Mon, 24 Jun 2024 17:18:22 GMT","CONDITPERD":null,"CONDITEXP":null,"GLOBALID":"4a9790bd-9aae-45c9-a18f-e2f932312be4"}},{"type":"Feature","id":262,"geometry":{"type":"Point","coordinates":[-63.5983321083228,44.6523377728222]},"properties":{"OBJECTID":262,"SHELTERID":"TRSHEL187","ASSETID":"TRSHEL187","ASSETCODE":"TRSHEL","OWNER":"HRM","INSTYR":null,"INSTYRCONF":6,"MAT":"ALUM","MATCONF":3,"LOCGEN":"ROW","ASSETSTAT":"INS","ELECTRICAL":null,"AD":null,"BUSSTOPID":"BS1149","LOCATION":"North St Before Windsor St (7358)","MAINTBY":"HRM","ASSETDESC":"DAYTECH AVANTI - Shelter Bench","SDATE":null,"SOURCE":null,"SACC":"IN","ADDDATE":"Tue, 01 Nov 2022 17:05:45 GMT","MODDATE":"Mon, 24 Jun 2024 17:18:22 GMT","CONDITPERD":null,"CONDITEXP":null,"GLOBALID":"11f9fce2-c23a-41fe-b4b5-44f7c9af6b03"}},{"type":"Feature","id":263,"geometry":{"type":"Point","coordinates":[-63.5693886854142,44.6652026411187]},"properties":{"OBJECTID":263,"SHELTERID":"TRSHEL292","ASSETID":"TRSHEL292","ASSETCODE":"TRSHEL","OWNER":"HRM","INSTYR":2010,"INSTYRCONF":2,"MAT":"ALUM","MATCONF":3,"LOCGEN":"ROW","ASSETSTAT":"INS","ELECTRICAL":null,"AD":null,"BUSSTOPID":"BS733","LOCATION":"Alderney Dr Before Ochterloney St Bay 1 (6030)","MAINTBY":"HRM","ASSETDESC":"DAYTECH AVANTI - Shelter Bench","SDATE":null,"SOURCE":null,"SACC":"IN","ADDDATE":"Tue, 01 Nov 2022 17:05:45 GMT","MODDATE":"Mon, 24 Jun 2024 17:18:22 GMT","CONDITPERD":null,"CONDITEXP":null,"GLOBALID":"ee640755-f3e8-4427-a863-3f243235e1f4"}},{"type":"Feature","id":264,"geometry":{"type":"Point","coordinates":[-63.5439149558832,44.6684909467567]},"properties":{"OBJECTID":264,"SHELTERID":"TRSHEL297","ASSETID":"TRSHEL297","ASSETCODE":"TRSHEL","OWNER":"HRM","INSTYR":null,"INSTYRCONF":6,"MAT":"ALUM","MATCONF":3,"LOCGEN":"ROW","ASSETSTAT":"INS","ELECTRICAL":null,"AD":null,"BUSSTOPID":"BS600","LOCATION":"Portland St Before Joffre St (8028)","MAINTBY":"HRM","ASSETDESC":"DAYTECH AVANTI - Shelter Bench","SDATE":null,"SOURCE":null,"SACC":"IN","ADDDATE":"Tue, 01 Nov 2022 17:05:45 GMT","MODDATE":"Mon, 24 Jun 2024 17:18:22 GMT","CONDITPERD":null,"CONDITEXP":null,"GLOBALID":"d8bc33ef-6921-448f-b6c6-a25432142a9f"}},{"type":"Feature","id":265,"geometry":{"type":"Point","coordinates":[-63.6755957837018,44.7730392107408]},"properties":{"OBJECTID":265,"SHELTERID":"TRSHEL219","ASSETID":"TRSHEL219","ASSETCODE":"TRSHEL","OWNER":"HRM","INSTYR":1998,"INSTYRCONF":2,"MAT":"STEEL","MATCONF":3,"LOCGEN":"ROW","ASSETSTAT":"INS","ELECTRICAL":null,"AD":null,"BUSSTOPID":"BS513","LOCATION":"Glendale Dr Before McDougall Ave (6751)","MAINTBY":"HRM","ASSETDESC":"DAYTECH BROWN- Shelter Bench","SDATE":null,"SOURCE":null,"SACC":"IN","ADDDATE":"Tue, 01 Nov 2022 17:05:45 GMT","MODDATE":"Mon, 24 Jun 2024 17:18:22 GMT","CONDITPERD":null,"CONDITEXP":null,"GLOBALID":"65375589-a9e6-4901-a417-32b02e15c53b"}},{"type":"Feature","id":266,"geometry":{"type":"Point","coordinates":[-63.5818018521486,44.638985113787]},"properties":{"OBJECTID":266,"SHELTERID":"TRSHEL679","ASSETID":"TRSHEL679","ASSETCODE":"TRSHEL","OWNER":"HRM","INSTYR":2023,"INSTYRCONF":2,"MAT":"CONC","MATCONF":2,"LOCGEN":"ROW","ASSETSTAT":"INS","ELECTRICAL":null,"AD":"Y","BUSSTOPID":"BS992","LOCATION":"University Ave After Summer St (8411)","MAINTBY":"HRM","ASSETDESC":"DAYTECH AVANTI","SDATE":null,"SOURCE":null,"SACC":"IN","ADDDATE":"Wed, 08 Nov 2023 18:05:27 GMT","MODDATE":"Mon, 24 Jun 2024 17:18:22 GMT","CONDITPERD":null,"CONDITEXP":null,"GLOBALID":"35926c83-44bf-4c32-aee5-da55846c217e"}},{"type":"Feature","id":267,"geometry":{"type":"Point","coordinates":[-63.6405879358197,44.6614613354314]},"properties":{"OBJECTID":267,"SHELTERID":"TRSHEL267","ASSETID":"TRSHEL267","ASSETCODE":"TRSHEL","OWNER":"HRM","INSTYR":null,"INSTYRCONF":6,"MAT":"ALUM","MATCONF":3,"LOCGEN":"ROW","ASSETSTAT":"INS","ELECTRICAL":null,"AD":null,"BUSSTOPID":"BS1734","LOCATION":"Lacewood Dr At Braeside Ln (7084)","MAINTBY":"HRM","ASSETDESC":"DAYTECH AVANTI - Shelter Bench","SDATE":null,"SOURCE":null,"SACC":"IN","ADDDATE":"Tue, 01 Nov 2022 17:05:45 GMT","MODDATE":"Mon, 24 Jun 2024 17:18:22 GMT","CONDITPERD":null,"CONDITEXP":null,"GLOBALID":"657c03c4-b98e-411a-84e3-ada37d876864"}},{"type":"Feature","id":268,"geometry":{"type":"Point","coordinates":[-63.6586413376605,44.6620010673388]},"properties":{"OBJECTID":268,"SHELTERID":"TRSHEL195","ASSETID":"TRSHEL195","ASSETCODE":"TRSHEL","OWNER":"HRM","INSTYR":2016,"INSTYRCONF":2,"MAT":"ALUM","MATCONF":2,"LOCGEN":"ROW","ASSETSTAT":"INS","ELECTRICAL":null,"AD":"N","BUSSTOPID":"BS1732","LOCATION":"Lacewood Dr Before Willett St (7082)","MAINTBY":"HRM","ASSETDESC":"DAYTECH AVANTI - Shelter Bench","SDATE":null,"SOURCE":null,"SACC":"IN","ADDDATE":"Tue, 01 Nov 2022 17:05:45 GMT","MODDATE":"Mon, 24 Jun 2024 17:18:22 GMT","CONDITPERD":null,"CONDITEXP":null,"GLOBALID":"c129e88b-f7f4-4d12-844d-3a9780080374"}},{"type":"Feature","id":269,"geometry":{"type":"Point","coordinates":[-63.582430614457,44.6561963170607]},"properties":{"OBJECTID":269,"SHELTERID":"TRSHEL252","ASSETID":"TRSHEL252","ASSETCODE":"TRSHEL","OWNER":"PRIV","INSTYR":null,"INSTYRCONF":6,"MAT":null,"MATCONF":6,"LOCGEN":"ROW","ASSETSTAT":"INS","ELECTRICAL":null,"AD":null,"BUSSTOPID":"BS2164","LOCATION":"Valour Way After Rainbow Gate (6573)","MAINTBY":"PRIV","ASSETDESC":"Privately Owned Shelter - Do Not Inspect","SDATE":"Mon, 21 Dec 2015 04:00:00 GMT","SOURCE":"TRANSIT","SACC":"IN","ADDDATE":"Tue, 01 Nov 2022 17:05:45 GMT","MODDATE":"Fri, 04 Nov 2022 15:17:35 GMT","CONDITPERD":null,"CONDITEXP":null,"GLOBALID":"ccf63342-2b12-4a27-a91a-ec83c6d7d9a8"}},{"type":"Feature","id":270,"geometry":{"type":"Point","coordinates":[-63.5856116494894,44.7163120042149]},"properties":{"OBJECTID":270,"SHELTERID":"TRSHEL443","ASSETID":"TRSHEL443","ASSETCODE":"TRSHEL","OWNER":"HRM","INSTYR":2005,"INSTYRCONF":2,"MAT":"ALUM","MATCONF":4,"LOCGEN":"ROW","ASSETSTAT":"OUT","ELECTRICAL":null,"AD":"N","BUSSTOPID":"BS845","LOCATION":"Akerley Blvd After Williams Ave (6004)","MAINTBY":"HRM","ASSETDESC":"MOUNTAIN MFG-Shelter Bench","SDATE":null,"SOURCE":null,"SACC":"IN","ADDDATE":"Tue, 01 Nov 2022 17:05:45 GMT","MODDATE":"Tue, 18 Mar 2025 19:17:43 GMT","CONDITPERD":null,"CONDITEXP":null,"GLOBALID":"e7dd7fbf-ce99-4af0-8d2e-a5b780ce25e9"}},{"type":"Feature","id":271,"geometry":{"type":"Point","coordinates":[-63.6853931838896,44.6491045429603]},"properties":{"OBJECTID":271,"SHELTERID":"TRSHEL732","ASSETID":"TRSHEL732","ASSETCODE":"TRSHEL","OWNER":"HRM","INSTYR":0,"INSTYRCONF":null,"MAT":null,"MATCONF":2,"LOCGEN":"ROW","ASSETSTAT":"INS","ELECTRICAL":null,"AD":null,"BUSSTOPID":"BS3538","LOCATION":"Susie Lake Cr Before Julius Blvd (2313)","MAINTBY":"HRM","ASSETDESC":null,"SDATE":"Tue, 02 Apr 2024 03:00:00 GMT","SOURCE":"Transit","SACC":"IN","ADDDATE":"Tue, 02 Apr 2024 17:47:20 GMT","MODDATE":"Tue, 02 Apr 2024 17:53:28 GMT","CONDITPERD":null,"CONDITEXP":null,"GLOBALID":"b8adba1c-897e-45ef-baca-90cfe0c94406"}},{"type":"Feature","id":272,"geometry":{"type":"Point","coordinates":[-63.620882308491,44.6481971356892]},"properties":{"OBJECTID":272,"SHELTERID":"TRSHEL44","ASSETID":"TRSHEL44","ASSETCODE":"TRSHEL","OWNER":"HRM","INSTYR":2001,"INSTYRCONF":2,"MAT":"ALUM","MATCONF":4,"LOCGEN":"ROW","ASSETSTAT":"INS","ELECTRICAL":null,"AD":"N","BUSSTOPID":"BS2675","LOCATION":"Mumford Terminal Bay 3 (8641)","MAINTBY":"HRM","ASSETDESC":"MOUNTAIN MFG","SDATE":null,"SOURCE":null,"SACC":"IN","ADDDATE":"Tue, 01 Nov 2022 17:05:45 GMT","MODDATE":"Fri, 04 Nov 2022 15:17:35 GMT","CONDITPERD":null,"CONDITEXP":null,"GLOBALID":"7475bff1-95fb-4e83-a1ac-386c38034147"}},{"type":"Feature","id":273,"geometry":{"type":"Point","coordinates":[-63.6018782914502,44.6705273960712]},"properties":{"OBJECTID":273,"SHELTERID":"TRSHEL334","ASSETID":"TRSHEL334","ASSETCODE":"TRSHEL","OWNER":"HRM","INSTYR":null,"INSTYRCONF":6,"MAT":"STEEL","MATCONF":3,"LOCGEN":"ROW","ASSETSTAT":"INS","ELECTRICAL":null,"AD":null,"BUSSTOPID":"BS2262","LOCATION":"Duffus St Before Barrington St (6587)","MAINTBY":"HRM","ASSETDESC":"DAYTECH BROWN","SDATE":null,"SOURCE":null,"SACC":"IN","ADDDATE":"Tue, 01 Nov 2022 17:05:45 GMT","MODDATE":"Mon, 24 Jun 2024 17:18:22 GMT","CONDITPERD":null,"CONDITEXP":null,"GLOBALID":"4a9c0be7-4a2d-430f-b7a1-70b80df93773"}},{"type":"Feature","id":274,"geometry":{"type":"Point","coordinates":[-63.5844831022861,44.6708100168128]},"properties":{"OBJECTID":274,"SHELTERID":"TRSHEL48","ASSETID":"TRSHEL48","ASSETCODE":"TRSHEL","OWNER":"HRM","INSTYR":null,"INSTYRCONF":6,"MAT":"ALUM","MATCONF":3,"LOCGEN":"ROW","ASSETSTAT":"INS","ELECTRICAL":null,"AD":null,"BUSSTOPID":"BS1269","LOCATION":"Windmill Rd After Jamieson St (8540)","MAINTBY":"HRM","ASSETDESC":"DAYTECH AVANTI - Shelter Bench","SDATE":null,"SOURCE":null,"SACC":"IN","ADDDATE":"Tue, 01 Nov 2022 17:05:45 GMT","MODDATE":"Mon, 24 Jun 2024 17:18:22 GMT","CONDITPERD":null,"CONDITEXP":null,"GLOBALID":"1d2eefc7-6c73-413d-a109-611c7b6a8884"}},{"type":"Feature","id":275,"geometry":{"type":"Point","coordinates":[-63.5786305234129,44.6402411500901]},"properties":{"OBJECTID":275,"SHELTERID":"TRSHEL121","ASSETID":"TRSHEL121","ASSETCODE":"TRSHEL","OWNER":"HRM","INSTYR":2000,"INSTYRCONF":3,"MAT":"STEEL","MATCONF":4,"LOCGEN":"ROW","ASSETSTAT":"INS","ELECTRICAL":null,"AD":null,"BUSSTOPID":"BS248","LOCATION":"South Park St After Morris St (8309)","MAINTBY":"HRM","ASSETDESC":"DAYTECH HALF SHELTER","SDATE":null,"SOURCE":null,"SACC":"IN","ADDDATE":"Tue, 01 Nov 2022 17:05:45 GMT","MODDATE":"Mon, 24 Jun 2024 17:18:22 GMT","CONDITPERD":null,"CONDITEXP":null,"GLOBALID":"3d285074-3a61-4a7c-be72-647b1a18236b"}},{"type":"Feature","id":276,"geometry":{"type":"Point","coordinates":[-63.6687848416592,44.6590659372781]},"properties":{"OBJECTID":276,"SHELTERID":"TRSHEL265","ASSETID":"TRSHEL265","ASSETCODE":"TRSHEL","OWNER":"HRM","INSTYR":2010,"INSTYRCONF":2,"MAT":"ALUM","MATCONF":3,"LOCGEN":"ROW","ASSETSTAT":"INS","ELECTRICAL":null,"AD":null,"BUSSTOPID":"BS1730","LOCATION":"Lacewood Dr Before Parkland Dr (7080)","MAINTBY":"HRM","ASSETDESC":"DAYTECH AVANTI - Shelter Bench","SDATE":null,"SOURCE":null,"SACC":"IN","ADDDATE":"Tue, 01 Nov 2022 17:05:45 GMT","MODDATE":"Mon, 24 Jun 2024 17:18:22 GMT","CONDITPERD":null,"CONDITEXP":null,"GLOBALID":"6701741b-b77a-49f4-a94e-62f9ba77e392"}},{"type":"Feature","id":277,"geometry":{"type":"Point","coordinates":[-63.5367009640272,44.6804905981839]},"properties":{"OBJECTID":277,"SHELTERID":"TRSHEL285","ASSETID":"TRSHEL285","ASSETCODE":"TRSHEL","OWNER":"HRM","INSTYR":2011,"INSTYRCONF":2,"MAT":"ALUM","MATCONF":3,"LOCGEN":"ROW","ASSETSTAT":"INS","ELECTRICAL":null,"AD":null,"BUSSTOPID":"BS700","LOCATION":"Tacoma Dr After Hartlen St (9076)","MAINTBY":"HRM","ASSETDESC":"DAYTECH AVANTI","SDATE":null,"SOURCE":null,"SACC":"IN","ADDDATE":"Tue, 01 Nov 2022 17:05:45 GMT","MODDATE":"Fri, 04 Nov 2022 15:17:35 GMT","CONDITPERD":null,"CONDITEXP":null,"GLOBALID":"5782f40a-c77c-4ebf-a0b1-7b2f22f1787f"}},{"type":"Feature","id":278,"geometry":{"type":"Point","coordinates":[-63.6436922205908,44.7511287326723]},"properties":{"OBJECTID":278,"SHELTERID":"TRSHEL314","ASSETID":"TRSHEL314","ASSETCODE":"TRSHEL","OWNER":"HRM","INSTYR":2011,"INSTYRCONF":2,"MAT":"ALUM","MATCONF":3,"LOCGEN":"ROW","ASSETSTAT":"INS","ELECTRICAL":null,"AD":null,"BUSSTOPID":"BS2310","LOCATION":"Damascus Rd At Civic 141 (9040)","MAINTBY":"HRM","ASSETDESC":"DAYTECH AVANTI","SDATE":null,"SOURCE":null,"SACC":"IN","ADDDATE":"Tue, 01 Nov 2022 17:05:45 GMT","MODDATE":"Mon, 24 Jun 2024 17:18:22 GMT","CONDITPERD":null,"CONDITEXP":null,"GLOBALID":"c01eca40-c56e-4398-989d-43a1130de3ac"}},{"type":"Feature","id":279,"geometry":{"type":"Point","coordinates":[-63.5764667442015,44.6356797235079]},"properties":{"OBJECTID":279,"SHELTERID":"TRSHEL361","ASSETID":"TRSHEL361","ASSETCODE":"TRSHEL","OWNER":"HRM","INSTYR":null,"INSTYRCONF":6,"MAT":"STEEL","MATCONF":3,"LOCGEN":"ROW","ASSETSTAT":"INS","ELECTRICAL":null,"AD":null,"BUSSTOPID":"BS253","LOCATION":"South Park St Before Victoria Rd (8314)","MAINTBY":"HRM","ASSETDESC":"DAYTECH BROWN- Shelter Bench","SDATE":null,"SOURCE":null,"SACC":"IN","ADDDATE":"Tue, 01 Nov 2022 17:05:45 GMT","MODDATE":"Mon, 24 Jun 2024 17:18:22 GMT","CONDITPERD":null,"CONDITEXP":null,"GLOBALID":"6deee33d-d269-4dc9-be8c-e929db75f348"}},{"type":"Feature","id":280,"geometry":{"type":"Point","coordinates":[-63.6759316988208,44.6703650169133]},"properties":{"OBJECTID":280,"SHELTERID":"TRSHEL93","ASSETID":"TRSHEL93","ASSETCODE":"TRSHEL","OWNER":"HRM","INSTYR":2011,"INSTYRCONF":2,"MAT":"ALUM","MATCONF":3,"LOCGEN":"ROW","ASSETSTAT":"INS","ELECTRICAL":null,"AD":null,"BUSSTOPID":"BS1551","LOCATION":"Parkland Dr After Farnham Gate Rd (7428)","MAINTBY":"HRM","ASSETDESC":"DAYTECH AVANTI","SDATE":null,"SOURCE":null,"SACC":"IN","ADDDATE":"Tue, 01 Nov 2022 17:05:45 GMT","MODDATE":"Mon, 24 Jun 2024 17:18:22 GMT","CONDITPERD":null,"CONDITEXP":null,"GLOBALID":"ea582802-5d58-4faf-a2d9-c309775c02d6"}},{"type":"Feature","id":281,"geometry":{"type":"Point","coordinates":[-63.6135130069054,44.6685861925264]},"properties":{"OBJECTID":281,"SHELTERID":"TRSHEL30","ASSETID":"TRSHEL30","ASSETCODE":"TRSHEL","OWNER":"HRM","INSTYR":null,"INSTYRCONF":6,"MAT":"STEEL","MATCONF":3,"LOCGEN":"ROW","ASSETSTAT":"INS","ELECTRICAL":null,"AD":null,"BUSSTOPID":"BS1013","LOCATION":"Leeds St Before Rosemeade Ave (7133)","MAINTBY":"HRM","ASSETDESC":"DAYTECH BROWN","SDATE":null,"SOURCE":null,"SACC":"IN","ADDDATE":"Tue, 01 Nov 2022 17:05:45 GMT","MODDATE":"Mon, 24 Jun 2024 17:18:22 GMT","CONDITPERD":null,"CONDITEXP":null,"GLOBALID":"10c55a72-48d2-4b65-baf1-2a88ef44bdf9"}},{"type":"Feature","id":282,"geometry":{"type":"Point","coordinates":[-63.5817720388609,44.6544017813589]},"properties":{"OBJECTID":282,"SHELTERID":"TRSHEL96","ASSETID":"TRSHEL96","ASSETCODE":"TRSHEL","OWNER":"HRM","INSTYR":2005,"INSTYRCONF":2,"MAT":"STEEL","MATCONF":3,"LOCGEN":"ROW","ASSETSTAT":"OUT","ELECTRICAL":null,"AD":"N","BUSSTOPID":"BS1882","LOCATION":"Barrington St After Upper Water St (6089)","MAINTBY":"HRM","ASSETDESC":"DAYTECH BROWN","SDATE":null,"SOURCE":null,"SACC":"IN","ADDDATE":"Tue, 01 Nov 2022 17:05:45 GMT","MODDATE":"Tue, 31 Jan 2023 19:19:34 GMT","CONDITPERD":null,"CONDITEXP":null,"GLOBALID":"c5346da2-7d3a-4658-ace1-a47eac4df181"}},{"type":"Feature","id":283,"geometry":{"type":"Point","coordinates":[-63.5954524176441,44.6804744074724]},"properties":{"OBJECTID":283,"SHELTERID":"TRSHEL49","ASSETID":"TRSHEL49","ASSETCODE":"TRSHEL","OWNER":"HRM","INSTYR":2009,"INSTYRCONF":2,"MAT":"ALUM","MATCONF":3,"LOCGEN":"ROW","ASSETSTAT":"INS","ELECTRICAL":null,"AD":null,"BUSSTOPID":"BS2134","LOCATION":"Windmill Rd Before Parkstone Rd (8541)","MAINTBY":"HRM","ASSETDESC":"DAYTECH AVANTI - Shelter Bench","SDATE":null,"SOURCE":null,"SACC":"IN","ADDDATE":"Tue, 01 Nov 2022 17:05:45 GMT","MODDATE":"Mon, 24 Jun 2024 17:18:22 GMT","CONDITPERD":null,"CONDITEXP":null,"GLOBALID":"f585559e-b582-4c12-8884-22200fc1d2d8"}},{"type":"Feature","id":284,"geometry":{"type":"Point","coordinates":[-63.6429246694694,44.6629531473495]},"properties":{"OBJECTID":284,"SHELTERID":"TRSHEL263","ASSETID":"TRSHEL263","ASSETCODE":"TRSHEL","OWNER":"HRM","INSTYR":2000,"INSTYRCONF":2,"MAT":"STEEL","MATCONF":3,"LOCGEN":"ROW","ASSETSTAT":"INS","ELECTRICAL":null,"AD":null,"BUSSTOPID":"BS1720","LOCATION":"Lacewood Dr After Gateway Rd (7069)","MAINTBY":"HRM","ASSETDESC":"DAYTECH BROWN","SDATE":null,"SOURCE":null,"SACC":"IN","ADDDATE":"Tue, 01 Nov 2022 17:05:45 GMT","MODDATE":"Mon, 24 Jun 2024 17:18:22 GMT","CONDITPERD":null,"CONDITEXP":null,"GLOBALID":"26d8b0d8-85e0-4e1c-b216-8adc714cb8c7"}},{"type":"Feature","id":285,"geometry":{"type":"Point","coordinates":[-63.5790247517702,44.6955472840593]},"properties":{"OBJECTID":285,"SHELTERID":"TRSHEL242","ASSETID":"TRSHEL242","ASSETCODE":"TRSHEL","OWNER":"HRM","INSTYR":2000,"INSTYRCONF":2,"MAT":"STEEL","MATCONF":3,"LOCGEN":"ROW","ASSETSTAT":"INS","ELECTRICAL":null,"AD":"N","BUSSTOPID":"BS219","LOCATION":"Brownlow Ave At Civic 236 (6328)","MAINTBY":"HRM","ASSETDESC":"DAYTECH BROWN","SDATE":null,"SOURCE":null,"SACC":"IN","ADDDATE":"Tue, 01 Nov 2022 17:05:45 GMT","MODDATE":"Mon, 24 Jun 2024 17:18:22 GMT","CONDITPERD":null,"CONDITEXP":null,"GLOBALID":"d9c4c7fa-a7f2-4d26-a351-86fca6387cf3"}},{"type":"Feature","id":286,"geometry":{"type":"Point","coordinates":[-63.5809171211882,44.633072438707]},"properties":{"OBJECTID":286,"SHELTERID":"TRSHEL714","ASSETID":"TRSHEL714","ASSETCODE":"TRSHEL","OWNER":"HRM","INSTYR":null,"INSTYRCONF":null,"MAT":null,"MATCONF":null,"LOCGEN":"ROW","ASSETSTAT":"INS","ELECTRICAL":null,"AD":null,"BUSSTOPID":"BS629","LOCATION":"Inglis St At SMU (6965)","MAINTBY":"HRM","ASSETDESC":null,"SDATE":"Fri, 12 Jan 2024 04:00:00 GMT","SOURCE":"FAM","SACC":"IN","ADDDATE":"Mon, 15 Jan 2024 22:54:33 GMT","MODDATE":"Mon, 24 Jun 2024 17:18:22 GMT","CONDITPERD":null,"CONDITEXP":null,"GLOBALID":"816c9195-7fbb-4b95-827b-bc5c3617f4da"}},{"type":"Feature","id":287,"geometry":{"type":"Point","coordinates":[-63.5907379359638,44.6872956975322]},"properties":{"OBJECTID":287,"SHELTERID":"TRSHEL210","ASSETID":"TRSHEL210","ASSETCODE":"TRSHEL","OWNER":"HRM","INSTYR":1998,"INSTYRCONF":2,"MAT":"STEEL","MATCONF":3,"LOCGEN":"ROW","ASSETSTAT":"INS","ELECTRICAL":null,"AD":null,"BUSSTOPID":"BS913","LOCATION":"Highfield Park Dr At Civic 68 (6926)","MAINTBY":"HRM","ASSETDESC":"DAYTECH BROWN- Shelter Bench","SDATE":null,"SOURCE":null,"SACC":"IN","ADDDATE":"Tue, 01 Nov 2022 17:05:45 GMT","MODDATE":"Mon, 24 Jun 2024 17:18:22 GMT","CONDITPERD":null,"CONDITEXP":null,"GLOBALID":"f8d03b1a-2a7b-4d9d-907f-9835a0b1179a"}},{"type":"Feature","id":288,"geometry":{"type":"Point","coordinates":[-63.6086153470607,44.6315362281241]},"properties":{"OBJECTID":288,"SHELTERID":"TRSHEL764","ASSETID":"TRSHEL764","ASSETCODE":"TRSHEL","OWNER":"HRM","INSTYR":2024,"INSTYRCONF":1,"MAT":"ALUM","MATCONF":1,"LOCGEN":"ROW","ASSETSTAT":"INS","ELECTRICAL":null,"AD":null,"BUSSTOPID":"BS2198","LOCATION":"Purcells Cove Rd After Dingle Rd (8118)","MAINTBY":"HRM","ASSETDESC":"DAYTECH AVANTI","SDATE":"Wed, 06 Nov 2024 04:00:00 GMT","SOURCE":"Transit","SACC":"IN","ADDDATE":"Wed, 27 Nov 2024 16:16:59 GMT","MODDATE":"Wed, 27 Nov 2024 16:36:07 GMT","CONDITPERD":null,"CONDITEXP":null,"GLOBALID":"feb0c4d5-817e-4c26-9e84-b1d1005a8433"}},{"type":"Feature","id":289,"geometry":{"type":"Point","coordinates":[-63.5288455588886,44.6837083503284]},"properties":{"OBJECTID":289,"SHELTERID":"TRSHEL173","ASSETID":"TRSHEL173","ASSETCODE":"TRSHEL","OWNER":"HRM","INSTYR":null,"INSTYRCONF":6,"MAT":"ALUM","MATCONF":3,"LOCGEN":"ROW","ASSETSTAT":"INS","ELECTRICAL":null,"AD":null,"BUSSTOPID":"BS288","LOCATION":"Woodlawn Rd Before Main St (8598)","MAINTBY":"HRM","ASSETDESC":"DAYTECH AVANTI - Shelter Bench","SDATE":null,"SOURCE":null,"SACC":"IN","ADDDATE":"Tue, 01 Nov 2022 17:05:45 GMT","MODDATE":"Mon, 24 Jun 2024 17:18:22 GMT","CONDITPERD":null,"CONDITEXP":null,"GLOBALID":"2e6279bb-6599-433e-bf1d-e25a0c821bde"}},{"type":"Feature","id":290,"geometry":{"type":"Point","coordinates":[-63.6017771923532,44.6238380882781]},"properties":{"OBJECTID":290,"SHELTERID":"TRSHEL109","ASSETID":"TRSHEL109","ASSETCODE":"TRSHEL","OWNER":"HRM","INSTYR":null,"INSTYRCONF":6,"MAT":"ALUM","MATCONF":3,"LOCGEN":"ROW","ASSETSTAT":"INS","ELECTRICAL":null,"AD":null,"BUSSTOPID":"BS2199","LOCATION":"Purcells Cove Rd After Williams Lake Rd (8119)","MAINTBY":"HRM","ASSETDESC":"DAYTECH AVANTI - Shelter Bench","SDATE":null,"SOURCE":null,"SACC":"IN","ADDDATE":"Tue, 01 Nov 2022 17:05:45 GMT","MODDATE":"Mon, 24 Jun 2024 17:18:22 GMT","CONDITPERD":null,"CONDITEXP":null,"GLOBALID":"c26c9269-ddc9-41c7-9e2c-fa5f4a3430fc"}},{"type":"Feature","id":291,"geometry":{"type":"Point","coordinates":[-63.6976883128939,44.722767815759]},"properties":{"OBJECTID":291,"SHELTERID":"TRSHEL472","ASSETID":"TRSHEL472","ASSETCODE":"TRSHEL","OWNER":"HRM","INSTYR":2021,"INSTYRCONF":2,"MAT":null,"MATCONF":null,"LOCGEN":"ROW","ASSETSTAT":"INS","ELECTRICAL":null,"AD":null,"BUSSTOPID":"BS3487","LOCATION":"West Bedford Park and Ride Bay 1 (2234)","MAINTBY":"HRM","ASSETDESC":null,"SDATE":null,"SOURCE":null,"SACC":"IN","ADDDATE":"Tue, 01 Nov 2022 17:05:45 GMT","MODDATE":"Wed, 18 Jan 2023 21:16:49 GMT","CONDITPERD":null,"CONDITEXP":null,"GLOBALID":"820a55f5-f2a7-48da-a0ab-a815102ab40f"}},{"type":"Feature","id":292,"geometry":{"type":"Point","coordinates":[-63.5399261952732,44.6995540739373]},"properties":{"OBJECTID":292,"SHELTERID":"TRSHEL475","ASSETID":"TRSHEL475","ASSETCODE":"TRSHEL","OWNER":"HRM","INSTYR":null,"INSTYRCONF":6,"MAT":"ALUM","MATCONF":3,"LOCGEN":"ROW","ASSETSTAT":"INS","ELECTRICAL":null,"AD":null,"BUSSTOPID":"BS183","LOCATION":"Colonna Pl Before Montebello Dr (6484)","MAINTBY":"HRM","ASSETDESC":"DAYTECH AVANTI - Shelter Bench","SDATE":null,"SOURCE":null,"SACC":"IN","ADDDATE":"Tue, 01 Nov 2022 17:05:45 GMT","MODDATE":"Mon, 24 Jun 2024 17:18:22 GMT","CONDITPERD":null,"CONDITEXP":null,"GLOBALID":"12311e9e-fcb5-4fc3-907e-b144b6cb78bc"}},{"type":"Feature","id":293,"geometry":{"type":"Point","coordinates":[-63.5764101269824,44.6515052516291]},"properties":{"OBJECTID":293,"SHELTERID":"TRSHEL789","ASSETID":"TRSHEL789","ASSETCODE":"TRSHEL","OWNER":"HRM","INSTYR":2025,"INSTYRCONF":1,"MAT":"ALUM","MATCONF":1,"LOCGEN":"ROW","ASSETSTAT":"INS","ELECTRICAL":null,"AD":null,"BUSSTOPID":"BS4345","LOCATION":"Barrington St Before Duke St Bay 5 (6107)","MAINTBY":"HRM","ASSETDESC":"Cogswell Shelter","SDATE":"Fri, 14 Mar 2025 03:00:00 GMT","SOURCE":"TRANSIT","SACC":"IN","ADDDATE":"Mon, 10 Mar 2025 14:20:37 GMT","MODDATE":"Mon, 10 Mar 2025 14:23:07 GMT","CONDITPERD":null,"CONDITEXP":null,"GLOBALID":"b574a977-888e-453d-b0e0-cd0fee775439"}},{"type":"Feature","id":294,"geometry":{"type":"Point","coordinates":[-63.689748598171,44.7701653434163]},"properties":{"OBJECTID":294,"SHELTERID":"TRSHEL249","ASSETID":"TRSHEL249","ASSETCODE":"TRSHEL","OWNER":"HRM","INSTYR":null,"INSTYRCONF":6,"MAT":"ALUM","MATCONF":3,"LOCGEN":"ROW","ASSETSTAT":"INS","ELECTRICAL":null,"AD":null,"BUSSTOPID":"BS318","LOCATION":"Sackville Dr Before Riverside Dr (7337)","MAINTBY":"HRM","ASSETDESC":"DAYTECH AVANTI - Shelter Bench","SDATE":null,"SOURCE":null,"SACC":"IN","ADDDATE":"Tue, 01 Nov 2022 17:05:45 GMT","MODDATE":"Mon, 24 Jun 2024 17:18:22 GMT","CONDITPERD":null,"CONDITEXP":null,"GLOBALID":"b9d4fdef-2b9a-47e5-aeac-5332eb79b2eb"}},{"type":"Feature","id":295,"geometry":{"type":"Point","coordinates":[-63.5889987832008,44.6882269360589]},"properties":{"OBJECTID":295,"SHELTERID":"TRSHEL209","ASSETID":"TRSHEL209","ASSETCODE":"TRSHEL","OWNER":"HRM","INSTYR":2015,"INSTYRCONF":2,"MAT":"ALUM","MATCONF":3,"LOCGEN":"ROW","ASSETSTAT":"INS","ELECTRICAL":null,"AD":null,"BUSSTOPID":"BS914","LOCATION":"Highfield Park Dr After Joseph Young St (6920)","MAINTBY":"HRM","ASSETDESC":"DAYTECH AVANTI - Shelter Bench","SDATE":null,"SOURCE":null,"SACC":"IN","ADDDATE":"Tue, 01 Nov 2022 17:05:45 GMT","MODDATE":"Mon, 24 Jun 2024 17:18:22 GMT","CONDITPERD":null,"CONDITEXP":null,"GLOBALID":"cae96e5d-9e1d-4d9b-90b5-8f5340839c03"}},{"type":"Feature","id":296,"geometry":{"type":"Point","coordinates":[-63.5818535079724,44.6371277975378]},"properties":{"OBJECTID":296,"SHELTERID":"TRSHEL169","ASSETID":"TRSHEL169","ASSETCODE":"TRSHEL","OWNER":"HRM","INSTYR":2017,"INSTYRCONF":2,"MAT":"ALUM","MATCONF":2,"LOCGEN":"ROW","ASSETSTAT":"INS","ELECTRICAL":null,"AD":"N","BUSSTOPID":"BS237","LOCATION":"South St Opposite I.W.K Hospital (8303)","MAINTBY":"HRM","ASSETDESC":"DAYTECH HALF SHELTER AVANTI-ShelterBench","SDATE":null,"SOURCE":null,"SACC":"IN","ADDDATE":"Tue, 01 Nov 2022 17:05:45 GMT","MODDATE":"Mon, 24 Jun 2024 17:18:22 GMT","CONDITPERD":null,"CONDITEXP":null,"GLOBALID":"d98e1a85-56f9-491e-ad50-658dcca0d59f"}},{"type":"Feature","id":297,"geometry":{"type":"Point","coordinates":[-63.4913536859896,44.6122127352245]},"properties":{"OBJECTID":297,"SHELTERID":"TRSHEL68","ASSETID":"TRSHEL68","ASSETCODE":"TRSHEL","OWNER":"HRM","INSTYR":null,"INSTYRCONF":6,"MAT":"STEEL","MATCONF":3,"LOCGEN":"ROW","ASSETSTAT":"INS","ELECTRICAL":null,"AD":null,"BUSSTOPID":"BS2331","LOCATION":"Cow Bay Rd Opposite Disciples Way (6509)","MAINTBY":"HRM","ASSETDESC":"DAYTECH BROWN","SDATE":null,"SOURCE":null,"SACC":"IN","ADDDATE":"Tue, 01 Nov 2022 17:05:45 GMT","MODDATE":"Fri, 04 Nov 2022 15:17:35 GMT","CONDITPERD":null,"CONDITEXP":null,"GLOBALID":"eed3a3ce-344b-4a19-8c9d-555644df3af8"}},{"type":"Feature","id":298,"geometry":{"type":"Point","coordinates":[-63.5475145097183,44.6522164904379]},"properties":{"OBJECTID":298,"SHELTERID":"TRSHEL145","ASSETID":"TRSHEL145","ASSETCODE":"TRSHEL","OWNER":"HRM","INSTYR":null,"INSTYRCONF":6,"MAT":"STEEL","MATCONF":3,"LOCGEN":"ROW","ASSETSTAT":"INS","ELECTRICAL":null,"AD":null,"BUSSTOPID":"BS2293","LOCATION":"Pleasant St Before Mt Hope Ave (8017)","MAINTBY":"HRM","ASSETDESC":"DAYTECH BROWN","SDATE":null,"SOURCE":null,"SACC":"IN","ADDDATE":"Tue, 01 Nov 2022 17:05:45 GMT","MODDATE":"Mon, 24 Jun 2024 17:18:22 GMT","CONDITPERD":null,"CONDITEXP":null,"GLOBALID":"75547222-e4fa-47c1-a021-416998cfa5c9"}},{"type":"Feature","id":299,"geometry":{"type":"Point","coordinates":[-63.5715481787634,44.6662224342059]},"properties":{"OBJECTID":299,"SHELTERID":"TRSHEL291","ASSETID":"TRSHEL291","ASSETCODE":"TRSHEL","OWNER":"HRM","INSTYR":2007,"INSTYRCONF":2,"MAT":"ALUM","MATCONF":3,"LOCGEN":"ROW","ASSETSTAT":"INS","ELECTRICAL":null,"AD":"Y","BUSSTOPID":"BS729","LOCATION":"Alderney Dr After Church St (6026)","MAINTBY":"HRM","ASSETDESC":"DAYTECH AVANTI - Shelter Bench","SDATE":null,"SOURCE":null,"SACC":"IN","ADDDATE":"Tue, 01 Nov 2022 17:05:45 GMT","MODDATE":"Mon, 24 Jun 2024 17:18:22 GMT","CONDITPERD":null,"CONDITEXP":null,"GLOBALID":"1f035616-bae2-4e40-9276-99605354e3e7"}},{"type":"Feature","id":300,"geometry":{"type":"Point","coordinates":[-63.6174516262512,44.6296094695043]},"properties":{"OBJECTID":300,"SHELTERID":"TRSHEL325","ASSETID":"TRSHEL325","ASSETCODE":"TRSHEL","OWNER":"HRM","INSTYR":2007,"INSTYRCONF":2,"MAT":"ALUM","MATCONF":3,"LOCGEN":"ROW","ASSETSTAT":"INS","ELECTRICAL":null,"AD":"Y","BUSSTOPID":"BS617","LOCATION":"Herring Cove Rd After Shoreham Ln (6909)","MAINTBY":"HRM","ASSETDESC":"DAYTECH AVANTI - Shelter Bench","SDATE":null,"SOURCE":null,"SACC":"IN","ADDDATE":"Tue, 01 Nov 2022 17:05:45 GMT","MODDATE":"Mon, 24 Jun 2024 17:18:22 GMT","CONDITPERD":null,"CONDITEXP":null,"GLOBALID":"e36761c2-b0db-4d83-b2a3-4b0d3c05cf07"}},{"type":"Feature","id":301,"geometry":{"type":"Point","coordinates":[-63.6620569237119,44.7548093340943]},"properties":{"OBJECTID":301,"SHELTERID":"TRSHEL55","ASSETID":"TRSHEL55","ASSETCODE":"TRSHEL","OWNER":"HRM","INSTYR":null,"INSTYRCONF":6,"MAT":"STEEL","MATCONF":3,"LOCGEN":"ROW","ASSETSTAT":"INS","ELECTRICAL":null,"AD":null,"BUSSTOPID":"BS2073","LOCATION":"Cobequid Rd After Park Ave (6433)","MAINTBY":"HRM","ASSETDESC":"DAYTECH BROWN FLAT ROOF","SDATE":null,"SOURCE":null,"SACC":"IN","ADDDATE":"Tue, 01 Nov 2022 17:05:45 GMT","MODDATE":"Mon, 24 Jun 2024 17:18:22 GMT","CONDITPERD":null,"CONDITEXP":null,"GLOBALID":"b432d3a0-2692-4f88-81c6-7012b944029a"}},{"type":"Feature","id":302,"geometry":{"type":"Point","coordinates":[-63.6678981326086,44.7567222352174]},"properties":{"OBJECTID":302,"SHELTERID":"TRSHEL245","ASSETID":"TRSHEL245","ASSETCODE":"TRSHEL","OWNER":"HRM","INSTYR":null,"INSTYRCONF":6,"MAT":"ALUM","MATCONF":3,"LOCGEN":"ROW","ASSETSTAT":"INS","ELECTRICAL":null,"AD":null,"BUSSTOPID":"BS32","LOCATION":"Sackville Dr After Hillcrest Ave (7303)","MAINTBY":"HRM","ASSETDESC":"DAYTECH AVANTI - Shelter Bench","SDATE":null,"SOURCE":null,"SACC":"IN","ADDDATE":"Tue, 01 Nov 2022 17:05:45 GMT","MODDATE":"Mon, 24 Jun 2024 17:18:22 GMT","CONDITPERD":null,"CONDITEXP":null,"GLOBALID":"20c7e7fc-bf1d-4e4d-8748-0999b517663a"}},{"type":"Feature","id":303,"geometry":{"type":"Point","coordinates":[-63.6058794038954,44.7141984838232]},"properties":{"OBJECTID":303,"SHELTERID":"TRSHEL207","ASSETID":"TRSHEL207","ASSETCODE":"TRSHEL","OWNER":"HRM","INSTYR":null,"INSTYRCONF":6,"MAT":"STEEL","MATCONF":3,"LOCGEN":"ROW","ASSETSTAT":"DIS","ELECTRICAL":null,"AD":null,"BUSSTOPID":"BS893","LOCATION":"Topple Dr At Civic 21 (8398)","MAINTBY":"HRM","ASSETDESC":"DAYTECH BROWN FLAT ROOF-Shelter Bench","SDATE":null,"SOURCE":null,"SACC":"IN","ADDDATE":"Tue, 01 Nov 2022 17:05:45 GMT","MODDATE":"Tue, 21 Nov 2023 19:39:45 GMT","CONDITPERD":null,"CONDITEXP":null,"GLOBALID":"9e0149d5-6c33-48a6-9612-6d1ea6917920"}},{"type":"Feature","id":304,"geometry":{"type":"Point","coordinates":[-63.5609587887869,44.6854675724472]},"properties":{"OBJECTID":304,"SHELTERID":"TRSHEL164","ASSETID":"TRSHEL164","ASSETCODE":"TRSHEL","OWNER":"HRM","INSTYR":2005,"INSTYRCONF":2,"MAT":"ALUM","MATCONF":4,"LOCGEN":"ROW","ASSETSTAT":"INS","ELECTRICAL":null,"AD":"N","BUSSTOPID":"BS2672","LOCATION":"Micmac Terminal Bay 1 (8171)","MAINTBY":"HRM","ASSETDESC":"MOUNTAIN MFG","SDATE":null,"SOURCE":null,"SACC":"IN","ADDDATE":"Tue, 01 Nov 2022 17:05:45 GMT","MODDATE":"Fri, 04 Nov 2022 15:17:35 GMT","CONDITPERD":null,"CONDITEXP":null,"GLOBALID":"adc03d48-d862-4813-aa30-befa56168899"}},{"type":"Feature","id":305,"geometry":{"type":"Point","coordinates":[-63.5378151283044,44.6998612831236]},"properties":{"OBJECTID":305,"SHELTERID":"TRSHEL405","ASSETID":"TRSHEL405","ASSETCODE":"TRSHEL","OWNER":"HRM","INSTYR":2004,"INSTYRCONF":2,"MAT":"ALUM","MATCONF":3,"LOCGEN":"ROW","ASSETSTAT":"INS","ELECTRICAL":null,"AD":null,"BUSSTOPID":"BS536","LOCATION":"Caledonia Rd After Montebello Dr (6361)","MAINTBY":"HRM","ASSETDESC":"DAYTECH AVANTI - Shelter Bench","SDATE":null,"SOURCE":null,"SACC":"IN","ADDDATE":"Tue, 01 Nov 2022 17:05:45 GMT","MODDATE":"Mon, 24 Jun 2024 17:18:22 GMT","CONDITPERD":null,"CONDITEXP":null,"GLOBALID":"1484f155-7ab6-4342-b665-dcbdd9973942"}},{"type":"Feature","id":306,"geometry":{"type":"Point","coordinates":[-63.6581259840634,44.6658254845451]},"properties":{"OBJECTID":306,"SHELTERID":"TRSHEL339","ASSETID":"TRSHEL339","ASSETCODE":"TRSHEL","OWNER":"HRM","INSTYR":1999,"INSTYRCONF":2,"MAT":"STEEL","MATCONF":3,"LOCGEN":"ROW","ASSETSTAT":"INS","ELECTRICAL":null,"AD":null,"BUSSTOPID":"BS2274","LOCATION":"Dunbrack St After Radcliffe Dr (6599)","MAINTBY":"HRM","ASSETDESC":"DAYTECH BROWN","SDATE":null,"SOURCE":null,"SACC":"IN","ADDDATE":"Tue, 01 Nov 2022 17:05:45 GMT","MODDATE":"Mon, 24 Jun 2024 17:18:22 GMT","CONDITPERD":null,"CONDITEXP":null,"GLOBALID":"7b239ff1-0be0-4393-9edc-0cfc284ddb70"}},{"type":"Feature","id":307,"geometry":{"type":"Point","coordinates":[-63.6686660879719,44.6588638788728]},"properties":{"OBJECTID":307,"SHELTERID":"TRSHEL266","ASSETID":"TRSHEL266","ASSETCODE":"TRSHEL","OWNER":"HRM","INSTYR":null,"INSTYRCONF":6,"MAT":"ALUM","MATCONF":3,"LOCGEN":"ROW","ASSETSTAT":"INS","ELECTRICAL":null,"AD":null,"BUSSTOPID":"BS1731","LOCATION":"Lacewood Dr After Parkland Dr (7081)","MAINTBY":"HRM","ASSETDESC":"DAYTECH AVANTI - Shelter Bench","SDATE":null,"SOURCE":null,"SACC":"IN","ADDDATE":"Tue, 01 Nov 2022 17:05:45 GMT","MODDATE":"Mon, 24 Jun 2024 17:18:22 GMT","CONDITPERD":null,"CONDITEXP":null,"GLOBALID":"27150ffa-b99b-4cfc-bfac-8c3b93803818"}},{"type":"Feature","id":308,"geometry":{"type":"Point","coordinates":[-63.4760723440802,44.6115676850609]},"properties":{"OBJECTID":308,"SHELTERID":"TRSHEL69","ASSETID":"TRSHEL69","ASSETCODE":"TRSHEL","OWNER":"HRM","INSTYR":null,"INSTYRCONF":6,"MAT":"STEEL","MATCONF":3,"LOCGEN":"ROW","ASSETSTAT":"INS","ELECTRICAL":null,"AD":null,"BUSSTOPID":"BS2332","LOCATION":"Cow Bay Rd After Oceanlea Dr (6510)","MAINTBY":"HRM","ASSETDESC":"DAYTECH BROWN","SDATE":null,"SOURCE":null,"SACC":"IN","ADDDATE":"Tue, 01 Nov 2022 17:05:45 GMT","MODDATE":"Fri, 04 Nov 2022 15:17:35 GMT","CONDITPERD":null,"CONDITEXP":null,"GLOBALID":"96a0abd4-c416-49ae-80cb-b5ef77e0de1b"}},{"type":"Feature","id":309,"geometry":{"type":"Point","coordinates":[-63.585761876551,44.6386416243181]},"properties":{"OBJECTID":309,"SHELTERID":"TRSHEL407","ASSETID":"TRSHEL407","ASSETCODE":"TRSHEL","OWNER":"HRM","INSTYR":2011,"INSTYRCONF":2,"MAT":"ALUM","MATCONF":3,"LOCGEN":"ROW","ASSETSTAT":"INS","ELECTRICAL":null,"AD":null,"BUSSTOPID":"BS544","LOCATION":"Robie St After University Ave (8187)","MAINTBY":"HRM","ASSETDESC":"DAYTECH AVANTI - Shelter Bench","SDATE":null,"SOURCE":null,"SACC":"IN","ADDDATE":"Tue, 01 Nov 2022 17:05:45 GMT","MODDATE":"Mon, 24 Jun 2024 17:18:22 GMT","CONDITPERD":null,"CONDITEXP":null,"GLOBALID":"b49a83e7-4c4f-4302-983c-70d790a17089"}},{"type":"Feature","id":310,"geometry":{"type":"Point","coordinates":[-63.5056520472978,44.6696759569259]},"properties":{"OBJECTID":310,"SHELTERID":"TRSHEL81","ASSETID":"TRSHEL81","ASSETCODE":"TRSHEL","OWNER":"HRM","INSTYR":2005,"INSTYRCONF":2,"MAT":"ALUM","MATCONF":3,"LOCGEN":"ROW","ASSETSTAT":"INS","ELECTRICAL":null,"AD":"N","BUSSTOPID":"BS2624","LOCATION":"Portland Hills Terminal  Bay 5 (8953)","MAINTBY":"HRM","ASSETDESC":"MOUNTAIN MFG- Shelter Bench","SDATE":"Mon, 21 Dec 2015 04:00:00 GMT","SOURCE":"TRANSIT","SACC":"DV","ADDDATE":"Tue, 01 Nov 2022 17:05:45 GMT","MODDATE":"Fri, 04 Nov 2022 15:17:35 GMT","CONDITPERD":null,"CONDITEXP":null,"GLOBALID":"fedc3e58-cabc-442b-9ee3-e5a2640156d0"}},{"type":"Feature","id":311,"geometry":{"type":"Point","coordinates":[-63.5764469929433,44.6515308247519]},"properties":{"OBJECTID":311,"SHELTERID":"TRSHEL788","ASSETID":"TRSHEL788","ASSETCODE":"TRSHEL","OWNER":"HRM","INSTYR":2025,"INSTYRCONF":1,"MAT":"ALUM","MATCONF":1,"LOCGEN":"ROW","ASSETSTAT":"INS","ELECTRICAL":null,"AD":null,"BUSSTOPID":"BS4345","LOCATION":"Barrington St Before Duke St Bay 5 (6107)","MAINTBY":"HRM","ASSETDESC":"Cogswell Shelter","SDATE":"Fri, 14 Mar 2025 03:00:00 GMT","SOURCE":"TRANSIT","SACC":"IN","ADDDATE":"Mon, 10 Mar 2025 14:20:37 GMT","MODDATE":"Mon, 10 Mar 2025 14:23:07 GMT","CONDITPERD":null,"CONDITEXP":null,"GLOBALID":"ded978e2-6044-46ff-b258-c42198c0e638"}},{"type":"Feature","id":312,"geometry":{"type":"Point","coordinates":[-63.5293426227865,44.6711153175738]},"properties":{"OBJECTID":312,"SHELTERID":"TRSHEL79","ASSETID":"TRSHEL79","ASSETCODE":"TRSHEL","OWNER":"HRM","INSTYR":null,"INSTYRCONF":6,"MAT":"ALUM","MATCONF":3,"LOCGEN":"ROW","ASSETSTAT":"INS","ELECTRICAL":null,"AD":null,"BUSSTOPID":"BS1874","LOCATION":"Portland St After Settle St (8045)","MAINTBY":"HRM","ASSETDESC":"DAYTECH AVANTI - Shelter Bench","SDATE":null,"SOURCE":null,"SACC":"IN","ADDDATE":"Tue, 01 Nov 2022 17:05:45 GMT","MODDATE":"Mon, 24 Jun 2024 17:18:22 GMT","CONDITPERD":null,"CONDITEXP":null,"GLOBALID":"2349cb76-8092-4773-a6c8-a9569da95947"}},{"type":"Feature","id":313,"geometry":{"type":"Point","coordinates":[-63.6771307107733,44.6357416694301]},"properties":{"OBJECTID":313,"SHELTERID":"TRSHEL256","ASSETID":"TRSHEL256","ASSETCODE":"TRSHEL","OWNER":"HRM","INSTYR":2024,"INSTYRCONF":2,"MAT":"ALUM","MATCONF":4,"LOCGEN":"ROW","ASSETSTAT":"INS","ELECTRICAL":null,"AD":null,"BUSSTOPID":"BS456","LOCATION":"St Margarets Bay Rd Before Sheppards Run (6157)","MAINTBY":"HRM","ASSETDESC":"DAYTECH AVANTI","SDATE":null,"SOURCE":null,"SACC":"IN","ADDDATE":"Tue, 01 Nov 2022 17:05:45 GMT","MODDATE":"Wed, 27 Nov 2024 16:39:16 GMT","CONDITPERD":null,"CONDITEXP":null,"GLOBALID":"e995dd42-02fa-4884-8cc5-6b32e22ec7be"}},{"type":"Feature","id":314,"geometry":{"type":"Point","coordinates":[-63.6195899660721,44.637155549051]},"properties":{"OBJECTID":314,"SHELTERID":"TRSHEL355","ASSETID":"TRSHEL355","ASSETCODE":"TRSHEL","OWNER":"HRM","INSTYR":2005,"INSTYRCONF":2,"MAT":"STEEL","MATCONF":3,"LOCGEN":"ROW","ASSETSTAT":"INS","ELECTRICAL":null,"AD":null,"BUSSTOPID":"BS2504","LOCATION":"Purcells Cove Rd After Anchor Dr (8086)","MAINTBY":"HRM","ASSETDESC":"DAYTECH BROWN- Shelter Bench","SDATE":null,"SOURCE":null,"SACC":"IN","ADDDATE":"Tue, 01 Nov 2022 17:05:45 GMT","MODDATE":"Mon, 24 Jun 2024 17:18:22 GMT","CONDITPERD":null,"CONDITEXP":null,"GLOBALID":"a43c25ea-c6c8-4549-a4aa-ade85cf970f4"}},{"type":"Feature","id":315,"geometry":{"type":"Point","coordinates":[-63.5958117608257,44.6378163993326]},"properties":{"OBJECTID":315,"SHELTERID":"TRSHEL77","ASSETID":"TRSHEL77","ASSETCODE":"TRSHEL","OWNER":"HRM","INSTYR":null,"INSTYRCONF":6,"MAT":"ALUM","MATCONF":3,"LOCGEN":"ROW","ASSETSTAT":"INS","ELECTRICAL":null,"AD":null,"BUSSTOPID":"BS1865","LOCATION":"Coburg Rd After Oxford St (6453)","MAINTBY":"HRM","ASSETDESC":"DAYTECH AVANTI - Shelter Bench","SDATE":null,"SOURCE":null,"SACC":"IN","ADDDATE":"Tue, 01 Nov 2022 17:05:45 GMT","MODDATE":"Mon, 24 Jun 2024 17:18:22 GMT","CONDITPERD":null,"CONDITEXP":null,"GLOBALID":"e25af0be-b48a-4a20-b202-0243698d11b2"}},{"type":"Feature","id":316,"geometry":{"type":"Point","coordinates":[-63.5886111376978,44.6555418426101]},"properties":{"OBJECTID":316,"SHELTERID":"TRSHEL367","ASSETID":"TRSHEL367","ASSETCODE":"TRSHEL","OWNER":"HRM","INSTYR":2007,"INSTYRCONF":2,"MAT":"ALUM","MATCONF":3,"LOCGEN":"ROW","ASSETSTAT":"INS","ELECTRICAL":null,"AD":null,"BUSSTOPID":"BS305","LOCATION":"Gottingen St After Charles St (6774)","MAINTBY":"HRM","ASSETDESC":"DAYTECH AVANTI - Shelter Bench","SDATE":null,"SOURCE":null,"SACC":"IN","ADDDATE":"Tue, 01 Nov 2022 17:05:45 GMT","MODDATE":"Mon, 24 Jun 2024 17:18:22 GMT","CONDITPERD":null,"CONDITEXP":null,"GLOBALID":"60cdb79b-f364-43b7-87df-0e92f6cbd7ff"}},{"type":"Feature","id":317,"geometry":{"type":"Point","coordinates":[-63.6174601656363,44.6559407324211]},"properties":{"OBJECTID":317,"SHELTERID":"TRSHEL65","ASSETID":"TRSHEL65","ASSETCODE":"TRSHEL","OWNER":"HRM","INSTYR":null,"INSTYRCONF":6,"MAT":"STEEL","MATCONF":4,"LOCGEN":"ROW","ASSETSTAT":"INS","ELECTRICAL":null,"AD":null,"BUSSTOPID":"BS2316","LOCATION":"Connaught Ave After Regent Rd (6493)","MAINTBY":"HRM","ASSETDESC":"DAYTECH HALF SHELTER-ShelterBench","SDATE":null,"SOURCE":null,"SACC":"IN","ADDDATE":"Tue, 01 Nov 2022 17:05:45 GMT","MODDATE":"Mon, 24 Jun 2024 17:18:22 GMT","CONDITPERD":null,"CONDITEXP":null,"GLOBALID":"07444ca2-90cf-466c-85bf-669236a0075d"}},{"type":"Feature","id":318,"geometry":{"type":"Point","coordinates":[-63.6608726944357,44.6960135451135]},"properties":{"OBJECTID":318,"SHELTERID":"TRSHEL391","ASSETID":"TRSHEL391","ASSETCODE":"TRSHEL","OWNER":"PRIV","INSTYR":2000,"INSTYRCONF":6,"MAT":null,"MATCONF":6,"LOCGEN":"ROW","ASSETSTAT":"INS","ELECTRICAL":null,"AD":null,"BUSSTOPID":"BS769","LOCATION":"Bedford Hwy After Shaunslieve Dr (6234)","MAINTBY":"PRIV","ASSETDESC":"Privately Owned Shelter - Do Not Inspect","SDATE":"Mon, 21 Dec 2015 04:00:00 GMT","SOURCE":"TRANSIT","SACC":"IN","ADDDATE":"Tue, 01 Nov 2022 17:05:45 GMT","MODDATE":"Fri, 04 Nov 2022 15:17:35 GMT","CONDITPERD":null,"CONDITEXP":null,"GLOBALID":"301ce63e-ddb4-46a3-ac8b-e6bb6b217fbe"}},{"type":"Feature","id":319,"geometry":{"type":"Point","coordinates":[-63.5849619752995,44.6381766536038]},"properties":{"OBJECTID":319,"SHELTERID":"TRSHEL678","ASSETID":"TRSHEL678","ASSETCODE":"TRSHEL","OWNER":"HRM","INSTYR":2019,"INSTYRCONF":2,"MAT":"CONC","MATCONF":2,"LOCGEN":"ROW","ASSETSTAT":"INS","ELECTRICAL":null,"AD":"Y","BUSSTOPID":"BS1380","LOCATION":"University Ave After Robie St (8883)","MAINTBY":"HRM","ASSETDESC":"DAYTECH AVANTI","SDATE":null,"SOURCE":null,"SACC":"IN","ADDDATE":"Wed, 08 Nov 2023 17:59:30 GMT","MODDATE":"Mon, 24 Jun 2024 17:18:22 GMT","CONDITPERD":null,"CONDITEXP":null,"GLOBALID":"344f44f0-297d-4b86-b068-279f5cf28ce4"}},{"type":"Feature","id":320,"geometry":{"type":"Point","coordinates":[-63.5945132847101,44.6382517976748]},"properties":{"OBJECTID":320,"SHELTERID":"TRSHEL171","ASSETID":"TRSHEL171","ASSETCODE":"TRSHEL","OWNER":"HRM","INSTYR":null,"INSTYRCONF":6,"MAT":"STEEL","MATCONF":4,"LOCGEN":"ROW","ASSETSTAT":"INS","ELECTRICAL":null,"AD":null,"BUSSTOPID":"BS1863","LOCATION":"Coburg Rd Before Lilac St (6451)","MAINTBY":"HRM","ASSETDESC":"DAYTECH HALF SHELTER-ShelterBench","SDATE":null,"SOURCE":null,"SACC":"IN","ADDDATE":"Tue, 01 Nov 2022 17:05:45 GMT","MODDATE":"Mon, 24 Jun 2024 17:18:22 GMT","CONDITPERD":null,"CONDITEXP":null,"GLOBALID":"e4ec8a50-761b-40b4-b3b8-9be298629c88"}},{"type":"Feature","id":321,"geometry":{"type":"Point","coordinates":[-63.6669346391607,44.7084004985827]},"properties":{"OBJECTID":321,"SHELTERID":"TRSHEL380","ASSETID":"TRSHEL380","ASSETCODE":"TRSHEL","OWNER":"HRM","INSTYR":null,"INSTYRCONF":6,"MAT":"ALUM","MATCONF":3,"LOCGEN":"ROW","ASSETSTAT":"INS","ELECTRICAL":null,"AD":null,"BUSSTOPID":"BS2386","LOCATION":"Bedford Hwy At Millview Ave (6258)","MAINTBY":"HRM","ASSETDESC":"DAYTECH AVANTI - Shelter Bench","SDATE":null,"SOURCE":null,"SACC":"IN","ADDDATE":"Tue, 01 Nov 2022 17:05:45 GMT","MODDATE":"Mon, 24 Jun 2024 17:18:22 GMT","CONDITPERD":null,"CONDITEXP":null,"GLOBALID":"8c463800-d173-45c7-a8e1-f3fcf40f164b"}},{"type":"Feature","id":322,"geometry":{"type":"Point","coordinates":[-63.5753829896932,44.6496009364646]},"properties":{"OBJECTID":322,"SHELTERID":"TRSHEL783","ASSETID":"TRSHEL783","ASSETCODE":"TRSHEL","OWNER":"HRM","INSTYR":2025,"INSTYRCONF":1,"MAT":"ALUM","MATCONF":1,"LOCGEN":"ROW","ASSETSTAT":"INS","ELECTRICAL":null,"AD":null,"BUSSTOPID":"BS2695","LOCATION":"Barrington St Before\r\nDuke St Bay 5 (6107)","MAINTBY":"HRM","ASSETDESC":"Cogswell Shelter","SDATE":"Wed, 05 Mar 2025 04:00:00 GMT","SOURCE":"TRANSIT","SACC":"IN","ADDDATE":"Thu, 06 Mar 2025 19:09:23 GMT","MODDATE":"Thu, 06 Mar 2025 19:14:28 GMT","CONDITPERD":null,"CONDITEXP":null,"GLOBALID":"322785ce-235e-4773-83ee-e279a73f9576"}},{"type":"Feature","id":323,"geometry":{"type":"Point","coordinates":[-63.5895892018196,44.6581754649199]},"properties":{"OBJECTID":323,"SHELTERID":"TRSHEL259","ASSETID":"TRSHEL259","ASSETCODE":"TRSHEL","OWNER":"HRM","INSTYR":1998,"INSTYRCONF":2,"MAT":"STEEL","MATCONF":4,"LOCGEN":"ROW","ASSETSTAT":"INS","ELECTRICAL":null,"AD":"N","BUSSTOPID":"BS332","LOCATION":"North St Before Brunswick St (7351)","MAINTBY":"HRM","ASSETDESC":"DAYTECH HALF SHELTER","SDATE":null,"SOURCE":null,"SACC":"IN","ADDDATE":"Tue, 01 Nov 2022 17:05:45 GMT","MODDATE":"Mon, 24 Jun 2024 17:18:22 GMT","CONDITPERD":null,"CONDITEXP":null,"GLOBALID":"f874e06d-e3ec-4f2d-adee-6b04f5b66e7a"}},{"type":"Feature","id":324,"geometry":{"type":"Point","coordinates":[-63.5015224667839,44.671224184836]},"properties":{"OBJECTID":324,"SHELTERID":"TRSHEL239","ASSETID":"TRSHEL239","ASSETCODE":"TRSHEL","OWNER":"HRM","INSTYR":null,"INSTYRCONF":6,"MAT":"STEEL","MATCONF":3,"LOCGEN":"ROW","ASSETSTAT":"INS","ELECTRICAL":null,"AD":null,"BUSSTOPID":"BS180","LOCATION":"Cole Harbour Rd Before Dorothea Dr (6481)","MAINTBY":"HRM","ASSETDESC":"DAYTECH BROWN FLAT ROOF","SDATE":null,"SOURCE":null,"SACC":"IN","ADDDATE":"Tue, 01 Nov 2022 17:05:45 GMT","MODDATE":"Mon, 24 Jun 2024 17:18:22 GMT","CONDITPERD":null,"CONDITEXP":null,"GLOBALID":"7b1add43-46b6-45c0-a9d6-889514956535"}},{"type":"Feature","id":325,"geometry":{"type":"Point","coordinates":[-63.5900294751234,44.6461731220434]},"properties":{"OBJECTID":325,"SHELTERID":"TRSHEL141","ASSETID":"TRSHEL141","ASSETCODE":"TRSHEL","OWNER":"HRM","INSTYR":2004,"INSTYRCONF":2,"MAT":"STEEL","MATCONF":3,"LOCGEN":"ROW","ASSETSTAT":"INS","ELECTRICAL":null,"AD":null,"BUSSTOPID":"BS1172","LOCATION":"Robie St After Pepperell St (8183)","MAINTBY":"HRM","ASSETDESC":"DAYTECH BROWN- Shelter Bench","SDATE":null,"SOURCE":null,"SACC":"IN","ADDDATE":"Tue, 01 Nov 2022 17:05:45 GMT","MODDATE":"Mon, 24 Jun 2024 17:18:22 GMT","CONDITPERD":null,"CONDITEXP":null,"GLOBALID":"08b493f0-cc57-4889-98f3-ae3162ea4477"}},{"type":"Feature","id":326,"geometry":{"type":"Point","coordinates":[-63.6084844706086,44.6636708669083]},"properties":{"OBJECTID":326,"SHELTERID":"TRSHEL371","ASSETID":"TRSHEL371","ASSETCODE":"TRSHEL","OWNER":"HRM","INSTYR":null,"INSTYRCONF":6,"MAT":"STEEL","MATCONF":3,"LOCGEN":"ROW","ASSETSTAT":"DIS","ELECTRICAL":null,"AD":null,"BUSSTOPID":"BS753","LOCATION":"Robie St Before Cabot St (8203)","MAINTBY":"HRM","ASSETDESC":"DAYTECH BROWN FLAT ROOF","SDATE":null,"SOURCE":null,"SACC":"IN","ADDDATE":"Tue, 01 Nov 2022 17:05:45 GMT","MODDATE":"Wed, 27 Nov 2024 16:22:56 GMT","CONDITPERD":null,"CONDITEXP":null,"GLOBALID":"c75ccd8a-6daa-4d7f-af1b-2777edc2c612"}},{"type":"Feature","id":327,"geometry":{"type":"Point","coordinates":[-63.5653903316953,44.7026889131099]},"properties":{"OBJECTID":327,"SHELTERID":"TRSHEL467","ASSETID":"TRSHEL467","ASSETCODE":"TRSHEL","OWNER":"HRM","INSTYR":2021,"INSTYRCONF":2,"MAT":null,"MATCONF":null,"LOCGEN":"ROW","ASSETSTAT":"INS","ELECTRICAL":null,"AD":null,"BUSSTOPID":"BS2717","LOCATION":"Countryview Dr Before McClure Cl (6841)","MAINTBY":"HRM","ASSETDESC":null,"SDATE":null,"SOURCE":null,"SACC":"IN","ADDDATE":"Tue, 01 Nov 2022 17:05:45 GMT","MODDATE":"Mon, 24 Jun 2024 17:18:22 GMT","CONDITPERD":null,"CONDITEXP":null,"GLOBALID":"6eadd84c-f554-41bc-9bac-dbf8ae191fbd"}},{"type":"Feature","id":328,"geometry":{"type":"Point","coordinates":[-63.6639262486478,44.6604510467935]},"properties":{"OBJECTID":328,"SHELTERID":"TRSHEL450","ASSETID":"TRSHEL450","ASSETCODE":"TRSHEL","OWNER":"HRM","INSTYR":2015,"INSTYRCONF":2,"MAT":"ALUM","MATCONF":3,"LOCGEN":"ROW","ASSETSTAT":"INS","ELECTRICAL":null,"AD":null,"BUSSTOPID":"BS2611","LOCATION":"Lacewood Terminal Bay 7 (9107)","MAINTBY":"HRM","ASSETDESC":"DAYTECH LARGE - Shelter Bench","SDATE":null,"SOURCE":null,"SACC":"IN","ADDDATE":"Tue, 01 Nov 2022 17:05:45 GMT","MODDATE":"Fri, 04 Nov 2022 15:17:35 GMT","CONDITPERD":null,"CONDITEXP":null,"GLOBALID":"15a9856f-a7d7-45ea-b682-85029b4d80a5"}},{"type":"Feature","id":329,"geometry":{"type":"Point","coordinates":[-63.6843948214356,44.7795840739295]},"properties":{"OBJECTID":329,"SHELTERID":"TRSHEL417","ASSETID":"TRSHEL417","ASSETCODE":"TRSHEL","OWNER":"HRM","INSTYR":null,"INSTYRCONF":6,"MAT":"STEEL","MATCONF":3,"LOCGEN":"ROW","ASSETSTAT":"INS","ELECTRICAL":null,"AD":null,"BUSSTOPID":"BS417","LOCATION":"Glendale Dr At Rankin Dr (6758)","MAINTBY":"HRM","ASSETDESC":"DAYTECH BROWN","SDATE":null,"SOURCE":null,"SACC":"IN","ADDDATE":"Tue, 01 Nov 2022 17:05:45 GMT","MODDATE":"Mon, 24 Jun 2024 17:18:22 GMT","CONDITPERD":null,"CONDITEXP":null,"GLOBALID":"bd9079df-18ba-4f25-be5b-d3ddcbf855c4"}},{"type":"Feature","id":330,"geometry":{"type":"Point","coordinates":[-63.6441950813172,44.6512922255502]},"properties":{"OBJECTID":330,"SHELTERID":"TRSHEL521","ASSETID":"TRSHEL521","ASSETCODE":"TRSHEL","OWNER":"HRM","INSTYR":2022,"INSTYRCONF":2,"MAT":"ALUM","MATCONF":2,"LOCGEN":"ROW","ASSETSTAT":"INS","ELECTRICAL":null,"AD":null,"BUSSTOPID":"BS3502","LOCATION":"Willett St After Frederick Ave (2299) ","MAINTBY":"HRM","ASSETDESC":null,"SDATE":"Tue, 06 Dec 2022 04:00:00 GMT","SOURCE":"TRANSIT","SACC":"IN","ADDDATE":"Fri, 09 Dec 2022 16:58:13 GMT","MODDATE":"Mon, 24 Jun 2024 17:18:22 GMT","CONDITPERD":null,"CONDITEXP":null,"GLOBALID":"03bfa4de-5f28-4e55-aa47-0cfcd69ea1f7"}},{"type":"Feature","id":331,"geometry":{"type":"Point","coordinates":[-63.5757220812551,44.6507152016461]},"properties":{"OBJECTID":331,"SHELTERID":"TRSHEL781","ASSETID":"TRSHEL781","ASSETCODE":"TRSHEL","OWNER":"HRM","INSTYR":2025,"INSTYRCONF":1,"MAT":"ALUM","MATCONF":1,"LOCGEN":"ROW","ASSETSTAT":"INS","ELECTRICAL":null,"AD":null,"BUSSTOPID":"BS1880","LOCATION":"Barrington St Before\r\nDuke St Bay 5 (6107)","MAINTBY":"HRM","ASSETDESC":"Cogswell Shelter","SDATE":"Mon, 03 Mar 2025 04:00:00 GMT","SOURCE":"TRANSIT","SACC":"IN","ADDDATE":"Thu, 06 Mar 2025 18:56:09 GMT","MODDATE":"Thu, 06 Mar 2025 18:58:44 GMT","CONDITPERD":null,"CONDITEXP":null,"GLOBALID":"cfac0016-509d-4c4a-9181-82c007dc4976"}},{"type":"Feature","id":332,"geometry":{"type":"Point","coordinates":[-63.6444899892418,44.6731471895386]},"properties":{"OBJECTID":332,"SHELTERID":"TRSHEL434","ASSETID":"TRSHEL434","ASSETCODE":"TRSHEL","OWNER":"HRM","INSTYR":2007,"INSTYRCONF":2,"MAT":"STEEL","MATCONF":3,"LOCGEN":"ROW","ASSETSTAT":"INS","ELECTRICAL":null,"AD":"N","BUSSTOPID":"BS573","LOCATION":"Bedford Hwy Opposite MSVU (6219)","MAINTBY":"HRM","ASSETDESC":"DAYTECH BROWN","SDATE":null,"SOURCE":null,"SACC":"IN","ADDDATE":"Tue, 01 Nov 2022 17:05:45 GMT","MODDATE":"Mon, 24 Jun 2024 17:18:22 GMT","CONDITPERD":null,"CONDITEXP":null,"GLOBALID":"73f646e9-efa5-488b-99c5-26eccb43774b"}},{"type":"Feature","id":333,"geometry":{"type":"Point","coordinates":[-63.6122430487068,44.6717367009782]},"properties":{"OBJECTID":333,"SHELTERID":"TRSHEL27","ASSETID":"TRSHEL27","ASSETCODE":"TRSHEL","OWNER":"HRM","INSTYR":null,"INSTYRCONF":6,"MAT":"STEEL","MATCONF":3,"LOCGEN":"ROW","ASSETSTAT":"INS","ELECTRICAL":null,"AD":null,"BUSSTOPID":"BS1995","LOCATION":"Novalea Dr Opposite Samuel Prince Manor (7378)","MAINTBY":"HRM","ASSETDESC":"DAYTECH BROWN- Shelter Bench","SDATE":null,"SOURCE":null,"SACC":"IN","ADDDATE":"Tue, 01 Nov 2022 17:05:45 GMT","MODDATE":"Mon, 24 Jun 2024 17:18:22 GMT","CONDITPERD":null,"CONDITEXP":null,"GLOBALID":"3773c40a-abec-4d64-adb4-a3a298c95fd7"}},{"type":"Feature","id":334,"geometry":{"type":"Point","coordinates":[-63.5754567162253,44.6497702579093]},"properties":{"OBJECTID":334,"SHELTERID":"TRSHEL785","ASSETID":"TRSHEL785","ASSETCODE":"TRSHEL","OWNER":"HRM","INSTYR":2025,"INSTYRCONF":1,"MAT":"ALUM","MATCONF":1,"LOCGEN":"ROW","ASSETSTAT":"INS","ELECTRICAL":null,"AD":null,"BUSSTOPID":"BS2695","LOCATION":"Barrington St Before\r\nDuke St Bay 5 (6107)","MAINTBY":"HRM","ASSETDESC":"Heated Cogswell Shelter","SDATE":"Wed, 05 Mar 2025 04:00:00 GMT","SOURCE":"TRANSIT","SACC":"IN","ADDDATE":"Thu, 06 Mar 2025 19:09:23 GMT","MODDATE":"Thu, 06 Mar 2025 19:14:28 GMT","CONDITPERD":null,"CONDITEXP":null,"GLOBALID":"ef8477b3-ccca-4e17-baa7-713bdc4ae222"}},{"type":"Feature","id":335,"geometry":{"type":"Point","coordinates":[-63.6125084909918,44.7038185943119]},"properties":{"OBJECTID":335,"SHELTERID":"TRSHEL29","ASSETID":"TRSHEL29","ASSETCODE":"TRSHEL","OWNER":"HRM","INSTYR":2007,"INSTYRCONF":2,"MAT":"ALUM","MATCONF":3,"LOCGEN":"ROW","ASSETSTAT":"INS","ELECTRICAL":null,"AD":"N","BUSSTOPID":"BS1926","LOCATION":"Windmill Rd After Akerley Blvd (8508)","MAINTBY":"HRM","ASSETDESC":"DAYTECH AVANTI - Shelter Bench","SDATE":null,"SOURCE":null,"SACC":"IN","ADDDATE":"Tue, 01 Nov 2022 17:05:45 GMT","MODDATE":"Mon, 24 Jun 2024 17:18:22 GMT","CONDITPERD":null,"CONDITEXP":null,"GLOBALID":"2f3f9600-a75e-49c3-bca8-bbb17d83d345"}},{"type":"Feature","id":336,"geometry":{"type":"Point","coordinates":[-63.5645020901188,44.6729481258111]},"properties":{"OBJECTID":336,"SHELTERID":"TRSHEL149","ASSETID":"TRSHEL149","ASSETCODE":"TRSHEL","OWNER":"HRM","INSTYR":2005,"INSTYRCONF":2,"MAT":"ALUM","MATCONF":4,"LOCGEN":"ROW","ASSETSTAT":"INS","ELECTRICAL":null,"AD":null,"BUSSTOPID":"BS1961","LOCATION":"Crichton Ave Before Dahlia St (6535)","MAINTBY":"HRM","ASSETDESC":"MOUNTAIN MFG-Shelter Bench","SDATE":null,"SOURCE":null,"SACC":"IN","ADDDATE":"Tue, 01 Nov 2022 17:05:45 GMT","MODDATE":"Mon, 24 Jun 2024 17:18:22 GMT","CONDITPERD":null,"CONDITEXP":null,"GLOBALID":"8cd7c827-e67b-406d-926f-65ebd6a3ef64"}},{"type":"Feature","id":337,"geometry":{"type":"Point","coordinates":[-63.6563676343027,44.660260523252]},"properties":{"OBJECTID":337,"SHELTERID":"TRSHEL90","ASSETID":"TRSHEL90","ASSETCODE":"TRSHEL","OWNER":"HRM","INSTYR":2005,"INSTYRCONF":2,"MAT":"STEEL","MATCONF":3,"LOCGEN":"ROW","ASSETSTAT":"INS","ELECTRICAL":null,"AD":null,"BUSSTOPID":"BS1465","LOCATION":"Willett St After Chadwick Pl (8488)","MAINTBY":"HRM","ASSETDESC":"DAYTECH BROWN- Shelter Bench","SDATE":null,"SOURCE":null,"SACC":"IN","ADDDATE":"Tue, 01 Nov 2022 17:05:45 GMT","MODDATE":"Mon, 24 Jun 2024 17:18:22 GMT","CONDITPERD":null,"CONDITEXP":null,"GLOBALID":"5543b7f7-825d-42dd-960f-ce01dd93e2cd"}},{"type":"Feature","id":338,"geometry":{"type":"Point","coordinates":[-63.591263054248,44.6575453174381]},"properties":{"OBJECTID":338,"SHELTERID":"TRSHEL368","ASSETID":"TRSHEL368","ASSETCODE":"TRSHEL","OWNER":"HRM","INSTYR":null,"INSTYRCONF":6,"MAT":"ALUM","MATCONF":3,"LOCGEN":"ROW","ASSETSTAT":"INS","ELECTRICAL":null,"AD":null,"BUSSTOPID":"BS745","LOCATION":"Gottingen St After North St (6769)","MAINTBY":"HRM","ASSETDESC":"DAYTECH AVANTI - Shelter Bench","SDATE":null,"SOURCE":null,"SACC":"IN","ADDDATE":"Tue, 01 Nov 2022 17:05:45 GMT","MODDATE":"Mon, 24 Jun 2024 17:18:22 GMT","CONDITPERD":null,"CONDITEXP":null,"GLOBALID":"865443c8-fcde-4144-b6cd-49cb46baa536"}},{"type":"Feature","id":339,"geometry":{"type":"Point","coordinates":[-63.660566209922,44.7585962793575]},"properties":{"OBJECTID":339,"SHELTERID":"TRSHEL56","ASSETID":"TRSHEL56","ASSETCODE":"TRSHEL","OWNER":"HRM","INSTYR":null,"INSTYRCONF":6,"MAT":"STEEL","MATCONF":3,"LOCGEN":"ROW","ASSETSTAT":"INS","ELECTRICAL":null,"AD":null,"BUSSTOPID":"BS2074","LOCATION":"Cobequid Rd After Freer Ln (6434)","MAINTBY":"HRM","ASSETDESC":"DAYTECH BROWN FLAT ROOF","SDATE":null,"SOURCE":null,"SACC":"IN","ADDDATE":"Tue, 01 Nov 2022 17:05:45 GMT","MODDATE":"Mon, 24 Jun 2024 17:18:22 GMT","CONDITPERD":null,"CONDITEXP":null,"GLOBALID":"1377dae4-7288-4eb3-b076-a9b671981955"}},{"type":"Feature","id":340,"geometry":{"type":"Point","coordinates":[-63.4730946328309,44.6111781056712]},"properties":{"OBJECTID":340,"SHELTERID":"TRSHEL243","ASSETID":"TRSHEL243","ASSETCODE":"TRSHEL","OWNER":"HRM","INSTYR":2005,"INSTYRCONF":2,"MAT":"STEEL","MATCONF":3,"LOCGEN":"ROW","ASSETSTAT":"INS","ELECTRICAL":null,"AD":null,"BUSSTOPID":"BS224","LOCATION":"Caldwell Rd After Cow Bay Rd (6333)","MAINTBY":"HRM","ASSETDESC":"DAYTECH BROWN","SDATE":null,"SOURCE":null,"SACC":"IN","ADDDATE":"Tue, 01 Nov 2022 17:05:45 GMT","MODDATE":"Fri, 04 Nov 2022 15:17:35 GMT","CONDITPERD":null,"CONDITEXP":null,"GLOBALID":"ecff9845-25e3-4d64-86d8-9f5ff110ecc1"}},{"type":"Feature","id":341,"geometry":{"type":"Point","coordinates":[-63.578836534057,44.6336299062752]},"properties":{"OBJECTID":341,"SHELTERID":"TRSHEL138","ASSETID":"TRSHEL138","ASSETCODE":"TRSHEL","OWNER":"HRM","INSTYR":2016,"INSTYRCONF":2,"MAT":"ALUM","MATCONF":2,"LOCGEN":"ROW","ASSETSTAT":"INS","ELECTRICAL":null,"AD":"N","BUSSTOPID":"BS831","LOCATION":"Inglis St Before Tower Rd (6969)","MAINTBY":"HRM","ASSETDESC":"DAYTECH AVANTI - Shelter Bench","SDATE":null,"SOURCE":null,"SACC":"IN","ADDDATE":"Tue, 01 Nov 2022 17:05:45 GMT","MODDATE":"Mon, 24 Jun 2024 17:18:22 GMT","CONDITPERD":null,"CONDITEXP":null,"GLOBALID":"3a1eb0b2-980a-4893-947a-be59d7d0d678"}},{"type":"Feature","id":342,"geometry":{"type":"Point","coordinates":[-63.5916459171204,44.7026745661844]},"properties":{"OBJECTID":342,"SHELTERID":"TRSHEL386","ASSETID":"TRSHEL386","ASSETCODE":"TRSHEL","OWNER":"HRM","INSTYR":2007,"INSTYRCONF":2,"MAT":"ALUM","MATCONF":3,"LOCGEN":"ROW","ASSETSTAT":"INS","ELECTRICAL":null,"AD":null,"BUSSTOPID":"BS827","LOCATION":"Ilsley Ave At Civic 41 (6955)","MAINTBY":"HRM","ASSETDESC":"DAYTECH AVANTI - Shelter Bench","SDATE":null,"SOURCE":null,"SACC":"IN","ADDDATE":"Tue, 01 Nov 2022 17:05:45 GMT","MODDATE":"Mon, 24 Jun 2024 17:18:22 GMT","CONDITPERD":null,"CONDITEXP":null,"GLOBALID":"16f0eb1e-4e38-414a-9f7b-139849c9d19d"}},{"type":"Feature","id":343,"geometry":{"type":"Point","coordinates":[-63.6238877130038,44.6104580495143]},"properties":{"OBJECTID":343,"SHELTERID":"TRSHEL275","ASSETID":"TRSHEL275","ASSETCODE":"TRSHEL","OWNER":"HRM","INSTYR":2005,"INSTYRCONF":2,"MAT":"ALUM","MATCONF":3,"LOCGEN":"ROW","ASSETSTAT":"INS","ELECTRICAL":null,"AD":"N","BUSSTOPID":"BS1102","LOCATION":"Old Sambro Rd After Sussex St (7390)","MAINTBY":"HRM","ASSETDESC":"DAYTECH AVANTi - Trip Hazard","SDATE":null,"SOURCE":null,"SACC":"IN","ADDDATE":"Tue, 01 Nov 2022 17:05:45 GMT","MODDATE":"Mon, 24 Jun 2024 17:18:22 GMT","CONDITPERD":null,"CONDITEXP":null,"GLOBALID":"f1ed0931-50cd-4e37-b6ac-cd41b8976678"}},{"type":"Feature","id":344,"geometry":{"type":"Point","coordinates":[-63.6333505563253,44.6598213949596]},"properties":{"OBJECTID":344,"SHELTERID":"TRSHEL88","ASSETID":"TRSHEL88","ASSETCODE":"TRSHEL","OWNER":"HRM","INSTYR":null,"INSTYRCONF":6,"MAT":"STEEL","MATCONF":4,"LOCGEN":"ROW","ASSETSTAT":"OUT","ELECTRICAL":null,"AD":null,"BUSSTOPID":"BS1457","LOCATION":"Main Ave After Titus St (7166)","MAINTBY":"HRM","ASSETDESC":"DAYTECH HALF SHELTER-ShelterBench","SDATE":null,"SOURCE":null,"SACC":"IN","ADDDATE":"Tue, 01 Nov 2022 17:05:45 GMT","MODDATE":"Fri, 11 Apr 2025 18:41:12 GMT","CONDITPERD":null,"CONDITEXP":null,"GLOBALID":"bcf068a4-19fb-43df-b9eb-12964f4a04ce"}},{"type":"Feature","id":345,"geometry":{"type":"Point","coordinates":[-63.5987269089071,44.6679640023056]},"properties":{"OBJECTID":345,"SHELTERID":"TRSHEL341","ASSETID":"TRSHEL341","ASSETCODE":"TRSHEL","OWNER":"HRM","INSTYR":2011,"INSTYRCONF":2,"MAT":"ALUM","MATCONF":3,"LOCGEN":"ROW","ASSETSTAT":"INS","ELECTRICAL":null,"AD":"N","BUSSTOPID":"BS2081","LOCATION":"Barrington St Before Richmond St (6120)","MAINTBY":"HRM","ASSETDESC":"DAYTECH AVANTI - Shelter Bench","SDATE":null,"SOURCE":null,"SACC":"IN","ADDDATE":"Tue, 01 Nov 2022 17:05:45 GMT","MODDATE":"Mon, 24 Jun 2024 17:18:22 GMT","CONDITPERD":null,"CONDITEXP":null,"GLOBALID":"6f68e2a5-8960-493f-bdf8-fcfebedc5317"}},{"type":"Feature","id":346,"geometry":{"type":"Point","coordinates":[-63.607660256454,44.6009046251707]},"properties":{"OBJECTID":346,"SHELTERID":"TRSHEL323","ASSETID":"TRSHEL323","ASSETCODE":"TRSHEL","OWNER":"HRM","INSTYR":null,"INSTYRCONF":6,"MAT":"STEEL","MATCONF":3,"LOCGEN":"ROW","ASSETSTAT":"INS","ELECTRICAL":null,"AD":null,"BUSSTOPID":"BS607","LOCATION":"Herring Cove Rd Before McIntosh St (6899)","MAINTBY":"HRM","ASSETDESC":"DAYTECH BROWN","SDATE":null,"SOURCE":null,"SACC":"IN","ADDDATE":"Tue, 01 Nov 2022 17:05:45 GMT","MODDATE":"Mon, 24 Jun 2024 17:18:22 GMT","CONDITPERD":null,"CONDITEXP":null,"GLOBALID":"e32538ca-b369-4013-8a09-972f108eaab5"}},{"type":"Feature","id":347,"geometry":{"type":"Point","coordinates":[-63.4696219022493,44.6070869840951]},"properties":{"OBJECTID":347,"SHELTERID":"TRSHEL254","ASSETID":"TRSHEL254","ASSETCODE":"TRSHEL","OWNER":"HRM","INSTYR":2017,"INSTYRCONF":2,"MAT":"ALUM","MATCONF":3,"LOCGEN":"ROW","ASSETSTAT":"INS","ELECTRICAL":null,"AD":"N","BUSSTOPID":"BS429","LOCATION":"Caldwell Rd Before Seabreeze Dr (6340)","MAINTBY":"HRM","ASSETDESC":"DAYTECH AVANTI","SDATE":null,"SOURCE":null,"SACC":"IN","ADDDATE":"Tue, 01 Nov 2022 17:05:45 GMT","MODDATE":"Fri, 04 Nov 2022 15:17:35 GMT","CONDITPERD":null,"CONDITEXP":null,"GLOBALID":"b75fb4ad-3f01-4d10-b12f-2b96b19c0df1"}},{"type":"Feature","id":348,"geometry":{"type":"Point","coordinates":[-63.6672546882352,44.7680840371672]},"properties":{"OBJECTID":348,"SHELTERID":"TRSHEL312","ASSETID":"TRSHEL312","ASSETCODE":"TRSHEL","OWNER":"HRM","INSTYR":2008,"INSTYRCONF":2,"MAT":"STEEL","MATCONF":3,"LOCGEN":"ROW","ASSETSTAT":"INS","ELECTRICAL":null,"AD":null,"BUSSTOPID":"BS522","LOCATION":"Glendale Dr Before Chandler Dr (6749)","MAINTBY":"HRM","ASSETDESC":"DAYTECH BROWN- Shelter Bench","SDATE":null,"SOURCE":null,"SACC":"IN","ADDDATE":"Tue, 01 Nov 2022 17:05:45 GMT","MODDATE":"Mon, 24 Jun 2024 17:18:22 GMT","CONDITPERD":null,"CONDITEXP":null,"GLOBALID":"6f2e0b4e-8008-490f-8bb3-7d6fe55914bb"}},{"type":"Feature","id":349,"geometry":{"type":"Point","coordinates":[-63.6145734088095,44.5994065059685]},"properties":{"OBJECTID":349,"SHELTERID":"TRSHEL402","ASSETID":"TRSHEL402","ASSETCODE":"TRSHEL","OWNER":"HRM","INSTYR":null,"INSTYRCONF":6,"MAT":"ALUM","MATCONF":3,"LOCGEN":"ROW","ASSETSTAT":"INS","ELECTRICAL":null,"AD":null,"BUSSTOPID":"BS1583","LOCATION":"Greystone Dr After Cobalt Walk (6798)","MAINTBY":"HRM","ASSETDESC":"DAYTECH AVANTI - Shelter Bench","SDATE":null,"SOURCE":null,"SACC":"IN","ADDDATE":"Tue, 01 Nov 2022 17:05:45 GMT","MODDATE":"Mon, 24 Jun 2024 17:18:22 GMT","CONDITPERD":null,"CONDITEXP":null,"GLOBALID":"9e71051e-be00-4765-b947-c63f19c6126e"}},{"type":"Feature","id":350,"geometry":{"type":"Point","coordinates":[-63.6097113168601,44.6652941099763]},"properties":{"OBJECTID":350,"SHELTERID":"TRSHEL294","ASSETID":"TRSHEL294","ASSETCODE":"TRSHEL","OWNER":"HRM","INSTYR":2000,"INSTYRCONF":2,"MAT":"STEEL","MATCONF":4,"LOCGEN":"ROW","ASSETSTAT":"INS","ELECTRICAL":null,"AD":"N","BUSSTOPID":"BS923","LOCATION":"Duffus St After Robie St (6929)","MAINTBY":"HRM","ASSETDESC":"DAYTECH HALF SHELTER","SDATE":null,"SOURCE":null,"SACC":"IN","ADDDATE":"Tue, 01 Nov 2022 17:05:45 GMT","MODDATE":"Mon, 24 Jun 2024 17:18:22 GMT","CONDITPERD":null,"CONDITEXP":null,"GLOBALID":"b432e146-f683-4209-b4dc-88788b8883da"}},{"type":"Feature","id":351,"geometry":{"type":"Point","coordinates":[-63.6280355886068,44.6545038079521]},"properties":{"OBJECTID":351,"SHELTERID":"TRSHEL250","ASSETID":"TRSHEL250","ASSETCODE":"TRSHEL","OWNER":"HRM","INSTYR":null,"INSTYRCONF":6,"MAT":"STEEL","MATCONF":4,"LOCGEN":"ROW","ASSETSTAT":"INS","ELECTRICAL":null,"AD":null,"BUSSTOPID":"BS2156","LOCATION":"Desmond Ave Before Bayers Rd (6564)","MAINTBY":"HRM","ASSETDESC":"DAYTECH HALF SHELTER AVANTI-ShelterBench","SDATE":null,"SOURCE":null,"SACC":"IN","ADDDATE":"Tue, 01 Nov 2022 17:05:45 GMT","MODDATE":"Mon, 24 Jun 2024 17:18:22 GMT","CONDITPERD":null,"CONDITEXP":null,"GLOBALID":"6d5bc3f4-0a2a-4047-b266-057b3e50427e"}},{"type":"Feature","id":352,"geometry":{"type":"Point","coordinates":[-63.5797253164193,44.641943047975]},"properties":{"OBJECTID":352,"SHELTERID":"TRSHEL387","ASSETID":"TRSHEL387","ASSETCODE":"TRSHEL","OWNER":"HRM","INSTYR":2015,"INSTYRCONF":2,"MAT":"ALUM","MATCONF":3,"LOCGEN":"ROW","ASSETSTAT":"INS","ELECTRICAL":null,"AD":"Y","BUSSTOPID":"BS251","LOCATION":"South Park St After Spring Garden Rd (8308)","MAINTBY":"HRM","ASSETDESC":"DAYTECH AVANTI - Shelter Bench","SDATE":null,"SOURCE":null,"SACC":"IN","ADDDATE":"Tue, 01 Nov 2022 17:05:45 GMT","MODDATE":"Mon, 24 Jun 2024 17:18:22 GMT","CONDITPERD":null,"CONDITEXP":null,"GLOBALID":"3da59905-48e4-47f0-bcdb-b49d4d0bc774"}},{"type":"Feature","id":353,"geometry":{"type":"Point","coordinates":[-63.6634049446103,44.6768897659463]},"properties":{"OBJECTID":353,"SHELTERID":"TRSHEL110","ASSETID":"TRSHEL110","ASSETCODE":"TRSHEL","OWNER":"HRM","INSTYR":2000,"INSTYRCONF":2,"MAT":"STEEL","MATCONF":3,"LOCGEN":"ROW","ASSETSTAT":"INS","ELECTRICAL":null,"AD":null,"BUSSTOPID":"BS2077","LOCATION":"Dunbrack St After Ross St (6601)","MAINTBY":"HRM","ASSETDESC":"DAYTECH BROWN","SDATE":null,"SOURCE":null,"SACC":"IN","ADDDATE":"Tue, 01 Nov 2022 17:05:45 GMT","MODDATE":"Mon, 24 Jun 2024 17:18:22 GMT","CONDITPERD":null,"CONDITEXP":null,"GLOBALID":"f4b9c1b3-9273-4864-8069-aadb2b5ad87c"}},{"type":"Feature","id":354,"geometry":{"type":"Point","coordinates":[-63.5426160072537,44.6769388188769]},"properties":{"OBJECTID":354,"SHELTERID":"TRSHEL422","ASSETID":"TRSHEL422","ASSETCODE":"TRSHEL","OWNER":"HRM","INSTYR":null,"INSTYRCONF":6,"MAT":"STEEL","MATCONF":3,"LOCGEN":"ROW","ASSETSTAT":"INS","ELECTRICAL":null,"AD":null,"BUSSTOPID":"BS162","LOCATION":"Somerset St Before Penhorn Dr (8290)","MAINTBY":"HRM","ASSETDESC":"DAYTECH BROWN","SDATE":null,"SOURCE":null,"SACC":"IN","ADDDATE":"Tue, 01 Nov 2022 17:05:45 GMT","MODDATE":"Mon, 24 Jun 2024 17:18:22 GMT","CONDITPERD":null,"CONDITEXP":null,"GLOBALID":"3459e1d4-6801-48a0-a73b-a81e3549ac55"}},{"type":"Feature","id":355,"geometry":{"type":"Point","coordinates":[-63.6725056851256,44.7607781754562]},"properties":{"OBJECTID":355,"SHELTERID":"TRSHEL246","ASSETID":"TRSHEL246","ASSETCODE":"TRSHEL","OWNER":"HRM","INSTYR":null,"INSTYRCONF":6,"MAT":"STEEL","MATCONF":3,"LOCGEN":"ROW","ASSETSTAT":"DIS","ELECTRICAL":null,"AD":null,"BUSSTOPID":"BS42","LOCATION":"Sackville Dr Before Armoyan Dr (7313)","MAINTBY":"HRM","ASSETDESC":"DAYTECH BROWN FLAT ROOF","SDATE":null,"SOURCE":null,"SACC":"IN","ADDDATE":"Tue, 01 Nov 2022 17:05:45 GMT","MODDATE":"Wed, 27 Nov 2024 16:14:57 GMT","CONDITPERD":null,"CONDITEXP":null,"GLOBALID":"43605997-ea76-4410-a144-7bc536c41c42"}},{"type":"Feature","id":356,"geometry":{"type":"Point","coordinates":[-63.5871129966372,44.6401530466315]},"properties":{"OBJECTID":356,"SHELTERID":"TRSHEL76","ASSETID":"TRSHEL76","ASSETCODE":"TRSHEL","OWNER":"HRM","INSTYR":null,"INSTYRCONF":6,"MAT":"ALUM","MATCONF":3,"LOCGEN":"ROW","ASSETSTAT":"INS","ELECTRICAL":null,"AD":null,"BUSSTOPID":"BS1864","LOCATION":"Coburg Rd Before Robie St (6452)","MAINTBY":"HRM","ASSETDESC":"DAYTECH AVANTI - Shelter Bench","SDATE":null,"SOURCE":null,"SACC":"IN","ADDDATE":"Tue, 01 Nov 2022 17:05:45 GMT","MODDATE":"Mon, 24 Jun 2024 17:18:22 GMT","CONDITPERD":null,"CONDITEXP":null,"GLOBALID":"47c7f399-c105-4f77-bc83-90d653e95d77"}},{"type":"Feature","id":357,"geometry":{"type":"Point","coordinates":[-63.5811664899178,44.6775740452123]},"properties":{"OBJECTID":357,"SHELTERID":"TRSHEL225","ASSETID":"TRSHEL225","ASSETCODE":"TRSHEL","OWNER":"HRM","INSTYR":null,"INSTYRCONF":6,"MAT":"ALUM","MATCONF":3,"LOCGEN":"ROW","ASSETSTAT":"INS","ELECTRICAL":null,"AD":null,"BUSSTOPID":"BS805","LOCATION":"Victoria Rd After Symonds St (8425)","MAINTBY":"HRM","ASSETDESC":"DAYTECH AVANTI - Shelter Bench","SDATE":null,"SOURCE":null,"SACC":"IN","ADDDATE":"Tue, 01 Nov 2022 17:05:45 GMT","MODDATE":"Mon, 24 Jun 2024 17:18:22 GMT","CONDITPERD":null,"CONDITEXP":null,"GLOBALID":"20ea7f5c-51a1-420a-aa98-40c6545dd68f"}},{"type":"Feature","id":358,"geometry":{"type":"Point","coordinates":[-63.6545189993644,44.737627534636]},"properties":{"OBJECTID":358,"SHELTERID":"TRSHEL436","ASSETID":"TRSHEL436","ASSETCODE":"TRSHEL","OWNER":"HRM","INSTYR":2005,"INSTYRCONF":2,"MAT":"STEEL","MATCONF":2,"LOCGEN":"ROW","ASSETSTAT":"INS","ELECTRICAL":null,"AD":"N","BUSSTOPID":"BS2391","LOCATION":"Bedford Hwy After River Ln (6245)","MAINTBY":"HRM","ASSETDESC":"DAYTECH BROWN - Shelter Bench","SDATE":null,"SOURCE":null,"SACC":"IN","ADDDATE":"Tue, 01 Nov 2022 17:05:45 GMT","MODDATE":"Mon, 24 Jun 2024 17:18:22 GMT","CONDITPERD":null,"CONDITEXP":null,"GLOBALID":"6f06460c-3f62-41a7-be35-3fbafd135273"}},{"type":"Feature","id":359,"geometry":{"type":"Point","coordinates":[-63.5831312698359,44.6939657874086]},"properties":{"OBJECTID":359,"SHELTERID":"TRSHEL63","ASSETID":"TRSHEL63","ASSETCODE":"TRSHEL","OWNER":"HRM","INSTYR":2010,"INSTYRCONF":2,"MAT":"ALUM","MATCONF":3,"LOCGEN":"ROW","ASSETSTAT":"INS","ELECTRICAL":null,"AD":null,"BUSSTOPID":"BS2437","LOCATION":"Ilsley Ave At Halifax Transit (7205)","MAINTBY":"HRM","ASSETDESC":"DAYTECH AVANTI - Shelter Bench","SDATE":null,"SOURCE":null,"SACC":"IN","ADDDATE":"Tue, 01 Nov 2022 17:05:45 GMT","MODDATE":"Mon, 24 Jun 2024 17:18:22 GMT","CONDITPERD":null,"CONDITEXP":null,"GLOBALID":"cd6fae4f-517b-49c9-abfc-35b661522369"}},{"type":"Feature","id":360,"geometry":{"type":"Point","coordinates":[-63.6274257232587,44.6281802357583]},"properties":{"OBJECTID":360,"SHELTERID":"TRSHEL286","ASSETID":"TRSHEL286","ASSETCODE":"TRSHEL","OWNER":"HRM","INSTYR":null,"INSTYRCONF":6,"MAT":"STEEL","MATCONF":3,"LOCGEN":"ROW","ASSETSTAT":"INS","ELECTRICAL":null,"AD":null,"BUSSTOPID":"BS704","LOCATION":"Tamarack Dr Before Mountain Rd (8373)","MAINTBY":"HRM","ASSETDESC":"DAYTECH BROWN","SDATE":null,"SOURCE":null,"SACC":"IN","ADDDATE":"Tue, 01 Nov 2022 17:05:45 GMT","MODDATE":"Mon, 24 Jun 2024 17:18:22 GMT","CONDITPERD":null,"CONDITEXP":null,"GLOBALID":"1324615b-e376-47a1-8d1a-3c5794b379ec"}},{"type":"Feature","id":361,"geometry":{"type":"Point","coordinates":[-63.6215371875196,44.6484516897324]},"properties":{"OBJECTID":361,"SHELTERID":"TRSHEL230","ASSETID":"TRSHEL230","ASSETCODE":"TRSHEL","OWNER":"HRM","INSTYR":2016,"INSTYRCONF":2,"MAT":"ALUM","MATCONF":3,"LOCGEN":"ROW","ASSETSTAT":"INS","ELECTRICAL":null,"AD":"N","BUSSTOPID":"BS98","LOCATION":"Mumford Terminal Bay 1 (7285)","MAINTBY":"HRM","ASSETDESC":"DAYTECH AVANTI","SDATE":null,"SOURCE":null,"SACC":"IN","ADDDATE":"Tue, 01 Nov 2022 17:05:45 GMT","MODDATE":"Fri, 04 Nov 2022 15:17:35 GMT","CONDITPERD":null,"CONDITEXP":null,"GLOBALID":"7c70316b-d9db-4a9d-b146-817dfae24d21"}},{"type":"Feature","id":362,"geometry":{"type":"Point","coordinates":[-63.5909350919142,44.6391755506256]},"properties":{"OBJECTID":362,"SHELTERID":"TRSHEL75","ASSETID":"TRSHEL75","ASSETCODE":"TRSHEL","OWNER":"HRM","INSTYR":null,"INSTYRCONF":6,"MAT":"ALUM","MATCONF":3,"LOCGEN":"ROW","ASSETSTAT":"INS","ELECTRICAL":null,"AD":null,"BUSSTOPID":"BS1862","LOCATION":"Coburg Rd Before Lemarchant St (6450)","MAINTBY":"HRM","ASSETDESC":"DAYTECH AVANTI - Shelter Bench","SDATE":null,"SOURCE":null,"SACC":"IN","ADDDATE":"Tue, 01 Nov 2022 17:05:45 GMT","MODDATE":"Mon, 24 Jun 2024 17:18:22 GMT","CONDITPERD":null,"CONDITEXP":null,"GLOBALID":"a9dc3356-7bdf-437d-bf6f-0c2877beeed7"}},{"type":"Feature","id":363,"geometry":{"type":"Point","coordinates":[-63.5809082790709,44.6330942802886]},"properties":{"OBJECTID":363,"SHELTERID":"TRSHEL327","ASSETID":"TRSHEL327","ASSETCODE":"TRSHEL","OWNER":"HRM","INSTYR":2005,"INSTYRCONF":2,"MAT":"STEEL","MATCONF":3,"LOCGEN":"ROW","ASSETSTAT":"DIS","ELECTRICAL":null,"AD":null,"BUSSTOPID":"BS629","LOCATION":"Inglis St At SMU (6965)","MAINTBY":"HRM","ASSETDESC":"DAYTECH BROWN","SDATE":null,"SOURCE":null,"SACC":"IN","ADDDATE":"Tue, 01 Nov 2022 17:05:45 GMT","MODDATE":"Mon, 15 Jan 2024 17:41:10 GMT","CONDITPERD":null,"CONDITEXP":null,"GLOBALID":"60832558-821a-4c63-a119-943ea261693c"}},{"type":"Feature","id":364,"geometry":{"type":"Point","coordinates":[-63.5913394739293,44.6486033405399]},"properties":{"OBJECTID":364,"SHELTERID":"TRSHEL409","ASSETID":"TRSHEL409","ASSETCODE":"TRSHEL","OWNER":"HRM","INSTYR":null,"INSTYRCONF":6,"MAT":"STEEL","MATCONF":3,"LOCGEN":"ROW","ASSETSTAT":"INS","ELECTRICAL":null,"AD":null,"BUSSTOPID":"BS546","LOCATION":"Robie St After Welsford St (8190)","MAINTBY":"HRM","ASSETDESC":"DAYTECH BROWN- Shelter Bench","SDATE":null,"SOURCE":null,"SACC":"IN","ADDDATE":"Tue, 01 Nov 2022 17:05:45 GMT","MODDATE":"Mon, 24 Jun 2024 17:18:22 GMT","CONDITPERD":null,"CONDITEXP":null,"GLOBALID":"e2ceb1b8-9a0f-46f5-9b6f-5e3ed29b73b9"}},{"type":"Feature","id":365,"geometry":{"type":"Point","coordinates":[-63.6520179234251,44.6572971012198]},"properties":{"OBJECTID":365,"SHELTERID":"TRSHEL303","ASSETID":"TRSHEL303","ASSETCODE":"TRSHEL","OWNER":"HRM","INSTYR":2017,"INSTYRCONF":2,"MAT":"STEEL","MATCONF":2,"LOCGEN":"ROW","ASSETSTAT":"INS","ELECTRICAL":null,"AD":null,"BUSSTOPID":"BS1466","LOCATION":"Willett St After Chelsea Ln (8489)","MAINTBY":"HRM","ASSETDESC":"DAYTECH AVANTI","SDATE":"Mon, 21 Dec 2015 04:00:00 GMT","SOURCE":"TRANSIT","SACC":"IN","ADDDATE":"Tue, 01 Nov 2022 17:05:45 GMT","MODDATE":"Mon, 24 Jun 2024 17:18:22 GMT","CONDITPERD":null,"CONDITEXP":null,"GLOBALID":"86232058-05fa-46ad-9eee-264c1c36de03"}},{"type":"Feature","id":366,"geometry":{"type":"Point","coordinates":[-63.6604619810946,44.7601452562863]},"properties":{"OBJECTID":366,"SHELTERID":"TRSHEL418","ASSETID":"TRSHEL418","ASSETCODE":"TRSHEL","OWNER":"HRM","INSTYR":2010,"INSTYRCONF":2,"MAT":"ALUM","MATCONF":3,"LOCGEN":"ROW","ASSETSTAT":"INS","ELECTRICAL":null,"AD":null,"BUSSTOPID":"BS523","LOCATION":"Glendale Dr Before Cobequid Rd (6750)","MAINTBY":"HRM","ASSETDESC":"DAYTECH AVANTI - Shelter Bench","SDATE":null,"SOURCE":null,"SACC":"IN","ADDDATE":"Tue, 01 Nov 2022 17:05:45 GMT","MODDATE":"Mon, 24 Jun 2024 17:18:22 GMT","CONDITPERD":null,"CONDITEXP":null,"GLOBALID":"b9b7392b-be77-4255-a9c8-f8b7b19908d5"}},{"type":"Feature","id":367,"geometry":{"type":"Point","coordinates":[-63.4712196071861,44.7035222130909]},"properties":{"OBJECTID":367,"SHELTERID":"TRSHEL54","ASSETID":"TRSHEL54","ASSETCODE":"TRSHEL","OWNER":"HRM","INSTYR":2000,"INSTYRCONF":2,"MAT":"STEEL","MATCONF":3,"LOCGEN":"ROW","ASSETSTAT":"INS","ELECTRICAL":null,"AD":null,"BUSSTOPID":"BS2060","LOCATION":"Cherry Brook Rd Before Main St (6419)","MAINTBY":"HRM","ASSETDESC":"DAYTECH BROWN","SDATE":null,"SOURCE":null,"SACC":"IN","ADDDATE":"Tue, 01 Nov 2022 17:05:45 GMT","MODDATE":"Mon, 24 Jun 2024 17:18:22 GMT","CONDITPERD":null,"CONDITEXP":null,"GLOBALID":"d8742594-ea2f-4553-a27f-1f6feaf813b7"}},{"type":"Feature","id":368,"geometry":{"type":"Point","coordinates":[-63.583530623082,44.6863796073919]},"properties":{"OBJECTID":368,"SHELTERID":"TRSHEL461","ASSETID":"TRSHEL461","ASSETCODE":"TRSHEL","OWNER":"HRM","INSTYR":null,"INSTYRCONF":6,"MAT":"STEEL","MATCONF":3,"LOCGEN":"ROW","ASSETSTAT":"INS","ELECTRICAL":null,"AD":null,"BUSSTOPID":"BS1965","LOCATION":"Crystal Dr Before Franklyn Ct (6539)","MAINTBY":"HRM","ASSETDESC":"DAYTECH BROWN- Shelter Bench","SDATE":null,"SOURCE":null,"SACC":"IN","ADDDATE":"Tue, 01 Nov 2022 17:05:45 GMT","MODDATE":"Mon, 24 Jun 2024 17:18:22 GMT","CONDITPERD":null,"CONDITEXP":null,"GLOBALID":"4a83bbc9-fdc8-48df-a177-d6d9faf24f25"}},{"type":"Feature","id":369,"geometry":{"type":"Point","coordinates":[-63.6506908009333,44.6790562086553]},"properties":{"OBJECTID":369,"SHELTERID":"TRSHEL144","ASSETID":"TRSHEL144","ASSETCODE":"TRSHEL","OWNER":"HRM","INSTYR":2007,"INSTYRCONF":2,"MAT":"ALUM","MATCONF":3,"LOCGEN":"ROW","ASSETSTAT":"INS","ELECTRICAL":null,"AD":"N","BUSSTOPID":"BS1177","LOCATION":"Bedford Hwy After Watervista Ln (6288)","MAINTBY":"HRM","ASSETDESC":"DAYTECH AVANTI - Shelter Bench","SDATE":null,"SOURCE":null,"SACC":"IN","ADDDATE":"Tue, 01 Nov 2022 17:05:45 GMT","MODDATE":"Mon, 24 Jun 2024 17:18:22 GMT","CONDITPERD":null,"CONDITEXP":null,"GLOBALID":"d883f8ad-f007-4a46-a397-d814c3f2eb1b"}},{"type":"Feature","id":370,"geometry":{"type":"Point","coordinates":[-63.6123318543592,44.6715849388194]},"properties":{"OBJECTID":370,"SHELTERID":"TRSHEL357","ASSETID":"TRSHEL357","ASSETCODE":"TRSHEL","OWNER":"HRM","INSTYR":null,"INSTYRCONF":6,"MAT":"ALUM","MATCONF":3,"LOCGEN":"ROW","ASSETSTAT":"INS","ELECTRICAL":null,"AD":null,"BUSSTOPID":"BS1765","LOCATION":"Novalea Dr At Samuel Prince Manor (7368)","MAINTBY":"HRM","ASSETDESC":"DAYTECH AVANTI - Shelter Bench","SDATE":null,"SOURCE":null,"SACC":"IN","ADDDATE":"Tue, 01 Nov 2022 17:05:45 GMT","MODDATE":"Mon, 24 Jun 2024 17:18:22 GMT","CONDITPERD":null,"CONDITEXP":null,"GLOBALID":"31aa91fb-3437-4e39-95d7-7dadb89ad58d"}},{"type":"Feature","id":371,"geometry":{"type":"Point","coordinates":[-63.5480954061951,44.6489534929247]},"properties":{"OBJECTID":371,"SHELTERID":"TRSHEL94","ASSETID":"TRSHEL94","ASSETCODE":"TRSHEL","OWNER":"HRM","INSTYR":2015,"INSTYRCONF":2,"MAT":"ALUM","MATCONF":3,"LOCGEN":"ROW","ASSETSTAT":"INS","ELECTRICAL":null,"AD":"N","BUSSTOPID":"BS2631","LOCATION":"Woodside Ferry Terminal Bay 2 (8964)","MAINTBY":"HRM","ASSETDESC":"DAYTECH AVANTI -Terminal w/ Shelter Bench","SDATE":null,"SOURCE":null,"SACC":"IN","ADDDATE":"Tue, 01 Nov 2022 17:05:45 GMT","MODDATE":"Mon, 24 Jun 2024 17:18:22 GMT","CONDITPERD":null,"CONDITEXP":null,"GLOBALID":"1122cee5-27a9-412a-a23e-4a9de1552b14"}},{"type":"Feature","id":372,"geometry":{"type":"Point","coordinates":[-63.5386250206185,44.6707029279562]},"properties":{"OBJECTID":372,"SHELTERID":"TRSHEL105","ASSETID":"TRSHEL105","ASSETCODE":"TRSHEL","OWNER":"HRM","INSTYR":2005,"INSTYRCONF":2,"MAT":"ALUM","MATCONF":4,"LOCGEN":"ROW","ASSETSTAT":"INS","ELECTRICAL":null,"AD":"N","BUSSTOPID":"BS2678","LOCATION":"Penhorn Terminal Bay 2 (8941)","MAINTBY":"HRM","ASSETDESC":"OLD TERMINAL BMS","SDATE":null,"SOURCE":null,"SACC":"IN","ADDDATE":"Tue, 01 Nov 2022 17:05:45 GMT","MODDATE":"Fri, 04 Nov 2022 15:17:35 GMT","CONDITPERD":null,"CONDITEXP":null,"GLOBALID":"1ff54990-ebc5-4328-b8f9-ab0638577ec9"}},{"type":"Feature","id":373,"geometry":{"type":"Point","coordinates":[-63.4904355924979,44.6684811931364]},"properties":{"OBJECTID":373,"SHELTERID":"TRSHEL25","ASSETID":"TRSHEL25","ASSETCODE":"TRSHEL","OWNER":"HRM","INSTYR":2016,"INSTYRCONF":2,"MAT":null,"MATCONF":2,"LOCGEN":"ROW","ASSETSTAT":"INS","ELECTRICAL":null,"AD":null,"BUSSTOPID":"BS1967","LOCATION":"Cumberland Dr After Colby Dr (6541)","MAINTBY":"HRM","ASSETDESC":"DAYTECH BROWN- Shelter Bench","SDATE":null,"SOURCE":null,"SACC":"IN","ADDDATE":"Tue, 01 Nov 2022 17:05:45 GMT","MODDATE":"Mon, 24 Jun 2024 17:18:22 GMT","CONDITPERD":null,"CONDITEXP":null,"GLOBALID":"e333916c-d3ca-448a-962d-a73cfebafb14"}},{"type":"Feature","id":374,"geometry":{"type":"Point","coordinates":[-63.4908780136737,44.6836058756639]},"properties":{"OBJECTID":374,"SHELTERID":"TRSHEL740","ASSETID":"TRSHEL740","ASSETCODE":"TRSHEL","OWNER":"HRM","INSTYR":null,"INSTYRCONF":null,"MAT":null,"MATCONF":null,"LOCGEN":"ROW","ASSETSTAT":"INS","ELECTRICAL":null,"AD":null,"BUSSTOPID":"BS1698","LOCATION":"Forest Hills Pky At Cole Harbour Place (6669)","MAINTBY":"HRM","ASSETDESC":null,"SDATE":"Tue, 28 May 2024 03:00:00 GMT","SOURCE":null,"SACC":"IN","ADDDATE":"Tue, 28 May 2024 16:56:33 GMT","MODDATE":"Tue, 28 May 2024 16:58:37 GMT","CONDITPERD":null,"CONDITEXP":null,"GLOBALID":"3f990da6-68de-46ab-b306-730026d5710e"}},{"type":"Feature","id":375,"geometry":{"type":"Point","coordinates":[-63.6585404505659,44.6811176935088]},"properties":{"OBJECTID":375,"SHELTERID":"TRSHEL131","ASSETID":"TRSHEL131","ASSETCODE":"TRSHEL","OWNER":"HRM","INSTYR":2007,"INSTYRCONF":2,"MAT":"ALUM","MATCONF":3,"LOCGEN":"ROW","ASSETSTAT":"INS","ELECTRICAL":null,"AD":"N","BUSSTOPID":"BS2374","LOCATION":"Bedford Hwy After Kearney Lake Rd (6246)","MAINTBY":"HRM","ASSETDESC":"DAYTECH AVANTI - Shelter Bench","SDATE":null,"SOURCE":null,"SACC":"IN","ADDDATE":"Tue, 01 Nov 2022 17:05:45 GMT","MODDATE":"Mon, 24 Jun 2024 17:18:22 GMT","CONDITPERD":null,"CONDITEXP":null,"GLOBALID":"93b3b2af-b4b6-4408-aaf7-ffd3bcc28a1a"}},{"type":"Feature","id":376,"geometry":{"type":"Point","coordinates":[-63.7001059766658,44.7807995599601]},"properties":{"OBJECTID":376,"SHELTERID":"TRSHEL248","ASSETID":"TRSHEL248","ASSETCODE":"TRSHEL","OWNER":"HRM","INSTYR":null,"INSTYRCONF":6,"MAT":"ALUM","MATCONF":3,"LOCGEN":"ROW","ASSETSTAT":"INS","ELECTRICAL":null,"AD":null,"BUSSTOPID":"BS313","LOCATION":"Sackville Dr At Civic 1000 (7332)","MAINTBY":"HRM","ASSETDESC":"DAYTECH AVANTI - Shelter Bench","SDATE":null,"SOURCE":null,"SACC":"IN","ADDDATE":"Tue, 01 Nov 2022 17:05:45 GMT","MODDATE":"Mon, 24 Jun 2024 17:18:22 GMT","CONDITPERD":null,"CONDITEXP":null,"GLOBALID":"28b62776-9f8a-46b7-bcae-989f0050ee7d"}},{"type":"Feature","id":377,"geometry":{"type":"Point","coordinates":[-63.4953667532146,44.6714872812594]},"properties":{"OBJECTID":377,"SHELTERID":"TRSHEL711","ASSETID":"TRSHEL711","ASSETCODE":"TRSHEL","OWNER":"HRM","INSTYR":null,"INSTYRCONF":null,"MAT":null,"MATCONF":null,"LOCGEN":"ROW","ASSETSTAT":"INS","ELECTRICAL":null,"AD":null,"BUSSTOPID":"BS178","LOCATION":"Cole Harbour Rd After Hugh Allen Dr (6479)","MAINTBY":"HRM","ASSETDESC":null,"SDATE":"Mon, 15 Jan 2024 04:00:00 GMT","SOURCE":"FAM","SACC":"IN","ADDDATE":"Mon, 15 Jan 2024 22:43:30 GMT","MODDATE":"Mon, 24 Jun 2024 17:18:22 GMT","CONDITPERD":null,"CONDITEXP":null,"GLOBALID":"406826cc-e1a7-43ff-b32f-63c21a89c54d"}},{"type":"Feature","id":378,"geometry":{"type":"Point","coordinates":[-63.5857564624047,44.6751512396979]},"properties":{"OBJECTID":378,"SHELTERID":"TRSHEL311","ASSETID":"TRSHEL311","ASSETCODE":"TRSHEL","OWNER":"HRM","INSTYR":null,"INSTYRCONF":6,"MAT":"ALUM","MATCONF":3,"LOCGEN":"ROW","ASSETSTAT":"INS","ELECTRICAL":null,"AD":null,"BUSSTOPID":"BS1408","LOCATION":"Wyse Rd Before Elmwood Ave (8620)","MAINTBY":"HRM","ASSETDESC":"DAYTECH AVANTI - Shelter Bench","SDATE":null,"SOURCE":null,"SACC":"IN","ADDDATE":"Tue, 01 Nov 2022 17:05:45 GMT","MODDATE":"Mon, 24 Jun 2024 17:18:22 GMT","CONDITPERD":null,"CONDITEXP":null,"GLOBALID":"521c5fc4-0d28-431d-b2f1-10fd6cf5239d"}},{"type":"Feature","id":379,"geometry":{"type":"Point","coordinates":[-63.5209624227572,44.681949256821]},"properties":{"OBJECTID":379,"SHELTERID":"TRSHEL340","ASSETID":"TRSHEL340","ASSETCODE":"TRSHEL","OWNER":"HRM","INSTYR":null,"INSTYRCONF":6,"MAT":"ALUM","MATCONF":3,"LOCGEN":"ROW","ASSETSTAT":"INS","ELECTRICAL":null,"AD":null,"BUSSTOPID":"BS2275","LOCATION":"Mt Edward Rd After Spring Ave (7268)","MAINTBY":"HRM","ASSETDESC":"DAYTECH AVANTI - Shelter Bench","SDATE":null,"SOURCE":null,"SACC":"IN","ADDDATE":"Tue, 01 Nov 2022 17:05:45 GMT","MODDATE":"Fri, 04 Nov 2022 15:17:35 GMT","CONDITPERD":null,"CONDITEXP":null,"GLOBALID":"540e16e2-9b9a-4932-9bb6-fdbacb066b51"}},{"type":"Feature","id":380,"geometry":{"type":"Point","coordinates":[-63.5462764704583,44.6500844650318]},"properties":{"OBJECTID":380,"SHELTERID":"TRSHEL85","ASSETID":"TRSHEL85","ASSETCODE":"TRSHEL","OWNER":"HRM","INSTYR":2011,"INSTYRCONF":2,"MAT":"ALUM","MATCONF":3,"LOCGEN":"ROW","ASSETSTAT":"INS","ELECTRICAL":null,"AD":null,"BUSSTOPID":"BS2426","LOCATION":"Pleasant St After Atlantic St (7466)","MAINTBY":"HRM","ASSETDESC":"DAYTECH AVANTI - Shelter Bench","SDATE":null,"SOURCE":null,"SACC":"IN","ADDDATE":"Tue, 01 Nov 2022 17:05:45 GMT","MODDATE":"Mon, 24 Jun 2024 17:18:22 GMT","CONDITPERD":null,"CONDITEXP":null,"GLOBALID":"324a2ed2-2dd7-4e97-a6f9-aaf424a4441f"}},{"type":"Feature","id":381,"geometry":{"type":"Point","coordinates":[-63.6831508856341,44.6361854993823]},"properties":{"OBJECTID":381,"SHELTERID":"TRSHEL293","ASSETID":"TRSHEL293","ASSETCODE":"TRSHEL","OWNER":"HRM","INSTYR":2007,"INSTYRCONF":2,"MAT":"ALUM","MATCONF":3,"LOCGEN":"ROW","ASSETSTAT":"INS","ELECTRICAL":null,"AD":null,"BUSSTOPID":"BS461","LOCATION":"St Margarets Bay Rd Before Beech Tree Run (6162)","MAINTBY":"HRM","ASSETDESC":"DAYTECH AVANTI - Shelter Bench","SDATE":null,"SOURCE":null,"SACC":"IN","ADDDATE":"Tue, 01 Nov 2022 17:05:45 GMT","MODDATE":"Mon, 24 Jun 2024 17:18:22 GMT","CONDITPERD":null,"CONDITEXP":null,"GLOBALID":"6d26df6e-5dd0-48ba-8c09-af4700625ff2"}},{"type":"Feature","id":382,"geometry":{"type":"Point","coordinates":[-63.5773337747575,44.6428717377681]},"properties":{"OBJECTID":382,"SHELTERID":"TRSHEL676","ASSETID":"TRSHEL676","ASSETCODE":"TRSHEL","OWNER":"HRM","INSTYR":2023,"INSTYRCONF":2,"MAT":"CONC","MATCONF":2,"LOCGEN":"ROW","ASSETSTAT":"INS","ELECTRICAL":null,"AD":"Y","BUSSTOPID":"BS1126","LOCATION":"Spring Garden Rd After Dresden Row (8336)","MAINTBY":"HRM","ASSETDESC":"OTHER","SDATE":null,"SOURCE":null,"SACC":"IN","ADDDATE":"Wed, 08 Nov 2023 17:51:20 GMT","MODDATE":"Wed, 08 Nov 2023 18:11:12 GMT","CONDITPERD":null,"CONDITEXP":null,"GLOBALID":"deeec71c-28f2-494e-8cee-df8809f7a836"}},{"type":"Feature","id":383,"geometry":{"type":"Point","coordinates":[-63.6478563763617,44.6551352709931]},"properties":{"OBJECTID":383,"SHELTERID":"TRSHEL273","ASSETID":"TRSHEL273","ASSETCODE":"TRSHEL","OWNER":"HRM","INSTYR":null,"INSTYRCONF":6,"MAT":"ALUM","MATCONF":3,"LOCGEN":"ROW","ASSETSTAT":"INS","ELECTRICAL":null,"AD":null,"BUSSTOPID":"BS1758","LOCATION":"Willett St Before Apollo Ct (8499)","MAINTBY":"HRM","ASSETDESC":"DAYTECH AVANTI - Shelter Bench","SDATE":null,"SOURCE":null,"SACC":"IN","ADDDATE":"Tue, 01 Nov 2022 17:05:45 GMT","MODDATE":"Mon, 24 Jun 2024 17:18:22 GMT","CONDITPERD":null,"CONDITEXP":null,"GLOBALID":"3f776658-db20-41df-b8a7-40dca933af55"}},{"type":"Feature","id":384,"geometry":{"type":"Point","coordinates":[-63.5818495383171,44.6872169408592]},"properties":{"OBJECTID":384,"SHELTERID":"TRSHEL459","ASSETID":"TRSHEL459","ASSETCODE":"TRSHEL","OWNER":"HRM","INSTYR":null,"INSTYRCONF":6,"MAT":"STEEL","MATCONF":3,"LOCGEN":"ROW","ASSETSTAT":"INS","ELECTRICAL":null,"AD":null,"BUSSTOPID":"BS1966","LOCATION":"Crystal Dr Before Primrose St (6540)","MAINTBY":"HRM","ASSETDESC":"DAYTECH BROWN- Shelter Bench","SDATE":null,"SOURCE":null,"SACC":"IN","ADDDATE":"Tue, 01 Nov 2022 17:05:45 GMT","MODDATE":"Mon, 24 Jun 2024 17:18:22 GMT","CONDITPERD":null,"CONDITEXP":null,"GLOBALID":"ffe4483f-87d0-45b8-b2a8-a7bdc74bbc04"}},{"type":"Feature","id":385,"geometry":{"type":"Point","coordinates":[-63.6636572858652,44.6605938582109]},"properties":{"OBJECTID":385,"SHELTERID":"TRSHEL448","ASSETID":"TRSHEL448","ASSETCODE":"TRSHEL","OWNER":"HRM","INSTYR":2015,"INSTYRCONF":2,"MAT":"ALUM","MATCONF":3,"LOCGEN":"ROW","ASSETSTAT":"INS","ELECTRICAL":null,"AD":null,"BUSSTOPID":"BS2609","LOCATION":"Lacewood Terminal Bay 6 (9106)","MAINTBY":"HRM","ASSETDESC":"DAYTECH AVANTI - Shelter Bench","SDATE":null,"SOURCE":null,"SACC":"IN","ADDDATE":"Tue, 01 Nov 2022 17:05:45 GMT","MODDATE":"Fri, 04 Nov 2022 15:17:35 GMT","CONDITPERD":null,"CONDITEXP":null,"GLOBALID":"a91d6a52-d3f3-4d4d-8fa1-2826c798cb6f"}},{"type":"Feature","id":386,"geometry":{"type":"Point","coordinates":[-63.5218619004613,44.6322792462593]},"properties":{"OBJECTID":386,"SHELTERID":"TRSHEL395","ASSETID":"TRSHEL395","ASSETCODE":"TRSHEL","OWNER":"HRM","INSTYR":2008,"INSTYRCONF":2,"MAT":"ALUM","MATCONF":3,"LOCGEN":"ROW","ASSETSTAT":"INS","ELECTRICAL":null,"AD":null,"BUSSTOPID":"BS1887","LOCATION":"Main Rd After Corsair Dr (8001)","MAINTBY":"HRM","ASSETDESC":"DAYTECH AVANTI - Shelter Bench","SDATE":null,"SOURCE":null,"SACC":"IN","ADDDATE":"Tue, 01 Nov 2022 17:05:45 GMT","MODDATE":"Fri, 04 Nov 2022 15:17:35 GMT","CONDITPERD":null,"CONDITEXP":null,"GLOBALID":"497828c4-9ea8-4648-85cf-bb29f1b0dd1f"}},{"type":"Feature","id":387,"geometry":{"type":"Point","coordinates":[-63.6725171548152,44.7607924779964]},"properties":{"OBJECTID":387,"SHELTERID":"TRSHEL763","ASSETID":"TRSHEL763","ASSETCODE":"TRSHEL","OWNER":"HRM","INSTYR":2024,"INSTYRCONF":1,"MAT":"ALUM","MATCONF":1,"LOCGEN":"ROW","ASSETSTAT":"INS","ELECTRICAL":null,"AD":null,"BUSSTOPID":"BS42","LOCATION":"Sackville Dr Before Armoyan Dr (7313)","MAINTBY":"HRM","ASSETDESC":"DAYTECH AVANTI","SDATE":"Wed, 06 Nov 2024 04:00:00 GMT","SOURCE":"Transit","SACC":"IN","ADDDATE":"Wed, 27 Nov 2024 16:14:35 GMT","MODDATE":"Wed, 27 Nov 2024 16:36:07 GMT","CONDITPERD":null,"CONDITEXP":null,"GLOBALID":"345d4d26-2d3f-4ce6-bdb0-7dde63fe8ad7"}},{"type":"Feature","id":388,"geometry":{"type":"Point","coordinates":[-63.5520747668339,44.6602634880269]},"properties":{"OBJECTID":388,"SHELTERID":"TRSHEL97","ASSETID":"TRSHEL97","ASSETCODE":"TRSHEL","OWNER":"HRM","INSTYR":null,"INSTYRCONF":6,"MAT":"STEEL","MATCONF":3,"LOCGEN":"ROW","ASSETSTAT":"INS","ELECTRICAL":null,"AD":null,"BUSSTOPID":"BS2687","LOCATION":"Pleasant St Before Prince Arthur Ave (9007)","MAINTBY":"HRM","ASSETDESC":"DAYTECH BROWN FLAT ROOF-Shelter Bench","SDATE":null,"SOURCE":null,"SACC":"IN","ADDDATE":"Tue, 01 Nov 2022 17:05:45 GMT","MODDATE":"Mon, 24 Jun 2024 17:18:22 GMT","CONDITPERD":null,"CONDITEXP":null,"GLOBALID":"4bc112ba-1203-4ae8-aeac-055f0bc5fa0c"}},{"type":"Feature","id":389,"geometry":{"type":"Point","coordinates":[-63.617104823551,44.6287871093063]},"properties":{"OBJECTID":389,"SHELTERID":"TRSHEL344","ASSETID":"TRSHEL344","ASSETCODE":"TRSHEL","OWNER":"HRM","INSTYR":2008,"INSTYRCONF":2,"MAT":"ALUM","MATCONF":3,"LOCGEN":"ROW","ASSETSTAT":"INS","ELECTRICAL":null,"AD":"N","BUSSTOPID":"BS2463","LOCATION":"Herring Cove Rd Before Shoreham Ln (6869)","MAINTBY":"HRM","ASSETDESC":"DAYTECH AVANTI - Shelter Bench","SDATE":null,"SOURCE":null,"SACC":"IN","ADDDATE":"Tue, 01 Nov 2022 17:05:45 GMT","MODDATE":"Mon, 24 Jun 2024 17:18:22 GMT","CONDITPERD":null,"CONDITEXP":null,"GLOBALID":"725efc05-1806-46af-8e4e-4b131bfcd688"}},{"type":"Feature","id":390,"geometry":{"type":"Point","coordinates":[-63.4840638341028,44.6880136106193]},"properties":{"OBJECTID":390,"SHELTERID":"TRSHEL398","ASSETID":"TRSHEL398","ASSETCODE":"TRSHEL","OWNER":"HRM","INSTYR":2007,"INSTYRCONF":2,"MAT":"ALUM","MATCONF":3,"LOCGEN":"ROW","ASSETSTAT":"INS","ELECTRICAL":null,"AD":"N","BUSSTOPID":"BS2010","LOCATION":"Auburn Dr At Auburn Dr High School (6075)","MAINTBY":"HRM","ASSETDESC":"DAYTECH AVANTI - Floating Shelter Pad","SDATE":null,"SOURCE":null,"SACC":"IN","ADDDATE":"Tue, 01 Nov 2022 17:05:45 GMT","MODDATE":"Mon, 24 Jun 2024 17:18:22 GMT","CONDITPERD":null,"CONDITEXP":null,"GLOBALID":"004a8f84-6e92-4f4b-a97f-a48886bf636b"}},{"type":"Feature","id":391,"geometry":{"type":"Point","coordinates":[-63.6543004967479,44.6580571577152]},"properties":{"OBJECTID":391,"SHELTERID":"TRSHEL356","ASSETID":"TRSHEL356","ASSETCODE":"TRSHEL","OWNER":"HRM","INSTYR":null,"INSTYRCONF":6,"MAT":"STEEL","MATCONF":3,"LOCGEN":"ROW","ASSETSTAT":"INS","ELECTRICAL":null,"AD":null,"BUSSTOPID":"BS1756","LOCATION":"Willett St Before Westridge Dr (8503)","MAINTBY":"HRM","ASSETDESC":"DAYTECH BROWN- Shelter Bench","SDATE":null,"SOURCE":null,"SACC":"IN","ADDDATE":"Tue, 01 Nov 2022 17:05:45 GMT","MODDATE":"Mon, 24 Jun 2024 17:18:22 GMT","CONDITPERD":null,"CONDITEXP":null,"GLOBALID":"61e3ce21-e4f2-44b9-bd33-c5e4040faa1e"}},{"type":"Feature","id":392,"geometry":{"type":"Point","coordinates":[-63.6792673303203,44.7842802929861]},"properties":{"OBJECTID":392,"SHELTERID":"TRSHEL257","ASSETID":"TRSHEL257","ASSETCODE":"TRSHEL","OWNER":"HRM","INSTYR":null,"INSTYRCONF":6,"MAT":"STEEL","MATCONF":3,"LOCGEN":"ROW","ASSETSTAT":"INS","ELECTRICAL":null,"AD":null,"BUSSTOPID":"BS320","LOCATION":"Nordic Cr After Stokil Dr (7339)","MAINTBY":"HRM","ASSETDESC":"DAYTECH BROWN","SDATE":null,"SOURCE":null,"SACC":"IN","ADDDATE":"Tue, 01 Nov 2022 17:05:45 GMT","MODDATE":"Mon, 24 Jun 2024 17:18:22 GMT","CONDITPERD":null,"CONDITEXP":null,"GLOBALID":"81407c9a-4eb1-4e35-bb47-21eebe6b17d5"}},{"type":"Feature","id":393,"geometry":{"type":"Point","coordinates":[-63.4716015924045,44.602739521251]},"properties":{"OBJECTID":393,"SHELTERID":"TRSHEL404","ASSETID":"TRSHEL404","ASSETCODE":"TRSHEL","OWNER":"HRM","INSTYR":null,"INSTYRCONF":6,"MAT":"STEEL","MATCONF":3,"LOCGEN":"ROW","ASSETSTAT":"INS","ELECTRICAL":null,"AD":null,"BUSSTOPID":"BS1088","LOCATION":"Shore Rd Before Romkey Dr (8273)","MAINTBY":"HRM","ASSETDESC":"DAYTECH BROWN","SDATE":null,"SOURCE":null,"SACC":"IN","ADDDATE":"Tue, 01 Nov 2022 17:05:45 GMT","MODDATE":"Fri, 04 Nov 2022 15:17:35 GMT","CONDITPERD":null,"CONDITEXP":null,"GLOBALID":"ec831c84-1f05-4e2f-97e5-2d808c7c0f2c"}},{"type":"Feature","id":394,"geometry":{"type":"Point","coordinates":[-63.6312819679913,44.6365364305062]},"properties":{"OBJECTID":394,"SHELTERID":"TRSHEL202","ASSETID":"TRSHEL202","ASSETCODE":"TRSHEL","OWNER":"HRM","INSTYR":2005,"INSTYRCONF":2,"MAT":"STEEL","MATCONF":3,"LOCGEN":"ROW","ASSETSTAT":"INS","ELECTRICAL":null,"AD":null,"BUSSTOPID":"BS643","LOCATION":"Quarry Rd Before St Margarets Bay Rd (8126)","MAINTBY":"HRM","ASSETDESC":"DAYTECH BROWN- Shelter Bench","SDATE":null,"SOURCE":null,"SACC":"IN","ADDDATE":"Tue, 01 Nov 2022 17:05:45 GMT","MODDATE":"Mon, 24 Jun 2024 17:18:22 GMT","CONDITPERD":null,"CONDITEXP":null,"GLOBALID":"56a088a8-015b-4766-b354-6253221fe210"}},{"type":"Feature","id":395,"geometry":{"type":"Point","coordinates":[-63.5100851811226,44.6875172847634]},"properties":{"OBJECTID":395,"SHELTERID":"TRSHEL59","ASSETID":"TRSHEL59","ASSETCODE":"TRSHEL","OWNER":"HRM","INSTYR":2000,"INSTYRCONF":2,"MAT":"STEEL","MATCONF":3,"LOCGEN":"ROW","ASSETSTAT":"INS","ELECTRICAL":null,"AD":null,"BUSSTOPID":"BS2125","LOCATION":"Mt Edward Rd After Stuart Harris Dr (7269)","MAINTBY":"HRM","ASSETDESC":"DAYTECH BROWN","SDATE":null,"SOURCE":null,"SACC":"IN","ADDDATE":"Tue, 01 Nov 2022 17:05:45 GMT","MODDATE":"Mon, 26 Aug 2024 18:24:23 GMT","CONDITPERD":null,"CONDITEXP":null,"GLOBALID":"d54c306f-b452-4651-a01f-52fa71fe0894"}},{"type":"Feature","id":396,"geometry":{"type":"Point","coordinates":[-63.585982110221,44.6896786016318]},"properties":{"OBJECTID":396,"SHELTERID":"TRSHEL211","ASSETID":"TRSHEL211","ASSETCODE":"TRSHEL","OWNER":"HRM","INSTYR":null,"INSTYRCONF":6,"MAT":"ALUM","MATCONF":3,"LOCGEN":"ROW","ASSETSTAT":"INS","ELECTRICAL":null,"AD":null,"BUSSTOPID":"BS918","LOCATION":"Highfield Park Dr After True North Cr (6927)","MAINTBY":"HRM","ASSETDESC":"DAYTECH AVANTI - Shelter Bench","SDATE":null,"SOURCE":null,"SACC":"IN","ADDDATE":"Tue, 01 Nov 2022 17:05:45 GMT","MODDATE":"Mon, 24 Jun 2024 17:18:22 GMT","CONDITPERD":null,"CONDITEXP":null,"GLOBALID":"6fcdd931-1a9d-49c8-ad54-6028d7f92feb"}},{"type":"Feature","id":397,"geometry":{"type":"Point","coordinates":[-63.5757435456005,44.6507467343985]},"properties":{"OBJECTID":397,"SHELTERID":"TRSHEL780","ASSETID":"TRSHEL780","ASSETCODE":"TRSHEL","OWNER":"HRM","INSTYR":2025,"INSTYRCONF":1,"MAT":"ALUM","MATCONF":1,"LOCGEN":"ROW","ASSETSTAT":"INS","ELECTRICAL":null,"AD":null,"BUSSTOPID":"BS1880","LOCATION":"Barrington St Before\r\nDuke St Bay 5 (6107)","MAINTBY":"HRM","ASSETDESC":"Cogswell Shelter","SDATE":"Mon, 03 Mar 2025 04:00:00 GMT","SOURCE":"TRANSIT","SACC":"IN","ADDDATE":"Thu, 06 Mar 2025 18:56:09 GMT","MODDATE":"Thu, 06 Mar 2025 18:58:44 GMT","CONDITPERD":null,"CONDITEXP":null,"GLOBALID":"8ecb55b0-9bef-41df-ac65-1ae39a87edd3"}},{"type":"Feature","id":398,"geometry":{"type":"Point","coordinates":[-63.5959590485997,44.6658283333948]},"properties":{"OBJECTID":398,"SHELTERID":"TRSHEL486","ASSETID":"TRSHEL486","ASSETCODE":"TRSHEL","OWNER":"HRM","INSTYR":2022,"INSTYRCONF":3,"MAT":null,"MATCONF":null,"LOCGEN":"ROW","ASSETSTAT":"INS","ELECTRICAL":null,"AD":null,"BUSSTOPID":"BS3494","LOCATION":"Barrington St After Hanover St (2273)","MAINTBY":"HRM","ASSETDESC":null,"SDATE":"Tue, 21 Jun 2022 03:00:00 GMT","SOURCE":"TRANSIT","SACC":"XY","ADDDATE":"Tue, 01 Nov 2022 17:05:45 GMT","MODDATE":"Mon, 24 Jun 2024 17:18:22 GMT","CONDITPERD":null,"CONDITEXP":null,"GLOBALID":"8299ac44-5bf6-4b36-9f96-b6e5358ccfda"}},{"type":"Feature","id":399,"geometry":{"type":"Point","coordinates":[-63.6205691575795,44.648025230265]},"properties":{"OBJECTID":399,"SHELTERID":"TRSHEL103","ASSETID":"TRSHEL103","ASSETCODE":"TRSHEL","OWNER":"HRM","INSTYR":2004,"INSTYRCONF":2,"MAT":"ALUM","MATCONF":4,"LOCGEN":"ROW","ASSETSTAT":"INS","ELECTRICAL":null,"AD":"N","BUSSTOPID":"BS2674","LOCATION":"Mumford Terminal Bay 2 (8640)","MAINTBY":"HRM","ASSETDESC":"MOUNTAIN MFG","SDATE":null,"SOURCE":null,"SACC":"IN","ADDDATE":"Tue, 01 Nov 2022 17:05:45 GMT","MODDATE":"Fri, 04 Nov 2022 15:17:35 GMT","CONDITPERD":null,"CONDITEXP":null,"GLOBALID":"12aeeb13-6973-435e-abac-eb337d3775be"}},{"type":"Feature","id":400,"geometry":{"type":"Point","coordinates":[-63.6047085343642,44.6580383524008]},"properties":{"OBJECTID":400,"SHELTERID":"TRSHEL154","ASSETID":"TRSHEL154","ASSETCODE":"TRSHEL","OWNER":"HRM","INSTYR":null,"INSTYRCONF":6,"MAT":"STEEL","MATCONF":3,"LOCGEN":"ROW","ASSETSTAT":"DIS","ELECTRICAL":null,"AD":null,"BUSSTOPID":"BS1421","LOCATION":"Young St After Monaghan Dr (8629)","MAINTBY":"HRM","ASSETDESC":"DAYTECH BROWN FLAT ROOF-Shelter Bench","SDATE":null,"SOURCE":null,"SACC":"IN","ADDDATE":"Tue, 01 Nov 2022 17:05:45 GMT","MODDATE":"Wed, 27 Nov 2024 16:27:28 GMT","CONDITPERD":null,"CONDITEXP":null,"GLOBALID":"ec256f08-693f-45fd-9a2c-25e679fe2625"}},{"type":"Feature","id":401,"geometry":{"type":"Point","coordinates":[-63.5861982718278,44.6804738396349]},"properties":{"OBJECTID":401,"SHELTERID":"TRSHEL224","ASSETID":"TRSHEL224","ASSETCODE":"TRSHEL","OWNER":"HRM","INSTYR":2005,"INSTYRCONF":2,"MAT":"ALUM","MATCONF":3,"LOCGEN":"ROW","ASSETSTAT":"INS","ELECTRICAL":null,"AD":null,"BUSSTOPID":"BS803","LOCATION":"Victoria Rd After Farrell St (8422)","MAINTBY":"HRM","ASSETDESC":"DAYTECH AVANTI - Shelter Bench","SDATE":null,"SOURCE":null,"SACC":"IN","ADDDATE":"Tue, 01 Nov 2022 17:05:45 GMT","MODDATE":"Mon, 24 Jun 2024 17:18:22 GMT","CONDITPERD":null,"CONDITEXP":null,"GLOBALID":"f9fd2f27-3dfc-4297-b586-c2258b936923"}},{"type":"Feature","id":402,"geometry":{"type":"Point","coordinates":[-63.6377769905147,44.6581149915268]},"properties":{"OBJECTID":402,"SHELTERID":"TRSHEL89","ASSETID":"TRSHEL89","ASSETCODE":"TRSHEL","OWNER":"HRM","INSTYR":null,"INSTYRCONF":6,"MAT":"ALUM","MATCONF":3,"LOCGEN":"ROW","ASSETSTAT":"INS","ELECTRICAL":null,"AD":null,"BUSSTOPID":"BS1458","LOCATION":"Main Ave At Flint St (7167)","MAINTBY":"HRM","ASSETDESC":"DAYTECH AVANTI - Shelter Bench","SDATE":null,"SOURCE":null,"SACC":"IN","ADDDATE":"Tue, 01 Nov 2022 17:05:45 GMT","MODDATE":"Mon, 24 Jun 2024 17:18:22 GMT","CONDITPERD":null,"CONDITEXP":null,"GLOBALID":"6a1d35af-e60a-4296-a7b4-c5da47bf4334"}},{"type":"Feature","id":403,"geometry":{"type":"Point","coordinates":[-63.6000318331298,44.6686262182551]},"properties":{"OBJECTID":403,"SHELTERID":"TRSHEL319","ASSETID":"TRSHEL319","ASSETCODE":"TRSHEL","OWNER":"HRM","INSTYR":2013,"INSTYRCONF":2,"MAT":"ALUM","MATCONF":3,"LOCGEN":"ROW","ASSETSTAT":"INS","ELECTRICAL":null,"AD":"N","BUSSTOPID":"BS2177","LOCATION":"Barrington St At Civic 3356 (6100)","MAINTBY":"HRM","ASSETDESC":"DAYTECH AVANTI - Shelter Bench","SDATE":null,"SOURCE":null,"SACC":"IN","ADDDATE":"Tue, 01 Nov 2022 17:05:45 GMT","MODDATE":"Mon, 24 Jun 2024 17:18:22 GMT","CONDITPERD":null,"CONDITEXP":null,"GLOBALID":"5c9c9c28-ef82-4370-aae4-8346d9812606"}},{"type":"Feature","id":404,"geometry":{"type":"Point","coordinates":[-63.5751363168078,44.6708334010489]},"properties":{"OBJECTID":404,"SHELTERID":"TRSHEL46","ASSETID":"TRSHEL46","ASSETCODE":"TRSHEL","OWNER":"HRM","INSTYR":2012,"INSTYRCONF":2,"MAT":"ALUM","MATCONF":3,"LOCGEN":"ROW","ASSETSTAT":"INS","ELECTRICAL":null,"AD":"N","BUSSTOPID":"BS1605","LOCATION":"Bridge Terminal Bay 15 (7615)","MAINTBY":"HRM","ASSETDESC":"DAYTECH AVANTI","SDATE":null,"SOURCE":null,"SACC":"IN","ADDDATE":"Tue, 01 Nov 2022 17:05:45 GMT","MODDATE":"Fri, 04 Nov 2022 15:17:35 GMT","CONDITPERD":null,"CONDITEXP":null,"GLOBALID":"83e319b7-cb09-4f43-b439-6e7be4d48e6f"}},{"type":"Feature","id":405,"geometry":{"type":"Point","coordinates":[-63.6293927651347,44.6476875494012]},"properties":{"OBJECTID":405,"SHELTERID":"TRSHEL221","ASSETID":"TRSHEL221","ASSETCODE":"TRSHEL","OWNER":"HRM","INSTYR":2004,"INSTYRCONF":2,"MAT":"STEEL","MATCONF":3,"LOCGEN":"ROW","ASSETSTAT":"INS","ELECTRICAL":null,"AD":null,"BUSSTOPID":"BS982","LOCATION":"Joseph Howe Dr After Murdoch Ave (7011)","MAINTBY":"HRM","ASSETDESC":"DAYTECH BROWN- Shelter Bench","SDATE":null,"SOURCE":null,"SACC":"IN","ADDDATE":"Tue, 01 Nov 2022 17:05:45 GMT","MODDATE":"Mon, 24 Jun 2024 17:18:22 GMT","CONDITPERD":null,"CONDITEXP":null,"GLOBALID":"b9f91306-c9e9-4fae-a0fb-a4a8e0a78a80"}},{"type":"Feature","id":406,"geometry":{"type":"Point","coordinates":[-63.5738880367536,44.6702834850598]},"properties":{"OBJECTID":406,"SHELTERID":"TRSHEL122","ASSETID":"TRSHEL122","ASSETCODE":"TRSHEL","OWNER":"HRM","INSTYR":2012,"INSTYRCONF":2,"MAT":"ALUM","MATCONF":3,"LOCGEN":"ROW","ASSETSTAT":"INS","ELECTRICAL":null,"AD":"N","BUSSTOPID":"BS1280","LOCATION":"Bridge Terminal Bay 7 (7607)","MAINTBY":"HRM","ASSETDESC":"DAYTECH AVANTI","SDATE":null,"SOURCE":null,"SACC":"IN","ADDDATE":"Tue, 01 Nov 2022 17:05:45 GMT","MODDATE":"Fri, 04 Nov 2022 15:17:35 GMT","CONDITPERD":null,"CONDITEXP":null,"GLOBALID":"ac002907-ac9b-4cb7-9de5-54385a394452"}},{"type":"Feature","id":407,"geometry":{"type":"Point","coordinates":[-63.545850302501,44.6489284069264]},"properties":{"OBJECTID":407,"SHELTERID":"TRSHEL112","ASSETID":"TRSHEL112","ASSETCODE":"TRSHEL","OWNER":"HRM","INSTYR":2010,"INSTYRCONF":2,"MAT":"ALUM","MATCONF":2,"LOCGEN":"ROW","ASSETSTAT":"INS","ELECTRICAL":null,"AD":"N","BUSSTOPID":"BS2427","LOCATION":"Pleasant St After Atlantic St (7467)","MAINTBY":"HRM","ASSETDESC":"DAYTECH AVANTI - Shelter Bench","SDATE":null,"SOURCE":null,"SACC":"IN","ADDDATE":"Tue, 01 Nov 2022 17:05:45 GMT","MODDATE":"Mon, 24 Jun 2024 17:18:22 GMT","CONDITPERD":null,"CONDITEXP":null,"GLOBALID":"17b37dde-9856-4116-a88b-1a7b844673e2"}},{"type":"Feature","id":408,"geometry":{"type":"Point","coordinates":[-63.5902895158386,44.6583614182919]},"properties":{"OBJECTID":408,"SHELTERID":"TRSHEL258","ASSETID":"TRSHEL258","ASSETCODE":"TRSHEL","OWNER":"HRM","INSTYR":null,"INSTYRCONF":6,"MAT":"ALUM","MATCONF":3,"LOCGEN":"ROW","ASSETSTAT":"INS","ELECTRICAL":null,"AD":null,"BUSSTOPID":"BS329","LOCATION":"North St After Lorne Terr (7348)","MAINTBY":"HRM","ASSETDESC":"DAYTECH AVANTI - Shelter Bench","SDATE":null,"SOURCE":null,"SACC":"IN","ADDDATE":"Tue, 01 Nov 2022 17:05:45 GMT","MODDATE":"Tue, 03 Dec 2024 23:10:46 GMT","CONDITPERD":null,"CONDITEXP":null,"GLOBALID":"e91fff45-042f-4d04-9daa-f6c7e5c7dc66"}},{"type":"Feature","id":409,"geometry":{"type":"Point","coordinates":[-63.5898609035654,44.6584827012435]},"properties":{"OBJECTID":409,"SHELTERID":"TRSHEL100","ASSETID":"TRSHEL100","ASSETCODE":"TRSHEL","OWNER":"HRM","INSTYR":2015,"INSTYRCONF":2,"MAT":"ALUM","MATCONF":2,"LOCGEN":"ROW","ASSETSTAT":"INS","ELECTRICAL":null,"AD":"N","BUSSTOPID":"BS1251","LOCATION":"MacDonald Bridge Exit Ramp (8638)","MAINTBY":"HRM","ASSETDESC":"DAYTECH AVANTI - Shelter Bench","SDATE":null,"SOURCE":null,"SACC":"IN","ADDDATE":"Tue, 01 Nov 2022 17:05:45 GMT","MODDATE":"Mon, 24 Jun 2024 17:18:22 GMT","CONDITPERD":null,"CONDITEXP":null,"GLOBALID":"152a2779-1409-40c3-aaef-de15ce77d370"}},{"type":"Feature","id":410,"geometry":{"type":"Point","coordinates":[-63.6028434557645,44.648943160841]},"properties":{"OBJECTID":410,"SHELTERID":"TRSHEL464","ASSETID":"TRSHEL464","ASSETCODE":"TRSHEL","OWNER":"HRM","INSTYR":null,"INSTYRCONF":6,"MAT":"ALUM","MATCONF":3,"LOCGEN":"ROW","ASSETSTAT":"INS","ELECTRICAL":null,"AD":null,"BUSSTOPID":"BS336","LOCATION":"North St Before Oxford St (7355)","MAINTBY":"HRM","ASSETDESC":"DAYTECH AVANTI - Shelter Bench","SDATE":null,"SOURCE":null,"SACC":"IN","ADDDATE":"Tue, 01 Nov 2022 17:05:45 GMT","MODDATE":"Mon, 24 Jun 2024 17:18:22 GMT","CONDITPERD":null,"CONDITEXP":null,"GLOBALID":"19323ce9-9df3-415d-8724-bdda40f5f61d"}},{"type":"Feature","id":411,"geometry":{"type":"Point","coordinates":[-63.5120606968066,44.6787917515508]},"properties":{"OBJECTID":411,"SHELTERID":"TRSHEL457","ASSETID":"TRSHEL457","ASSETCODE":"TRSHEL","OWNER":"HRM","INSTYR":2012,"INSTYRCONF":2,"MAT":"ALUM","MATCONF":3,"LOCGEN":"ROW","ASSETSTAT":"INS","ELECTRICAL":null,"AD":null,"BUSSTOPID":"BS2165","LOCATION":"Dorothea Dr Before Topsail Blvd (6574)","MAINTBY":"HRM","ASSETDESC":"DAYTECH AVANTI - Shelter Bench","SDATE":null,"SOURCE":null,"SACC":"IN","ADDDATE":"Tue, 01 Nov 2022 17:05:45 GMT","MODDATE":"Fri, 04 Nov 2022 15:17:35 GMT","CONDITPERD":null,"CONDITEXP":null,"GLOBALID":"00693ef8-2578-4127-b291-d7419c0c5fa5"}},{"type":"Feature","id":412,"geometry":{"type":"Point","coordinates":[-63.5864988094943,44.6830785116879]},"properties":{"OBJECTID":412,"SHELTERID":"TRSHEL11141","ASSETID":"TRSHEL11141","ASSETCODE":"TRSHEL","OWNER":"HRM","INSTYR":2023,"INSTYRCONF":2,"MAT":"STEEL","MATCONF":4,"LOCGEN":"ROW","ASSETSTAT":"INS","ELECTRICAL":null,"AD":null,"BUSSTOPID":"BS849","LOCATION":"Robert Burns Dr After Brule St (8176)","MAINTBY":"HRM","ASSETDESC":null,"SDATE":null,"SOURCE":null,"SACC":"IN","ADDDATE":"Wed, 08 Mar 2023 21:07:09 GMT","MODDATE":"Mon, 24 Jun 2024 17:18:22 GMT","CONDITPERD":null,"CONDITEXP":null,"GLOBALID":"01797b4b-1f75-4a01-93ac-5fe1e8918d2d"}},{"type":"Feature","id":413,"geometry":{"type":"Point","coordinates":[-63.6246811877078,44.6401805851288]},"properties":{"OBJECTID":413,"SHELTERID":"TRSHEL276","ASSETID":"TRSHEL276","ASSETCODE":"TRSHEL","OWNER":"HRM","INSTYR":null,"INSTYRCONF":6,"MAT":"ALUM","MATCONF":3,"LOCGEN":"ROW","ASSETSTAT":"INS","ELECTRICAL":null,"AD":null,"BUSSTOPID":"BS458","LOCATION":"St Margarets Bay Rd Before Fairmount Rd (6159)","MAINTBY":"HRM","ASSETDESC":"DAYTECH AVANTI - Shelter Bench","SDATE":null,"SOURCE":null,"SACC":"IN","ADDDATE":"Tue, 01 Nov 2022 17:05:45 GMT","MODDATE":"Mon, 24 Jun 2024 17:18:22 GMT","CONDITPERD":null,"CONDITEXP":null,"GLOBALID":"83879615-595b-4ad1-8b1d-d561404313fb"}},{"type":"Feature","id":414,"geometry":{"type":"Point","coordinates":[-63.6196979839934,44.6413424997865]},"properties":{"OBJECTID":414,"SHELTERID":"TRSHEL480","ASSETID":"TRSHEL480","ASSETCODE":"TRSHEL","OWNER":"HRM","INSTYR":null,"INSTYRCONF":6,"MAT":"ALUM","MATCONF":3,"LOCGEN":"ROW","ASSETSTAT":"PND","ELECTRICAL":null,"AD":null,"BUSSTOPID":"BS646","LOCATION":"Quinpool Rd After Herring Cove Rd (8132)","MAINTBY":"HRM","ASSETDESC":"TO BE REMOVED 2022 Construction Season","SDATE":null,"SOURCE":null,"SACC":"IN","ADDDATE":"Tue, 01 Nov 2022 17:05:45 GMT","MODDATE":"Fri, 04 Nov 2022 15:17:35 GMT","CONDITPERD":null,"CONDITEXP":null,"GLOBALID":"657a73d9-43ed-47b9-823a-0829e160ab1a"}},{"type":"Feature","id":415,"geometry":{"type":"Point","coordinates":[-63.5827214610982,44.6326784980626]},"properties":{"OBJECTID":415,"SHELTERID":"TRSHEL326","ASSETID":"TRSHEL326","ASSETCODE":"TRSHEL","OWNER":"HRM","INSTYR":2007,"INSTYRCONF":2,"MAT":"ALUM","MATCONF":2,"LOCGEN":"ROW","ASSETSTAT":"INS","ELECTRICAL":null,"AD":"Y","BUSSTOPID":"BS626","LOCATION":"Inglis St After Robie St (6962)","MAINTBY":"HRM","ASSETDESC":"DAYTECH AVANTI - Shelter Bench","SDATE":null,"SOURCE":null,"SACC":"IN","ADDDATE":"Tue, 01 Nov 2022 17:05:45 GMT","MODDATE":"Mon, 24 Jun 2024 17:18:22 GMT","CONDITPERD":null,"CONDITEXP":null,"GLOBALID":"cbefec84-2641-4f66-a9b4-c1748cea5003"}},{"type":"Feature","id":416,"geometry":{"type":"Point","coordinates":[-63.5720031260475,44.6711118659185]},"properties":{"OBJECTID":416,"SHELTERID":"TRSHEL205","ASSETID":"TRSHEL205","ASSETCODE":"TRSHEL","OWNER":"HRM","INSTYR":null,"INSTYRCONF":6,"MAT":"ALUM","MATCONF":3,"LOCGEN":"ROW","ASSETSTAT":"INS","ELECTRICAL":null,"AD":null,"BUSSTOPID":"BS889","LOCATION":"Thistle St After Victoria Rd (8389)","MAINTBY":"HRM","ASSETDESC":"DAYTECH AVANTI - Shelter Bench","SDATE":null,"SOURCE":null,"SACC":"IN","ADDDATE":"Tue, 01 Nov 2022 17:05:45 GMT","MODDATE":"Mon, 24 Jun 2024 17:18:22 GMT","CONDITPERD":null,"CONDITEXP":null,"GLOBALID":"b7fed3b2-de9e-45ba-98e4-a08230a56ac3"}},{"type":"Feature","id":417,"geometry":{"type":"Point","coordinates":[-63.5809589314765,44.6330819080599]},"properties":{"OBJECTID":417,"SHELTERID":"TRSHEL86","ASSETID":"TRSHEL86","ASSETCODE":"TRSHEL","OWNER":"HRM","INSTYR":2005,"INSTYRCONF":2,"MAT":"STEEL","MATCONF":3,"LOCGEN":"ROW","ASSETSTAT":"DIS","ELECTRICAL":null,"AD":"N","BUSSTOPID":"BS629","LOCATION":"Inglis St At SMU (6965)","MAINTBY":"HRM","ASSETDESC":"DAYTECH BROWN","SDATE":null,"SOURCE":null,"SACC":"IN","ADDDATE":"Tue, 01 Nov 2022 17:05:45 GMT","MODDATE":"Mon, 15 Jan 2024 17:30:18 GMT","CONDITPERD":null,"CONDITEXP":null,"GLOBALID":"fdaf7917-8465-4c4c-b10f-da08a3f1f5c4"}},{"type":"Feature","id":418,"geometry":{"type":"Point","coordinates":[-63.6982022085252,44.6995646268712]},"properties":{"OBJECTID":418,"SHELTERID":"TRSHEL735","ASSETID":"TRSHEL735","ASSETCODE":"TRSHEL","OWNER":"HRM","INSTYR":2024,"INSTYRCONF":3,"MAT":null,"MATCONF":null,"LOCGEN":"ROW","ASSETSTAT":"INS","ELECTRICAL":null,"AD":null,"BUSSTOPID":"BS2731","LOCATION":"Larry Uteck Blvd After Kearney Lake Rd (6298)","MAINTBY":"HRM","ASSETDESC":null,"SDATE":"Fri, 12 Apr 2024 03:00:00 GMT","SOURCE":"Planning","SACC":"IN","ADDDATE":"Fri, 12 Apr 2024 19:45:40 GMT","MODDATE":"Fri, 12 Apr 2024 19:46:49 GMT","CONDITPERD":null,"CONDITEXP":null,"GLOBALID":"0ae60914-fede-4b9d-9ed0-378e94669027"}},{"type":"Feature","id":419,"geometry":{"type":"Point","coordinates":[-63.6772471926212,44.7759409383222]},"properties":{"OBJECTID":419,"SHELTERID":"TRSHEL217","ASSETID":"TRSHEL217","ASSETCODE":"TRSHEL","OWNER":"HRM","INSTYR":1998,"INSTYRCONF":2,"MAT":"STEEL","MATCONF":3,"LOCGEN":"ROW","ASSETSTAT":"INS","ELECTRICAL":null,"AD":null,"BUSSTOPID":"BS515","LOCATION":"Glendale Dr After Metropolitan Ave (6742)","MAINTBY":"HRM","ASSETDESC":"DAYTECH BROWN","SDATE":null,"SOURCE":null,"SACC":"IN","ADDDATE":"Tue, 01 Nov 2022 17:05:45 GMT","MODDATE":"Mon, 24 Jun 2024 17:18:22 GMT","CONDITPERD":null,"CONDITEXP":null,"GLOBALID":"afc684f3-97e7-481e-9e8a-a04a1395807c"}},{"type":"Feature","id":420,"geometry":{"type":"Point","coordinates":[-63.5764763193441,44.6515616566555]},"properties":{"OBJECTID":420,"SHELTERID":"TRSHEL787","ASSETID":"TRSHEL787","ASSETCODE":"TRSHEL","OWNER":"HRM","INSTYR":2025,"INSTYRCONF":1,"MAT":"ALUM","MATCONF":1,"LOCGEN":"ROW","ASSETSTAT":"INS","ELECTRICAL":null,"AD":null,"BUSSTOPID":"BS4345","LOCATION":"Barrington St Before Duke St Bay 5 (6107)","MAINTBY":"HRM","ASSETDESC":"Cogswell Shelter","SDATE":"Fri, 14 Mar 2025 03:00:00 GMT","SOURCE":"TRANSIT","SACC":"IN","ADDDATE":"Mon, 10 Mar 2025 14:20:37 GMT","MODDATE":"Mon, 10 Mar 2025 14:23:07 GMT","CONDITPERD":null,"CONDITEXP":null,"GLOBALID":"917fe4a0-d828-434c-a1f7-1aef2f990218"}},{"type":"Feature","id":421,"geometry":{"type":"Point","coordinates":[-63.5773291924512,44.6752121373671]},"properties":{"OBJECTID":421,"SHELTERID":"TRSHEL115","ASSETID":"TRSHEL115","ASSETCODE":"TRSHEL","OWNER":"HRM","INSTYR":null,"INSTYRCONF":6,"MAT":"STEEL","MATCONF":3,"LOCGEN":"ROW","ASSETSTAT":"INS","ELECTRICAL":null,"AD":null,"BUSSTOPID":"BS800","LOCATION":"Victoria Rd After Boland Rd (8419)","MAINTBY":"HRM","ASSETDESC":"DAYTECH BROWN FLAT ROOF","SDATE":null,"SOURCE":null,"SACC":"IN","ADDDATE":"Tue, 01 Nov 2022 17:05:45 GMT","MODDATE":"Mon, 24 Jun 2024 17:18:22 GMT","CONDITPERD":null,"CONDITEXP":null,"GLOBALID":"43169c91-3363-4fb6-8e2c-fd65ff394e9b"}},{"type":"Feature","id":422,"geometry":{"type":"Point","coordinates":[-63.5757151821938,44.6503690125393]},"properties":{"OBJECTID":422,"SHELTERID":"TRSHEL779","ASSETID":"TRSHEL779","ASSETCODE":"TRSHEL","OWNER":"HRM","INSTYR":2025,"INSTYRCONF":1,"MAT":"ALUM","MATCONF":1,"LOCGEN":"ROW","ASSETSTAT":"INS","ELECTRICAL":null,"AD":null,"BUSSTOPID":"BS4327","LOCATION":"Barrington St Before\r\nDuke St Bay 5 (6107)","MAINTBY":"HRM","ASSETDESC":"Cogswell Shelter","SDATE":"Wed, 05 Mar 2025 04:00:00 GMT","SOURCE":"TRANSIT","SACC":"IN","ADDDATE":"Thu, 06 Mar 2025 18:42:51 GMT","MODDATE":"Thu, 06 Mar 2025 18:47:05 GMT","CONDITPERD":null,"CONDITEXP":null,"GLOBALID":"9c25d309-6757-4cbd-9020-5135cbbffbcb"}},{"type":"Feature","id":423,"geometry":{"type":"Point","coordinates":[-63.5975451131671,44.802795191477]},"properties":{"OBJECTID":423,"SHELTERID":"TRSHEL157","ASSETID":"TRSHEL157","ASSETCODE":"TRSHEL","OWNER":"HRM","INSTYR":2012,"INSTYRCONF":2,"MAT":"ALUM","MATCONF":4,"LOCGEN":"ROW","ASSETSTAT":"INS","ELECTRICAL":null,"AD":"Y","BUSSTOPID":"BS1242","LOCATION":"Fall River Park and Ride (8030)","MAINTBY":"HRM","ASSETDESC":"DAYTECH LARGE","SDATE":null,"SOURCE":null,"SACC":"IN","ADDDATE":"Tue, 01 Nov 2022 17:05:45 GMT","MODDATE":"Fri, 04 Nov 2022 15:17:35 GMT","CONDITPERD":null,"CONDITEXP":null,"GLOBALID":"05e42da8-7557-4761-b711-a257737df300"}},{"type":"Feature","id":424,"geometry":{"type":"Point","coordinates":[-63.6213613971,44.6525136454404]},"properties":{"OBJECTID":424,"SHELTERID":"TRSHEL191","ASSETID":"TRSHEL191","ASSETCODE":"TRSHEL","OWNER":"HRM","INSTYR":2011,"INSTYRCONF":2,"MAT":"ALUM","MATCONF":3,"LOCGEN":"ROW","ASSETSTAT":"INS","ELECTRICAL":null,"AD":"Y","BUSSTOPID":"BS781","LOCATION":"Bayers Rd After Romans Ave (6197)","MAINTBY":"HRM","ASSETDESC":"DAYTECH AVANTI - Shelter Bench","SDATE":null,"SOURCE":null,"SACC":"IN","ADDDATE":"Tue, 01 Nov 2022 17:05:45 GMT","MODDATE":"Mon, 24 Jun 2024 17:18:22 GMT","CONDITPERD":null,"CONDITEXP":null,"GLOBALID":"e2385113-9623-4bf1-88f0-536b7679d7d5"}},{"type":"Feature","id":425,"geometry":{"type":"Point","coordinates":[-63.6429208579176,44.6557236361649]},"properties":{"OBJECTID":425,"SHELTERID":"TRSHEL403","ASSETID":"TRSHEL403","ASSETCODE":"TRSHEL","OWNER":"HRM","INSTYR":null,"INSTYRCONF":6,"MAT":"STEEL","MATCONF":3,"LOCGEN":"ROW","ASSETSTAT":"INS","ELECTRICAL":null,"AD":null,"BUSSTOPID":"BS1455","LOCATION":"Main Ave After Hillcrest St (7164)","MAINTBY":"HRM","ASSETDESC":"DAYTECH BROWN- Shelter Bench","SDATE":null,"SOURCE":null,"SACC":"IN","ADDDATE":"Tue, 01 Nov 2022 17:05:45 GMT","MODDATE":"Mon, 24 Jun 2024 17:18:22 GMT","CONDITPERD":null,"CONDITEXP":null,"GLOBALID":"269c903c-6818-4bd1-ad2a-81b43a93dac8"}},{"type":"Feature","id":426,"geometry":{"type":"Point","coordinates":[-63.6954824000007,44.7722899673579]},"properties":{"OBJECTID":426,"SHELTERID":"TRSHEL423","ASSETID":"TRSHEL423","ASSETCODE":"TRSHEL","OWNER":"HRM","INSTYR":2016,"INSTYRCONF":2,"MAT":"ALUM","MATCONF":3,"LOCGEN":"ROW","ASSETSTAT":"INS","ELECTRICAL":null,"AD":null,"BUSSTOPID":"BS269","LOCATION":"Downsview Dr After Touchstone Ct (9000)","MAINTBY":"HRM","ASSETDESC":"DAYTECH AVANTI - Shelter Bench","SDATE":null,"SOURCE":null,"SACC":"IN","ADDDATE":"Tue, 01 Nov 2022 17:05:45 GMT","MODDATE":"Fri, 04 Nov 2022 15:17:35 GMT","CONDITPERD":null,"CONDITEXP":null,"GLOBALID":"619e97f5-8441-4786-b25d-991c168fbe6c"}},{"type":"Feature","id":427,"geometry":{"type":"Point","coordinates":[-63.5058793453192,44.6702376507724]},"properties":{"OBJECTID":427,"SHELTERID":"TRSHEL430","ASSETID":"TRSHEL430","ASSETCODE":"TRSHEL","OWNER":"HRM","INSTYR":2005,"INSTYRCONF":2,"MAT":"ALUM","MATCONF":3,"LOCGEN":"ROW","ASSETSTAT":"INS","ELECTRICAL":null,"AD":"N","BUSSTOPID":"BS2684","LOCATION":"Portland Hills Terminal  Bay 8 (8957)","MAINTBY":"HRM","ASSETDESC":"MOUNTAIN MFG- Shelter Bench","SDATE":null,"SOURCE":"IMAGERY","SACC":"IN","ADDDATE":"Tue, 01 Nov 2022 17:05:45 GMT","MODDATE":"Fri, 04 Nov 2022 15:17:35 GMT","CONDITPERD":null,"CONDITEXP":null,"GLOBALID":"c7163c58-03d9-4895-9163-32d8f4c1582d"}},{"type":"Feature","id":428,"geometry":{"type":"Point","coordinates":[-63.5893039759371,44.6843819895375]},"properties":{"OBJECTID":428,"SHELTERID":"TRSHEL212","ASSETID":"TRSHEL212","ASSETCODE":"TRSHEL","OWNER":"HRM","INSTYR":2014,"INSTYRCONF":2,"MAT":"STEEL","MATCONF":4,"LOCGEN":"ROW","ASSETSTAT":"INS","ELECTRICAL":null,"AD":"N","BUSSTOPID":"BS2668","LOCATION":"Highfield Terminal Bay 2 (8141)","MAINTBY":"HRM","ASSETDESC":"DAYTECH LARGE","SDATE":null,"SOURCE":null,"SACC":"IN","ADDDATE":"Tue, 01 Nov 2022 17:05:45 GMT","MODDATE":"Fri, 04 Nov 2022 15:17:35 GMT","CONDITPERD":null,"CONDITEXP":null,"GLOBALID":"a1bb69b0-7110-44b7-b17d-9d0a7eb4de82"}},{"type":"Feature","id":429,"geometry":{"type":"Point","coordinates":[-63.5778078893948,44.6315500237117]},"properties":{"OBJECTID":429,"SHELTERID":"TRSHEL208","ASSETID":"TRSHEL208","ASSETCODE":"TRSHEL","OWNER":"HRM","INSTYR":null,"INSTYRCONF":6,"MAT":"STEEL","MATCONF":4,"LOCGEN":"ROW","ASSETSTAT":"INS","ELECTRICAL":null,"AD":null,"BUSSTOPID":"BS898","LOCATION":"Tower Rd At Atlantic St (8403)","MAINTBY":"HRM","ASSETDESC":"DAYTECH HALF SHELTER AVANTI-ShelterBench","SDATE":null,"SOURCE":null,"SACC":"IN","ADDDATE":"Tue, 01 Nov 2022 17:05:45 GMT","MODDATE":"Mon, 24 Jun 2024 17:18:22 GMT","CONDITPERD":null,"CONDITEXP":null,"GLOBALID":"bd450e6d-7fff-4a7d-8e83-62367d496dba"}},{"type":"Feature","id":430,"geometry":{"type":"Point","coordinates":[-63.6753405372953,44.7128070028207]},"properties":{"OBJECTID":430,"SHELTERID":"TRSHEL198","ASSETID":"TRSHEL198","ASSETCODE":"TRSHEL","OWNER":"HRM","INSTYR":2016,"INSTYRCONF":2,"MAT":"ALUM","MATCONF":3,"LOCGEN":"ROW","ASSETSTAT":"INS","ELECTRICAL":null,"AD":"N","BUSSTOPID":"BS2387","LOCATION":"Bedford Hwy Before Nelsons Landing Blvd (6241)","MAINTBY":"HRM","ASSETDESC":"DAYTECH AVANTI - Shelter Bench","SDATE":null,"SOURCE":null,"SACC":"IN","ADDDATE":"Tue, 01 Nov 2022 17:05:45 GMT","MODDATE":"Mon, 24 Jun 2024 17:18:22 GMT","CONDITPERD":null,"CONDITEXP":null,"GLOBALID":"b823e75e-0206-4b55-8977-a470c6928810"}},{"type":"Feature","id":431,"geometry":{"type":"Point","coordinates":[-63.5360914921412,44.6885247993244]},"properties":{"OBJECTID":431,"SHELTERID":"TRSHEL414","ASSETID":"TRSHEL414","ASSETCODE":"TRSHEL","OWNER":"HRM","INSTYR":2000,"INSTYRCONF":2,"MAT":"STEEL","MATCONF":3,"LOCGEN":"ROW","ASSETSTAT":"INS","ELECTRICAL":null,"AD":null,"BUSSTOPID":"BS834","LOCATION":"Inverary Dr Before Strath Ln (6974)","MAINTBY":"HRM","ASSETDESC":"DAYTECH BROWN","SDATE":null,"SOURCE":null,"SACC":"IN","ADDDATE":"Tue, 01 Nov 2022 17:05:45 GMT","MODDATE":"Mon, 24 Jun 2024 17:18:22 GMT","CONDITPERD":null,"CONDITEXP":null,"GLOBALID":"92589746-4d97-4aaf-80ba-30395440f012"}},{"type":"Feature","id":432,"geometry":{"type":"Point","coordinates":[-63.6783723226331,44.7160802619452]},"properties":{"OBJECTID":432,"SHELTERID":"TRSHEL136","ASSETID":"TRSHEL136","ASSETCODE":"TRSHEL","OWNER":"HRM","INSTYR":2001,"INSTYRCONF":2,"MAT":"STEEL","MATCONF":3,"LOCGEN":"ROW","ASSETSTAT":"INS","ELECTRICAL":null,"AD":"N","BUSSTOPID":"BS2383","LOCATION":"Bedford Hwy Before Hammonds Plains Rd (6255)","MAINTBY":"HRM","ASSETDESC":"DAYTECH BROWN","SDATE":null,"SOURCE":null,"SACC":"IN","ADDDATE":"Tue, 01 Nov 2022 17:05:45 GMT","MODDATE":"Mon, 24 Jun 2024 17:18:22 GMT","CONDITPERD":null,"CONDITEXP":null,"GLOBALID":"086d1834-aca3-4131-aaca-c30ffb298c0a"}},{"type":"Feature","id":433,"geometry":{"type":"Point","coordinates":[-63.6243460747843,44.6494329214431]},"properties":{"OBJECTID":433,"SHELTERID":"TRSHEL432","ASSETID":"TRSHEL432","ASSETCODE":"TRSHEL","OWNER":"HRM","INSTYR":1999,"INSTYRCONF":2,"MAT":"ALUM","MATCONF":3,"LOCGEN":"ROW","ASSETSTAT":"INS","ELECTRICAL":null,"AD":null,"BUSSTOPID":"BS91","LOCATION":"Mumford Rd After Olivet St (7277)","MAINTBY":"HRM","ASSETDESC":"DAYTECH AVANTI - Shelter Bench","SDATE":null,"SOURCE":null,"SACC":"IN","ADDDATE":"Tue, 01 Nov 2022 17:05:45 GMT","MODDATE":"Mon, 24 Jun 2024 17:18:22 GMT","CONDITPERD":null,"CONDITEXP":null,"GLOBALID":"c5946dcf-d392-4362-9c43-a6a626e80143"}},{"type":"Feature","id":434,"geometry":{"type":"Point","coordinates":[-63.6892636148171,44.7812275536994]},"properties":{"OBJECTID":434,"SHELTERID":"TRSHEL468","ASSETID":"TRSHEL468","ASSETCODE":"TRSHEL","OWNER":"HRM","INSTYR":2008,"INSTYRCONF":2,"MAT":"ALUM","MATCONF":3,"LOCGEN":"ROW","ASSETSTAT":"INS","ELECTRICAL":null,"AD":null,"BUSSTOPID":"BS510","LOCATION":"Glendale Dr Opposite Smokey Dr (6737)","MAINTBY":"HRM","ASSETDESC":"DAYTECH AVANTI - Shelter Bench","SDATE":null,"SOURCE":null,"SACC":"IN","ADDDATE":"Tue, 01 Nov 2022 17:05:45 GMT","MODDATE":"Mon, 24 Jun 2024 17:18:22 GMT","CONDITPERD":null,"CONDITEXP":null,"GLOBALID":"b47637c6-d7d3-4ad6-8146-20296159dd6d"}},{"type":"Feature","id":435,"geometry":{"type":"Point","coordinates":[-63.5984358610432,44.6572356965361]},"properties":{"OBJECTID":435,"SHELTERID":"TRSHEL410","ASSETID":"TRSHEL410","ASSETCODE":"TRSHEL","OWNER":"HRM","INSTYR":null,"INSTYRCONF":6,"MAT":"STEEL","MATCONF":3,"LOCGEN":"ROW","ASSETSTAT":"INS","ELECTRICAL":null,"AD":null,"BUSSTOPID":"BS552","LOCATION":"Robie St Before Almon St (8201)","MAINTBY":"HRM","ASSETDESC":"DAYTECH BROWN- Shelter Bench","SDATE":null,"SOURCE":null,"SACC":"IN","ADDDATE":"Tue, 01 Nov 2022 17:05:45 GMT","MODDATE":"Mon, 24 Jun 2024 17:18:22 GMT","CONDITPERD":null,"CONDITEXP":null,"GLOBALID":"def07971-2124-4b3b-9a19-e0496503ddaf"}},{"type":"Feature","id":436,"geometry":{"type":"Point","coordinates":[-63.5801566793339,44.6864124134199]},"properties":{"OBJECTID":436,"SHELTERID":"TRSHEL460","ASSETID":"TRSHEL460","ASSETCODE":"TRSHEL","OWNER":"HRM","INSTYR":null,"INSTYRCONF":6,"MAT":"ALUM","MATCONF":3,"LOCGEN":"ROW","ASSETSTAT":"INS","ELECTRICAL":null,"AD":null,"BUSSTOPID":"BS1009","LOCATION":"Leaman Dr After Ambercrest Pl (7126)","MAINTBY":"HRM","ASSETDESC":"DAYTECH AVANTI - Shelter Bench","SDATE":null,"SOURCE":null,"SACC":"IN","ADDDATE":"Tue, 01 Nov 2022 17:05:45 GMT","MODDATE":"Mon, 24 Jun 2024 17:18:22 GMT","CONDITPERD":null,"CONDITEXP":null,"GLOBALID":"1dd41753-d3b5-4ff1-8b49-bb683340a0ef"}},{"type":"Feature","id":437,"geometry":{"type":"Point","coordinates":[-63.6691666975202,44.6302175299762]},"properties":{"OBJECTID":437,"SHELTERID":"TRSHEL152","ASSETID":"TRSHEL152","ASSETCODE":"TRSHEL","OWNER":"HRM","INSTYR":2017,"INSTYRCONF":2,"MAT":"ALUM","MATCONF":3,"LOCGEN":"ROW","ASSETSTAT":"INS","ELECTRICAL":null,"AD":"N","BUSSTOPID":"BS2636","LOCATION":"Grassy Lake Dr Opposite Transit Centre (9051)","MAINTBY":"HRM","ASSETDESC":"DAYTECH AVANTI","SDATE":null,"SOURCE":null,"SACC":"IN","ADDDATE":"Tue, 01 Nov 2022 17:05:45 GMT","MODDATE":"Mon, 24 Jun 2024 17:18:22 GMT","CONDITPERD":null,"CONDITEXP":null,"GLOBALID":"18cfa590-cab4-4e65-8e2a-bf4d7ac3f390"}},{"type":"Feature","id":438,"geometry":{"type":"Point","coordinates":[-63.6051582714196,44.6987348470054]},"properties":{"OBJECTID":438,"SHELTERID":"TRSHEL32","ASSETID":"TRSHEL32","ASSETCODE":"TRSHEL","OWNER":"HRM","INSTYR":2006,"INSTYRCONF":2,"MAT":"ALUM","MATCONF":4,"LOCGEN":"ROW","ASSETSTAT":"INS","ELECTRICAL":null,"AD":"N","BUSSTOPID":"BS1933","LOCATION":"Windmill Rd After Wright Ave Bay 1 (8515)","MAINTBY":"HRM","ASSETDESC":"METROLINK SMALL","SDATE":null,"SOURCE":null,"SACC":"IN","ADDDATE":"Tue, 01 Nov 2022 17:05:45 GMT","MODDATE":"Thu, 29 Feb 2024 16:17:16 GMT","CONDITPERD":null,"CONDITEXP":null,"GLOBALID":"f014eb94-2a55-4bf3-9535-5ca3b4f530fc"}},{"type":"Feature","id":439,"geometry":{"type":"Point","coordinates":[-63.5321826240993,44.6906908063372]},"properties":{"OBJECTID":439,"SHELTERID":"TRSHEL343","ASSETID":"TRSHEL343","ASSETCODE":"TRSHEL","OWNER":"HRM","INSTYR":2007,"INSTYRCONF":2,"MAT":"ALUM","MATCONF":3,"LOCGEN":"ROW","ASSETSTAT":"INS","ELECTRICAL":null,"AD":"N","BUSSTOPID":"BS538","LOCATION":"Caledonia Rd Before Kennedy Dr (6371)","MAINTBY":"HRM","ASSETDESC":"DAYTECH AVANTI/ Shelter Bench","SDATE":null,"SOURCE":null,"SACC":"IN","ADDDATE":"Tue, 01 Nov 2022 17:05:45 GMT","MODDATE":"Mon, 24 Jun 2024 17:18:22 GMT","CONDITPERD":null,"CONDITEXP":null,"GLOBALID":"f75efce3-ba62-44ce-a525-3186cd294621"}},{"type":"Feature","id":440,"geometry":{"type":"Point","coordinates":[-63.5886934368525,44.6557409763412]},"properties":{"OBJECTID":440,"SHELTERID":"TRSHEL175","ASSETID":"TRSHEL175","ASSETCODE":"TRSHEL","OWNER":"HRM","INSTYR":null,"INSTYRCONF":6,"MAT":"STEEL","MATCONF":3,"LOCGEN":"ROW","ASSETSTAT":"INS","ELECTRICAL":null,"AD":null,"BUSSTOPID":"BS405","LOCATION":"Gottingen St After Uniacke St (6787)","MAINTBY":"HRM","ASSETDESC":"DAYTECH BROWN- Shelter Bench","SDATE":null,"SOURCE":null,"SACC":"IN","ADDDATE":"Tue, 01 Nov 2022 17:05:45 GMT","MODDATE":"Mon, 24 Jun 2024 17:18:22 GMT","CONDITPERD":null,"CONDITEXP":null,"GLOBALID":"0c226984-91c8-4592-8b0a-5116f3d5c3ff"}},{"type":"Feature","id":441,"geometry":{"type":"Point","coordinates":[-63.5855994620459,44.6376890051521]},"properties":{"OBJECTID":441,"SHELTERID":"TRSHEL408","ASSETID":"TRSHEL408","ASSETCODE":"TRSHEL","OWNER":"HRM","INSTYR":null,"INSTYRCONF":6,"MAT":"STEEL","MATCONF":3,"LOCGEN":"ROW","ASSETSTAT":"INS","ELECTRICAL":null,"AD":null,"BUSSTOPID":"BS545","LOCATION":"Robie St After University Ave (8188)","MAINTBY":"HRM","ASSETDESC":"DAYTECH BROWN","SDATE":null,"SOURCE":null,"SACC":"IN","ADDDATE":"Tue, 01 Nov 2022 17:05:45 GMT","MODDATE":"Mon, 24 Jun 2024 17:18:22 GMT","CONDITPERD":null,"CONDITEXP":null,"GLOBALID":"0e6fc55a-e5b5-4560-8c26-7dda0659c247"}},{"type":"Feature","id":442,"geometry":{"type":"Point","coordinates":[-63.5922870249758,44.6503676295937]},"properties":{"OBJECTID":442,"SHELTERID":"TRSHEL372","ASSETID":"TRSHEL372","ASSETCODE":"TRSHEL","OWNER":"HRM","INSTYR":null,"INSTYRCONF":6,"MAT":"STEEL","MATCONF":3,"LOCGEN":"ROW","ASSETSTAT":"INS","ELECTRICAL":null,"AD":null,"BUSSTOPID":"BS755","LOCATION":"Robie St After Cunard St (8205)","MAINTBY":"HRM","ASSETDESC":"DAYTECH BROWN- Shelter Bench","SDATE":null,"SOURCE":null,"SACC":"IN","ADDDATE":"Tue, 01 Nov 2022 17:05:45 GMT","MODDATE":"Mon, 24 Jun 2024 17:18:22 GMT","CONDITPERD":null,"CONDITEXP":null,"GLOBALID":"cfdddda8-01f5-492b-bebd-ecfd94efc2e8"}},{"type":"Feature","id":443,"geometry":{"type":"Point","coordinates":[-63.6892298588236,44.7814505385908]},"properties":{"OBJECTID":443,"SHELTERID":"TRSHEL469","ASSETID":"TRSHEL469","ASSETCODE":"TRSHEL","OWNER":"HRM","INSTYR":2021,"INSTYRCONF":2,"MAT":null,"MATCONF":null,"LOCGEN":"ROW","ASSETSTAT":"INS","ELECTRICAL":null,"AD":null,"BUSSTOPID":"BS520","LOCATION":"Glendale Dr After Smokey Dr (6747)","MAINTBY":"HRM","ASSETDESC":null,"SDATE":null,"SOURCE":null,"SACC":"IN","ADDDATE":"Tue, 01 Nov 2022 17:05:45 GMT","MODDATE":"Mon, 24 Jun 2024 17:18:22 GMT","CONDITPERD":null,"CONDITEXP":null,"GLOBALID":"50eb5a51-578a-453c-81a6-2a053703f57d"}},{"type":"Feature","id":444,"geometry":{"type":"Point","coordinates":[-63.6056801153445,44.6987154699892]},"properties":{"OBJECTID":444,"SHELTERID":"TRSHEL33","ASSETID":"TRSHEL33","ASSETCODE":"TRSHEL","OWNER":"HRM","INSTYR":2006,"INSTYRCONF":2,"MAT":"ALUM","MATCONF":4,"LOCGEN":"ROW","ASSETSTAT":"INS","ELECTRICAL":null,"AD":"N","BUSSTOPID":"BS1276","LOCATION":"Windmill Rd Before Wright Ave Bay 2 (8532)","MAINTBY":"HRM","ASSETDESC":"METROLINK SMALL","SDATE":null,"SOURCE":null,"SACC":"IN","ADDDATE":"Tue, 01 Nov 2022 17:05:45 GMT","MODDATE":"Thu, 29 Feb 2024 16:17:16 GMT","CONDITPERD":null,"CONDITEXP":null,"GLOBALID":"c3a117e0-2a55-49a8-bee7-d51bcd44bc5b"}},{"type":"Feature","id":445,"geometry":{"type":"Point","coordinates":[-63.5762699457806,44.6348350682444]},"properties":{"OBJECTID":445,"SHELTERID":"TRSHEL162","ASSETID":"TRSHEL162","ASSETCODE":"TRSHEL","OWNER":"HRM","INSTYR":null,"INSTYRCONF":6,"MAT":"ALUM","MATCONF":3,"LOCGEN":"ROW","ASSETSTAT":"INS","ELECTRICAL":null,"AD":null,"BUSSTOPID":"BS249","LOCATION":"South Park St Before Inglis St (8310)","MAINTBY":"HRM","ASSETDESC":"DAYTECH AVANTI - Shelter Bench","SDATE":null,"SOURCE":null,"SACC":"IN","ADDDATE":"Tue, 01 Nov 2022 17:05:45 GMT","MODDATE":"Mon, 24 Jun 2024 17:18:22 GMT","CONDITPERD":null,"CONDITEXP":null,"GLOBALID":"acb47d21-dbc5-4180-8749-d038f14b75ae"}},{"type":"Feature","id":446,"geometry":{"type":"Point","coordinates":[-63.4912700249889,44.6826742204967]},"properties":{"OBJECTID":446,"SHELTERID":"TRSHEL473","ASSETID":"TRSHEL473","ASSETCODE":"TRSHEL","OWNER":"HRM","INSTYR":2007,"INSTYRCONF":2,"MAT":"ALUM","MATCONF":3,"LOCGEN":"ROW","ASSETSTAT":"INS","ELECTRICAL":null,"AD":null,"BUSSTOPID":"BS1700","LOCATION":"Forest Hills Pky Opposite CHP (6671)","MAINTBY":"HRM","ASSETDESC":"DAYTECH AVANTI - Shelter Bench","SDATE":null,"SOURCE":null,"SACC":"IN","ADDDATE":"Tue, 01 Nov 2022 17:05:45 GMT","MODDATE":"Mon, 24 Jun 2024 17:18:22 GMT","CONDITPERD":null,"CONDITEXP":null,"GLOBALID":"5543b3cb-880e-4870-8022-8723d343d30f"}},{"type":"Feature","id":447,"geometry":{"type":"Point","coordinates":[-63.6987534695808,44.7680486555493]},"properties":{"OBJECTID":447,"SHELTERID":"TRSHEL280","ASSETID":"TRSHEL280","ASSETCODE":"TRSHEL","OWNER":"HRM","INSTYR":2005,"INSTYRCONF":2,"MAT":"ALUM","MATCONF":3,"LOCGEN":"ROW","ASSETSTAT":"INS","ELECTRICAL":null,"AD":null,"BUSSTOPID":"BS2645","LOCATION":"Sackville Terminal Bay 3 (8959)","MAINTBY":"HRM","ASSETDESC":"DAYTECH AVANTI - Terminal Shelter","SDATE":null,"SOURCE":null,"SACC":"IN","ADDDATE":"Tue, 01 Nov 2022 17:05:45 GMT","MODDATE":"Fri, 04 Nov 2022 15:17:35 GMT","CONDITPERD":null,"CONDITEXP":null,"GLOBALID":"2e886caf-8cd6-41bc-8258-5bf801c0d3e5"}},{"type":"Feature","id":448,"geometry":{"type":"Point","coordinates":[-63.6601636802331,44.7312440244983]},"properties":{"OBJECTID":448,"SHELTERID":"TRSHEL373","ASSETID":"TRSHEL373","ASSETCODE":"TRSHEL","OWNER":"HRM","INSTYR":1998,"INSTYRCONF":2,"MAT":"STEEL","MATCONF":3,"LOCGEN":"ROW","ASSETSTAT":"INS","ELECTRICAL":null,"AD":"Y","BUSSTOPID":"BS764","LOCATION":"Bedford Hwy Before Union St (6228)","MAINTBY":"HRM","ASSETDESC":"DAYTECH BROWN FLAT ROOF-Shelter Bench","SDATE":null,"SOURCE":null,"SACC":"IN","ADDDATE":"Tue, 01 Nov 2022 17:05:45 GMT","MODDATE":"Mon, 24 Jun 2024 17:18:22 GMT","CONDITPERD":null,"CONDITEXP":null,"GLOBALID":"0cc3955e-a574-42c0-ae89-d3218d3a60f8"}},{"type":"Feature","id":449,"geometry":{"type":"Point","coordinates":[-63.5757288482642,44.6503936524836]},"properties":{"OBJECTID":449,"SHELTERID":"TRSHEL778","ASSETID":"TRSHEL778","ASSETCODE":"TRSHEL","OWNER":"HRM","INSTYR":2025,"INSTYRCONF":1,"MAT":"ALUM","MATCONF":1,"LOCGEN":"ROW","ASSETSTAT":"INS","ELECTRICAL":null,"AD":null,"BUSSTOPID":"BS4327","LOCATION":"Barrington St Before\r\nDuke St Bay 5 (6107)","MAINTBY":"HRM","ASSETDESC":"Cogswell Shelter","SDATE":"Wed, 05 Mar 2025 04:00:00 GMT","SOURCE":"TRANSIT","SACC":"IN","ADDDATE":"Thu, 06 Mar 2025 18:42:51 GMT","MODDATE":"Thu, 06 Mar 2025 18:47:05 GMT","CONDITPERD":null,"CONDITEXP":null,"GLOBALID":"08ccd865-654a-4283-be1a-d4f250e62c88"}},{"type":"Feature","id":450,"geometry":{"type":"Point","coordinates":[-63.5189058673565,44.6720237461125]},"properties":{"OBJECTID":450,"SHELTERID":"TRSHEL80","ASSETID":"TRSHEL80","ASSETCODE":"TRSHEL","OWNER":"HRM","INSTYR":null,"INSTYRCONF":6,"MAT":"ALUM","MATCONF":3,"LOCGEN":"ROW","ASSETSTAT":"INS","ELECTRICAL":null,"AD":null,"BUSSTOPID":"BS1876","LOCATION":"Portland St After Spring Ave (8047)","MAINTBY":"HRM","ASSETDESC":"DAYTECH AVANTI - Shelter Bench","SDATE":null,"SOURCE":null,"SACC":"IN","ADDDATE":"Tue, 01 Nov 2022 17:05:45 GMT","MODDATE":"Mon, 24 Jun 2024 17:18:22 GMT","CONDITPERD":null,"CONDITEXP":null,"GLOBALID":"e9a85d73-04f4-44c1-bdce-be1d9d3a22db"}},{"type":"Feature","id":451,"geometry":{"type":"Point","coordinates":[-63.6013293067256,44.6588385383759]},"properties":{"OBJECTID":451,"SHELTERID":"TRSHEL723","ASSETID":"TRSHEL723","ASSETCODE":"TRSHEL","OWNER":"HRM","INSTYR":null,"INSTYRCONF":null,"MAT":null,"MATCONF":null,"LOCGEN":"ROW","ASSETSTAT":"INS","ELECTRICAL":null,"AD":null,"BUSSTOPID":"BS548","LOCATION":"Robie St After Young St (8193)","MAINTBY":"HRM","ASSETDESC":null,"SDATE":"Mon, 12 Feb 2024 04:00:00 GMT","SOURCE":"Transit","SACC":"IN","ADDDATE":"Tue, 13 Feb 2024 15:53:39 GMT","MODDATE":"Tue, 13 Feb 2024 16:01:57 GMT","CONDITPERD":null,"CONDITEXP":null,"GLOBALID":"b9899550-d99e-4602-82f0-3d7428c0a608"}},{"type":"Feature","id":452,"geometry":{"type":"Point","coordinates":[-63.6565611727374,44.7326183595126]},"properties":{"OBJECTID":452,"SHELTERID":"TRSHEL186","ASSETID":"TRSHEL186","ASSETCODE":"TRSHEL","OWNER":"HRM","INSTYR":2008,"INSTYRCONF":2,"MAT":"ALUM","MATCONF":3,"LOCGEN":"ROW","ASSETSTAT":"INS","ELECTRICAL":null,"AD":"N","BUSSTOPID":"BS771","LOCATION":"Bedford Hwy Before Dartmouth Rd (6236)","MAINTBY":"HRM","ASSETDESC":"DAYTECH AVANTI - Shelter Bench","SDATE":null,"SOURCE":null,"SACC":"IN","ADDDATE":"Tue, 01 Nov 2022 17:05:45 GMT","MODDATE":"Mon, 24 Jun 2024 17:18:22 GMT","CONDITPERD":null,"CONDITEXP":null,"GLOBALID":"8c9b4757-99d0-4922-9584-7cefd5730108"}},{"type":"Feature","id":453,"geometry":{"type":"Point","coordinates":[-63.7827529582001,44.6728369403098]},"properties":{"OBJECTID":453,"SHELTERID":"TRSHEL170","ASSETID":"TRSHEL170","ASSETCODE":"TRSHEL","OWNER":"HRM","INSTYR":2012,"INSTYRCONF":2,"MAT":"ALUM","MATCONF":3,"LOCGEN":"ROW","ASSETSTAT":"INS","ELECTRICAL":null,"AD":null,"BUSSTOPID":"BS1244","LOCATION":"Sheldrake Lake Park and Ride (7618)","MAINTBY":"HRM","ASSETDESC":"DAYTECH AVANTI - Shelter Bench","SDATE":null,"SOURCE":null,"SACC":"IN","ADDDATE":"Tue, 01 Nov 2022 17:05:45 GMT","MODDATE":"Fri, 04 Nov 2022 15:17:35 GMT","CONDITPERD":null,"CONDITEXP":null,"GLOBALID":"03151990-5473-4deb-8aa0-ced8a3c2a462"}},{"type":"Feature","id":454,"geometry":{"type":"Point","coordinates":[-63.4740418344328,44.603694099361]},"properties":{"OBJECTID":454,"SHELTERID":"TRSHEL21","ASSETID":"TRSHEL21","ASSETCODE":"TRSHEL","OWNER":"HRM","INSTYR":null,"INSTYRCONF":6,"MAT":"STEEL","MATCONF":3,"LOCGEN":"ROW","ASSETSTAT":"INS","ELECTRICAL":null,"AD":null,"BUSSTOPID":"BS1116","LOCATION":"Shore Rd After Romkey Dr (8271)","MAINTBY":"HRM","ASSETDESC":"DAYTECH BROWN","SDATE":null,"SOURCE":null,"SACC":"IN","ADDDATE":"Tue, 01 Nov 2022 17:05:45 GMT","MODDATE":"Fri, 04 Nov 2022 15:17:35 GMT","CONDITPERD":null,"CONDITEXP":null,"GLOBALID":"7133579e-9b56-4170-8c7f-a4944b431835"}},{"type":"Feature","id":455,"geometry":{"type":"Point","coordinates":[-63.5853820940017,44.6568387339046]},"properties":{"OBJECTID":455,"SHELTERID":"TRSHEL95","ASSETID":"TRSHEL95","ASSETCODE":"TRSHEL","OWNER":"HRM","INSTYR":2008,"INSTYRCONF":2,"MAT":"ALUM","MATCONF":3,"LOCGEN":"ROW","ASSETSTAT":"INS","ELECTRICAL":null,"AD":"N","BUSSTOPID":"BS1881","LOCATION":"Barrington St After Artz St (6088)","MAINTBY":"HRM","ASSETDESC":"DAYTECH AVANTI - Shelter Bench","SDATE":null,"SOURCE":null,"SACC":"IN","ADDDATE":"Tue, 01 Nov 2022 17:05:45 GMT","MODDATE":"Mon, 24 Jun 2024 17:18:22 GMT","CONDITPERD":null,"CONDITEXP":null,"GLOBALID":"a9ea1a9c-589a-43bd-bcf9-53696150099c"}},{"type":"Feature","id":456,"geometry":{"type":"Point","coordinates":[-63.6069967994127,44.6983695458023]},"properties":{"OBJECTID":456,"SHELTERID":"TRSHEL641","ASSETID":"TRSHEL641","ASSETCODE":"TRSHEL","OWNER":"HRM","INSTYR":null,"INSTYRCONF":null,"MAT":"ALUM","MATCONF":4,"LOCGEN":"ROW","ASSETSTAT":"INS","ELECTRICAL":null,"AD":null,"BUSSTOPID":"BS3279","LOCATION":"Marketplace Dr After Bancroft Ln Bay 3 (2034)","MAINTBY":"HRM","ASSETDESC":null,"SDATE":null,"SOURCE":null,"SACC":"IN","ADDDATE":"Tue, 12 Sep 2023 15:39:09 GMT","MODDATE":"Mon, 24 Jun 2024 17:18:22 GMT","CONDITPERD":null,"CONDITEXP":null,"GLOBALID":"56f6adc0-cc63-4c00-9514-be81e63a1239"}},{"type":"Feature","id":457,"geometry":{"type":"Point","coordinates":[-63.6211323105328,44.6483314256029]},"properties":{"OBJECTID":457,"SHELTERID":"TRSHEL215","ASSETID":"TRSHEL215","ASSETCODE":"TRSHEL","OWNER":"HRM","INSTYR":2016,"INSTYRCONF":2,"MAT":"ALUM","MATCONF":3,"LOCGEN":"ROW","ASSETSTAT":"INS","ELECTRICAL":null,"AD":"N","BUSSTOPID":"BS98","LOCATION":"Mumford Terminal Bay 1 (7285)","MAINTBY":"HRM","ASSETDESC":"DAYTECH AVANTI","SDATE":null,"SOURCE":null,"SACC":"IN","ADDDATE":"Tue, 01 Nov 2022 17:05:45 GMT","MODDATE":"Fri, 04 Nov 2022 15:17:35 GMT","CONDITPERD":null,"CONDITEXP":null,"GLOBALID":"37b96972-c754-48c3-b97c-00b3dccfdc7f"}},{"type":"Feature","id":458,"geometry":{"type":"Point","coordinates":[-63.5752917046907,44.6515244891471]},"properties":{"OBJECTID":458,"SHELTERID":"TRSHEL478","ASSETID":"TRSHEL478","ASSETCODE":"TRSHEL","OWNER":"HRM","INSTYR":null,"INSTYRCONF":6,"MAT":"STEEL","MATCONF":4,"LOCGEN":"ROW","ASSETSTAT":"DIS","ELECTRICAL":null,"AD":null,"BUSSTOPID":"BS993","LOCATION":"Upper Water St Before Purdys Ln (8412)","MAINTBY":"HRM","ASSETDESC":"DAYTECH HALF SHELTER","SDATE":null,"SOURCE":null,"SACC":"IN","ADDDATE":"Tue, 01 Nov 2022 17:05:45 GMT","MODDATE":"Fri, 04 Nov 2022 15:17:35 GMT","CONDITPERD":null,"CONDITEXP":null,"GLOBALID":"594f7767-7312-41c5-b3e8-b95b9bda931b"}},{"type":"Feature","id":459,"geometry":{"type":"Point","coordinates":[-63.4670322685927,44.7456565720521]},"properties":{"OBJECTID":459,"SHELTERID":"TRSHEL190","ASSETID":"TRSHEL190","ASSETCODE":"TRSHEL","OWNER":"HRM","INSTYR":2005,"INSTYRCONF":2,"MAT":"ALUM","MATCONF":3,"LOCGEN":"ROW","ASSETSTAT":"INS","ELECTRICAL":null,"AD":null,"BUSSTOPID":"BS154","LOCATION":"Simmonds Rd At Community Centre (8282)","MAINTBY":"HRM","ASSETDESC":"DAYTECH AVANTI - Shelter Bench","SDATE":null,"SOURCE":null,"SACC":"IN","ADDDATE":"Tue, 01 Nov 2022 17:05:45 GMT","MODDATE":"Fri, 04 Nov 2022 15:17:35 GMT","CONDITPERD":null,"CONDITEXP":null,"GLOBALID":"e04ca0fe-113f-4774-9cb2-023f64c95d1a"}},{"type":"Feature","id":460,"geometry":{"type":"Point","coordinates":[-63.5147462328064,44.6265412939163]},"properties":{"OBJECTID":460,"SHELTERID":"TRSHEL439","ASSETID":"TRSHEL439","ASSETCODE":"TRSHEL","OWNER":"HRM","INSTYR":1998,"INSTYRCONF":2,"MAT":"STEEL","MATCONF":3,"LOCGEN":"ROW","ASSETSTAT":"INS","ELECTRICAL":null,"AD":null,"BUSSTOPID":"BS2297","LOCATION":"Main Rd Before Bonaventure St (7486)","MAINTBY":"HRM","ASSETDESC":"DAYTECH BROWN FLAT ROOF-Shelter Bench","SDATE":null,"SOURCE":null,"SACC":"IN","ADDDATE":"Tue, 01 Nov 2022 17:05:45 GMT","MODDATE":"Fri, 04 Nov 2022 15:17:35 GMT","CONDITPERD":null,"CONDITEXP":null,"GLOBALID":"d8a46009-1069-4717-9049-2be921d747a6"}},{"type":"Feature","id":461,"geometry":{"type":"Point","coordinates":[-63.5805502968369,44.650738482791]},"properties":{"OBJECTID":461,"SHELTERID":"TRSHEL421","ASSETID":"TRSHEL421","ASSETCODE":"TRSHEL","OWNER":"HRM","INSTYR":2001,"INSTYRCONF":2,"MAT":"STEEL","MATCONF":3,"LOCGEN":"ROW","ASSETSTAT":"INS","ELECTRICAL":null,"AD":null,"BUSSTOPID":"BS1563","LOCATION":"Cogswell St After Brunswick St (6455)","MAINTBY":"HRM","ASSETDESC":"DAYTECH BROWN","SDATE":null,"SOURCE":null,"SACC":"IN","ADDDATE":"Tue, 01 Nov 2022 17:05:45 GMT","MODDATE":"Mon, 24 Jun 2024 17:18:22 GMT","CONDITPERD":null,"CONDITEXP":null,"GLOBALID":"51f55932-aecf-446d-9417-f64889ccb07e"}},{"type":"Feature","id":462,"geometry":{"type":"Point","coordinates":[-63.4947819014556,44.6120436629291]},"properties":{"OBJECTID":462,"SHELTERID":"TRSHEL244","ASSETID":"TRSHEL244","ASSETCODE":"TRSHEL","OWNER":"HRM","INSTYR":2015,"INSTYRCONF":2,"MAT":"ALUM","MATCONF":2,"LOCGEN":"ROW","ASSETSTAT":"INS","ELECTRICAL":null,"AD":"N","BUSSTOPID":"BS2423","LOCATION":"Main Rd After Silvers Ln (7463)","MAINTBY":"HRM","ASSETDESC":"DAYTECH BROWN - Shelter Bench","SDATE":null,"SOURCE":null,"SACC":"IN","ADDDATE":"Tue, 01 Nov 2022 17:05:45 GMT","MODDATE":"Fri, 04 Nov 2022 15:17:35 GMT","CONDITPERD":null,"CONDITEXP":null,"GLOBALID":"4c0ce4f3-9ca5-4030-93ca-c2f74c2d69a6"}},{"type":"Feature","id":463,"geometry":{"type":"Point","coordinates":[-63.5849313041207,44.6369652788102]},"properties":{"OBJECTID":463,"SHELTERID":"TRSHEL377","ASSETID":"TRSHEL377","ASSETCODE":"TRSHEL","OWNER":"HRM","INSTYR":null,"INSTYRCONF":6,"MAT":"ALUM","MATCONF":3,"LOCGEN":"ROW","ASSETSTAT":"INS","ELECTRICAL":null,"AD":null,"BUSSTOPID":"BS1835","LOCATION":"Robie St After South St (8220)","MAINTBY":"HRM","ASSETDESC":"DAYTECH AVANTI - Shelter Bench","SDATE":null,"SOURCE":null,"SACC":"IN","ADDDATE":"Tue, 01 Nov 2022 17:05:45 GMT","MODDATE":"Mon, 24 Jun 2024 17:18:22 GMT","CONDITPERD":null,"CONDITEXP":null,"GLOBALID":"5292f1ac-c164-4d9e-ab0e-247db2f9963a"}},{"type":"Feature","id":464,"geometry":{"type":"Point","coordinates":[-63.6079693811163,44.6571649087966]},"properties":{"OBJECTID":464,"SHELTERID":"TRSHEL34","ASSETID":"TRSHEL34","ASSETCODE":"TRSHEL","OWNER":"HRM","INSTYR":null,"INSTYRCONF":6,"MAT":"ALUM","MATCONF":3,"LOCGEN":"ROW","ASSETSTAT":"INS","ELECTRICAL":null,"AD":null,"BUSSTOPID":"BS1641","LOCATION":"Windsor St Before Bayers Rd (2016) ","MAINTBY":"HRM","ASSETDESC":"DAYTECH AVANTI - Shelter Bench","SDATE":null,"SOURCE":null,"SACC":"IN","ADDDATE":"Tue, 01 Nov 2022 17:05:45 GMT","MODDATE":"Mon, 24 Jun 2024 17:18:22 GMT","CONDITPERD":null,"CONDITEXP":null,"GLOBALID":"1ecefb8c-4a4e-4688-bc67-a43b3b140270"}},{"type":"Feature","id":465,"geometry":{"type":"Point","coordinates":[-63.5381491623512,44.6707526077196]},"properties":{"OBJECTID":465,"SHELTERID":"TRSHEL104","ASSETID":"TRSHEL104","ASSETCODE":"TRSHEL","OWNER":"HRM","INSTYR":2005,"INSTYRCONF":2,"MAT":"ALUM","MATCONF":4,"LOCGEN":"ROW","ASSETSTAT":"INS","ELECTRICAL":null,"AD":"N","BUSSTOPID":"BS2681","LOCATION":"Penhorn Terminal Bay 4 (8944)","MAINTBY":"HRM","ASSETDESC":"OLD TERMINAL BMS","SDATE":null,"SOURCE":null,"SACC":"IN","ADDDATE":"Tue, 01 Nov 2022 17:05:45 GMT","MODDATE":"Fri, 04 Nov 2022 15:17:35 GMT","CONDITPERD":null,"CONDITEXP":null,"GLOBALID":"3cc00629-e395-41cb-a62d-37aa56710f37"}},{"type":"Feature","id":466,"geometry":{"type":"Point","coordinates":[-63.4844993256745,44.6107839115572]},"properties":{"OBJECTID":466,"SHELTERID":"TRSHEL72","ASSETID":"TRSHEL72","ASSETCODE":"TRSHEL","OWNER":"HRM","INSTYR":null,"INSTYRCONF":6,"MAT":"STEEL","MATCONF":3,"LOCGEN":"ROW","ASSETSTAT":"INS","ELECTRICAL":null,"AD":null,"BUSSTOPID":"BS2335","LOCATION":"Cow Bay Rd Before Yorks Ln (6513)","MAINTBY":"HRM","ASSETDESC":"DAYTECH BROWN","SDATE":null,"SOURCE":null,"SACC":"IN","ADDDATE":"Tue, 01 Nov 2022 17:05:45 GMT","MODDATE":"Fri, 04 Nov 2022 15:17:35 GMT","CONDITPERD":null,"CONDITEXP":null,"GLOBALID":"011e5c77-85b8-4e30-9149-ebbfb19fce61"}},{"type":"Feature","id":467,"geometry":{"type":"Point","coordinates":[-63.5998471125579,44.5953992246073]},"properties":{"OBJECTID":467,"SHELTERID":"TRSHEL428","ASSETID":"TRSHEL428","ASSETCODE":"TRSHEL","OWNER":"HRM","INSTYR":null,"INSTYRCONF":6,"MAT":"STEEL","MATCONF":3,"LOCGEN":"ROW","ASSETSTAT":"INS","ELECTRICAL":null,"AD":null,"BUSSTOPID":"BS2455","LOCATION":"Herring Cove Rd After Green Acres Rd (6861)","MAINTBY":"HRM","ASSETDESC":"DAYTECH BROWN","SDATE":null,"SOURCE":null,"SACC":"IN","ADDDATE":"Tue, 01 Nov 2022 17:05:45 GMT","MODDATE":"Mon, 24 Jun 2024 17:18:22 GMT","CONDITPERD":null,"CONDITEXP":null,"GLOBALID":"25f731b5-632d-47ec-a077-4645c6dd4288"}},{"type":"Feature","id":468,"geometry":{"type":"Point","coordinates":[-63.4664475821237,44.6011421766556]},"properties":{"OBJECTID":468,"SHELTERID":"TRSHEL255","ASSETID":"TRSHEL255","ASSETCODE":"TRSHEL","OWNER":"HRM","INSTYR":2005,"INSTYRCONF":2,"MAT":"STEEL","MATCONF":3,"LOCGEN":"ROW","ASSETSTAT":"INS","ELECTRICAL":null,"AD":"N","BUSSTOPID":"BS435","LOCATION":"Caldwell Rd Before Shore Rd (6346)","MAINTBY":"HRM","ASSETDESC":"DAYTECH BROWN","SDATE":null,"SOURCE":null,"SACC":"IN","ADDDATE":"Tue, 01 Nov 2022 17:05:45 GMT","MODDATE":"Fri, 04 Nov 2022 15:17:35 GMT","CONDITPERD":null,"CONDITEXP":null,"GLOBALID":"417c540e-4108-4ec9-8315-e3638c921f2f"}},{"type":"Feature","id":469,"geometry":{"type":"Point","coordinates":[-63.6112045414411,44.6034390003976]},"properties":{"OBJECTID":469,"SHELTERID":"TRSHEL300","ASSETID":"TRSHEL300","ASSETCODE":"TRSHEL","OWNER":"HRM","INSTYR":2017,"INSTYRCONF":2,"MAT":"ALUM","MATCONF":3,"LOCGEN":"ROW","ASSETSTAT":"INS","ELECTRICAL":null,"AD":"N","BUSSTOPID":"BS605","LOCATION":"Herring Cove Rd Before Sylvia Ave (6904)","MAINTBY":"HRM","ASSETDESC":"DAYTECH AVANTI - Shelter Bench","SDATE":null,"SOURCE":null,"SACC":"IN","ADDDATE":"Tue, 01 Nov 2022 17:05:45 GMT","MODDATE":"Mon, 24 Jun 2024 17:18:22 GMT","CONDITPERD":null,"CONDITEXP":null,"GLOBALID":"8481c1eb-e477-4a10-83cf-10568f56076f"}},{"type":"Feature","id":470,"geometry":{"type":"Point","coordinates":[-63.591741347848,44.6576406725677]},"properties":{"OBJECTID":470,"SHELTERID":"TRSHEL174","ASSETID":"TRSHEL174","ASSETCODE":"TRSHEL","OWNER":"HRM","INSTYR":null,"INSTYRCONF":6,"MAT":"ALUM","MATCONF":3,"LOCGEN":"ROW","ASSETSTAT":"INS","ELECTRICAL":null,"AD":null,"BUSSTOPID":"BS300","LOCATION":"Gottingen St Before North St (6781)","MAINTBY":"HRM","ASSETDESC":"DAYTECH AVANTI - Shelter Bench","SDATE":null,"SOURCE":null,"SACC":"IN","ADDDATE":"Tue, 01 Nov 2022 17:05:45 GMT","MODDATE":"Mon, 24 Jun 2024 17:18:22 GMT","CONDITPERD":null,"CONDITEXP":null,"GLOBALID":"acc1498f-4c55-40d1-bd1c-bc7fefadfbe6"}},{"type":"Feature","id":471,"geometry":{"type":"Point","coordinates":[-63.5835423119604,44.6697432782925]},"properties":{"OBJECTID":471,"SHELTERID":"TRSHEL50","ASSETID":"TRSHEL50","ASSETCODE":"TRSHEL","OWNER":"HRM","INSTYR":null,"INSTYRCONF":6,"MAT":"STEEL","MATCONF":3,"LOCGEN":"ROW","ASSETSTAT":"INS","ELECTRICAL":null,"AD":null,"BUSSTOPID":"BS1628","LOCATION":"Windmill Rd Opposite Pelzant St (8542)","MAINTBY":"HRM","ASSETDESC":"DAYTECH BROWN FLAT ROOF","SDATE":null,"SOURCE":null,"SACC":"IN","ADDDATE":"Tue, 01 Nov 2022 17:05:45 GMT","MODDATE":"Mon, 24 Jun 2024 17:18:22 GMT","CONDITPERD":null,"CONDITEXP":null,"GLOBALID":"10ff199b-e8fe-4398-8dba-896374bab230"}},{"type":"Feature","id":472,"geometry":{"type":"Point","coordinates":[-63.5970647282891,44.6667595553731]},"properties":{"OBJECTID":472,"SHELTERID":"TRSHEL485","ASSETID":"TRSHEL485","ASSETCODE":"TRSHEL","OWNER":"HRM","INSTYR":2008,"INSTYRCONF":2,"MAT":"ALUM","MATCONF":3,"LOCGEN":"ROW","ASSETSTAT":"DIS","ELECTRICAL":null,"AD":"N","BUSSTOPID":"BS2186","LOCATION":"Barrington St Before Hanover St (6109)","MAINTBY":"HRM","ASSETDESC":"DAYTECH AVANTI - Shelter Bench","SDATE":null,"SOURCE":null,"SACC":"IN","ADDDATE":"Tue, 01 Nov 2022 17:05:45 GMT","MODDATE":"Fri, 04 Nov 2022 15:17:35 GMT","CONDITPERD":null,"CONDITEXP":null,"GLOBALID":"21b65169-1f0d-4f4d-ba5e-4d2ddaba76f5"}},{"type":"Feature","id":473,"geometry":{"type":"Point","coordinates":[-63.5089812297919,44.6781711374886]},"properties":{"OBJECTID":473,"SHELTERID":"TRSHEL458","ASSETID":"TRSHEL458","ASSETCODE":"TRSHEL","OWNER":"HRM","INSTYR":2005,"INSTYRCONF":2,"MAT":"ALUM","MATCONF":3,"LOCGEN":"ROW","ASSETSTAT":"INS","ELECTRICAL":null,"AD":null,"BUSSTOPID":"BS2166","LOCATION":"Dorothea Dr After Lucien Dr (6575)","MAINTBY":"HRM","ASSETDESC":"DAYTECH AVANTI - Shelter Bench","SDATE":null,"SOURCE":null,"SACC":"IN","ADDDATE":"Tue, 01 Nov 2022 17:05:45 GMT","MODDATE":"Fri, 04 Nov 2022 15:17:35 GMT","CONDITPERD":null,"CONDITEXP":null,"GLOBALID":"769fe855-8085-4cdf-b24b-882fab30934f"}},{"type":"Feature","id":474,"geometry":{"type":"Point","coordinates":[-63.5853054057242,44.645260436394]},"properties":{"OBJECTID":474,"SHELTERID":"TRSHEL776","ASSETID":"TRSHEL776","ASSETCODE":"TRSHEL","OWNER":"HRM","INSTYR":null,"INSTYRCONF":null,"MAT":null,"MATCONF":null,"LOCGEN":"ROW","ASSETSTAT":"INS","ELECTRICAL":null,"AD":null,"BUSSTOPID":"BS3505","LOCATION":"Summer St After Veterans Memorial Ln (2304)","MAINTBY":"HRM","ASSETDESC":null,"SDATE":"Tue, 11 Feb 2025 04:00:00 GMT","SOURCE":"Transit","SACC":"IN","ADDDATE":"Tue, 11 Feb 2025 22:44:46 GMT","MODDATE":"Tue, 11 Feb 2025 22:51:47 GMT","CONDITPERD":null,"CONDITEXP":null,"GLOBALID":"4c881112-cc85-4278-8247-41063b05947f"}},{"type":"Feature","id":475,"geometry":{"type":"Point","coordinates":[-63.4912752954047,44.6664362443038]},"properties":{"OBJECTID":475,"SHELTERID":"TRSHEL87","ASSETID":"TRSHEL87","ASSETCODE":"TRSHEL","OWNER":"HRM","INSTYR":2008,"INSTYRCONF":2,"MAT":"ALUM","MATCONF":3,"LOCGEN":"ROW","ASSETSTAT":"INS","ELECTRICAL":null,"AD":null,"BUSSTOPID":"BS1574","LOCATION":"Colby Dr After Delta Dr (6466)","MAINTBY":"HRM","ASSETDESC":"DAYTECH AVANTI - Shelter Bench","SDATE":null,"SOURCE":null,"SACC":"IN","ADDDATE":"Tue, 01 Nov 2022 17:05:45 GMT","MODDATE":"Mon, 24 Jun 2024 17:18:22 GMT","CONDITPERD":null,"CONDITEXP":null,"GLOBALID":"356ec22a-6447-4b06-87b8-284eb9b2c3c6"}},{"type":"Feature","id":476,"geometry":{"type":"Point","coordinates":[-63.5737211001294,44.6701929395483]},"properties":{"OBJECTID":476,"SHELTERID":"TRSHEL38","ASSETID":"TRSHEL38","ASSETCODE":"TRSHEL","OWNER":"HRM","INSTYR":2012,"INSTYRCONF":2,"MAT":"ALUM","MATCONF":2,"LOCGEN":"ROW","ASSETSTAT":"INS","ELECTRICAL":null,"AD":"N","BUSSTOPID":"BS1599","LOCATION":"Bridge Terminal Bay 8 (7608)","MAINTBY":"HRM","ASSETDESC":"DAYTECH LARGE","SDATE":null,"SOURCE":null,"SACC":"IN","ADDDATE":"Tue, 01 Nov 2022 17:05:45 GMT","MODDATE":"Fri, 04 Nov 2022 15:17:35 GMT","CONDITPERD":null,"CONDITEXP":null,"GLOBALID":"3bf9902e-3a4d-4732-b782-87e94bf9310b"}},{"type":"Feature","id":477,"geometry":{"type":"Point","coordinates":[-63.5085473012888,44.6806091879176]},"properties":{"OBJECTID":477,"SHELTERID":"TRSHEL401","ASSETID":"TRSHEL401","ASSETCODE":"TRSHEL","OWNER":"HRM","INSTYR":2004,"INSTYRCONF":2,"MAT":"STEEL","MATCONF":4,"LOCGEN":"ROW","ASSETSTAT":"INS","ELECTRICAL":null,"AD":null,"BUSSTOPID":"BS1560","LOCATION":"Lucien Dr After Whynette Pl (7148)","MAINTBY":"HRM","ASSETDESC":"DAYTECH HALF SHELTER","SDATE":null,"SOURCE":null,"SACC":"IN","ADDDATE":"Tue, 01 Nov 2022 17:05:45 GMT","MODDATE":"Fri, 04 Nov 2022 15:17:35 GMT","CONDITPERD":null,"CONDITEXP":null,"GLOBALID":"ebe81203-d560-4fd0-81c3-8da546d49031"}},{"type":"Feature","id":478,"geometry":{"type":"Point","coordinates":[-63.5776102744053,44.6429536923025]},"properties":{"OBJECTID":478,"SHELTERID":"TRSHEL674","ASSETID":"TRSHEL674","ASSETCODE":"TRSHEL","OWNER":"HRM","INSTYR":2023,"INSTYRCONF":2,"MAT":"CONC","MATCONF":2,"LOCGEN":"ROW","ASSETSTAT":"INS","ELECTRICAL":null,"AD":"Y","BUSSTOPID":"BS1120","LOCATION":"Spring Garden Rd Before Dresden Row (8330)","MAINTBY":"HRM","ASSETDESC":"OTHER","SDATE":null,"SOURCE":null,"SACC":"IN","ADDDATE":"Wed, 08 Nov 2023 17:44:40 GMT","MODDATE":"Wed, 08 Nov 2023 18:11:12 GMT","CONDITPERD":null,"CONDITEXP":null,"GLOBALID":"bf2c807f-97f3-4e01-9792-cf5fbe4bc04e"}},{"type":"Feature","id":479,"geometry":{"type":"Point","coordinates":[-63.6304139483901,44.6515332895922]},"properties":{"OBJECTID":479,"SHELTERID":"TRSHEL309","ASSETID":"TRSHEL309","ASSETCODE":"TRSHEL","OWNER":"HRM","INSTYR":null,"INSTYRCONF":6,"MAT":"ALUM","MATCONF":3,"LOCGEN":"ROW","ASSETSTAT":"INS","ELECTRICAL":null,"AD":null,"BUSSTOPID":"BS840","LOCATION":"Joseph Howe Dr After Abbott Dr (6980)","MAINTBY":"HRM","ASSETDESC":"DAYTECH AVANTI - Shelter Bench","SDATE":null,"SOURCE":null,"SACC":"IN","ADDDATE":"Tue, 01 Nov 2022 17:05:45 GMT","MODDATE":"Mon, 24 Jun 2024 17:18:22 GMT","CONDITPERD":null,"CONDITEXP":null,"GLOBALID":"235deecc-f2e2-4e90-94b8-f6839be85792"}},{"type":"Feature","id":480,"geometry":{"type":"Point","coordinates":[-63.5842403065295,44.7083533231012]},"properties":{"OBJECTID":480,"SHELTERID":"TRSHEL621","ASSETID":"TRSHEL621","ASSETCODE":"TRSHEL","OWNER":"HRM","INSTYR":null,"INSTYRCONF":null,"MAT":"ALUM","MATCONF":3,"LOCGEN":"ROW","ASSETSTAT":"INS","ELECTRICAL":null,"AD":null,"BUSSTOPID":"BS1073","LOCATION":"Wright Ave After Williams Ave (8859)","MAINTBY":"HRM","ASSETDESC":null,"SDATE":null,"SOURCE":null,"SACC":"IN","ADDDATE":"Tue, 05 Sep 2023 16:58:49 GMT","MODDATE":"Mon, 24 Jun 2024 17:18:22 GMT","CONDITPERD":null,"CONDITEXP":null,"GLOBALID":"20ab9d8b-de35-4455-9cea-dee136fcb3de"}},{"type":"Feature","id":481,"geometry":{"type":"Point","coordinates":[-63.6637417562481,44.6606592432275]},"properties":{"OBJECTID":481,"SHELTERID":"TRSHEL447","ASSETID":"TRSHEL447","ASSETCODE":"TRSHEL","OWNER":"HRM","INSTYR":2015,"INSTYRCONF":2,"MAT":"ALUM","MATCONF":3,"LOCGEN":"ROW","ASSETSTAT":"INS","ELECTRICAL":null,"AD":null,"BUSSTOPID":"BS2613","LOCATION":"Lacewood Terminal Bay 9 (9109)","MAINTBY":"HRM","ASSETDESC":"DAYTECH AVANTI - Shelter Bench","SDATE":null,"SOURCE":null,"SACC":"IN","ADDDATE":"Tue, 01 Nov 2022 17:05:45 GMT","MODDATE":"Fri, 04 Nov 2022 15:17:35 GMT","CONDITPERD":null,"CONDITEXP":null,"GLOBALID":"f5724ae0-2b00-4333-9aba-ca7758c7a7a1"}},{"type":"Feature","id":482,"geometry":{"type":"Point","coordinates":[-63.4801677805285,44.6765973484999]},"properties":{"OBJECTID":482,"SHELTERID":"TRSHEL442","ASSETID":"TRSHEL442","ASSETCODE":"TRSHEL","OWNER":"HRM","INSTYR":2015,"INSTYRCONF":2,"MAT":"ALUM","MATCONF":3,"LOCGEN":"ROW","ASSETSTAT":"INS","ELECTRICAL":null,"AD":"N","BUSSTOPID":"BS1467","LOCATION":"Arklow Dr After John Stewart Dr (6035)","MAINTBY":"HRM","ASSETDESC":"DAYTECH AVANTI-Floating Shelter Pad","SDATE":null,"SOURCE":null,"SACC":"IN","ADDDATE":"Tue, 01 Nov 2022 17:05:45 GMT","MODDATE":"Mon, 24 Jun 2024 17:18:22 GMT","CONDITPERD":null,"CONDITEXP":null,"GLOBALID":"3ea661cb-2bfc-48f9-8208-8cf2e07a8f89"}},{"type":"Feature","id":483,"geometry":{"type":"Point","coordinates":[-63.5762792550219,44.6512575374195]},"properties":{"OBJECTID":483,"SHELTERID":"TRSHEL782","ASSETID":"TRSHEL782","ASSETCODE":"TRSHEL","OWNER":"HRM","INSTYR":2025,"INSTYRCONF":1,"MAT":"ALUM","MATCONF":1,"LOCGEN":"ROW","ASSETSTAT":"INS","ELECTRICAL":null,"AD":null,"BUSSTOPID":"BS2695","LOCATION":"Barrington St Before\r\nDuke St Bay 5 (6107)","MAINTBY":"HRM","ASSETDESC":"Cogswell Shelter","SDATE":"Tue, 04 Mar 2025 04:00:00 GMT","SOURCE":"TRANSIT","SACC":"IN","ADDDATE":"Thu, 06 Mar 2025 19:03:06 GMT","MODDATE":"Thu, 06 Mar 2025 19:05:52 GMT","CONDITPERD":null,"CONDITEXP":null,"GLOBALID":"168e0f4f-a560-4f74-a2bc-f902dbcd8d3f"}},{"type":"Feature","id":484,"geometry":{"type":"Point","coordinates":[-63.6065939050077,44.707791367989]},"properties":{"OBJECTID":484,"SHELTERID":"TRSHEL454","ASSETID":"TRSHEL454","ASSETCODE":"TRSHEL","OWNER":"HRM","INSTYR":2010,"INSTYRCONF":2,"MAT":"ALUM","MATCONF":3,"LOCGEN":"ROW","ASSETSTAT":"INS","ELECTRICAL":null,"AD":null,"BUSSTOPID":"BS1704","LOCATION":"Fielding Ave Before Akerley Blvd (6675)","MAINTBY":"HRM","ASSETDESC":"DAYTECH AVANTI - Shelter Bench","SDATE":null,"SOURCE":null,"SACC":"IN","ADDDATE":"Tue, 01 Nov 2022 17:05:45 GMT","MODDATE":"Fri, 04 Nov 2022 15:17:35 GMT","CONDITPERD":null,"CONDITEXP":null,"GLOBALID":"50b3c200-cc04-48c2-99de-862f71ae8eca"}},{"type":"Feature","id":485,"geometry":{"type":"Point","coordinates":[-63.583819104459,44.6738502582534]},"properties":{"OBJECTID":485,"SHELTERID":"TRSHEL722","ASSETID":"TRSHEL722","ASSETCODE":"TRSHEL","OWNER":"HRM","INSTYR":null,"INSTYRCONF":null,"MAT":null,"MATCONF":null,"LOCGEN":"ROW","ASSETSTAT":"INS","ELECTRICAL":null,"AD":null,"BUSSTOPID":"BS1411","LOCATION":null,"MAINTBY":"HRM","ASSETDESC":null,"SDATE":null,"SOURCE":null,"SACC":"IN","ADDDATE":"Fri, 09 Feb 2024 19:58:34 GMT","MODDATE":"Fri, 09 Feb 2024 20:02:52 GMT","CONDITPERD":null,"CONDITEXP":null,"GLOBALID":"1afbf771-219e-4c6d-a56d-502f18f564c7"}},{"type":"Feature","id":486,"geometry":{"type":"Point","coordinates":[-63.6025507064915,44.6493443225963]},"properties":{"OBJECTID":486,"SHELTERID":"TRSHEL462","ASSETID":"TRSHEL462","ASSETCODE":"TRSHEL","OWNER":"HRM","INSTYR":null,"INSTYRCONF":6,"MAT":"ALUM","MATCONF":3,"LOCGEN":"ROW","ASSETSTAT":"INS","ELECTRICAL":null,"AD":null,"BUSSTOPID":"BS364","LOCATION":"North St Before Oxford St (7356)","MAINTBY":"HRM","ASSETDESC":"DAYTECH AVANTI - Shelter Bench","SDATE":null,"SOURCE":null,"SACC":"IN","ADDDATE":"Tue, 01 Nov 2022 17:05:45 GMT","MODDATE":"Mon, 24 Jun 2024 17:18:22 GMT","CONDITPERD":null,"CONDITEXP":null,"GLOBALID":"d779a7a7-7161-4a81-b7a5-87486acb4198"}},{"type":"Feature","id":487,"geometry":{"type":"Point","coordinates":[-63.6742394857263,44.7188242235817]},"properties":{"OBJECTID":487,"SHELTERID":"TRSHEL197","ASSETID":"TRSHEL197","ASSETCODE":"TRSHEL","OWNER":"HRM","INSTYR":2005,"INSTYRCONF":2,"MAT":"STEEL","MATCONF":3,"LOCGEN":"ROW","ASSETSTAT":"INS","ELECTRICAL":null,"AD":"N","BUSSTOPID":"BS775","LOCATION":"Bedford Hwy Before Holland Ave (6240)","MAINTBY":"HRM","ASSETDESC":"DAYTECH BROWN","SDATE":null,"SOURCE":null,"SACC":"IN","ADDDATE":"Tue, 01 Nov 2022 17:05:45 GMT","MODDATE":"Mon, 24 Jun 2024 17:18:22 GMT","CONDITPERD":null,"CONDITEXP":null,"GLOBALID":"b37dddf3-cacd-499e-a47b-02f3ece3a1bf"}},{"type":"Feature","id":488,"geometry":{"type":"Point","coordinates":[-63.6290268929976,44.6582023367095]},"properties":{"OBJECTID":488,"SHELTERID":"TRSHEL168","ASSETID":"TRSHEL168","ASSETCODE":"TRSHEL","OWNER":"HRM","INSTYR":2005,"INSTYRCONF":2,"MAT":"ALUM","MATCONF":4,"LOCGEN":"ROW","ASSETSTAT":"INS","ELECTRICAL":null,"AD":null,"BUSSTOPID":"BS676","LOCATION":"Joseph Howe Dr Before Dutch Village Rd (6984)","MAINTBY":"HRM","ASSETDESC":"MOUNTAIN MFG-Shelter Bench","SDATE":null,"SOURCE":null,"SACC":"IN","ADDDATE":"Tue, 01 Nov 2022 17:05:45 GMT","MODDATE":"Mon, 24 Jun 2024 17:18:22 GMT","CONDITPERD":null,"CONDITEXP":null,"GLOBALID":"dbc26ee2-f1e6-48ee-a869-c505071ebcfc"}},{"type":"Feature","id":489,"geometry":{"type":"Point","coordinates":[-63.5810844988852,44.6822284666755]},"properties":{"OBJECTID":489,"SHELTERID":"TRSHEL289","ASSETID":"TRSHEL289","ASSETCODE":"TRSHEL","OWNER":"HRM","INSTYR":2014,"INSTYRCONF":2,"MAT":"ALUM","MATCONF":3,"LOCGEN":"ROW","ASSETSTAT":"INS","ELECTRICAL":null,"AD":"N","BUSSTOPID":"BS727","LOCATION":"Albro Lake Rd Opposite Sheridan St (6024)","MAINTBY":"HRM","ASSETDESC":"DAYTECH AVANTI - Shelter Bench","SDATE":null,"SOURCE":null,"SACC":"IN","ADDDATE":"Tue, 01 Nov 2022 17:05:45 GMT","MODDATE":"Mon, 24 Jun 2024 17:18:22 GMT","CONDITPERD":null,"CONDITEXP":null,"GLOBALID":"269b2837-7ee0-4ff8-882e-a080bcad4de9"}},{"type":"Feature","id":490,"geometry":{"type":"Point","coordinates":[-63.6560970329931,44.7326691999586]},"properties":{"OBJECTID":490,"SHELTERID":"TRSHEL196","ASSETID":"TRSHEL196","ASSETCODE":"TRSHEL","OWNER":"HRM","INSTYR":2008,"INSTYRCONF":2,"MAT":"ALUM","MATCONF":3,"LOCGEN":"ROW","ASSETSTAT":"INS","ELECTRICAL":null,"AD":"N","BUSSTOPID":"BS773","LOCATION":"Bedford Hwy After Dartmouth Rd (6238)","MAINTBY":"HRM","ASSETDESC":"DAYTECH AVANTI - Shelter Bench","SDATE":null,"SOURCE":null,"SACC":"IN","ADDDATE":"Tue, 01 Nov 2022 17:05:45 GMT","MODDATE":"Mon, 24 Jun 2024 17:18:22 GMT","CONDITPERD":null,"CONDITEXP":null,"GLOBALID":"76a02ecb-820e-46ef-85de-0830fc44bd49"}},{"type":"Feature","id":491,"geometry":{"type":"Point","coordinates":[-63.6656611703459,44.659843092928]},"properties":{"OBJECTID":491,"SHELTERID":"TRSHEL264","ASSETID":"TRSHEL264","ASSETCODE":"TRSHEL","OWNER":"HRM","INSTYR":null,"INSTYRCONF":6,"MAT":"ALUM","MATCONF":3,"LOCGEN":"ROW","ASSETSTAT":"INS","ELECTRICAL":null,"AD":null,"BUSSTOPID":"BS1723","LOCATION":"Lacewood Dr After Thomas Raddall Dr (7073)","MAINTBY":"HRM","ASSETDESC":"DAYTECH AVANTI - Shelter Bench","SDATE":null,"SOURCE":null,"SACC":"IN","ADDDATE":"Tue, 01 Nov 2022 17:05:45 GMT","MODDATE":"Mon, 24 Jun 2024 17:18:22 GMT","CONDITPERD":null,"CONDITEXP":null,"GLOBALID":"2367c934-7a7f-423c-9d1d-c963a9dea632"}},{"type":"Feature","id":492,"geometry":{"type":"Point","coordinates":[-63.6642896998253,44.7659557493623]},"properties":{"OBJECTID":492,"SHELTERID":"TRSHEL419","ASSETID":"TRSHEL419","ASSETCODE":"TRSHEL","OWNER":"HRM","INSTYR":2005,"INSTYRCONF":2,"MAT":"STEEL","MATCONF":3,"LOCGEN":"ROW","ASSETSTAT":"INS","ELECTRICAL":null,"AD":null,"BUSSTOPID":"BS525","LOCATION":"Glendale Dr Before McGee Dr (6752)","MAINTBY":"HRM","ASSETDESC":"DAYTECH BROWN","SDATE":null,"SOURCE":null,"SACC":"IN","ADDDATE":"Tue, 01 Nov 2022 17:05:45 GMT","MODDATE":"Mon, 24 Jun 2024 17:18:22 GMT","CONDITPERD":null,"CONDITEXP":null,"GLOBALID":"c9319f82-bef9-4064-81f7-d18b2939e03d"}},{"type":"Feature","id":493,"geometry":{"type":"Point","coordinates":[-63.5862134371864,44.6540970980566]},"properties":{"OBJECTID":493,"SHELTERID":"TRSHEL172","ASSETID":"TRSHEL172","ASSETCODE":"TRSHEL","OWNER":"HRM","INSTYR":2005,"INSTYRCONF":2,"MAT":"STEEL","MATCONF":3,"LOCGEN":"ROW","ASSETSTAT":"INS","ELECTRICAL":null,"AD":"N","BUSSTOPID":"BS406","LOCATION":"Gottingen St After Prince William St (6775)","MAINTBY":"HRM","ASSETDESC":"DAYTECH BROWN","SDATE":null,"SOURCE":null,"SACC":"IN","ADDDATE":"Tue, 01 Nov 2022 17:05:45 GMT","MODDATE":"Mon, 24 Jun 2024 17:18:22 GMT","CONDITPERD":null,"CONDITEXP":null,"GLOBALID":"04a61f0b-0b2c-4a13-85e7-d333ac1865d4"}},{"type":"Feature","id":494,"geometry":{"type":"Point","coordinates":[-63.5954115236374,44.6550036966841]},"properties":{"OBJECTID":494,"SHELTERID":"TRSHEL270","ASSETID":"TRSHEL270","ASSETCODE":"TRSHEL","OWNER":"HRM","INSTYR":null,"INSTYRCONF":6,"MAT":"ALUM","MATCONF":3,"LOCGEN":"ROW","ASSETSTAT":"INS","ELECTRICAL":null,"AD":null,"BUSSTOPID":"BS1170","LOCATION":"Robie St Before North St (8213)","MAINTBY":"HRM","ASSETDESC":"DAYTECH AVANTI - Shelter Bench","SDATE":null,"SOURCE":null,"SACC":"IN","ADDDATE":"Tue, 01 Nov 2022 17:05:45 GMT","MODDATE":"Mon, 24 Jun 2024 17:18:22 GMT","CONDITPERD":null,"CONDITEXP":null,"GLOBALID":"6ecd4e40-30df-44da-a336-f53397efbdde"}},{"type":"Feature","id":495,"geometry":{"type":"Point","coordinates":[-63.5773073175758,44.6496983516198]},"properties":{"OBJECTID":495,"SHELTERID":"TRSHEL153","ASSETID":"TRSHEL153","ASSETCODE":"TRSHEL","OWNER":"HRM","INSTYR":2009,"INSTYRCONF":2,"MAT":"ALUM","MATCONF":3,"LOCGEN":"ROW","ASSETSTAT":"DIS","ELECTRICAL":null,"AD":"Y","BUSSTOPID":"BS1363","LOCATION":"Albemarle St After Duke St (9061)","MAINTBY":"HRM","ASSETDESC":"DAYTECH AVANTI - Shelter Bench","SDATE":null,"SOURCE":null,"SACC":"IN","ADDDATE":"Tue, 01 Nov 2022 17:05:45 GMT","MODDATE":"Tue, 23 Jul 2024 13:56:38 GMT","CONDITPERD":null,"CONDITEXP":null,"GLOBALID":"98954c85-dd3b-4b7d-b4ee-2b29cadfabbf"}},{"type":"Feature","id":496,"geometry":{"type":"Point","coordinates":[-63.5917068794906,44.6500181529381]},"properties":{"OBJECTID":496,"SHELTERID":"TRSHEL214","ASSETID":"TRSHEL214","ASSETCODE":"TRSHEL","OWNER":"HRM","INSTYR":2005,"INSTYRCONF":2,"MAT":"STEEL","MATCONF":3,"LOCGEN":"ROW","ASSETSTAT":"INS","ELECTRICAL":null,"AD":null,"BUSSTOPID":"BS975","LOCATION":"Robie St Before Cunard St (8206)","MAINTBY":"HRM","ASSETDESC":"DAYTECH BROWN- Shelter Bench","SDATE":null,"SOURCE":null,"SACC":"IN","ADDDATE":"Tue, 01 Nov 2022 17:05:45 GMT","MODDATE":"Mon, 24 Jun 2024 17:18:22 GMT","CONDITPERD":null,"CONDITEXP":null,"GLOBALID":"4df90359-b6d9-4819-9b38-a864989cb578"}},{"type":"Feature","id":497,"geometry":{"type":"Point","coordinates":[-63.6777276080419,44.6561390992538]},"properties":{"OBJECTID":497,"SHELTERID":"TRSHEL51","ASSETID":"TRSHEL51","ASSETCODE":"TRSHEL","OWNER":"HRM","INSTYR":null,"INSTYRCONF":6,"MAT":"ALUM","MATCONF":3,"LOCGEN":"ROW","ASSETSTAT":"INS","ELECTRICAL":null,"AD":null,"BUSSTOPID":"BS2034","LOCATION":"Chain Lake Dr At Civic 230 (6392)","MAINTBY":"HRM","ASSETDESC":"DAYTECH AVANTI - Shelter Bench","SDATE":null,"SOURCE":null,"SACC":"IN","ADDDATE":"Tue, 01 Nov 2022 17:05:45 GMT","MODDATE":"Mon, 24 Jun 2024 17:18:22 GMT","CONDITPERD":null,"CONDITEXP":null,"GLOBALID":"e25eef90-ffe1-40a3-be44-f3a1c82572b8"}},{"type":"Feature","id":498,"geometry":{"type":"Point","coordinates":[-63.6174519496447,44.6124945824673]},"properties":{"OBJECTID":498,"SHELTERID":"TRSHEL351","ASSETID":"TRSHEL351","ASSETCODE":"TRSHEL","OWNER":"HRM","INSTYR":2013,"INSTYRCONF":2,"MAT":"ALUM","MATCONF":3,"LOCGEN":"ROW","ASSETSTAT":"INS","ELECTRICAL":null,"AD":"N","BUSSTOPID":"BS2460","LOCATION":"Herring Cove Rd Before Dentith Rd (6866)","MAINTBY":"HRM","ASSETDESC":"DAYTECH AVANTI - Shelter Bench","SDATE":null,"SOURCE":null,"SACC":"IN","ADDDATE":"Tue, 01 Nov 2022 17:05:45 GMT","MODDATE":"Mon, 24 Jun 2024 17:18:22 GMT","CONDITPERD":null,"CONDITEXP":null,"GLOBALID":"aca9c907-b608-4f2b-9bb9-432cc0a760b0"}},{"type":"Feature","id":499,"geometry":{"type":"Point","coordinates":[-63.5026105260189,44.6847893600694]},"properties":{"OBJECTID":499,"SHELTERID":"TRSHEL147","ASSETID":"TRSHEL147","ASSETCODE":"TRSHEL","OWNER":"HRM","INSTYR":null,"INSTYRCONF":6,"MAT":"ALUM","MATCONF":3,"LOCGEN":"ROW","ASSETSTAT":"INS","ELECTRICAL":null,"AD":null,"BUSSTOPID":"BS1947","LOCATION":"Cranberry Cr Before Meridian Ct (6520)","MAINTBY":"HRM","ASSETDESC":"DAYTECH AVANTI - Shelter Bench","SDATE":null,"SOURCE":null,"SACC":"IN","ADDDATE":"Tue, 01 Nov 2022 17:05:45 GMT","MODDATE":"Fri, 04 Nov 2022 15:17:35 GMT","CONDITPERD":null,"CONDITEXP":null,"GLOBALID":"9038621f-5569-4f1b-9b38-4b18648c479a"}},{"type":"Feature","id":500,"geometry":{"type":"Point","coordinates":[-63.5308183589655,44.6874124863633]},"properties":{"OBJECTID":500,"SHELTERID":"TRSHEL406","ASSETID":"TRSHEL406","ASSETCODE":"TRSHEL","OWNER":"HRM","INSTYR":2005,"INSTYRCONF":2,"MAT":"STEEL","MATCONF":3,"LOCGEN":"ROW","ASSETSTAT":"INS","ELECTRICAL":null,"AD":"N","BUSSTOPID":"BS530","LOCATION":"Caledonia Rd Before Roleika Dr (6366)","MAINTBY":"HRM","ASSETDESC":"DAYTECH BROWN - Small Holes in Roof","SDATE":null,"SOURCE":null,"SACC":"IN","ADDDATE":"Tue, 01 Nov 2022 17:05:45 GMT","MODDATE":"Mon, 24 Jun 2024 17:18:22 GMT","CONDITPERD":null,"CONDITEXP":null,"GLOBALID":"43c15a28-c430-4011-bc7f-bbbe4f2b938b"}},{"type":"Feature","id":501,"geometry":{"type":"Point","coordinates":[-63.5841685149686,44.6910769801206]},"properties":{"OBJECTID":501,"SHELTERID":"TRSHEL107","ASSETID":"TRSHEL107","ASSETCODE":"TRSHEL","OWNER":"HRM","INSTYR":2011,"INSTYRCONF":2,"MAT":"ALUM","MATCONF":3,"LOCGEN":"ROW","ASSETSTAT":"INS","ELECTRICAL":null,"AD":null,"BUSSTOPID":"BS919","LOCATION":"Highfield Park Dr At Civic 10 (6925)","MAINTBY":"HRM","ASSETDESC":"DAYTECH AVANTI","SDATE":null,"SOURCE":null,"SACC":"IN","ADDDATE":"Tue, 01 Nov 2022 17:05:45 GMT","MODDATE":"Mon, 24 Jun 2024 17:18:22 GMT","CONDITPERD":null,"CONDITEXP":null,"GLOBALID":"c4ecc1bd-7c6c-48f2-a984-ab0ee3c61fe6"}},{"type":"Feature","id":502,"geometry":{"type":"Point","coordinates":[-63.5669949698295,44.6658138029182]},"properties":{"OBJECTID":502,"SHELTERID":"TRSHEL146","ASSETID":"TRSHEL146","ASSETCODE":"TRSHEL","OWNER":"HRM","INSTYR":2017,"INSTYRCONF":2,"MAT":"ALUM","MATCONF":2,"LOCGEN":"ROW","ASSETSTAT":"INS","ELECTRICAL":null,"AD":null,"BUSSTOPID":"BS1946","LOCATION":"King St After Portland St (7058)","MAINTBY":"HRM","ASSETDESC":"DAYTECH HALF SHELTER AVANTI-ShelterBench","SDATE":null,"SOURCE":null,"SACC":"IN","ADDDATE":"Tue, 01 Nov 2022 17:05:45 GMT","MODDATE":"Mon, 24 Jun 2024 17:18:22 GMT","CONDITPERD":null,"CONDITEXP":null,"GLOBALID":"5ffc2b1f-7170-481f-8ee2-c6c83bf25e7a"}},{"type":"Feature","id":503,"geometry":{"type":"Point","coordinates":[-63.5831618871157,44.6414774447361]},"properties":{"OBJECTID":503,"SHELTERID":"TRSHEL346","ASSETID":"TRSHEL346","ASSETCODE":"TRSHEL","OWNER":"HRM","INSTYR":null,"INSTYRCONF":6,"MAT":"ALUM","MATCONF":3,"LOCGEN":"ROW","ASSETSTAT":"INS","ELECTRICAL":null,"AD":null,"BUSSTOPID":"BS1125","LOCATION":"Spring Garden Rd Before Summer St (8335)","MAINTBY":"HRM","ASSETDESC":"DAYTECH AVANTI - Shelter Bench","SDATE":null,"SOURCE":null,"SACC":"IN","ADDDATE":"Tue, 01 Nov 2022 17:05:45 GMT","MODDATE":"Mon, 24 Jun 2024 17:18:22 GMT","CONDITPERD":null,"CONDITEXP":null,"GLOBALID":"ace66c8b-81b1-4f01-99d9-a666a45a0adb"}},{"type":"Feature","id":504,"geometry":{"type":"Point","coordinates":[-63.6115129151119,44.7032051650962]},"properties":{"OBJECTID":504,"SHELTERID":"TRSHEL758","ASSETID":"TRSHEL758","ASSETCODE":"TRSHEL","OWNER":"HRM","INSTYR":2024,"INSTYRCONF":2,"MAT":"ALUM","MATCONF":null,"LOCGEN":"ROW","ASSETSTAT":"INS","ELECTRICAL":null,"AD":"N","BUSSTOPID":"BS1277","LOCATION":"Windmill Rd After Akerley Blvd (8533)\r\n","MAINTBY":"HRM","ASSETDESC":"DAYTECH AVANTI ","SDATE":null,"SOURCE":null,"SACC":"IN","ADDDATE":"Fri, 15 Nov 2024 16:25:16 GMT","MODDATE":"Fri, 15 Nov 2024 16:34:40 GMT","CONDITPERD":null,"CONDITEXP":null,"GLOBALID":"e614b34c-cd81-4bc1-961a-69b693fbc2df"}},{"type":"Feature","id":505,"geometry":{"type":"Point","coordinates":[-63.5399692227787,44.681954120043]},"properties":{"OBJECTID":505,"SHELTERID":"TRSHEL180","ASSETID":"TRSHEL180","ASSETCODE":"TRSHEL","OWNER":"HRM","INSTYR":null,"INSTYRCONF":6,"MAT":"ALUM","MATCONF":3,"LOCGEN":"ROW","ASSETSTAT":"INS","ELECTRICAL":null,"AD":null,"BUSSTOPID":"BS588","LOCATION":"Main St Before Major St (7175)","MAINTBY":"HRM","ASSETDESC":"DAYTECH AVANTI - Shelter Bench","SDATE":null,"SOURCE":null,"SACC":"IN","ADDDATE":"Tue, 01 Nov 2022 17:05:45 GMT","MODDATE":"Mon, 24 Jun 2024 17:18:22 GMT","CONDITPERD":null,"CONDITEXP":null,"GLOBALID":"c0b7ce22-b424-4207-80e9-9c498e437f35"}},{"type":"Feature","id":506,"geometry":{"type":"Point","coordinates":[-63.5058187737162,44.6701682971564]},"properties":{"OBJECTID":506,"SHELTERID":"TRSHEL262","ASSETID":"TRSHEL262","ASSETCODE":"TRSHEL","OWNER":"HRM","INSTYR":2005,"INSTYRCONF":2,"MAT":"ALUM","MATCONF":3,"LOCGEN":"ROW","ASSETSTAT":"INS","ELECTRICAL":null,"AD":"N","BUSSTOPID":"BS2622","LOCATION":"Portland Hills Terminal  Bay 1 (8949)","MAINTBY":"HRM","ASSETDESC":"MOUNTAIN MFG- Shelter Bench","SDATE":"Mon, 21 Dec 2015 04:00:00 GMT","SOURCE":"TRANSIT","SACC":"DV","ADDDATE":"Tue, 01 Nov 2022 17:05:45 GMT","MODDATE":"Fri, 04 Nov 2022 15:17:35 GMT","CONDITPERD":null,"CONDITEXP":null,"GLOBALID":"1296852b-b3cf-4021-b55c-e82b00f975c1"}},{"type":"Feature","id":507,"geometry":{"type":"Point","coordinates":[-63.6406034299618,44.6517095678933]},"properties":{"OBJECTID":507,"SHELTERID":"TRSHEL400","ASSETID":"TRSHEL400","ASSETCODE":"TRSHEL","OWNER":"HRM","INSTYR":null,"INSTYRCONF":6,"MAT":"STEEL","MATCONF":3,"LOCGEN":"ROW","ASSETSTAT":"INS","ELECTRICAL":null,"AD":null,"BUSSTOPID":"BS1654","LOCATION":"Rosedale Ave At Hillcrest St (8250)","MAINTBY":"HRM","ASSETDESC":"DAYTECH BROWN- Shelter Bench","SDATE":null,"SOURCE":null,"SACC":"IN","ADDDATE":"Tue, 01 Nov 2022 17:05:45 GMT","MODDATE":"Mon, 24 Jun 2024 17:18:22 GMT","CONDITPERD":null,"CONDITEXP":null,"GLOBALID":"d9ec6239-3a41-4571-976e-7eb06d90fb27"}},{"type":"Feature","id":508,"geometry":{"type":"Point","coordinates":[-63.7001739135558,44.6371843916899]},"properties":{"OBJECTID":508,"SHELTERID":"TRSHEL411","ASSETID":"TRSHEL411","ASSETCODE":"TRSHEL","OWNER":"HRM","INSTYR":2000,"INSTYRCONF":2,"MAT":"STEEL","MATCONF":3,"LOCGEN":"ROW","ASSETSTAT":"INS","ELECTRICAL":null,"AD":null,"BUSSTOPID":"BS446","LOCATION":"St Margarets Bay Rd After Greenhead Rd (6156)","MAINTBY":"HRM","ASSETDESC":"DAYTECH BROWN-Shelter Bench","SDATE":null,"SOURCE":null,"SACC":"IN","ADDDATE":"Tue, 01 Nov 2022 17:05:45 GMT","MODDATE":"Fri, 04 Nov 2022 15:17:35 GMT","CONDITPERD":null,"CONDITEXP":null,"GLOBALID":"ebdccaf0-acba-40c1-89c6-d87297dc112e"}},{"type":"Feature","id":509,"geometry":{"type":"Point","coordinates":[-63.5391219551589,44.6654807580049]},"properties":{"OBJECTID":509,"SHELTERID":"TRSHEL216","ASSETID":"TRSHEL216","ASSETCODE":"TRSHEL","OWNER":"HRM","INSTYR":2009,"INSTYRCONF":2,"MAT":"ALUM","MATCONF":3,"LOCGEN":"ROW","ASSETSTAT":"INS","ELECTRICAL":null,"AD":null,"BUSSTOPID":"BS504","LOCATION":"Gaston Rd Opposite Cleary Dr (6731)","MAINTBY":"HRM","ASSETDESC":"DAYTECH AVANTI - Shelter Bench","SDATE":null,"SOURCE":null,"SACC":"IN","ADDDATE":"Tue, 01 Nov 2022 17:05:45 GMT","MODDATE":"Mon, 24 Jun 2024 17:18:22 GMT","CONDITPERD":null,"CONDITEXP":null,"GLOBALID":"69b1f70a-8a0a-4920-a71e-f5bf9090d562"}},{"type":"Feature","id":510,"geometry":{"type":"Point","coordinates":[-63.59348013859,44.5890454578188]},"properties":{"OBJECTID":510,"SHELTERID":"TRSHEL382","ASSETID":"TRSHEL382","ASSETCODE":"TRSHEL","OWNER":"HRM","INSTYR":2008,"INSTYRCONF":2,"MAT":"ALUM","MATCONF":3,"LOCGEN":"ROW","ASSETSTAT":"INS","ELECTRICAL":null,"AD":null,"BUSSTOPID":"BS2453","LOCATION":"Herring Cove Rd After Fotherby Ave (6859)","MAINTBY":"HRM","ASSETDESC":"DAYTECH AVANTI - Shelter Bench","SDATE":null,"SOURCE":null,"SACC":"IN","ADDDATE":"Tue, 01 Nov 2022 17:05:45 GMT","MODDATE":"Mon, 24 Jun 2024 17:18:22 GMT","CONDITPERD":null,"CONDITEXP":null,"GLOBALID":"6db13929-6adf-46f6-bfaf-9a670a0fe02f"}},{"type":"Feature","id":511,"geometry":{"type":"Point","coordinates":[-63.5527976330582,44.6612571193363]},"properties":{"OBJECTID":511,"SHELTERID":"TRSHEL128","ASSETID":"TRSHEL128","ASSETCODE":"TRSHEL","OWNER":"HRM","INSTYR":null,"INSTYRCONF":6,"MAT":"STEEL","MATCONF":3,"LOCGEN":"ROW","ASSETSTAT":"INS","ELECTRICAL":null,"AD":null,"BUSSTOPID":"BS2296","LOCATION":"Pleasant St Before Southdale St (7485)","MAINTBY":"HRM","ASSETDESC":"DAYTECH BROWN FLAT ROOF","SDATE":null,"SOURCE":null,"SACC":"IN","ADDDATE":"Tue, 01 Nov 2022 17:05:45 GMT","MODDATE":"Mon, 24 Jun 2024 17:18:22 GMT","CONDITPERD":null,"CONDITEXP":null,"GLOBALID":"68369035-4109-493e-ba82-51710443ab81"}},{"type":"Feature","id":512,"geometry":{"type":"Point","coordinates":[-63.6631003932712,44.7543357640469]},"properties":{"OBJECTID":512,"SHELTERID":"TRSHEL106","ASSETID":"TRSHEL106","ASSETCODE":"TRSHEL","OWNER":"HRM","INSTYR":2011,"INSTYRCONF":2,"MAT":"STEEL","MATCONF":4,"LOCGEN":"ROW","ASSETSTAT":"INS","ELECTRICAL":null,"AD":"Y","BUSSTOPID":"BS2663","LOCATION":"Cobequid Terminal Bay 1 (6297)","MAINTBY":"HRM","ASSETDESC":"DAYTECH LARGE-Shelter Bench","SDATE":null,"SOURCE":null,"SACC":"IN","ADDDATE":"Tue, 01 Nov 2022 17:05:45 GMT","MODDATE":"Fri, 04 Nov 2022 15:17:35 GMT","CONDITPERD":null,"CONDITEXP":null,"GLOBALID":"afde3d70-ce2e-4a2f-a1e0-bf3959a26258"}}]}