{"type":"FeatureCollection","crs":{"type":"name","properties":{"name":"EPSG:4326"}},"features":[{"type":"Feature","id":1,"geometry":{"type":"Point","coordinates":[-63.5952084208399,44.6580791643343]},"properties":{"OBJECTID":1,"ACCPRKID":"AP386","STREET_NAME":"FULLER TERR","FROM_STR":"ONTARIO ST","TO_STR":"BLOOMFIELD ST","NUMSPOTS":1,"DURATION":"HR2","QUALIFIER":null,"STATUS":"PND","COMMENTS":null,"DIRECTION":"N","ADJSURFMAT":null,"OBSTRUCT":null,"LOC_HILL":null,"ADDDATE":"Tue, 27 May 2025 19:52:40 GMT","MODDATE":"Tue, 27 May 2025 20:18:23 GMT","SDATE":null,"SOURCE":"Parking Enforcement","SACC":null,"WINT_PLOW":null,"WINT_MAINT":null,"WINT_ROUTE":null,"WINT_LOS":null,"WINT_MAT":null,"WINT_COMM":null,"GLOBALID":"27db8c82-c577-4c12-ad9e-cff23b7851ac","WINT_ADDDATE":null,"WINT_MODDATE":null}},{"type":"Feature","id":2,"geometry":{"type":"Point","coordinates":[-63.5776652872333,44.6425426184309]},"properties":{"OBJECTID":2,"ACCPRKID":"AP249","STREET_NAME":"DRESDEN ROW","FROM_STR":"CLYDE ST","TO_STR":"SPRING GARDEN RD","NUMSPOTS":1,"DURATION":"HR3","QUALIFIER":null,"STATUS":"INS","COMMENTS":null,"DIRECTION":"N","ADJSURFMAT":"CONCRETE","OBSTRUCT":"N","LOC_HILL":"N","ADDDATE":"Wed, 10 Feb 2021 19:43:32 GMT","MODDATE":"Tue, 27 May 2025 17:56:19 GMT","SDATE":null,"SOURCE":"Traffic Services","SACC":"IN","WINT_PLOW":"Y","WINT_MAINT":"HRM1","WINT_ROUTE":"R4","WINT_LOS":"PRI2","WINT_MAT":null,"WINT_COMM":null,"GLOBALID":"5466c7a5-0eba-496b-90ce-408cbc9669dd","WINT_ADDDATE":"Wed, 01 Sep 2021 03:00:00 GMT","WINT_MODDATE":null}},{"type":"Feature","id":4,"geometry":{"type":"Point","coordinates":[-63.5742893959377,44.6445234325433]},"properties":{"OBJECTID":4,"ACCPRKID":"AP110","STREET_NAME":"GRAFTON ST","FROM_STR":"BLOWERS ST","TO_STR":"SPRING GARDEN RD","NUMSPOTS":1,"DURATION":"HR3","QUALIFIER":null,"STATUS":"INS","COMMENTS":null,"DIRECTION":"S","ADJSURFMAT":"CONCRETE","OBSTRUCT":"Y","LOC_HILL":"N","ADDDATE":"Fri, 18 Oct 2019 16:17:24 GMT","MODDATE":"Tue, 27 May 2025 16:16:50 GMT","SDATE":"Mon, 30 Sep 2019 03:00:00 GMT","SOURCE":"Traffic Services","SACC":"IN","WINT_PLOW":"Y","WINT_MAINT":"HRM1","WINT_ROUTE":"R2","WINT_LOS":"PRI2","WINT_MAT":null,"WINT_COMM":null,"GLOBALID":"a56ebe13-7292-4ebc-bfe1-e664b2797368","WINT_ADDDATE":"Fri, 18 Oct 2019 03:00:00 GMT","WINT_MODDATE":"Mon, 27 Jan 2020 04:00:00 GMT"}},{"type":"Feature","id":6,"geometry":{"type":"Point","coordinates":[-63.5701724169906,44.6425142034939]},"properties":{"OBJECTID":6,"ACCPRKID":"AP241","STREET_NAME":"HOLLIS ST","FROM_STR":"BISHOP ST","TO_STR":"MORRIS ST","NUMSPOTS":1,"DURATION":"HR3","QUALIFIER":null,"STATUS":"INS","COMMENTS":null,"DIRECTION":"S","ADJSURFMAT":"CONCRETE","OBSTRUCT":"N","LOC_HILL":"N","ADDDATE":"Mon, 05 Oct 2020 16:54:41 GMT","MODDATE":"Tue, 27 May 2025 17:56:19 GMT","SDATE":"Mon, 05 Oct 2020 03:00:00 GMT","SOURCE":"Traffic Services","SACC":"IN","WINT_PLOW":"Y","WINT_MAINT":"HRM1","WINT_ROUTE":"R2","WINT_LOS":"PRI2","WINT_MAT":null,"WINT_COMM":null,"GLOBALID":"49be88d9-1679-4a0a-a74d-39f4b283207e","WINT_ADDDATE":null,"WINT_MODDATE":null}},{"type":"Feature","id":7,"geometry":{"type":"Point","coordinates":[-63.5838683734591,44.6412534309368]},"properties":{"OBJECTID":7,"ACCPRKID":"AP135","STREET_NAME":"SPRING GARDEN RD","FROM_STR":"SUMMER ST","TO_STR":"ABERDEEN TERR","NUMSPOTS":1,"DURATION":"HR1","QUALIFIER":null,"STATUS":"INS","COMMENTS":null,"DIRECTION":"W","ADJSURFMAT":"CONCRETE","OBSTRUCT":"Y","LOC_HILL":"N","ADDDATE":"Fri, 18 Oct 2019 16:58:21 GMT","MODDATE":"Tue, 27 May 2025 16:17:49 GMT","SDATE":"Mon, 30 Sep 2019 03:00:00 GMT","SOURCE":"Traffic Services","SACC":"IN","WINT_PLOW":"Y","WINT_MAINT":"HRM1","WINT_ROUTE":"R4","WINT_LOS":"PRI2","WINT_MAT":null,"WINT_COMM":"ACCESSIBLE PARKING - HR1 - SPOT(S) = 1","GLOBALID":"c5b4cc24-fb29-49fb-b0a9-badb24b3cb10","WINT_ADDDATE":"Fri, 18 Oct 2019 03:00:00 GMT","WINT_MODDATE":"Mon, 27 Jan 2020 04:00:00 GMT"}},{"type":"Feature","id":8,"geometry":{"type":"Point","coordinates":[-63.5958619946164,44.6648359074674]},"properties":{"OBJECTID":8,"ACCPRKID":"AP29","STREET_NAME":"VEITH ST","FROM_STR":"YOUNG ST","TO_STR":"HANOVER ST","NUMSPOTS":1,"DURATION":"NTR","QUALIFIER":null,"STATUS":"INS","COMMENTS":null,"DIRECTION":"NW","ADJSURFMAT":"CONCRETE","OBSTRUCT":"N","LOC_HILL":"N","ADDDATE":"Wed, 09 Oct 2019 19:01:05 GMT","MODDATE":"Tue, 27 May 2025 16:53:07 GMT","SDATE":"Mon, 30 Sep 2019 03:00:00 GMT","SOURCE":"Traffic Services","SACC":"IN","WINT_PLOW":"Y","WINT_MAINT":"SWZ6","WINT_ROUTE":"RB","WINT_LOS":"PRI2","WINT_MAT":null,"WINT_COMM":"ACCESSIBLE PARKING - NTR - SPOT(S) = 1","GLOBALID":"975d0c9d-6614-49cc-9426-31d3e3269b2c","WINT_ADDDATE":"Wed, 09 Oct 2019 03:00:00 GMT","WINT_MODDATE":"Mon, 27 Jan 2020 04:00:00 GMT"}},{"type":"Feature","id":9,"geometry":{"type":"Point","coordinates":[-63.5762193688335,44.6416154848507]},"properties":{"OBJECTID":9,"ACCPRKID":"AP244","STREET_NAME":"BIRMINGHAM ST","FROM_STR":"MORRIS ST","TO_STR":"CLYDE ST","NUMSPOTS":1,"DURATION":"HR3","QUALIFIER":null,"STATUS":"INS","COMMENTS":null,"DIRECTION":"S","ADJSURFMAT":"GRASS","OBSTRUCT":"N","LOC_HILL":"N","ADDDATE":"Wed, 04 Nov 2020 18:14:17 GMT","MODDATE":"Wed, 14 Jul 2021 20:50:52 GMT","SDATE":"Fri, 13 Nov 2020 04:00:00 GMT","SOURCE":"Traffic Services","SACC":"IN","WINT_PLOW":"Y","WINT_MAINT":"HRM1","WINT_ROUTE":"R4","WINT_LOS":"PRI2","WINT_MAT":null,"WINT_COMM":"ACCESSIBLE PARKING - HR1 - SPOT(S) = 1","GLOBALID":"3703ac71-758b-43b1-a3a5-64c7e6298708","WINT_ADDDATE":null,"WINT_MODDATE":null}},{"type":"Feature","id":10,"geometry":{"type":"Point","coordinates":[-63.5769330929031,44.6471890739371]},"properties":{"OBJECTID":10,"ACCPRKID":"AP353","STREET_NAME":"BRUNSWICK ST","FROM_STR":"PRINCE ST","TO_STR":"CARMICHAEL ST","NUMSPOTS":2,"DURATION":null,"QUALIFIER":4,"STATUS":"PND","COMMENTS":null,"DIRECTION":"N","ADJSURFMAT":null,"OBSTRUCT":null,"LOC_HILL":null,"ADDDATE":"Tue, 27 May 2025 19:52:40 GMT","MODDATE":"Tue, 27 May 2025 20:31:16 GMT","SDATE":"Mon, 16 Oct 2023 16:03:29 GMT","SOURCE":"WEB","SACC":"DG","WINT_PLOW":null,"WINT_MAINT":null,"WINT_ROUTE":null,"WINT_LOS":null,"WINT_MAT":null,"WINT_COMM":null,"GLOBALID":"e73d6c60-e2bd-4bf7-afa5-858459be1b6a","WINT_ADDDATE":null,"WINT_MODDATE":null}},{"type":"Feature","id":11,"geometry":{"type":"Point","coordinates":[-63.588353662571,44.6729907606618]},"properties":{"OBJECTID":11,"ACCPRKID":"AP70","STREET_NAME":"ELMWOOD AVE","FROM_STR":"WINDMILL RD","TO_STR":"HESTER ST","NUMSPOTS":1,"DURATION":"NTR","QUALIFIER":null,"STATUS":"INS","COMMENTS":null,"DIRECTION":"NE","ADJSURFMAT":"CONCRETE","OBSTRUCT":"Y","LOC_HILL":"N","ADDDATE":"Wed, 16 Oct 2019 19:57:41 GMT","MODDATE":"Wed, 14 Jul 2021 20:50:34 GMT","SDATE":"Mon, 30 Sep 2019 03:00:00 GMT","SOURCE":"Traffic Services","SACC":"IN","WINT_PLOW":"Y","WINT_MAINT":"HRM2","WINT_ROUTE":"R2","WINT_LOS":"PRI2","WINT_MAT":null,"WINT_COMM":"ACCESSIBLE PARKING - NTR - SPOT(S) = 1","GLOBALID":"dcaca568-8765-470b-9493-02c5e369f67f","WINT_ADDDATE":"Wed, 16 Oct 2019 03:00:00 GMT","WINT_MODDATE":"Mon, 27 Jan 2020 04:00:00 GMT"}},{"type":"Feature","id":12,"geometry":{"type":"Point","coordinates":[-63.5924231134531,44.6546239250885]},"properties":{"OBJECTID":12,"ACCPRKID":"AP325","STREET_NAME":"AGRICOLA ST","FROM_STR":"CHARLES ST","TO_STR":"WILLOW ST","NUMSPOTS":1,"DURATION":null,"QUALIFIER":null,"STATUS":"INS","COMMENTS":null,"DIRECTION":"NW","ADJSURFMAT":null,"OBSTRUCT":null,"LOC_HILL":null,"ADDDATE":"Mon, 20 Nov 2023 18:37:49 GMT","MODDATE":"Tue, 27 May 2025 18:05:22 GMT","SDATE":"Mon, 20 Nov 2023 04:00:00 GMT","SOURCE":"Traffic Services","SACC":"IN","WINT_PLOW":null,"WINT_MAINT":null,"WINT_ROUTE":null,"WINT_LOS":null,"WINT_MAT":null,"WINT_COMM":null,"GLOBALID":"e93745db-5484-48aa-88d3-1200288c1894","WINT_ADDDATE":null,"WINT_MODDATE":null}},{"type":"Feature","id":13,"geometry":{"type":"Point","coordinates":[-63.5719203939047,44.6379795069415]},"properties":{"OBJECTID":13,"ACCPRKID":"AP399","STREET_NAME":"KENT ST","FROM_STR":"BARRINGTON ST","TO_STR":"QUEEN ST","NUMSPOTS":2,"DURATION":"NTR","QUALIFIER":null,"STATUS":"PND","COMMENTS":null,"DIRECTION":"E","ADJSURFMAT":null,"OBSTRUCT":null,"LOC_HILL":null,"ADDDATE":"Tue, 27 May 2025 19:52:40 GMT","MODDATE":"Tue, 27 May 2025 20:17:40 GMT","SDATE":null,"SOURCE":"Parking Enforcement","SACC":null,"WINT_PLOW":null,"WINT_MAINT":null,"WINT_ROUTE":null,"WINT_LOS":null,"WINT_MAT":null,"WINT_COMM":null,"GLOBALID":"e0d9df5f-0d13-4d6d-90ee-9444b3f6c458","WINT_ADDDATE":null,"WINT_MODDATE":null}},{"type":"Feature","id":14,"geometry":{"type":"Point","coordinates":[-63.6042774813683,44.6480802543975]},"properties":{"OBJECTID":14,"ACCPRKID":"AP333","STREET_NAME":"BEECH ST","FROM_STR":"CHEBUCTO RD","TO_STR":"OAK ST","NUMSPOTS":2,"DURATION":"HR3","QUALIFIER":null,"STATUS":"INS","COMMENTS":null,"DIRECTION":"S","ADJSURFMAT":null,"OBSTRUCT":null,"LOC_HILL":null,"ADDDATE":"Thu, 22 Aug 2024 17:47:42 GMT","MODDATE":"Tue, 27 May 2025 18:12:16 GMT","SDATE":"Thu, 22 Aug 2024 03:00:00 GMT","SOURCE":"PW","SACC":"PH","WINT_PLOW":null,"WINT_MAINT":null,"WINT_ROUTE":null,"WINT_LOS":null,"WINT_MAT":null,"WINT_COMM":null,"GLOBALID":"53b874d0-9005-4ed5-8653-40195eb50f0e","WINT_ADDDATE":null,"WINT_MODDATE":null}},{"type":"Feature","id":15,"geometry":{"type":"Point","coordinates":[-63.5958290542933,44.6594472267267]},"properties":{"OBJECTID":15,"ACCPRKID":"AP25","STREET_NAME":"ALMON ST","FROM_STR":"ISLEVILLE ST","TO_STR":"GOTTINGEN ST","NUMSPOTS":2,"DURATION":"NTR","QUALIFIER":null,"STATUS":"INS","COMMENTS":null,"DIRECTION":"NE","ADJSURFMAT":"GRASS","OBSTRUCT":"Y","LOC_HILL":"N","ADDDATE":"Wed, 09 Oct 2019 17:47:00 GMT","MODDATE":"Tue, 27 May 2025 17:26:47 GMT","SDATE":"Mon, 30 Sep 2019 03:00:00 GMT","SOURCE":"Traffic Services","SACC":"IN","WINT_PLOW":"Y","WINT_MAINT":"SWZ6","WINT_ROUTE":"RB","WINT_LOS":"PRI2","WINT_MAT":null,"WINT_COMM":"ACCESSIBLE PARKING - NTR - SPOT(S) = 2","GLOBALID":"817c5c46-aaf2-4974-8dce-cfe09d353915","WINT_ADDDATE":"Wed, 09 Oct 2019 03:00:00 GMT","WINT_MODDATE":"Mon, 27 Jan 2020 04:00:00 GMT"}},{"type":"Feature","id":16,"geometry":{"type":"Point","coordinates":[-63.5693659113252,44.6661554237253]},"properties":{"OBJECTID":16,"ACCPRKID":"AP66","STREET_NAME":"EDWARD ST","FROM_STR":"OCHTERLONEY ST","TO_STR":"NORTH ST","NUMSPOTS":1,"DURATION":"HR2","QUALIFIER":null,"STATUS":"INS","COMMENTS":null,"DIRECTION":"NW","ADJSURFMAT":"GRASS","OBSTRUCT":"N","LOC_HILL":"Y","ADDDATE":"Wed, 16 Oct 2019 19:20:24 GMT","MODDATE":"Tue, 27 May 2025 17:25:10 GMT","SDATE":"Mon, 30 Sep 2019 03:00:00 GMT","SOURCE":"Traffic Services","SACC":"IN","WINT_PLOW":"Y","WINT_MAINT":"HRM2","WINT_ROUTE":"R1","WINT_LOS":"PRI2","WINT_MAT":null,"WINT_COMM":"ACCESSIBLE PARKING - HR2 - SPOT(S) = 1","GLOBALID":"5cbfbad4-fe23-4d18-933c-24e4d014693f","WINT_ADDDATE":"Wed, 16 Oct 2019 03:00:00 GMT","WINT_MODDATE":"Mon, 27 Jan 2020 04:00:00 GMT"}},{"type":"Feature","id":17,"geometry":{"type":"Point","coordinates":[-63.6321493030762,44.6573024240295]},"properties":{"OBJECTID":17,"ACCPRKID":"AP417","STREET_NAME":"DUTCH VILLAGE RD","FROM_STR":"ANDREW ST","TO_STR":"RUFUS AVE","NUMSPOTS":1,"DURATION":"HR1","QUALIFIER":null,"STATUS":"PND","COMMENTS":null,"DIRECTION":null,"ADJSURFMAT":null,"OBSTRUCT":null,"LOC_HILL":null,"ADDDATE":"Tue, 27 May 2025 19:52:40 GMT","MODDATE":"Tue, 27 May 2025 20:07:54 GMT","SDATE":null,"SOURCE":"Parking Enforcement","SACC":null,"WINT_PLOW":null,"WINT_MAINT":null,"WINT_ROUTE":null,"WINT_LOS":null,"WINT_MAT":null,"WINT_COMM":null,"GLOBALID":"9a03b081-8bd4-4c27-a5dc-d2dbd366724f","WINT_ADDDATE":null,"WINT_MODDATE":null}},{"type":"Feature","id":18,"geometry":{"type":"Point","coordinates":[-63.5858973559705,44.6537991415149]},"properties":{"OBJECTID":18,"ACCPRKID":"AP107","STREET_NAME":"GOTTINGEN ST","FROM_STR":"PRINCE WILLIAM ST","TO_STR":"UNIACKE ST","NUMSPOTS":2,"DURATION":"HR3","QUALIFIER":null,"STATUS":"INS","COMMENTS":null,"DIRECTION":"NE","ADJSURFMAT":"CONCRETE","OBSTRUCT":"N","LOC_HILL":"N","ADDDATE":"Fri, 18 Oct 2019 16:11:34 GMT","MODDATE":"Tue, 27 May 2025 18:05:22 GMT","SDATE":"Mon, 30 Sep 2019 03:00:00 GMT","SOURCE":"Traffic Services","SACC":"IN","WINT_PLOW":"Y","WINT_MAINT":"HRM1","WINT_ROUTE":"R6","WINT_LOS":"PRI2","WINT_MAT":null,"WINT_COMM":"ACCESSIBLE PARKING - HR3 - SPOT(S) = 2","GLOBALID":"7c74daac-a181-4cd6-8ae7-5534a491dfdf","WINT_ADDDATE":"Fri, 18 Oct 2019 03:00:00 GMT","WINT_MODDATE":"Mon, 27 Jan 2020 04:00:00 GMT"}},{"type":"Feature","id":19,"geometry":{"type":"Point","coordinates":[-63.5742760838035,44.6489096823718]},"properties":{"OBJECTID":19,"ACCPRKID":"AP345","STREET_NAME":null,"FROM_STR":null,"TO_STR":null,"NUMSPOTS":1,"DURATION":null,"QUALIFIER":null,"STATUS":"INS","COMMENTS":null,"DIRECTION":null,"ADJSURFMAT":null,"OBSTRUCT":null,"LOC_HILL":null,"ADDDATE":"Tue, 27 May 2025 16:57:08 GMT","MODDATE":"Tue, 27 May 2025 16:57:08 GMT","SDATE":null,"SOURCE":null,"SACC":null,"WINT_PLOW":null,"WINT_MAINT":null,"WINT_ROUTE":null,"WINT_LOS":null,"WINT_MAT":null,"WINT_COMM":null,"GLOBALID":"8f5cc20b-7be8-4538-8e1f-41034ea1f2ee","WINT_ADDDATE":null,"WINT_MODDATE":null}},{"type":"Feature","id":21,"geometry":{"type":"Point","coordinates":[-63.6158611105317,44.6497427482489]},"properties":{"OBJECTID":21,"ACCPRKID":"AP366","STREET_NAME":"EDWARD ARAB AVE","FROM_STR":"LLOYD FOX AVE","TO_STR":"JACK FERGUSSON AVE","NUMSPOTS":5,"DURATION":null,"QUALIFIER":null,"STATUS":"PND","COMMENTS":null,"DIRECTION":null,"ADJSURFMAT":null,"OBSTRUCT":null,"LOC_HILL":null,"ADDDATE":"Tue, 27 May 2025 19:52:40 GMT","MODDATE":"Thu, 05 Jun 2025 14:43:05 GMT","SDATE":"Mon, 16 Oct 2023 16:03:29 GMT","SOURCE":"WEB","SACC":"DG","WINT_PLOW":null,"WINT_MAINT":null,"WINT_ROUTE":null,"WINT_LOS":null,"WINT_MAT":null,"WINT_COMM":null,"GLOBALID":"121b2de0-79c4-46ab-8bb4-053ef863b6f0","WINT_ADDDATE":null,"WINT_MODDATE":null}},{"type":"Feature","id":22,"geometry":{"type":"Point","coordinates":[-63.5841905865751,44.6522702567818]},"properties":{"OBJECTID":22,"ACCPRKID":"AP98","STREET_NAME":"CORNWALLIS ST","FROM_STR":"CREIGHTON ST","TO_STR":"MAITLAND ST","NUMSPOTS":1,"DURATION":"HR3","QUALIFIER":null,"STATUS":"INS","COMMENTS":null,"DIRECTION":"SW","ADJSURFMAT":"CONCRETE","OBSTRUCT":"N","LOC_HILL":"Y","ADDDATE":"Thu, 17 Oct 2019 21:12:54 GMT","MODDATE":"Tue, 27 May 2025 18:05:22 GMT","SDATE":"Mon, 30 Sep 2019 03:00:00 GMT","SOURCE":"Traffic Services","SACC":"IN","WINT_PLOW":"Y","WINT_MAINT":"HRM1","WINT_ROUTE":"R6","WINT_LOS":"PRI2","WINT_MAT":null,"WINT_COMM":"ACCESSIBLE PARKING - HR3 - SPOT(S) = 3","GLOBALID":"7696b104-2120-4f6f-af47-d5b14c956ce1","WINT_ADDDATE":"Thu, 17 Oct 2019 03:00:00 GMT","WINT_MODDATE":"Mon, 27 Jan 2020 04:00:00 GMT"}},{"type":"Feature","id":23,"geometry":{"type":"Point","coordinates":[-63.5782057181998,44.677471511151]},"properties":{"OBJECTID":23,"ACCPRKID":"AP434","STREET_NAME":"VANESSA DR","FROM_STR":"SLAYTER ST","TO_STR":"END","NUMSPOTS":1,"DURATION":"NTR","QUALIFIER":null,"STATUS":"PND","COMMENTS":null,"DIRECTION":"E","ADJSURFMAT":null,"OBSTRUCT":null,"LOC_HILL":null,"ADDDATE":"Tue, 27 May 2025 19:52:40 GMT","MODDATE":"Tue, 27 May 2025 20:17:40 GMT","SDATE":null,"SOURCE":null,"SACC":null,"WINT_PLOW":null,"WINT_MAINT":null,"WINT_ROUTE":null,"WINT_LOS":null,"WINT_MAT":null,"WINT_COMM":null,"GLOBALID":"6ede7088-3fc3-4a8c-9083-f30ca6f48d5f","WINT_ADDDATE":null,"WINT_MODDATE":null}},{"type":"Feature","id":24,"geometry":{"type":"Point","coordinates":[-63.6008697555757,44.6469868092576]},"properties":{"OBJECTID":24,"ACCPRKID":"AP37","STREET_NAME":"ALLAN ST","FROM_STR":"HARVARD ST","TO_STR":"OXFORD ST","NUMSPOTS":1,"DURATION":"NTR","QUALIFIER":null,"STATUS":"INS","COMMENTS":null,"DIRECTION":"SW","ADJSURFMAT":"GRASS","OBSTRUCT":"Y","LOC_HILL":"N","ADDDATE":"Thu, 10 Oct 2019 17:24:35 GMT","MODDATE":"Tue, 27 May 2025 17:47:31 GMT","SDATE":"Mon, 30 Sep 2019 03:00:00 GMT","SOURCE":"Traffic Services","SACC":"IN","WINT_PLOW":"Y","WINT_MAINT":"SWZ6","WINT_ROUTE":"RA","WINT_LOS":"PRI2","WINT_MAT":null,"WINT_COMM":"ACCESSIBLE PARKING - NTR - SPOT(S) = 1","GLOBALID":"52dcf113-265f-44e6-bc6e-1552e724bca7","WINT_ADDDATE":"Thu, 10 Oct 2019 03:00:00 GMT","WINT_MODDATE":"Mon, 27 Jan 2020 04:00:00 GMT"}},{"type":"Feature","id":26,"geometry":{"type":"Point","coordinates":[-63.5801014706732,44.6428251691539]},"properties":{"OBJECTID":26,"ACCPRKID":"AP279","STREET_NAME":"SOUTH PARK ST","FROM_STR":"SACKVILLE ST","TO_STR":"SPRING GARDEN RD","NUMSPOTS":1,"DURATION":"HR3","QUALIFIER":null,"STATUS":"INS","COMMENTS":null,"DIRECTION":"SE","ADJSURFMAT":"CONCRETE","OBSTRUCT":"N","LOC_HILL":"N","ADDDATE":"Thu, 12 Aug 2021 15:55:27 GMT","MODDATE":"Tue, 27 May 2025 16:29:26 GMT","SDATE":"Fri, 06 Aug 2021 03:00:00 GMT","SOURCE":"TPW","SACC":"IN","WINT_PLOW":"Y","WINT_MAINT":"HRM1","WINT_ROUTE":"R4","WINT_LOS":"PRI2","WINT_MAT":null,"WINT_COMM":null,"GLOBALID":"70a8e22e-f627-43db-82d4-e7b2f036f850","WINT_ADDDATE":"Wed, 01 Sep 2021 03:00:00 GMT","WINT_MODDATE":null}},{"type":"Feature","id":28,"geometry":{"type":"Point","coordinates":[-63.5689665383162,44.6426387390087]},"properties":{"OBJECTID":28,"ACCPRKID":"AP146","STREET_NAME":"LOWER WATER ST","FROM_STR":"BISHOP ST","TO_STR":"MORRIS ST","NUMSPOTS":2,"DURATION":"NTR","QUALIFIER":null,"STATUS":"INS","COMMENTS":null,"DIRECTION":"S","ADJSURFMAT":"CONCRETE","OBSTRUCT":"N","LOC_HILL":"Y","ADDDATE":"Fri, 18 Oct 2019 16:58:21 GMT","MODDATE":"Tue, 27 May 2025 18:12:16 GMT","SDATE":"Mon, 30 Sep 2019 03:00:00 GMT","SOURCE":"Traffic Services","SACC":"IN","WINT_PLOW":"Y","WINT_MAINT":"HRM1","WINT_ROUTE":"R2","WINT_LOS":"PRI2","WINT_MAT":null,"WINT_COMM":"ACCESSIBLE PARKING - NTR - SPOT(S) = 2","GLOBALID":"b10309df-96c1-438d-b8e1-30b0b703b547","WINT_ADDDATE":"Fri, 18 Oct 2019 03:00:00 GMT","WINT_MODDATE":"Mon, 27 Jan 2020 04:00:00 GMT"}},{"type":"Feature","id":29,"geometry":{"type":"Point","coordinates":[-63.5794354094159,44.6344781371135]},"properties":{"OBJECTID":29,"ACCPRKID":"AP421","STREET_NAME":"WELLINGTON ST","FROM_STR":"INGLIS ST","TO_STR":"LUNDYS LANE","NUMSPOTS":1,"DURATION":"NTR","QUALIFIER":null,"STATUS":"PND","COMMENTS":null,"DIRECTION":"S","ADJSURFMAT":null,"OBSTRUCT":null,"LOC_HILL":null,"ADDDATE":"Tue, 27 May 2025 19:52:40 GMT","MODDATE":"Tue, 27 May 2025 20:19:33 GMT","SDATE":"Tue, 18 Mar 2025 19:48:15 GMT","SOURCE":"Parking Enforcement","SACC":null,"WINT_PLOW":null,"WINT_MAINT":null,"WINT_ROUTE":null,"WINT_LOS":null,"WINT_MAT":null,"WINT_COMM":null,"GLOBALID":"e416de32-f0f8-46cb-a1f8-c0bb9b9c05df","WINT_ADDDATE":null,"WINT_MODDATE":null}},{"type":"Feature","id":30,"geometry":{"type":"Point","coordinates":[-63.5984425660685,44.6435663279249]},"properties":{"OBJECTID":30,"ACCPRKID":"AP341","STREET_NAME":null,"FROM_STR":null,"TO_STR":null,"NUMSPOTS":1,"DURATION":null,"QUALIFIER":null,"STATUS":"INS","COMMENTS":null,"DIRECTION":null,"ADJSURFMAT":null,"OBSTRUCT":null,"LOC_HILL":null,"ADDDATE":"Tue, 27 May 2025 16:41:34 GMT","MODDATE":"Tue, 27 May 2025 16:41:34 GMT","SDATE":null,"SOURCE":null,"SACC":null,"WINT_PLOW":null,"WINT_MAINT":null,"WINT_ROUTE":null,"WINT_LOS":null,"WINT_MAT":null,"WINT_COMM":null,"GLOBALID":"17ab64f9-1b07-4034-98e2-3ae38d9b3985","WINT_ADDDATE":null,"WINT_MODDATE":null}},{"type":"Feature","id":31,"geometry":{"type":"Point","coordinates":[-63.573427278268,44.640243254273]},"properties":{"OBJECTID":31,"ACCPRKID":"AP402","STREET_NAME":"CHURCH ST","FROM_STR":"MORRIS ST","TO_STR":"HARVEY ST","NUMSPOTS":1,"DURATION":"NTR","QUALIFIER":null,"STATUS":"PND","COMMENTS":null,"DIRECTION":"S","ADJSURFMAT":null,"OBSTRUCT":null,"LOC_HILL":null,"ADDDATE":"Tue, 27 May 2025 19:52:40 GMT","MODDATE":"Tue, 27 May 2025 20:19:33 GMT","SDATE":null,"SOURCE":"Parking Enforcement","SACC":null,"WINT_PLOW":null,"WINT_MAINT":null,"WINT_ROUTE":null,"WINT_LOS":null,"WINT_MAT":null,"WINT_COMM":null,"GLOBALID":"e924bc5a-c347-43eb-b86c-46a1fc48a339","WINT_ADDDATE":null,"WINT_MODDATE":null}},{"type":"Feature","id":32,"geometry":{"type":"Point","coordinates":[-63.5744794471125,44.6516380308258]},"properties":{"OBJECTID":32,"ACCPRKID":"AP371","STREET_NAME":"PURDYS LANE","FROM_STR":"UPPER WATER ST","TO_STR":"UPPER WATER ST","NUMSPOTS":1,"DURATION":null,"QUALIFIER":null,"STATUS":"PND","COMMENTS":null,"DIRECTION":null,"ADJSURFMAT":null,"OBSTRUCT":null,"LOC_HILL":null,"ADDDATE":"Tue, 27 May 2025 19:52:40 GMT","MODDATE":"Tue, 27 May 2025 19:52:40 GMT","SDATE":"Mon, 16 Oct 2023 16:03:29 GMT","SOURCE":null,"SACC":null,"WINT_PLOW":null,"WINT_MAINT":null,"WINT_ROUTE":null,"WINT_LOS":null,"WINT_MAT":null,"WINT_COMM":null,"GLOBALID":"a0d55a7f-cf7c-4ccc-8b18-01bf273b8227","WINT_ADDDATE":null,"WINT_MODDATE":null}},{"type":"Feature","id":33,"geometry":{"type":"Point","coordinates":[-63.5921193472415,44.6459759699574]},"properties":{"OBJECTID":33,"ACCPRKID":"AP212","STREET_NAME":"PEPPERELL ST","FROM_STR":"ROBIE ST","TO_STR":"VERNON ST","NUMSPOTS":1,"DURATION":"HR1","QUALIFIER":null,"STATUS":"INS","COMMENTS":null,"DIRECTION":"W","ADJSURFMAT":"GRASS","OBSTRUCT":"N","LOC_HILL":"N","ADDDATE":"Mon, 21 Oct 2019 17:59:18 GMT","MODDATE":"Tue, 27 May 2025 16:42:34 GMT","SDATE":"Mon, 30 Sep 2019 03:00:00 GMT","SOURCE":"Traffic Services","SACC":"IN","WINT_PLOW":"Y","WINT_MAINT":"SWZ5","WINT_ROUTE":null,"WINT_LOS":"PRI2","WINT_MAT":null,"WINT_COMM":"ACCESSIBLE PARKING - HR1 - SPOT(S) = 1","GLOBALID":"d0cdfba0-f57e-459b-aa8a-d22eda39cc46","WINT_ADDDATE":"Mon, 21 Oct 2019 03:00:00 GMT","WINT_MODDATE":"Mon, 27 Jan 2020 04:00:00 GMT"}},{"type":"Feature","id":34,"geometry":{"type":"Point","coordinates":[-63.6117116170628,44.6680738242149]},"properties":{"OBJECTID":34,"ACCPRKID":"AP30","STREET_NAME":"HIGHLAND AVE","FROM_STR":"NORMANDY DR","TO_STR":"LEEDS ST","NUMSPOTS":2,"DURATION":"NTR","QUALIFIER":null,"STATUS":"INS","COMMENTS":null,"DIRECTION":"NW","ADJSURFMAT":"CONCRETE","OBSTRUCT":"Y","LOC_HILL":"N","ADDDATE":"Wed, 09 Oct 2019 19:06:03 GMT","MODDATE":"Tue, 27 May 2025 17:25:56 GMT","SDATE":"Mon, 30 Sep 2019 03:00:00 GMT","SOURCE":"Traffic Services","SACC":"IN","WINT_PLOW":"Y","WINT_MAINT":"SWZ6","WINT_ROUTE":"RB","WINT_LOS":"PRI2","WINT_MAT":null,"WINT_COMM":"ACCESSIBLE PARKING - NTR - SPOT(S) = 2","GLOBALID":"f259ea5f-a479-42f8-93a0-54640b5dbbf1","WINT_ADDDATE":"Wed, 09 Oct 2019 03:00:00 GMT","WINT_MODDATE":"Mon, 27 Jan 2020 04:00:00 GMT"}},{"type":"Feature","id":35,"geometry":{"type":"Point","coordinates":[-63.5589401539692,44.6693396747385]},"properties":{"OBJECTID":35,"ACCPRKID":"AP48","STREET_NAME":"HAWTHORNE ST","FROM_STR":"PORTLAND ST","TO_STR":"ERSKINE ST","NUMSPOTS":2,"DURATION":"NTR","QUALIFIER":null,"STATUS":"INS","COMMENTS":null,"DIRECTION":"N","ADJSURFMAT":"CONCRETE","OBSTRUCT":"N","LOC_HILL":"N","ADDDATE":"Wed, 16 Oct 2019 17:08:13 GMT","MODDATE":"Wed, 14 Jul 2021 20:50:31 GMT","SDATE":"Mon, 30 Sep 2019 03:00:00 GMT","SOURCE":"Traffic Services","SACC":"IN","WINT_PLOW":"Y","WINT_MAINT":"SWZ8","WINT_ROUTE":null,"WINT_LOS":"PRI2","WINT_MAT":null,"WINT_COMM":"ACCESSIBLE PARKING - NTR - SPOT(S) = 2","GLOBALID":"4a43b62b-6419-4bf2-986e-4f61306b9511","WINT_ADDDATE":"Wed, 16 Oct 2019 03:00:00 GMT","WINT_MODDATE":"Mon, 27 Jan 2020 04:00:00 GMT"}},{"type":"Feature","id":36,"geometry":{"type":"Point","coordinates":[-63.5940809911409,44.6462248507397]},"properties":{"OBJECTID":36,"ACCPRKID":"AP389","STREET_NAME":"QUINPOOL RD","FROM_STR":"QUINGATE PL","TO_STR":"MONASTERY LANE","NUMSPOTS":1,"DURATION":"HR3","QUALIFIER":null,"STATUS":"PND","COMMENTS":null,"DIRECTION":"E","ADJSURFMAT":null,"OBSTRUCT":null,"LOC_HILL":null,"ADDDATE":"Tue, 27 May 2025 19:52:40 GMT","MODDATE":"Tue, 27 May 2025 20:17:40 GMT","SDATE":null,"SOURCE":"Parking Enforcement","SACC":null,"WINT_PLOW":null,"WINT_MAINT":null,"WINT_ROUTE":null,"WINT_LOS":null,"WINT_MAT":null,"WINT_COMM":null,"GLOBALID":"812900ee-c7be-46e2-9f85-cd2faccaea0c","WINT_ADDDATE":null,"WINT_MODDATE":null}},{"type":"Feature","id":37,"geometry":{"type":"Point","coordinates":[-63.5791427364997,44.6408572345764]},"properties":{"OBJECTID":37,"ACCPRKID":"AP254","STREET_NAME":"SOUTH PARK ST","FROM_STR":"BRENTON PL","TO_STR":"MORRIS ST","NUMSPOTS":1,"DURATION":"HR3","QUALIFIER":null,"STATUS":"INS","COMMENTS":null,"DIRECTION":"S","ADJSURFMAT":"CONCRETE","OBSTRUCT":"N","LOC_HILL":"N","ADDDATE":"Thu, 11 Feb 2021 00:18:57 GMT","MODDATE":"Tue, 27 May 2025 17:56:19 GMT","SDATE":null,"SOURCE":"Traffic Services","SACC":"IN","WINT_PLOW":"Y","WINT_MAINT":"HRM1","WINT_ROUTE":"R4","WINT_LOS":"PRI2","WINT_MAT":null,"WINT_COMM":null,"GLOBALID":"55a9d344-6fff-4fe3-b807-e5f7c224ab85","WINT_ADDDATE":"Wed, 01 Sep 2021 03:00:00 GMT","WINT_MODDATE":null}},{"type":"Feature","id":38,"geometry":{"type":"Point","coordinates":[-63.574556001541,44.6406838551929]},"properties":{"OBJECTID":38,"ACCPRKID":"AP248","STREET_NAME":"QUEEN ST","FROM_STR":"SOUTH ST","TO_STR":"MORRIS ST","NUMSPOTS":1,"DURATION":"HR3","QUALIFIER":null,"STATUS":"INS","COMMENTS":null,"DIRECTION":"N","ADJSURFMAT":"CONCRETE","OBSTRUCT":"N","LOC_HILL":"N","ADDDATE":"Fri, 18 Dec 2020 23:03:15 GMT","MODDATE":"Tue, 27 May 2025 17:38:17 GMT","SDATE":"Fri, 18 Dec 2020 04:00:00 GMT","SOURCE":"Traffic Services","SACC":"IN","WINT_PLOW":"Y","WINT_MAINT":"HRM1","WINT_ROUTE":"R4","WINT_LOS":"PRI2","WINT_MAT":null,"WINT_COMM":"ACCESSIBLE PARKING - HR1 - SPOT(S) = 1","GLOBALID":"a2b4b109-5348-4bec-a75b-0d90f8b98514","WINT_ADDDATE":null,"WINT_MODDATE":null}},{"type":"Feature","id":39,"geometry":{"type":"Point","coordinates":[-63.5924687442763,44.6536923445824]},"properties":{"OBJECTID":39,"ACCPRKID":"AP352","STREET_NAME":"JOHN ST","FROM_STR":"WEST ST","TO_STR":"CHARLES ST","NUMSPOTS":1,"DURATION":null,"QUALIFIER":null,"STATUS":"PND","COMMENTS":null,"DIRECTION":null,"ADJSURFMAT":null,"OBSTRUCT":null,"LOC_HILL":null,"ADDDATE":"Tue, 27 May 2025 19:52:40 GMT","MODDATE":"Tue, 27 May 2025 19:52:40 GMT","SDATE":"Mon, 16 Oct 2023 16:03:29 GMT","SOURCE":"WEB","SACC":"DG","WINT_PLOW":null,"WINT_MAINT":null,"WINT_ROUTE":null,"WINT_LOS":null,"WINT_MAT":null,"WINT_COMM":null,"GLOBALID":"a570fcb4-8861-47be-aa00-ac35928a0cf2","WINT_ADDDATE":null,"WINT_MODDATE":null}},{"type":"Feature","id":40,"geometry":{"type":"Point","coordinates":[-63.6003340470526,44.6422351525681]},"properties":{"OBJECTID":40,"ACCPRKID":"AP274","STREET_NAME":"CAMBRIDGE ST","FROM_STR":"NORWOOD ST","TO_STR":"JUBILEE RD","NUMSPOTS":1,"DURATION":"NTR","QUALIFIER":null,"STATUS":"INS","COMMENTS":null,"DIRECTION":"S","ADJSURFMAT":"CONGRAS","OBSTRUCT":"N","LOC_HILL":"N","ADDDATE":"Tue, 22 Jun 2021 16:21:45 GMT","MODDATE":"Tue, 27 May 2025 18:03:18 GMT","SDATE":null,"SOURCE":"Traffic Services","SACC":"IN","WINT_PLOW":"Y","WINT_MAINT":"SWZ5","WINT_ROUTE":null,"WINT_LOS":"PRI2","WINT_MAT":null,"WINT_COMM":null,"GLOBALID":"254dd4da-109a-43ed-a87c-5535efc1291a","WINT_ADDDATE":"Wed, 01 Sep 2021 03:00:00 GMT","WINT_MODDATE":null}},{"type":"Feature","id":41,"geometry":{"type":"Point","coordinates":[-63.5801581965884,44.6271367419609]},"properties":{"OBJECTID":41,"ACCPRKID":"AP106","STREET_NAME":"FRANCKLYN ST","FROM_STR":"PINE HILL DR","TO_STR":"MCCULLOCH CRT","NUMSPOTS":2,"DURATION":"NTR","QUALIFIER":null,"STATUS":"INS","COMMENTS":null,"DIRECTION":"E","ADJSURFMAT":"GRASS","OBSTRUCT":"N","LOC_HILL":"N","ADDDATE":"Fri, 18 Oct 2019 15:59:46 GMT","MODDATE":"Tue, 27 May 2025 17:39:21 GMT","SDATE":"Mon, 30 Sep 2019 03:00:00 GMT","SOURCE":"Traffic Services","SACC":"IN","WINT_PLOW":"Y","WINT_MAINT":"SWZ5","WINT_ROUTE":null,"WINT_LOS":"PRI2","WINT_MAT":null,"WINT_COMM":"ACCESSIBLE PARKING - NTR - SPOT(S) = 2","GLOBALID":"2e9a7501-e3ad-4892-9e8f-541d354ef9a3","WINT_ADDDATE":"Fri, 18 Oct 2019 03:00:00 GMT","WINT_MODDATE":"Mon, 27 Jan 2020 04:00:00 GMT"}},{"type":"Feature","id":42,"geometry":{"type":"Point","coordinates":[-63.6106803475234,44.6643180106947]},"properties":{"OBJECTID":42,"ACCPRKID":"AP113","STREET_NAME":"WELLS ST","FROM_STR":"ROBIE ST","TO_STR":"PRESCOTT ST","NUMSPOTS":1,"DURATION":"NTR","QUALIFIER":null,"STATUS":"INS","COMMENTS":null,"DIRECTION":"SW","ADJSURFMAT":"CONCRETE","OBSTRUCT":"N","LOC_HILL":"Y","ADDDATE":"Fri, 18 Oct 2019 20:08:07 GMT","MODDATE":"Tue, 27 May 2025 18:05:22 GMT","SDATE":"Mon, 30 Sep 2019 03:00:00 GMT","SOURCE":"Traffic Services","SACC":"IN","WINT_PLOW":"Y","WINT_MAINT":"SWZ6","WINT_ROUTE":"RB","WINT_LOS":"PRI2","WINT_MAT":null,"WINT_COMM":"ACCESSIBLE PARKING - NTR - SPOT(S) = 1","GLOBALID":"58b395cf-40e9-4fd8-9807-754bd2231380","WINT_ADDDATE":"Fri, 18 Oct 2019 03:00:00 GMT","WINT_MODDATE":"Mon, 27 Jan 2020 04:00:00 GMT"}},{"type":"Feature","id":43,"geometry":{"type":"Point","coordinates":[-63.5905095006753,44.6548457222574]},"properties":{"OBJECTID":43,"ACCPRKID":"AP159","STREET_NAME":"MAYNARD ST ","FROM_STR":"ROBERTS ST","TO_STR":"CHARLES ST","NUMSPOTS":2,"DURATION":"NTR","QUALIFIER":null,"STATUS":"INS","COMMENTS":null,"DIRECTION":"N","ADJSURFMAT":"CONCRETE","OBSTRUCT":"N","LOC_HILL":"N","ADDDATE":"Fri, 18 Oct 2019 16:58:21 GMT","MODDATE":"Tue, 27 May 2025 17:32:25 GMT","SDATE":"Mon, 30 Sep 2019 03:00:00 GMT","SOURCE":"Traffic Services","SACC":"IN","WINT_PLOW":"Y","WINT_MAINT":"SWZ6","WINT_ROUTE":"RB","WINT_LOS":"PRI2","WINT_MAT":null,"WINT_COMM":"ACCESSIBLE PARKING - NTR - SPOT(S) = 2","GLOBALID":"1e6430a9-c9ae-4c5a-a826-22fcc7a25300","WINT_ADDDATE":"Fri, 18 Oct 2019 03:00:00 GMT","WINT_MODDATE":"Mon, 27 Jan 2020 04:00:00 GMT"}},{"type":"Feature","id":44,"geometry":{"type":"Point","coordinates":[-63.5724570519471,44.6455910115711]},"properties":{"OBJECTID":44,"ACCPRKID":"AP412","STREET_NAME":"GRANVILLE ST","FROM_STR":"BLOWERS ST","TO_STR":"SACKVILLE ST","NUMSPOTS":1,"DURATION":"HR3","QUALIFIER":null,"STATUS":"PND","COMMENTS":null,"DIRECTION":"N","ADJSURFMAT":null,"OBSTRUCT":null,"LOC_HILL":null,"ADDDATE":"Tue, 27 May 2025 19:52:40 GMT","MODDATE":"Tue, 27 May 2025 20:18:23 GMT","SDATE":"Mon, 09 Dec 2024 17:58:14 GMT","SOURCE":"Parking Enforcement","SACC":null,"WINT_PLOW":null,"WINT_MAINT":null,"WINT_ROUTE":null,"WINT_LOS":null,"WINT_MAT":null,"WINT_COMM":null,"GLOBALID":"9caeea26-4a49-4321-80de-90ab35a0c46e","WINT_ADDDATE":null,"WINT_MODDATE":null}},{"type":"Feature","id":45,"geometry":{"type":"Point","coordinates":[-63.5851094023123,44.6384128055633]},"properties":{"OBJECTID":45,"ACCPRKID":"AP136","STREET_NAME":"UNIVERSITY AVE","FROM_STR":"SUMMER ST","TO_STR":"ROBIE ST","NUMSPOTS":3,"DURATION":"HR3","QUALIFIER":null,"STATUS":"INS","COMMENTS":null,"DIRECTION":"W","ADJSURFMAT":"GRASS","OBSTRUCT":"N","LOC_HILL":"N","ADDDATE":"Fri, 18 Oct 2019 16:58:21 GMT","MODDATE":"Tue, 27 May 2025 17:34:57 GMT","SDATE":"Mon, 30 Sep 2019 03:00:00 GMT","SOURCE":"Traffic Services","SACC":"IN","WINT_PLOW":"Y","WINT_MAINT":"HRM1","WINT_ROUTE":"R4","WINT_LOS":"PRI2","WINT_MAT":null,"WINT_COMM":"ACCESSIBLE PARKING - HR3 - SPOT(S) = 3","GLOBALID":"d39ff78a-99ea-4eb4-a869-9ea79a34c459","WINT_ADDDATE":"Fri, 18 Oct 2019 03:00:00 GMT","WINT_MODDATE":"Mon, 27 Jan 2020 04:00:00 GMT"}},{"type":"Feature","id":46,"geometry":{"type":"Point","coordinates":[-63.572689463179,44.6474503135695]},"properties":{"OBJECTID":46,"ACCPRKID":"AP237","STREET_NAME":"HOLLIS ST","FROM_STR":"PRINCE ST","TO_STR":"SACKVILLE ST","NUMSPOTS":1,"DURATION":"HR3","QUALIFIER":null,"STATUS":"INS","COMMENTS":null,"DIRECTION":"S","ADJSURFMAT":"CONCRETE","OBSTRUCT":"N","LOC_HILL":"N","ADDDATE":"Mon, 05 Oct 2020 16:42:51 GMT","MODDATE":"Tue, 27 May 2025 17:06:33 GMT","SDATE":"Mon, 05 Oct 2020 03:00:00 GMT","SOURCE":"Traffic Services","SACC":"IN","WINT_PLOW":"Y","WINT_MAINT":"HRM1","WINT_ROUTE":"R1","WINT_LOS":"PRI2","WINT_MAT":null,"WINT_COMM":null,"GLOBALID":"e5ec9db6-c55e-4025-a225-c1ae0319e62e","WINT_ADDDATE":null,"WINT_MODDATE":null}},{"type":"Feature","id":47,"geometry":{"type":"Point","coordinates":[-63.5946155435322,44.6575542549913]},"properties":{"OBJECTID":47,"ACCPRKID":"AP348","STREET_NAME":"FULLER TERR","FROM_STR":"BLACK ST","TO_STR":"ONTARIO ST","NUMSPOTS":1,"DURATION":"HR2","QUALIFIER":null,"STATUS":"PND","COMMENTS":null,"DIRECTION":null,"ADJSURFMAT":null,"OBSTRUCT":null,"LOC_HILL":null,"ADDDATE":"Tue, 27 May 2025 19:52:40 GMT","MODDATE":"Tue, 27 May 2025 20:06:25 GMT","SDATE":"Mon, 16 Oct 2023 16:03:29 GMT","SOURCE":"WEB","SACC":"DG","WINT_PLOW":null,"WINT_MAINT":null,"WINT_ROUTE":null,"WINT_LOS":null,"WINT_MAT":null,"WINT_COMM":null,"GLOBALID":"5e8e8488-76eb-4a80-9ccb-e50de5884d10","WINT_ADDDATE":null,"WINT_MODDATE":null}},{"type":"Feature","id":49,"geometry":{"type":"Point","coordinates":[-63.596568022819,44.6371997750214]},"properties":{"OBJECTID":49,"ACCPRKID":"AP47","STREET_NAME":"OXFORD ST","FROM_STR":"COBURG RD","TO_STR":"SOUTH ST","NUMSPOTS":3,"DURATION":"NTR","QUALIFIER":null,"STATUS":"INS","COMMENTS":null,"DIRECTION":"S","ADJSURFMAT":"GRASS","OBSTRUCT":"N","LOC_HILL":"N","ADDDATE":"Thu, 10 Oct 2019 21:23:18 GMT","MODDATE":"Tue, 27 May 2025 17:41:51 GMT","SDATE":"Mon, 30 Sep 2019 03:00:00 GMT","SOURCE":"Traffic Services","SACC":"IN","WINT_PLOW":"Y","WINT_MAINT":"SWZ5","WINT_ROUTE":null,"WINT_LOS":"PRI2","WINT_MAT":null,"WINT_COMM":"ACCESSIBLE PARKING - NTR - SPOT(S) = 3","GLOBALID":"139f5a5d-9fab-4af1-b91c-eedf51ce8cf8","WINT_ADDDATE":"Thu, 10 Oct 2019 03:00:00 GMT","WINT_MODDATE":"Mon, 27 Jan 2020 04:00:00 GMT"}},{"type":"Feature","id":51,"geometry":{"type":"Point","coordinates":[-63.583605905496,44.6526532236737]},"properties":{"OBJECTID":51,"ACCPRKID":"AP97","STREET_NAME":"CORNWALLIS ST","FROM_STR":"MAITLAND ST","TO_STR":"GOTTINGEN ST","NUMSPOTS":3,"DURATION":"NTR","QUALIFIER":1,"STATUS":"INS","COMMENTS":null,"DIRECTION":"SW","ADJSURFMAT":"CONCRETE","OBSTRUCT":"N","LOC_HILL":"Y","ADDDATE":"Thu, 17 Oct 2019 20:24:43 GMT","MODDATE":"Tue, 27 May 2025 17:32:25 GMT","SDATE":"Mon, 30 Sep 2019 03:00:00 GMT","SOURCE":"Traffic Services","SACC":"IN","WINT_PLOW":"Y","WINT_MAINT":"SWZ6","WINT_ROUTE":"RB","WINT_LOS":"PRI2","WINT_MAT":null,"WINT_COMM":"ACCESSIBLE PARKING - HR3 - SPOT(S) = 3","GLOBALID":"d51c73f2-c4d7-4e55-b337-be2d80c8a3eb","WINT_ADDDATE":"Thu, 17 Oct 2019 03:00:00 GMT","WINT_MODDATE":"Mon, 27 Jan 2020 04:00:00 GMT"}},{"type":"Feature","id":52,"geometry":{"type":"Point","coordinates":[-63.578227908384,44.643895042631]},"properties":{"OBJECTID":52,"ACCPRKID":"AP253","STREET_NAME":"ARTILLERY PL","FROM_STR":"BIRMINGHAM ST","TO_STR":"DRESDEN ROW","NUMSPOTS":2,"DURATION":"HR3","QUALIFIER":null,"STATUS":"INS","COMMENTS":null,"DIRECTION":"E","ADJSURFMAT":"CONCRETE","OBSTRUCT":"N","LOC_HILL":"N","ADDDATE":"Wed, 10 Feb 2021 19:46:17 GMT","MODDATE":"Tue, 27 May 2025 16:28:48 GMT","SDATE":null,"SOURCE":"Traffic Services","SACC":"IN","WINT_PLOW":"Y","WINT_MAINT":"HRM1","WINT_ROUTE":"R4","WINT_LOS":"PRI2","WINT_MAT":null,"WINT_COMM":null,"GLOBALID":"81a5b853-1c85-4872-aaba-d3e6c0e5e9df","WINT_ADDDATE":"Wed, 01 Sep 2021 03:00:00 GMT","WINT_MODDATE":null}},{"type":"Feature","id":53,"geometry":{"type":"Point","coordinates":[-63.5957085641625,44.6496432644756]},"properties":{"OBJECTID":53,"ACCPRKID":"AP363","STREET_NAME":"DUNCAN ST","FROM_STR":"WINDSOR ST","TO_STR":"CHEBUCTO LANE","NUMSPOTS":1,"DURATION":"NTR","QUALIFIER":null,"STATUS":"PND","COMMENTS":null,"DIRECTION":null,"ADJSURFMAT":null,"OBSTRUCT":null,"LOC_HILL":null,"ADDDATE":"Tue, 27 May 2025 19:52:40 GMT","MODDATE":"Tue, 27 May 2025 19:59:44 GMT","SDATE":"Mon, 16 Oct 2023 16:03:29 GMT","SOURCE":"WEB","SACC":"DG","WINT_PLOW":null,"WINT_MAINT":null,"WINT_ROUTE":null,"WINT_LOS":null,"WINT_MAT":null,"WINT_COMM":null,"GLOBALID":"4ad67732-fbc5-4097-a7ee-909189b03157","WINT_ADDDATE":null,"WINT_MODDATE":null}},{"type":"Feature","id":54,"geometry":{"type":"Point","coordinates":[-63.5655433471276,44.6754183420515]},"properties":{"OBJECTID":54,"ACCPRKID":"AP286","STREET_NAME":"ROSE ST","FROM_STR":"MAYFLOWER ST","TO_STR":"END","NUMSPOTS":2,"DURATION":"NTR","QUALIFIER":null,"STATUS":"INS","COMMENTS":null,"DIRECTION":"NE","ADJSURFMAT":"CONGRAS","OBSTRUCT":"N","LOC_HILL":"N","ADDDATE":"Fri, 11 Feb 2022 22:13:10 GMT","MODDATE":"Tue, 27 May 2025 16:57:08 GMT","SDATE":null,"SOURCE":null,"SACC":null,"WINT_PLOW":null,"WINT_MAINT":null,"WINT_ROUTE":null,"WINT_LOS":null,"WINT_MAT":null,"WINT_COMM":null,"GLOBALID":"180347d2-06f3-424d-8e90-8b8ad8b8ff4e","WINT_ADDDATE":null,"WINT_MODDATE":null}},{"type":"Feature","id":55,"geometry":{"type":"Point","coordinates":[-63.5877369610436,44.6488707416186]},"properties":{"OBJECTID":55,"ACCPRKID":"AP419","STREET_NAME":"COGSWELL ST","FROM_STR":"NORTH PARK ST","TO_STR":"ROBIE ST","NUMSPOTS":1,"DURATION":"HR3","QUALIFIER":null,"STATUS":"PND","COMMENTS":null,"DIRECTION":null,"ADJSURFMAT":null,"OBSTRUCT":null,"LOC_HILL":null,"ADDDATE":"Tue, 27 May 2025 19:52:40 GMT","MODDATE":"Tue, 27 May 2025 20:02:58 GMT","SDATE":null,"SOURCE":"Parking Enforcement","SACC":null,"WINT_PLOW":null,"WINT_MAINT":null,"WINT_ROUTE":null,"WINT_LOS":null,"WINT_MAT":null,"WINT_COMM":null,"GLOBALID":"4d87f3ef-31d0-4abc-abeb-b692c0067980","WINT_ADDDATE":null,"WINT_MODDATE":null}},{"type":"Feature","id":57,"geometry":{"type":"Point","coordinates":[-63.5709092825603,44.6408885508946]},"properties":{"OBJECTID":57,"ACCPRKID":"AP78","STREET_NAME":"BARRINGTON ST","FROM_STR":"MORRIS ST","TO_STR":"HARVEY ST","NUMSPOTS":1,"DURATION":"HR2","QUALIFIER":null,"STATUS":"INS","COMMENTS":null,"DIRECTION":"S","ADJSURFMAT":"CONCRETE","OBSTRUCT":"N","LOC_HILL":"N","ADDDATE":"Wed, 16 Oct 2019 21:04:30 GMT","MODDATE":"Tue, 27 May 2025 17:38:17 GMT","SDATE":"Mon, 30 Sep 2019 03:00:00 GMT","SOURCE":"Traffic Services","SACC":"IN","WINT_PLOW":"Y","WINT_MAINT":"SWZ5","WINT_ROUTE":null,"WINT_LOS":"PRI2","WINT_MAT":null,"WINT_COMM":"ACCESSIBLE PARKING - HR2 - SPOT(S) = 1","GLOBALID":"fabfbc27-83f5-4068-b3cc-b9103d284165","WINT_ADDDATE":"Wed, 16 Oct 2019 03:00:00 GMT","WINT_MODDATE":"Mon, 27 Jan 2020 04:00:00 GMT"}},{"type":"Feature","id":58,"geometry":{"type":"Point","coordinates":[-63.5779108731573,44.6429975258893]},"properties":{"OBJECTID":58,"ACCPRKID":"AP99","STREET_NAME":"DRESDEN ROW","FROM_STR":"SPRING GARDEN RD","TO_STR":"ARTILLERY PL","NUMSPOTS":1,"DURATION":"HR1","QUALIFIER":null,"STATUS":"INS","COMMENTS":null,"DIRECTION":"N","ADJSURFMAT":"CONCRETE","OBSTRUCT":"Y","LOC_HILL":"Y","ADDDATE":"Fri, 18 Oct 2019 15:21:50 GMT","MODDATE":"Tue, 27 May 2025 17:34:57 GMT","SDATE":"Mon, 30 Sep 2019 03:00:00 GMT","SOURCE":"Traffic Services","SACC":"IN","WINT_PLOW":"Y","WINT_MAINT":"HRM1","WINT_ROUTE":"R4","WINT_LOS":"PRI2","WINT_MAT":null,"WINT_COMM":"ACCESSIBLE PARKING - HR1 - SPOT(S) = 1","GLOBALID":"605f09b3-87ef-44a8-90de-53404a787aa2","WINT_ADDDATE":"Fri, 18 Oct 2019 03:00:00 GMT","WINT_MODDATE":"Mon, 27 Jan 2020 04:00:00 GMT"}},{"type":"Feature","id":59,"geometry":{"type":"Point","coordinates":[-63.6028021943469,44.6603551550873]},"properties":{"OBJECTID":59,"ACCPRKID":"AP34","STREET_NAME":"KAYE ST","FROM_STR":"ROBIE ST","TO_STR":"HILFORD ST","NUMSPOTS":1,"DURATION":"NTR","QUALIFIER":null,"STATUS":"INS","COMMENTS":null,"DIRECTION":"NE","ADJSURFMAT":"GRASS","OBSTRUCT":"Y","LOC_HILL":"N","ADDDATE":"Wed, 09 Oct 2019 19:38:06 GMT","MODDATE":"Tue, 27 May 2025 18:05:22 GMT","SDATE":"Mon, 30 Sep 2019 03:00:00 GMT","SOURCE":"Traffic Services","SACC":"IN","WINT_PLOW":"Y","WINT_MAINT":"SWZ6","WINT_ROUTE":"RB","WINT_LOS":"PRI2","WINT_MAT":null,"WINT_COMM":"ACCESSIBLE PARKING - NTR - SPOT(S) = 3","GLOBALID":"eaf7c07a-04dc-470a-86bd-1dec6a86e349","WINT_ADDDATE":"Wed, 09 Oct 2019 03:00:00 GMT","WINT_MODDATE":"Mon, 27 Jan 2020 04:00:00 GMT"}},{"type":"Feature","id":60,"geometry":{"type":"Point","coordinates":[-63.6371241812045,44.6524122575877]},"properties":{"OBJECTID":60,"ACCPRKID":"AP426","STREET_NAME":"CENTRAL AVE","FROM_STR":"ALEX ST","TO_STR":"HILLCREST ST","NUMSPOTS":1,"DURATION":null,"QUALIFIER":null,"STATUS":"PND","COMMENTS":null,"DIRECTION":null,"ADJSURFMAT":null,"OBSTRUCT":null,"LOC_HILL":null,"ADDDATE":"Tue, 27 May 2025 19:52:40 GMT","MODDATE":"Tue, 27 May 2025 19:52:40 GMT","SDATE":"Tue, 18 Feb 2025 20:49:38 GMT","SOURCE":"Parking Enforcement","SACC":null,"WINT_PLOW":null,"WINT_MAINT":null,"WINT_ROUTE":null,"WINT_LOS":null,"WINT_MAT":null,"WINT_COMM":null,"GLOBALID":"14be9eaa-ca19-4c82-acb0-0c700ae55d2d","WINT_ADDDATE":null,"WINT_MODDATE":null}},{"type":"Feature","id":61,"geometry":{"type":"Point","coordinates":[-63.563163755754,44.6666836157576]},"properties":{"OBJECTID":61,"ACCPRKID":"AP369","STREET_NAME":"CANAL ST","FROM_STR":null,"TO_STR":"END","NUMSPOTS":1,"DURATION":"HR2","QUALIFIER":null,"STATUS":"PND","COMMENTS":null,"DIRECTION":null,"ADJSURFMAT":null,"OBSTRUCT":null,"LOC_HILL":null,"ADDDATE":"Tue, 27 May 2025 19:52:40 GMT","MODDATE":"Tue, 27 May 2025 20:06:25 GMT","SDATE":"Mon, 16 Oct 2023 16:03:29 GMT","SOURCE":null,"SACC":null,"WINT_PLOW":null,"WINT_MAINT":null,"WINT_ROUTE":null,"WINT_LOS":null,"WINT_MAT":null,"WINT_COMM":null,"GLOBALID":"b587082b-a341-4347-a459-2db5560fda86","WINT_ADDDATE":null,"WINT_MODDATE":null}},{"type":"Feature","id":62,"geometry":{"type":"Point","coordinates":[-63.5774132792534,44.6477366276853]},"properties":{"OBJECTID":62,"ACCPRKID":"AP349","STREET_NAME":"BRUNSWICK ST","FROM_STR":"CARMICHAEL ST","TO_STR":"RAINNIE DR","NUMSPOTS":1,"DURATION":"HR3","QUALIFIER":null,"STATUS":"PND","COMMENTS":null,"DIRECTION":null,"ADJSURFMAT":null,"OBSTRUCT":null,"LOC_HILL":null,"ADDDATE":"Tue, 27 May 2025 19:52:40 GMT","MODDATE":"Tue, 27 May 2025 20:02:58 GMT","SDATE":"Mon, 16 Oct 2023 16:03:29 GMT","SOURCE":"WEB","SACC":"DG","WINT_PLOW":null,"WINT_MAINT":null,"WINT_ROUTE":null,"WINT_LOS":null,"WINT_MAT":null,"WINT_COMM":null,"GLOBALID":"3f91ac35-f88d-4f12-a48d-bbc8a3c89d66","WINT_ADDDATE":null,"WINT_MODDATE":null}},{"type":"Feature","id":63,"geometry":{"type":"Point","coordinates":[-63.5821501945613,44.6514690426701]},"properties":{"OBJECTID":63,"ACCPRKID":"AP356","STREET_NAME":"PORTLAND PL","FROM_STR":"PICKARD LANE","TO_STR":"GOTTINGEN ST","NUMSPOTS":1,"DURATION":"HR2","QUALIFIER":null,"STATUS":"PND","COMMENTS":null,"DIRECTION":"W","ADJSURFMAT":null,"OBSTRUCT":null,"LOC_HILL":null,"ADDDATE":"Tue, 27 May 2025 19:52:40 GMT","MODDATE":"Tue, 27 May 2025 20:21:09 GMT","SDATE":"Mon, 16 Oct 2023 16:03:29 GMT","SOURCE":"WEB","SACC":"DG","WINT_PLOW":null,"WINT_MAINT":null,"WINT_ROUTE":null,"WINT_LOS":null,"WINT_MAT":null,"WINT_COMM":null,"GLOBALID":"f7e9d9e8-8f5e-4c8c-9e98-9e55db13389a","WINT_ADDDATE":null,"WINT_MODDATE":null}},{"type":"Feature","id":64,"geometry":{"type":"Point","coordinates":[-63.5733202862227,44.638698272604]},"properties":{"OBJECTID":64,"ACCPRKID":"AP435","STREET_NAME":"TOBIN ST","FROM_STR":"BARRINGTON ST","TO_STR":"QUEEN ST","NUMSPOTS":1,"DURATION":null,"QUALIFIER":1,"STATUS":"PND","COMMENTS":null,"DIRECTION":null,"ADJSURFMAT":null,"OBSTRUCT":null,"LOC_HILL":null,"ADDDATE":"Tue, 27 May 2025 19:52:40 GMT","MODDATE":"Tue, 27 May 2025 20:31:16 GMT","SDATE":null,"SOURCE":null,"SACC":null,"WINT_PLOW":null,"WINT_MAINT":null,"WINT_ROUTE":null,"WINT_LOS":null,"WINT_MAT":null,"WINT_COMM":null,"GLOBALID":"bb909ccd-9f17-420b-b613-6cb28012f7f1","WINT_ADDDATE":null,"WINT_MODDATE":null}},{"type":"Feature","id":65,"geometry":{"type":"Point","coordinates":[-63.5836126060297,44.6332697848687]},"properties":{"OBJECTID":65,"ACCPRKID":"AP403","STREET_NAME":"ROBIE ST","FROM_STR":"BELMONT RD","TO_STR":"INGLIS ST","NUMSPOTS":1,"DURATION":"HR2","QUALIFIER":null,"STATUS":"PND","COMMENTS":null,"DIRECTION":"S","ADJSURFMAT":null,"OBSTRUCT":null,"LOC_HILL":null,"ADDDATE":"Tue, 27 May 2025 19:52:40 GMT","MODDATE":"Tue, 27 May 2025 20:19:33 GMT","SDATE":null,"SOURCE":"Parking Enforcement","SACC":null,"WINT_PLOW":null,"WINT_MAINT":null,"WINT_ROUTE":null,"WINT_LOS":null,"WINT_MAT":null,"WINT_COMM":null,"GLOBALID":"e7620d82-80e8-4d28-a5ef-c47ee09663b3","WINT_ADDDATE":null,"WINT_MODDATE":null}},{"type":"Feature","id":66,"geometry":{"type":"Point","coordinates":[-63.5904122526559,44.6464144086823]},"properties":{"OBJECTID":66,"ACCPRKID":"AP285","STREET_NAME":"PEPPERELL ST","FROM_STR":"VERNON ST","TO_STR":"ROBIE ST","NUMSPOTS":1,"DURATION":"HR3","QUALIFIER":null,"STATUS":"INS","COMMENTS":null,"DIRECTION":"E","ADJSURFMAT":"CONGRAS","OBSTRUCT":"N","LOC_HILL":"N","ADDDATE":"Fri, 04 Feb 2022 17:11:03 GMT","MODDATE":"Tue, 27 May 2025 16:42:34 GMT","SDATE":"Mon, 31 Jan 2022 04:00:00 GMT","SOURCE":"Traffic Services","SACC":"IN","WINT_PLOW":"Y","WINT_MAINT":"SWZ5","WINT_ROUTE":null,"WINT_LOS":"PRI2","WINT_MAT":null,"WINT_COMM":null,"GLOBALID":"c81004de-7ad5-4dc8-b427-2c0d09613f06","WINT_ADDDATE":"Fri, 04 Feb 2022 04:00:00 GMT","WINT_MODDATE":null}},{"type":"Feature","id":67,"geometry":{"type":"Point","coordinates":[-63.5977009034952,44.6562570608366]},"properties":{"OBJECTID":67,"ACCPRKID":"AP231","STREET_NAME":"ST ALBANS ST","FROM_STR":"ROBIE ST","TO_STR":"KING ST","NUMSPOTS":1,"DURATION":"HR2","QUALIFIER":null,"STATUS":"INS","COMMENTS":null,"DIRECTION":"W","ADJSURFMAT":"CONGRAS","OBSTRUCT":"N","LOC_HILL":"N","ADDDATE":"Mon, 06 Apr 2020 19:28:54 GMT","MODDATE":"Tue, 27 May 2025 18:05:22 GMT","SDATE":"Mon, 06 Apr 2020 03:00:00 GMT","SOURCE":"Traffic Services","SACC":"IN","WINT_PLOW":"Y","WINT_MAINT":"SWZ6","WINT_ROUTE":"RB","WINT_LOS":"PRI2","WINT_MAT":null,"WINT_COMM":null,"GLOBALID":"e4f3fc16-870a-44e4-ab97-44dc610f4b38","WINT_ADDDATE":null,"WINT_MODDATE":null}},{"type":"Feature","id":68,"geometry":{"type":"Point","coordinates":[-63.5697441757216,44.6667626418433]},"properties":{"OBJECTID":68,"ACCPRKID":"AP62","STREET_NAME":"NORTH ST","FROM_STR":"KING ST","TO_STR":"EDWARD ST","NUMSPOTS":1,"DURATION":"NTR","QUALIFIER":null,"STATUS":"INS","COMMENTS":null,"DIRECTION":"NE","ADJSURFMAT":"GRASS","OBSTRUCT":"N","LOC_HILL":"N","ADDDATE":"Wed, 16 Oct 2019 19:20:24 GMT","MODDATE":"Tue, 27 May 2025 17:22:55 GMT","SDATE":"Mon, 30 Sep 2019 03:00:00 GMT","SOURCE":"Traffic Services","SACC":"IN","WINT_PLOW":"Y","WINT_MAINT":"HRM2","WINT_ROUTE":"R1","WINT_LOS":"PRI2","WINT_MAT":null,"WINT_COMM":"ACCESSIBLE PARKING - NTR - SPOT(S) = 1","GLOBALID":"c26923fd-06d7-4876-a21c-1697accf2017","WINT_ADDDATE":"Wed, 16 Oct 2019 03:00:00 GMT","WINT_MODDATE":"Mon, 27 Jan 2020 04:00:00 GMT"}},{"type":"Feature","id":69,"geometry":{"type":"Point","coordinates":[-63.5983993193741,44.6436910542022]},"properties":{"OBJECTID":69,"ACCPRKID":"AP202","STREET_NAME":"SELDON ST","FROM_STR":"NORWOOD ST","TO_STR":"PEPPERELL ST","NUMSPOTS":1,"DURATION":null,"QUALIFIER":1,"STATUS":"INS","COMMENTS":null,"DIRECTION":"N","ADJSURFMAT":"GRASS","OBSTRUCT":"Y","LOC_HILL":"N","ADDDATE":"Fri, 18 Oct 2019 16:58:21 GMT","MODDATE":"Tue, 27 May 2025 18:05:00 GMT","SDATE":"Mon, 30 Sep 2019 03:00:00 GMT","SOURCE":"Traffic Services","SACC":"IN","WINT_PLOW":"Y","WINT_MAINT":"SWZ5","WINT_ROUTE":null,"WINT_LOS":"PRI2","WINT_MAT":null,"WINT_COMM":"ACCESSIBLE PARKING - SPOT(S) = 1","GLOBALID":"1e265f58-d62a-4f7c-a083-3422a666f5c9","WINT_ADDDATE":"Fri, 18 Oct 2019 03:00:00 GMT","WINT_MODDATE":"Mon, 27 Jan 2020 04:00:00 GMT"}},{"type":"Feature","id":70,"geometry":{"type":"Point","coordinates":[-63.5791837832199,44.6412649756163]},"properties":{"OBJECTID":70,"ACCPRKID":"AP126","STREET_NAME":"SOUTH PARK ST","FROM_STR":"SPRING GARDEN RD","TO_STR":"SACKVILLE ST","NUMSPOTS":1,"DURATION":"HR2","QUALIFIER":null,"STATUS":"INS","COMMENTS":null,"DIRECTION":"N","ADJSURFMAT":"CONCRETE","OBSTRUCT":"Y","LOC_HILL":"N","ADDDATE":"Fri, 18 Oct 2019 16:58:21 GMT","MODDATE":"Tue, 27 May 2025 17:34:57 GMT","SDATE":"Mon, 30 Sep 2019 03:00:00 GMT","SOURCE":"Traffic Services","SACC":"IN","WINT_PLOW":"Y","WINT_MAINT":"HRM1","WINT_ROUTE":"R4","WINT_LOS":"PRI2","WINT_MAT":null,"WINT_COMM":"ACCESSIBLE PARKING - HR2 - SPOT(S) = 1","GLOBALID":"d91faa89-890b-4909-a61f-8b03f7ef95aa","WINT_ADDDATE":"Fri, 18 Oct 2019 03:00:00 GMT","WINT_MODDATE":"Mon, 27 Jan 2020 04:00:00 GMT"}},{"type":"Feature","id":71,"geometry":{"type":"Point","coordinates":[-63.5904925970766,44.6544952737917]},"properties":{"OBJECTID":71,"ACCPRKID":"AP377","STREET_NAME":"ROBERTS ST","FROM_STR":"MAYNARD ST","TO_STR":"JAMES ST","NUMSPOTS":1,"DURATION":"HR3","QUALIFIER":null,"STATUS":"PND","COMMENTS":null,"DIRECTION":"W","ADJSURFMAT":null,"OBSTRUCT":null,"LOC_HILL":null,"ADDDATE":"Tue, 27 May 2025 19:52:40 GMT","MODDATE":"Tue, 27 May 2025 20:21:09 GMT","SDATE":"Mon, 16 Oct 2023 16:03:29 GMT","SOURCE":"Parking Enforcement","SACC":null,"WINT_PLOW":null,"WINT_MAINT":null,"WINT_ROUTE":null,"WINT_LOS":null,"WINT_MAT":null,"WINT_COMM":null,"GLOBALID":"3665589d-36ed-4d09-ae27-894abb693799","WINT_ADDDATE":null,"WINT_MODDATE":null}},{"type":"Feature","id":72,"geometry":{"type":"Point","coordinates":[-63.5866387661172,44.6397201413212]},"properties":{"OBJECTID":72,"ACCPRKID":"AP147","STREET_NAME":"ROBIE ST","FROM_STR":"COBURD RD","TO_STR":"COLLEGE ST","NUMSPOTS":1,"DURATION":"NTR","QUALIFIER":null,"STATUS":"INS","COMMENTS":null,"DIRECTION":"S","ADJSURFMAT":"GRASS","OBSTRUCT":"Y","LOC_HILL":"N","ADDDATE":"Fri, 18 Oct 2019 16:58:21 GMT","MODDATE":"Tue, 27 May 2025 17:43:30 GMT","SDATE":"Mon, 30 Sep 2019 03:00:00 GMT","SOURCE":"Traffic Services","SACC":"IN","WINT_PLOW":"Y","WINT_MAINT":"SWZ5","WINT_ROUTE":null,"WINT_LOS":"PRI2","WINT_MAT":null,"WINT_COMM":"ACCESSIBLE PARKING - NTR - SPOT(S) = 1","GLOBALID":"50cde3cc-ee03-4dc4-8961-e1687a9de1f6","WINT_ADDDATE":"Fri, 18 Oct 2019 03:00:00 GMT","WINT_MODDATE":"Mon, 27 Jan 2020 04:00:00 GMT"}},{"type":"Feature","id":73,"geometry":{"type":"Point","coordinates":[-63.5745773086812,44.6492616792134]},"properties":{"OBJECTID":73,"ACCPRKID":"AP370","STREET_NAME":"DUKE ST","FROM_STR":"GRANVILLE ST","TO_STR":"BARRINGTON ST","NUMSPOTS":1,"DURATION":"HR3","QUALIFIER":null,"STATUS":"PND","COMMENTS":null,"DIRECTION":"E","ADJSURFMAT":null,"OBSTRUCT":null,"LOC_HILL":null,"ADDDATE":"Tue, 27 May 2025 19:52:40 GMT","MODDATE":"Tue, 27 May 2025 20:17:40 GMT","SDATE":"Mon, 16 Oct 2023 16:03:29 GMT","SOURCE":null,"SACC":null,"WINT_PLOW":null,"WINT_MAINT":null,"WINT_ROUTE":null,"WINT_LOS":null,"WINT_MAT":null,"WINT_COMM":null,"GLOBALID":"1bb00be7-ea2f-490b-8757-e85df549cac7","WINT_ADDDATE":null,"WINT_MODDATE":null}},{"type":"Feature","id":74,"geometry":{"type":"Point","coordinates":[-63.5665116977662,44.6653718556764]},"properties":{"OBJECTID":74,"ACCPRKID":"AP63","STREET_NAME":"KING ST","FROM_STR":"PORTLAND ST","TO_STR":"ALDERNEY DR","NUMSPOTS":1,"DURATION":"NTR","QUALIFIER":null,"STATUS":"INS","COMMENTS":null,"DIRECTION":"NW","ADJSURFMAT":"CONCRETE","OBSTRUCT":"Y","LOC_HILL":"N","ADDDATE":"Wed, 16 Oct 2019 19:20:24 GMT","MODDATE":"Tue, 27 May 2025 16:08:41 GMT","SDATE":"Mon, 30 Sep 2019 03:00:00 GMT","SOURCE":"Traffic Services","SACC":"IN","WINT_PLOW":"Y","WINT_MAINT":"HRM2","WINT_ROUTE":"R1","WINT_LOS":"PRI2","WINT_MAT":null,"WINT_COMM":"ACCESSIBLE PARKING - NTR - SPOT(S) = 1","GLOBALID":"d7887181-8e8e-4882-b950-07f16df14f34","WINT_ADDDATE":"Wed, 16 Oct 2019 03:00:00 GMT","WINT_MODDATE":"Mon, 27 Jan 2020 04:00:00 GMT"}},{"type":"Feature","id":75,"geometry":{"type":"Point","coordinates":[-63.5994155079965,44.6616414446984]},"properties":{"OBJECTID":75,"ACCPRKID":"AP27","STREET_NAME":"KAYE ST","FROM_STR":"ISLEVILLE ST","TO_STR":"GOTTINGEN ST","NUMSPOTS":1,"DURATION":"HR3","QUALIFIER":null,"STATUS":"INS","COMMENTS":null,"DIRECTION":"NE","ADJSURFMAT":"CONCRETE","OBSTRUCT":"Y","LOC_HILL":"N","ADDDATE":"Wed, 09 Oct 2019 17:58:37 GMT","MODDATE":"Tue, 27 May 2025 16:09:13 GMT","SDATE":"Mon, 30 Sep 2019 03:00:00 GMT","SOURCE":"Traffic Services","SACC":"IN","WINT_PLOW":"Y","WINT_MAINT":"SWZ6","WINT_ROUTE":"RB","WINT_LOS":"PRI2","WINT_MAT":null,"WINT_COMM":"ACCESSIBLE PARKING - HR3 - SPOT(S) = 1","GLOBALID":"51e50af8-bb7a-43de-8ced-b55427fc41fa","WINT_ADDDATE":"Wed, 09 Oct 2019 03:00:00 GMT","WINT_MODDATE":"Mon, 27 Jan 2020 04:00:00 GMT"}},{"type":"Feature","id":76,"geometry":{"type":"Point","coordinates":[-63.6252244483674,44.6513427188548]},"properties":{"OBJECTID":76,"ACCPRKID":"AP404","STREET_NAME":"RALSTON AVE","FROM_STR":"PEARSON DR","TO_STR":"ABBOTT DR","NUMSPOTS":1,"DURATION":"NTR","QUALIFIER":null,"STATUS":"PND","COMMENTS":null,"DIRECTION":"N","ADJSURFMAT":null,"OBSTRUCT":null,"LOC_HILL":null,"ADDDATE":"Tue, 27 May 2025 19:52:40 GMT","MODDATE":"Tue, 27 May 2025 20:18:23 GMT","SDATE":"Fri, 17 Jan 2025 20:53:35 GMT","SOURCE":"Parking Enforcement","SACC":null,"WINT_PLOW":null,"WINT_MAINT":null,"WINT_ROUTE":null,"WINT_LOS":null,"WINT_MAT":null,"WINT_COMM":null,"GLOBALID":"03b3bbbd-bcbf-4f41-bc8e-12c9da949c9a","WINT_ADDDATE":null,"WINT_MODDATE":null}},{"type":"Feature","id":77,"geometry":{"type":"Point","coordinates":[-63.5784239342537,44.6440039776291]},"properties":{"OBJECTID":77,"ACCPRKID":"AP247","STREET_NAME":"DRESDEN ROW","FROM_STR":"ARTILLERY PL","TO_STR":"ANNANDALE ST","NUMSPOTS":1,"DURATION":"HR3","QUALIFIER":null,"STATUS":"INS","COMMENTS":null,"DIRECTION":"N","ADJSURFMAT":"CONCRETE","OBSTRUCT":"N","LOC_HILL":"Y","ADDDATE":"Tue, 15 Dec 2020 17:26:37 GMT","MODDATE":"Tue, 27 May 2025 17:50:54 GMT","SDATE":"Tue, 15 Dec 2020 04:00:00 GMT","SOURCE":"Traffic Services","SACC":"IN","WINT_PLOW":"Y","WINT_MAINT":"HRM1","WINT_ROUTE":"R4","WINT_LOS":"PRI2","WINT_MAT":null,"WINT_COMM":null,"GLOBALID":"f0787044-5e0e-4dcb-acc9-1432e425e21b","WINT_ADDDATE":null,"WINT_MODDATE":null}},{"type":"Feature","id":78,"geometry":{"type":"Point","coordinates":[-63.5655323095277,44.6677278812056]},"properties":{"OBJECTID":78,"ACCPRKID":"AP57","STREET_NAME":"QUEEN ST","FROM_STR":"DUNDAS ST","TO_STR":"VICTORIA RD","NUMSPOTS":1,"DURATION":"NTR","QUALIFIER":null,"STATUS":"INS","COMMENTS":null,"DIRECTION":"NE","ADJSURFMAT":"CONCRETE","OBSTRUCT":"Y","LOC_HILL":"N","ADDDATE":"Wed, 16 Oct 2019 19:20:24 GMT","MODDATE":"Tue, 27 May 2025 17:21:31 GMT","SDATE":"Mon, 30 Sep 2019 03:00:00 GMT","SOURCE":"Traffic Services","SACC":"IN","WINT_PLOW":"Y","WINT_MAINT":"HRM2","WINT_ROUTE":"R1","WINT_LOS":"PRI2","WINT_MAT":null,"WINT_COMM":"ACCESSIBLE PARKING - NTR - SPOT(S) = 1","GLOBALID":"18b8577e-40a0-4bce-bb1e-39540ee72875","WINT_ADDDATE":"Wed, 16 Oct 2019 03:00:00 GMT","WINT_MODDATE":"Mon, 27 Jan 2020 04:00:00 GMT"}},{"type":"Feature","id":79,"geometry":{"type":"Point","coordinates":[-63.5766419902421,44.6423866023146]},"properties":{"OBJECTID":79,"ACCPRKID":"AP414","STREET_NAME":"BIRMINGHAM ST","FROM_STR":"SPRING GARDEN RD","TO_STR":"CLYDE ST","NUMSPOTS":1,"DURATION":null,"QUALIFIER":null,"STATUS":"PND","COMMENTS":null,"DIRECTION":null,"ADJSURFMAT":null,"OBSTRUCT":null,"LOC_HILL":null,"ADDDATE":"Tue, 27 May 2025 19:52:40 GMT","MODDATE":"Thu, 05 Jun 2025 14:48:46 GMT","SDATE":null,"SOURCE":"Parking Enforcement","SACC":null,"WINT_PLOW":null,"WINT_MAINT":null,"WINT_ROUTE":null,"WINT_LOS":null,"WINT_MAT":null,"WINT_COMM":null,"GLOBALID":"8b614d24-c550-480d-8975-4280f731676c","WINT_ADDDATE":null,"WINT_MODDATE":null}},{"type":"Feature","id":80,"geometry":{"type":"Point","coordinates":[-63.5720025232779,44.6448639114024]},"properties":{"OBJECTID":80,"ACCPRKID":"AP374","STREET_NAME":"SALTER ST","FROM_STR":"HOLLIS ST","TO_STR":"GRANVILLE ST","NUMSPOTS":1,"DURATION":null,"QUALIFIER":null,"STATUS":"PND","COMMENTS":null,"DIRECTION":null,"ADJSURFMAT":null,"OBSTRUCT":null,"LOC_HILL":null,"ADDDATE":"Tue, 27 May 2025 19:52:40 GMT","MODDATE":"Tue, 27 May 2025 19:52:40 GMT","SDATE":"Mon, 16 Oct 2023 16:03:29 GMT","SOURCE":null,"SACC":null,"WINT_PLOW":null,"WINT_MAINT":null,"WINT_ROUTE":null,"WINT_LOS":null,"WINT_MAT":null,"WINT_COMM":null,"GLOBALID":"3c5c5533-254e-4283-9bf9-379d325a7cbc","WINT_ADDDATE":null,"WINT_MODDATE":null}},{"type":"Feature","id":81,"geometry":{"type":"Point","coordinates":[-63.5962997759937,44.6448537147249]},"properties":{"OBJECTID":81,"ACCPRKID":"AP392","STREET_NAME":"PEPPERELL ST","FROM_STR":"VERNON ST","TO_STR":"PRESTON ST","NUMSPOTS":1,"DURATION":"HR3","QUALIFIER":null,"STATUS":"PND","COMMENTS":null,"DIRECTION":"E","ADJSURFMAT":null,"OBSTRUCT":null,"LOC_HILL":null,"ADDDATE":"Tue, 27 May 2025 19:52:40 GMT","MODDATE":"Tue, 27 May 2025 20:17:40 GMT","SDATE":null,"SOURCE":"Parking Enforcement","SACC":null,"WINT_PLOW":null,"WINT_MAINT":null,"WINT_ROUTE":null,"WINT_LOS":null,"WINT_MAT":null,"WINT_COMM":null,"GLOBALID":"64ed1c2e-575a-4bed-9465-812a308cf96c","WINT_ADDDATE":null,"WINT_MODDATE":null}},{"type":"Feature","id":82,"geometry":{"type":"Point","coordinates":[-63.5839892049496,44.63870347823]},"properties":{"OBJECTID":82,"ACCPRKID":"AP298","STREET_NAME":"UNIVERSITY AVE","FROM_STR":"SUMMER ST","TO_STR":"ROBIE ST","NUMSPOTS":1,"DURATION":null,"QUALIFIER":null,"STATUS":"INS","COMMENTS":null,"DIRECTION":"W","ADJSURFMAT":"CONCRETE","OBSTRUCT":null,"LOC_HILL":"N","ADDDATE":"Fri, 09 Jun 2023 17:17:37 GMT","MODDATE":"Tue, 27 May 2025 17:56:19 GMT","SDATE":"Fri, 09 Jun 2023 03:00:00 GMT","SOURCE":"Traffic Services","SACC":"IN","WINT_PLOW":"Y","WINT_MAINT":"HRM1","WINT_ROUTE":"R4","WINT_LOS":"PRI1","WINT_MAT":null,"WINT_COMM":null,"GLOBALID":"8058e514-31fc-4362-afeb-46a6eb060f51","WINT_ADDDATE":"Fri, 09 Jun 2023 03:00:00 GMT","WINT_MODDATE":null}},{"type":"Feature","id":83,"geometry":{"type":"Point","coordinates":[-63.6096277968949,44.6698206008531]},"properties":{"OBJECTID":83,"ACCPRKID":"AP323","STREET_NAME":"NOVALEA DR","FROM_STR":"GLEBE ST","TO_STR":"NORMANDY DR","NUMSPOTS":1,"DURATION":null,"QUALIFIER":null,"STATUS":"INS","COMMENTS":null,"DIRECTION":"SE","ADJSURFMAT":null,"OBSTRUCT":null,"LOC_HILL":null,"ADDDATE":"Mon, 20 Nov 2023 18:28:19 GMT","MODDATE":"Mon, 20 Nov 2023 18:30:18 GMT","SDATE":"Mon, 20 Nov 2023 04:00:00 GMT","SOURCE":"Traffic Services","SACC":"IN","WINT_PLOW":null,"WINT_MAINT":null,"WINT_ROUTE":null,"WINT_LOS":null,"WINT_MAT":null,"WINT_COMM":null,"GLOBALID":"4dd64157-ca2b-4940-b393-63b4c1685a37","WINT_ADDDATE":null,"WINT_MODDATE":null}},{"type":"Feature","id":84,"geometry":{"type":"Point","coordinates":[-63.5851787711169,44.6411715110724]},"properties":{"OBJECTID":84,"ACCPRKID":"AP88","STREET_NAME":"CARLTON ST","FROM_STR":"SPRING GARDEN RD","TO_STR":null,"NUMSPOTS":1,"DURATION":"HR3","QUALIFIER":null,"STATUS":"INS","COMMENTS":null,"DIRECTION":"N","ADJSURFMAT":"CONCRETE","OBSTRUCT":"N","LOC_HILL":"N","ADDDATE":"Thu, 17 Oct 2019 16:43:50 GMT","MODDATE":"Tue, 27 May 2025 16:34:17 GMT","SDATE":"Mon, 30 Sep 2019 03:00:00 GMT","SOURCE":"Traffic Services","SACC":"IN","WINT_PLOW":"Y","WINT_MAINT":"HRM1","WINT_ROUTE":"R4","WINT_LOS":"PRI2","WINT_MAT":null,"WINT_COMM":"ACCESSIBLE PARKING - HR3 - SPOT(S) = 1","GLOBALID":"242fdc01-82e0-4545-afa1-4e798e3fbaa2","WINT_ADDDATE":"Thu, 17 Oct 2019 03:00:00 GMT","WINT_MODDATE":"Mon, 27 Jan 2020 04:00:00 GMT"}},{"type":"Feature","id":85,"geometry":{"type":"Point","coordinates":[-63.6132147985705,44.6666121348571]},"properties":{"OBJECTID":85,"ACCPRKID":"AP31","STREET_NAME":"NORMANDY DR","FROM_STR":"HIGH ST","TO_STR":"ROBIE ST","NUMSPOTS":2,"DURATION":"NTR","QUALIFIER":null,"STATUS":"INS","COMMENTS":null,"DIRECTION":"NE","ADJSURFMAT":"CONCRETE","OBSTRUCT":"N","LOC_HILL":"N","ADDDATE":"Wed, 09 Oct 2019 19:11:06 GMT","MODDATE":"Tue, 27 May 2025 17:25:10 GMT","SDATE":"Mon, 30 Sep 2019 03:00:00 GMT","SOURCE":"Traffic Services","SACC":"IN","WINT_PLOW":"Y","WINT_MAINT":"SWZ6","WINT_ROUTE":"RB","WINT_LOS":"PRI2","WINT_MAT":null,"WINT_COMM":"ACCESSIBLE PARKING - NTR - SPOT(S) = 2","GLOBALID":"fbfb7d57-00f5-43ef-b900-944ebf2b2aec","WINT_ADDDATE":"Wed, 09 Oct 2019 03:00:00 GMT","WINT_MODDATE":"Mon, 27 Jan 2020 04:00:00 GMT"}},{"type":"Feature","id":86,"geometry":{"type":"Point","coordinates":[-63.5908936256807,44.63854156732]},"properties":{"OBJECTID":86,"ACCPRKID":"AP119","STREET_NAME":"LEMARCHANT ST","FROM_STR":"COBURG RD","TO_STR":"UNIVERSITY AVE","NUMSPOTS":2,"DURATION":"HR3","QUALIFIER":null,"STATUS":"INS","COMMENTS":null,"DIRECTION":"S","ADJSURFMAT":"GRASS","OBSTRUCT":"N","LOC_HILL":"Y","ADDDATE":"Fri, 18 Oct 2019 16:58:21 GMT","MODDATE":"Tue, 27 May 2025 17:43:30 GMT","SDATE":"Mon, 30 Sep 2019 03:00:00 GMT","SOURCE":"Traffic Services","SACC":"IN","WINT_PLOW":"Y","WINT_MAINT":"SWZ5","WINT_ROUTE":null,"WINT_LOS":"PRI2","WINT_MAT":null,"WINT_COMM":"ACCESSIBLE PARKING - HR3 - SPOT(S) = 2","GLOBALID":"b3aea0c6-967b-4932-a980-308a3e4a63ba","WINT_ADDDATE":"Fri, 18 Oct 2019 03:00:00 GMT","WINT_MODDATE":"Mon, 27 Jan 2020 04:00:00 GMT"}},{"type":"Feature","id":87,"geometry":{"type":"Point","coordinates":[-63.5911291217274,44.6535934459092]},"properties":{"OBJECTID":87,"ACCPRKID":"AP415","STREET_NAME":"AGRICOLA ST","FROM_STR":"WEST ST","TO_STR":"ROBERTS ST","NUMSPOTS":1,"DURATION":"HR3","QUALIFIER":null,"STATUS":"PND","COMMENTS":null,"DIRECTION":null,"ADJSURFMAT":null,"OBSTRUCT":null,"LOC_HILL":null,"ADDDATE":"Tue, 27 May 2025 19:52:40 GMT","MODDATE":"Tue, 27 May 2025 20:02:58 GMT","SDATE":null,"SOURCE":"Parking Enforcement","SACC":null,"WINT_PLOW":null,"WINT_MAINT":null,"WINT_ROUTE":null,"WINT_LOS":null,"WINT_MAT":null,"WINT_COMM":null,"GLOBALID":"061e0203-0fe8-4509-b526-f7e882d3e0ee","WINT_ADDDATE":null,"WINT_MODDATE":null}},{"type":"Feature","id":88,"geometry":{"type":"Point","coordinates":[-63.5872164187775,44.6525817299472]},"properties":{"OBJECTID":88,"ACCPRKID":"AP391","STREET_NAME":"MAYNARD ST","FROM_STR":"CUNARD ST","TO_STR":"WOODILL ST","NUMSPOTS":1,"DURATION":"NTR","QUALIFIER":null,"STATUS":"PND","COMMENTS":null,"DIRECTION":null,"ADJSURFMAT":null,"OBSTRUCT":null,"LOC_HILL":null,"ADDDATE":"Tue, 27 May 2025 19:52:40 GMT","MODDATE":"Tue, 27 May 2025 19:59:44 GMT","SDATE":null,"SOURCE":"Parking Enforcement","SACC":null,"WINT_PLOW":null,"WINT_MAINT":null,"WINT_ROUTE":null,"WINT_LOS":null,"WINT_MAT":null,"WINT_COMM":null,"GLOBALID":"179b9457-2d2e-4067-a289-e788246b2e6a","WINT_ADDDATE":null,"WINT_MODDATE":null}},{"type":"Feature","id":89,"geometry":{"type":"Point","coordinates":[-63.5772266991689,44.6473557674037]},"properties":{"OBJECTID":89,"ACCPRKID":"AP86","STREET_NAME":"BRUNSWICK ST","FROM_STR":"DUKE ST","TO_STR":"PRINCE ST","NUMSPOTS":8,"DURATION":null,"QUALIFIER":null,"STATUS":"INS","COMMENTS":null,"DIRECTION":"S","ADJSURFMAT":"CONCRETE","OBSTRUCT":"N","LOC_HILL":"N","ADDDATE":"Thu, 17 Oct 2019 16:33:11 GMT","MODDATE":"Tue, 27 May 2025 17:32:25 GMT","SDATE":"Mon, 30 Sep 2019 03:00:00 GMT","SOURCE":"Traffic Services","SACC":"IN","WINT_PLOW":"Y","WINT_MAINT":"HRM1","WINT_ROUTE":"R1","WINT_LOS":"PRI2","WINT_MAT":null,"WINT_COMM":"ACCESSIBLE PARKING - SPOT(S) = 8","GLOBALID":"16441dbd-4f7c-422c-9495-5885a36021f3","WINT_ADDDATE":"Thu, 17 Oct 2019 03:00:00 GMT","WINT_MODDATE":"Mon, 27 Jan 2020 04:00:00 GMT"}},{"type":"Feature","id":90,"geometry":{"type":"Point","coordinates":[-63.5866758773182,44.6375428281353]},"properties":{"OBJECTID":90,"ACCPRKID":"AP103","STREET_NAME":"EDWARD ST","FROM_STR":"SOUTH ST","TO_STR":"UNIVERSITY AVE","NUMSPOTS":1,"DURATION":"HR3","QUALIFIER":null,"STATUS":"INS","COMMENTS":null,"DIRECTION":"N","ADJSURFMAT":"GRASS","OBSTRUCT":"Y","LOC_HILL":"Y","ADDDATE":"Fri, 18 Oct 2019 15:53:36 GMT","MODDATE":"Tue, 27 May 2025 17:42:43 GMT","SDATE":"Mon, 30 Sep 2019 03:00:00 GMT","SOURCE":"Traffic Services","SACC":"IN","WINT_PLOW":"Y","WINT_MAINT":"SWZ5","WINT_ROUTE":null,"WINT_LOS":"PRI2","WINT_MAT":null,"WINT_COMM":"ACCESSIBLE PARKING - HR3 - SPOT(S) = 1","GLOBALID":"e5ceb46d-b6be-4ef0-8f9c-b274781aa35c","WINT_ADDDATE":"Fri, 18 Oct 2019 03:00:00 GMT","WINT_MODDATE":"Mon, 27 Jan 2020 04:00:00 GMT"}},{"type":"Feature","id":91,"geometry":{"type":"Point","coordinates":[-63.5734166709611,44.6472038468281]},"properties":{"OBJECTID":91,"ACCPRKID":"AP224","STREET_NAME":"GRANVILLE ST","FROM_STR":"SACKVILLE ST","TO_STR":"PRINCE ST","NUMSPOTS":1,"DURATION":"HR3","QUALIFIER":null,"STATUS":"INS","COMMENTS":null,"DIRECTION":"N","ADJSURFMAT":"CONCRETE","OBSTRUCT":"N","LOC_HILL":"N","ADDDATE":"Wed, 13 Nov 2019 17:52:23 GMT","MODDATE":"Tue, 27 May 2025 17:50:54 GMT","SDATE":"Wed, 13 Nov 2019 04:00:00 GMT","SOURCE":"Parking Management","SACC":"IN","WINT_PLOW":"Y","WINT_MAINT":"HRM1","WINT_ROUTE":"R1","WINT_LOS":"PRI2","WINT_MAT":null,"WINT_COMM":"ACCESSIBLE PARKING - HR3 - SPOT(S) = 1","GLOBALID":"e412eea7-7fca-48c2-9a88-7475ceb10646","WINT_ADDDATE":"Wed, 13 Nov 2019 04:00:00 GMT","WINT_MODDATE":"Mon, 27 Jan 2020 04:00:00 GMT"}},{"type":"Feature","id":92,"geometry":{"type":"Point","coordinates":[-63.5705217744995,44.6432045648538]},"properties":{"OBJECTID":92,"ACCPRKID":"AP240","STREET_NAME":"HOLLIS ST","FROM_STR":"BISHOP ST","TO_STR":"MORRIS ST","NUMSPOTS":1,"DURATION":"HR3","QUALIFIER":null,"STATUS":"INS","COMMENTS":null,"DIRECTION":"S","ADJSURFMAT":"CONCRETE","OBSTRUCT":"N","LOC_HILL":"N","ADDDATE":"Mon, 05 Oct 2020 16:54:03 GMT","MODDATE":"Tue, 27 May 2025 17:56:19 GMT","SDATE":"Mon, 05 Oct 2020 03:00:00 GMT","SOURCE":"Traffic Services","SACC":"IN","WINT_PLOW":"Y","WINT_MAINT":"HRM1","WINT_ROUTE":"R2","WINT_LOS":"PRI2","WINT_MAT":null,"WINT_COMM":null,"GLOBALID":"641a1e07-2bb0-434f-b423-676ce581bb86","WINT_ADDDATE":null,"WINT_MODDATE":null}},{"type":"Feature","id":93,"geometry":{"type":"Point","coordinates":[-63.5669842430467,44.6666407117668]},"properties":{"OBJECTID":93,"ACCPRKID":"AP58","STREET_NAME":"QUEEN ST","FROM_STR":"KING ST","TO_STR":"WENTWORTH ST","NUMSPOTS":1,"DURATION":"NTR","QUALIFIER":null,"STATUS":"INS","COMMENTS":null,"DIRECTION":"SW","ADJSURFMAT":"CONCRETE","OBSTRUCT":"N","LOC_HILL":"Y","ADDDATE":"Wed, 16 Oct 2019 19:20:24 GMT","MODDATE":"Tue, 27 May 2025 17:21:48 GMT","SDATE":"Mon, 30 Sep 2019 03:00:00 GMT","SOURCE":"Traffic Services","SACC":"IN","WINT_PLOW":"Y","WINT_MAINT":"HRM2","WINT_ROUTE":"R1","WINT_LOS":"PRI2","WINT_MAT":null,"WINT_COMM":"ACCESSIBLE PARKING - NTR - SPOT(S) = 1","GLOBALID":"262cd8a4-2ec6-4b42-9401-5e1a4458f153","WINT_ADDDATE":"Wed, 16 Oct 2019 03:00:00 GMT","WINT_MODDATE":"Mon, 27 Jan 2020 04:00:00 GMT"}},{"type":"Feature","id":94,"geometry":{"type":"Point","coordinates":[-63.572201866626,44.6436899976994]},"properties":{"OBJECTID":94,"ACCPRKID":"AP79","STREET_NAME":"BARRINGTON ST","FROM_STR":"BISHOP ST","TO_STR":"SPRING GARDEN RD","NUMSPOTS":3,"DURATION":null,"QUALIFIER":1,"STATUS":"INS","COMMENTS":null,"DIRECTION":"N","ADJSURFMAT":"CONCRETE","OBSTRUCT":"Y","LOC_HILL":"N","ADDDATE":"Wed, 16 Oct 2019 21:04:30 GMT","MODDATE":"Tue, 27 May 2025 17:39:21 GMT","SDATE":"Mon, 30 Sep 2019 03:00:00 GMT","SOURCE":"Traffic Services","SACC":"IN","WINT_PLOW":"Y","WINT_MAINT":"HRM1","WINT_ROUTE":"R2","WINT_LOS":"PRI2","WINT_MAT":null,"WINT_COMM":"ACCESSIBLE PARKING - SPOT(S) = 5","GLOBALID":"4005ff73-7fa2-45d9-b3f3-3292b7242276","WINT_ADDDATE":"Wed, 16 Oct 2019 03:00:00 GMT","WINT_MODDATE":"Mon, 27 Jan 2020 04:00:00 GMT"}},{"type":"Feature","id":95,"geometry":{"type":"Point","coordinates":[-63.5886258485089,44.6370006159829]},"properties":{"OBJECTID":95,"ACCPRKID":"AP203","STREET_NAME":"SEYMOUR ST","FROM_STR":"SOUTH ST","TO_STR":"UNIVERSITY AVE","NUMSPOTS":1,"DURATION":"HR3","QUALIFIER":null,"STATUS":"INS","COMMENTS":null,"DIRECTION":"N","ADJSURFMAT":"GRASS","OBSTRUCT":"N","LOC_HILL":"Y","ADDDATE":"Fri, 18 Oct 2019 16:58:21 GMT","MODDATE":"Tue, 27 May 2025 18:01:04 GMT","SDATE":"Mon, 30 Sep 2019 03:00:00 GMT","SOURCE":"Traffic Services","SACC":"IN","WINT_PLOW":"Y","WINT_MAINT":"SWZ5","WINT_ROUTE":null,"WINT_LOS":"PRI2","WINT_MAT":null,"WINT_COMM":"ACCESSIBLE PARKING - HR3 - SPOT(S) = 1","GLOBALID":"05ec9fc0-c550-4f62-94d8-c1d7e05858a2","WINT_ADDDATE":"Fri, 18 Oct 2019 03:00:00 GMT","WINT_MODDATE":"Mon, 27 Jan 2020 04:00:00 GMT"}},{"type":"Feature","id":96,"geometry":{"type":"Point","coordinates":[-63.5814404913508,44.6442251769148]},"properties":{"OBJECTID":96,"ACCPRKID":"AP149","STREET_NAME":"SACKVILLE ST","FROM_STR":"SOUTH PARK ST","TO_STR":"SUMMER ST","NUMSPOTS":2,"DURATION":"HR3","QUALIFIER":null,"STATUS":"INS","COMMENTS":null,"DIRECTION":"E","ADJSURFMAT":"GRASS","OBSTRUCT":"N","LOC_HILL":"N","ADDDATE":"Fri, 18 Oct 2019 16:58:21 GMT","MODDATE":"Tue, 27 May 2025 16:32:42 GMT","SDATE":"Mon, 30 Sep 2019 03:00:00 GMT","SOURCE":"Traffic Services","SACC":"IN","WINT_PLOW":"Y","WINT_MAINT":"HRM1","WINT_ROUTE":"R4","WINT_LOS":"PRI2","WINT_MAT":null,"WINT_COMM":"ACCESSIBLE PARKING - HR3 - SPOT(S) = 2","GLOBALID":"8a7d353a-bab1-48c6-892d-29bb3a8cfdc3","WINT_ADDDATE":"Fri, 18 Oct 2019 03:00:00 GMT","WINT_MODDATE":"Mon, 27 Jan 2020 04:00:00 GMT"}},{"type":"Feature","id":97,"geometry":{"type":"Point","coordinates":[-63.5964457594139,44.6514702057538]},"properties":{"OBJECTID":97,"ACCPRKID":"AP15","STREET_NAME":"CHARLES ST","FROM_STR":"WINDSOR ST","TO_STR":"GLADSTONE ST","NUMSPOTS":2,"DURATION":"NTR","QUALIFIER":null,"STATUS":"INS","COMMENTS":null,"DIRECTION":"SW","ADJSURFMAT":"GRASS","OBSTRUCT":"Y","LOC_HILL":"N","ADDDATE":"Tue, 08 Oct 2019 19:07:34 GMT","MODDATE":"Tue, 27 May 2025 17:34:57 GMT","SDATE":"Mon, 30 Sep 2019 03:00:00 GMT","SOURCE":"Traffic Services","SACC":"IN","WINT_PLOW":"Y","WINT_MAINT":"SWZ6","WINT_ROUTE":"RB","WINT_LOS":"PRI2","WINT_MAT":null,"WINT_COMM":"ACCESSIBLE PARKING - NTR - SPOT(S) = 2","GLOBALID":"495ffc55-4809-49b3-b56f-feb7ef32661f","WINT_ADDDATE":"Tue, 08 Oct 2019 03:00:00 GMT","WINT_MODDATE":"Mon, 27 Jan 2020 04:00:00 GMT"}},{"type":"Feature","id":98,"geometry":{"type":"Point","coordinates":[-63.6068235197843,44.6654199133615]},"properties":{"OBJECTID":98,"ACCPRKID":"AP32","STREET_NAME":"SEBASTIAN ST","FROM_STR":"AGRICOLA ST","TO_STR":"ISLEVILLE ST","NUMSPOTS":5,"DURATION":null,"QUALIFIER":1,"STATUS":"INS","COMMENTS":null,"DIRECTION":"NE","ADJSURFMAT":"GRASS","OBSTRUCT":"Y","LOC_HILL":"N","ADDDATE":"Wed, 09 Oct 2019 19:22:58 GMT","MODDATE":"Tue, 27 May 2025 17:25:56 GMT","SDATE":"Mon, 30 Sep 2019 03:00:00 GMT","SOURCE":"Traffic Services","SACC":"IN","WINT_PLOW":"Y","WINT_MAINT":"SWZ6","WINT_ROUTE":"RB","WINT_LOS":"PRI2","WINT_MAT":null,"WINT_COMM":"ACCESSIBLE PARKING - SPOT(S) = 5","GLOBALID":"80fb7c41-83d9-4224-8115-2c8663666cbb","WINT_ADDDATE":"Wed, 09 Oct 2019 03:00:00 GMT","WINT_MODDATE":"Mon, 27 Jan 2020 04:00:00 GMT"}},{"type":"Feature","id":99,"geometry":{"type":"Point","coordinates":[-63.5872854543071,44.6399149343454]},"properties":{"OBJECTID":99,"ACCPRKID":"AP93","STREET_NAME":"COBURG RD","FROM_STR":"EDWARD ST","TO_STR":"ROBIE ST","NUMSPOTS":1,"DURATION":"NTR","QUALIFIER":1,"STATUS":"INS","COMMENTS":null,"DIRECTION":"E","ADJSURFMAT":"CONCRETE","OBSTRUCT":"Y","LOC_HILL":"N","ADDDATE":"Thu, 17 Oct 2019 19:25:46 GMT","MODDATE":"Tue, 27 May 2025 16:20:13 GMT","SDATE":"Mon, 30 Sep 2019 03:00:00 GMT","SOURCE":"Traffic Services","SACC":"IN","WINT_PLOW":"Y","WINT_MAINT":"SWZ5","WINT_ROUTE":null,"WINT_LOS":"PRI2","WINT_MAT":null,"WINT_COMM":"ACCESSIBLE PARKING - SPOT(S) = 1","GLOBALID":"fe1a7995-fd61-41d0-bc06-4c3d0a762222","WINT_ADDDATE":"Thu, 17 Oct 2019 03:00:00 GMT","WINT_MODDATE":"Mon, 27 Jan 2020 04:00:00 GMT"}},{"type":"Feature","id":100,"geometry":{"type":"Point","coordinates":[-63.5761706280428,44.6437168314612]},"properties":{"OBJECTID":100,"ACCPRKID":"AP326","STREET_NAME":"DOYLE ST","FROM_STR":"BRUNSWICK ST","TO_STR":"QUEEN ST","NUMSPOTS":1,"DURATION":null,"QUALIFIER":null,"STATUS":"INS","COMMENTS":null,"DIRECTION":"W","ADJSURFMAT":null,"OBSTRUCT":null,"LOC_HILL":null,"ADDDATE":"Fri, 24 Nov 2023 23:19:59 GMT","MODDATE":"Tue, 27 May 2025 17:56:19 GMT","SDATE":"Fri, 24 Nov 2023 04:00:00 GMT","SOURCE":"Parking Services","SACC":"IN","WINT_PLOW":null,"WINT_MAINT":null,"WINT_ROUTE":null,"WINT_LOS":null,"WINT_MAT":null,"WINT_COMM":null,"GLOBALID":"aa574f7f-d60e-40de-955c-d4bdaa0d098b","WINT_ADDDATE":null,"WINT_MODDATE":null}},{"type":"Feature","id":101,"geometry":{"type":"Point","coordinates":[-63.5749540234838,44.6475120219619]},"properties":{"OBJECTID":101,"ACCPRKID":"AP74","STREET_NAME":"ARGYLE ST","FROM_STR":"CARMICHAEL ST","TO_STR":"PRINCE ST","NUMSPOTS":1,"DURATION":"HR3","QUALIFIER":null,"STATUS":"INS","COMMENTS":null,"DIRECTION":"S","ADJSURFMAT":"CONCRETE","OBSTRUCT":"Y","LOC_HILL":"N","ADDDATE":"Wed, 16 Oct 2019 20:44:53 GMT","MODDATE":"Tue, 27 May 2025 16:12:12 GMT","SDATE":"Mon, 30 Sep 2019 03:00:00 GMT","SOURCE":"Traffic Services","SACC":"IN","WINT_PLOW":"Y","WINT_MAINT":"HRM1","WINT_ROUTE":"R1","WINT_LOS":"PRI2","WINT_MAT":null,"WINT_COMM":"ACCESSIBLE PARKING - HR3 - SPOT(S) = 2","GLOBALID":"38a70831-47a8-42d4-8a30-fb8ecf1d240e","WINT_ADDDATE":"Wed, 16 Oct 2019 03:00:00 GMT","WINT_MODDATE":"Mon, 27 Jan 2020 04:00:00 GMT"}},{"type":"Feature","id":102,"geometry":{"type":"Point","coordinates":[-63.5698315692224,44.6368029910247]},"properties":{"OBJECTID":102,"ACCPRKID":"AP228","STREET_NAME":"SMITH ST","FROM_STR":"BARRINGTON ST","TO_STR":"END","NUMSPOTS":1,"DURATION":"NTR","QUALIFIER":null,"STATUS":"INS","COMMENTS":null,"DIRECTION":"E","ADJSURFMAT":"CONGRAS","OBSTRUCT":"N","LOC_HILL":"N","ADDDATE":"Fri, 07 Feb 2020 19:16:55 GMT","MODDATE":"Tue, 27 May 2025 16:34:17 GMT","SDATE":null,"SOURCE":"Traffic Services","SACC":"IN","WINT_PLOW":"Y","WINT_MAINT":"SWZ5","WINT_ROUTE":null,"WINT_LOS":"PRI2","WINT_MAT":null,"WINT_COMM":"ACCESSIBLE PARKING - NTR - SPOT(S) = 1","GLOBALID":"f0390377-a8ef-40bc-afd3-7c65e380dbae","WINT_ADDDATE":"Fri, 21 Feb 2020 04:00:00 GMT","WINT_MODDATE":null}},{"type":"Feature","id":103,"geometry":{"type":"Point","coordinates":[-63.6138914671346,44.6653085134411]},"properties":{"OBJECTID":103,"ACCPRKID":"AP383","STREET_NAME":"LADY HAMMOND RD","FROM_STR":"HIGH ST","TO_STR":"JOHN PARR DR","NUMSPOTS":1,"DURATION":"NTR","QUALIFIER":null,"STATUS":"PND","COMMENTS":null,"DIRECTION":"W","ADJSURFMAT":null,"OBSTRUCT":null,"LOC_HILL":null,"ADDDATE":"Tue, 27 May 2025 19:52:40 GMT","MODDATE":"Tue, 27 May 2025 20:21:09 GMT","SDATE":null,"SOURCE":"Parking Enforcement","SACC":null,"WINT_PLOW":null,"WINT_MAINT":null,"WINT_ROUTE":null,"WINT_LOS":null,"WINT_MAT":null,"WINT_COMM":null,"GLOBALID":"f2aee700-b952-40b7-81a9-f606c54eea52","WINT_ADDDATE":null,"WINT_MODDATE":null}},{"type":"Feature","id":104,"geometry":{"type":"Point","coordinates":[-63.6474244151692,44.6488102949498]},"properties":{"OBJECTID":104,"ACCPRKID":"AP424","STREET_NAME":"ROSEDALE AVE","FROM_STR":"GESNER ST","TO_STR":"END","NUMSPOTS":1,"DURATION":null,"QUALIFIER":null,"STATUS":"PND","COMMENTS":null,"DIRECTION":null,"ADJSURFMAT":null,"OBSTRUCT":null,"LOC_HILL":null,"ADDDATE":"Tue, 27 May 2025 19:52:40 GMT","MODDATE":"Tue, 27 May 2025 19:52:40 GMT","SDATE":"Mon, 24 Feb 2025 23:12:22 GMT","SOURCE":"Parking Enforcement","SACC":null,"WINT_PLOW":null,"WINT_MAINT":null,"WINT_ROUTE":null,"WINT_LOS":null,"WINT_MAT":null,"WINT_COMM":null,"GLOBALID":"74683007-bf07-4f06-bcf5-6848a364835a","WINT_ADDDATE":null,"WINT_MODDATE":null}},{"type":"Feature","id":105,"geometry":{"type":"Point","coordinates":[-63.5851632302625,44.6541422626248]},"properties":{"OBJECTID":105,"ACCPRKID":"AP306","STREET_NAME":"MAITLAND ST","FROM_STR":"HERON WALK","TO_STR":"PRINCE WILLIAM ST","NUMSPOTS":1,"DURATION":null,"QUALIFIER":null,"STATUS":"INS","COMMENTS":null,"DIRECTION":"SE","ADJSURFMAT":null,"OBSTRUCT":null,"LOC_HILL":null,"ADDDATE":"Thu, 14 Sep 2023 14:28:58 GMT","MODDATE":"Tue, 27 May 2025 16:49:46 GMT","SDATE":"Thu, 14 Sep 2023 03:00:00 GMT","SOURCE":"Parking Services","SACC":"IN","WINT_PLOW":"Y","WINT_MAINT":"SWZ6","WINT_ROUTE":"RB","WINT_LOS":"PRI2","WINT_MAT":null,"WINT_COMM":null,"GLOBALID":"3835f6e3-aa7e-4c7b-a554-69300ea2b250","WINT_ADDDATE":"Thu, 14 Sep 2023 03:00:00 GMT","WINT_MODDATE":"Thu, 14 Sep 2023 03:00:00 GMT"}},{"type":"Feature","id":106,"geometry":{"type":"Point","coordinates":[-63.5877302380521,44.6396557630647]},"properties":{"OBJECTID":106,"ACCPRKID":"AP102","STREET_NAME":"EDWARD ST","FROM_STR":"COBURG RD","TO_STR":"UNIVERSITY AVE","NUMSPOTS":1,"DURATION":"HR1","QUALIFIER":null,"STATUS":"INS","COMMENTS":null,"DIRECTION":"N","ADJSURFMAT":"GRASS","OBSTRUCT":"Y","LOC_HILL":"N","ADDDATE":"Fri, 18 Oct 2019 15:33:34 GMT","MODDATE":"Tue, 27 May 2025 16:37:30 GMT","SDATE":"Mon, 30 Sep 2019 03:00:00 GMT","SOURCE":"Traffic Services","SACC":"IN","WINT_PLOW":"Y","WINT_MAINT":"SWZ5","WINT_ROUTE":null,"WINT_LOS":"PRI2","WINT_MAT":null,"WINT_COMM":"ACCESSIBLE PARKING - HR1 - SPOT(S) = 1","GLOBALID":"a7e4b7f8-8075-40c0-9675-e6c2bd61ab14","WINT_ADDDATE":"Fri, 18 Oct 2019 03:00:00 GMT","WINT_MODDATE":"Mon, 27 Jan 2020 04:00:00 GMT"}},{"type":"Feature","id":107,"geometry":{"type":"Point","coordinates":[-63.5891388179771,44.6400358563858]},"properties":{"OBJECTID":107,"ACCPRKID":"AP118","STREET_NAME":"HENRY ST","FROM_STR":"COBURG RD","TO_STR":"BLISS ST","NUMSPOTS":1,"DURATION":"NTR","QUALIFIER":null,"STATUS":"INS","COMMENTS":null,"DIRECTION":"NW","ADJSURFMAT":"GRASS","OBSTRUCT":"Y","LOC_HILL":"N","ADDDATE":"Fri, 18 Oct 2019 16:58:21 GMT","MODDATE":"Tue, 27 May 2025 17:42:43 GMT","SDATE":"Mon, 30 Sep 2019 03:00:00 GMT","SOURCE":"Traffic Services","SACC":"IN","WINT_PLOW":"Y","WINT_MAINT":"SWZ5","WINT_ROUTE":null,"WINT_LOS":"PRI2","WINT_MAT":null,"WINT_COMM":"ACCESSIBLE PARKING - NTR - SPOT(S) = 1","GLOBALID":"d70a3cf8-0666-45aa-9f7c-e6cfbe55fde0","WINT_ADDDATE":"Fri, 18 Oct 2019 03:00:00 GMT","WINT_MODDATE":"Mon, 27 Jan 2020 04:00:00 GMT"}},{"type":"Feature","id":108,"geometry":{"type":"Point","coordinates":[-63.5782403662203,44.6434200346901]},"properties":{"OBJECTID":108,"ACCPRKID":"AP379","STREET_NAME":"DRESDEN ROW","FROM_STR":"SPRING GARDEN RD","TO_STR":"ARTILLERY PL","NUMSPOTS":3,"DURATION":"HR3","QUALIFIER":null,"STATUS":"PND","COMMENTS":null,"DIRECTION":"N","ADJSURFMAT":null,"OBSTRUCT":null,"LOC_HILL":null,"ADDDATE":"Tue, 27 May 2025 19:52:40 GMT","MODDATE":"Tue, 27 May 2025 20:18:23 GMT","SDATE":"Mon, 16 Oct 2023 16:03:29 GMT","SOURCE":"Parking Enforcement","SACC":null,"WINT_PLOW":null,"WINT_MAINT":null,"WINT_ROUTE":null,"WINT_LOS":null,"WINT_MAT":null,"WINT_COMM":null,"GLOBALID":"1ff1a461-e9aa-427d-aa89-09b67054f8cd","WINT_ADDDATE":null,"WINT_MODDATE":null}},{"type":"Feature","id":109,"geometry":{"type":"Point","coordinates":[-63.5986574044569,44.6619057270474]},"properties":{"OBJECTID":109,"ACCPRKID":"AP28","STREET_NAME":"KAYE ST","FROM_STR":"ISLEVILLE ST","TO_STR":"GOTTINGEN ST","NUMSPOTS":1,"DURATION":"HR1","QUALIFIER":null,"STATUS":"INS","COMMENTS":null,"DIRECTION":"NE","ADJSURFMAT":"CONCRETE","OBSTRUCT":"N","LOC_HILL":"N","ADDDATE":"Wed, 09 Oct 2019 17:59:08 GMT","MODDATE":"Tue, 27 May 2025 16:09:13 GMT","SDATE":"Mon, 30 Sep 2019 03:00:00 GMT","SOURCE":"Traffic Services","SACC":"IN","WINT_PLOW":"Y","WINT_MAINT":"SWZ6","WINT_ROUTE":"RB","WINT_LOS":"PRI2","WINT_MAT":null,"WINT_COMM":"ACCESSIBLE PARKING - HR1 - SPOT(S) = 1","GLOBALID":"bcb29c9c-382c-4874-9b71-eee1e2750f3f","WINT_ADDDATE":"Wed, 09 Oct 2019 03:00:00 GMT","WINT_MODDATE":"Mon, 27 Jan 2020 04:00:00 GMT"}},{"type":"Feature","id":110,"geometry":{"type":"Point","coordinates":[-63.5740748279422,44.6457728011672]},"properties":{"OBJECTID":110,"ACCPRKID":"AP75","STREET_NAME":"ARGYLE ST","FROM_STR":"SACKVILLE ST","TO_STR":"BLOWERS ST","NUMSPOTS":1,"DURATION":"HR3","QUALIFIER":null,"STATUS":"INS","COMMENTS":null,"DIRECTION":"S","ADJSURFMAT":"CONCRETE","OBSTRUCT":"N","LOC_HILL":"N","ADDDATE":"Wed, 16 Oct 2019 20:44:53 GMT","MODDATE":"Tue, 27 May 2025 16:18:23 GMT","SDATE":"Mon, 30 Sep 2019 03:00:00 GMT","SOURCE":"Traffic Services","SACC":"IN","WINT_PLOW":"Y","WINT_MAINT":"HRM1","WINT_ROUTE":"R5","WINT_LOS":"PRI2","WINT_MAT":null,"WINT_COMM":"ACCESSIBLE PARKING - HR3 - SPOT(S) = 1","GLOBALID":"9a2954d6-0c00-4d56-9f6f-0cfa52c82b0e","WINT_ADDDATE":"Wed, 16 Oct 2019 03:00:00 GMT","WINT_MODDATE":"Thu, 16 Jan 2020 04:00:00 GMT"}},{"type":"Feature","id":111,"geometry":{"type":"Point","coordinates":[-63.5724463521137,44.637358730122]},"properties":{"OBJECTID":111,"ACCPRKID":"AP418","STREET_NAME":"GREEN ST","FROM_STR":"BARRINGTON ST","TO_STR":"QUEEN ST","NUMSPOTS":2,"DURATION":"NTR","QUALIFIER":null,"STATUS":"PND","COMMENTS":null,"DIRECTION":"W","ADJSURFMAT":null,"OBSTRUCT":null,"LOC_HILL":null,"ADDDATE":"Tue, 27 May 2025 19:52:40 GMT","MODDATE":"Tue, 27 May 2025 20:21:09 GMT","SDATE":null,"SOURCE":"Parking Enforcement","SACC":null,"WINT_PLOW":null,"WINT_MAINT":null,"WINT_ROUTE":null,"WINT_LOS":null,"WINT_MAT":null,"WINT_COMM":null,"GLOBALID":"09486ea1-1ecf-4ec5-9c6f-0ce8ae99af60","WINT_ADDDATE":null,"WINT_MODDATE":null}},{"type":"Feature","id":113,"geometry":{"type":"Point","coordinates":[-63.5842700731047,44.6432795407089]},"properties":{"OBJECTID":113,"ACCPRKID":"AP205","STREET_NAME":"SUMMER ST","FROM_STR":"SPRING GARDEN RD","TO_STR":"SACKVILLE ST","NUMSPOTS":2,"DURATION":"HR3","QUALIFIER":null,"STATUS":"INS","COMMENTS":null,"DIRECTION":"N","ADJSURFMAT":"GRASS","OBSTRUCT":"N","LOC_HILL":"N","ADDDATE":"Fri, 18 Oct 2019 16:58:21 GMT","MODDATE":"Wed, 14 Jul 2021 20:50:47 GMT","SDATE":"Mon, 30 Sep 2019 03:00:00 GMT","SOURCE":"Traffic Services","SACC":"IN","WINT_PLOW":"Y","WINT_MAINT":"HRM1","WINT_ROUTE":"R4","WINT_LOS":"PRI2","WINT_MAT":null,"WINT_COMM":"ACCESSIBLE PARKING - HR3 - SPOT(S) = 2","GLOBALID":"0823a9a7-469a-41fb-9e09-df5707ad301e","WINT_ADDDATE":"Fri, 18 Oct 2019 03:00:00 GMT","WINT_MODDATE":"Mon, 27 Jan 2020 04:00:00 GMT"}},{"type":"Feature","id":114,"geometry":{"type":"Point","coordinates":[-63.5983438528969,44.6443572876245]},"properties":{"OBJECTID":114,"ACCPRKID":"AP420","STREET_NAME":"PEPPERELL ST","FROM_STR":"PRESTON ST","TO_STR":"SELDON ST","NUMSPOTS":2,"DURATION":"NTR","QUALIFIER":null,"STATUS":"PND","COMMENTS":null,"DIRECTION":"W","ADJSURFMAT":null,"OBSTRUCT":null,"LOC_HILL":null,"ADDDATE":"Tue, 27 May 2025 19:52:40 GMT","MODDATE":"Tue, 27 May 2025 20:21:09 GMT","SDATE":"Tue, 18 Mar 2025 20:56:31 GMT","SOURCE":"Parking Enforcement","SACC":null,"WINT_PLOW":null,"WINT_MAINT":null,"WINT_ROUTE":null,"WINT_LOS":null,"WINT_MAT":null,"WINT_COMM":null,"GLOBALID":"9ee7b506-42e4-47a2-86db-52c20c83da47","WINT_ADDDATE":null,"WINT_MODDATE":null}},{"type":"Feature","id":115,"geometry":{"type":"Point","coordinates":[-63.5686056814733,44.6651276316283]},"properties":{"OBJECTID":115,"ACCPRKID":"AP56","STREET_NAME":"QUEEN ST","FROM_STR":"ALDERNEY DR","TO_STR":"EDWARD ST","NUMSPOTS":1,"DURATION":"HR2","QUALIFIER":null,"STATUS":"INS","COMMENTS":null,"DIRECTION":"NE","ADJSURFMAT":"CONCRETE","OBSTRUCT":"N","LOC_HILL":"Y","ADDDATE":"Wed, 16 Oct 2019 19:20:24 GMT","MODDATE":"Tue, 27 May 2025 17:20:48 GMT","SDATE":"Mon, 30 Sep 2019 03:00:00 GMT","SOURCE":"Traffic Services","SACC":"IN","WINT_PLOW":"Y","WINT_MAINT":"HRM2","WINT_ROUTE":"R1","WINT_LOS":"PRI2","WINT_MAT":null,"WINT_COMM":"ACCESSIBLE PARKING - HR2 - SPOT(S) = 1","GLOBALID":"7b3e789f-8dd5-474a-8702-7c80954d5731","WINT_ADDDATE":"Wed, 16 Oct 2019 03:00:00 GMT","WINT_MODDATE":"Mon, 27 Jan 2020 04:00:00 GMT"}},{"type":"Feature","id":116,"geometry":{"type":"Point","coordinates":[-63.5749834469026,44.6362707841326]},"properties":{"OBJECTID":116,"ACCPRKID":"AP127","STREET_NAME":"VICTORIA RD","FROM_STR":"LUCKNOW ST","TO_STR":"QUEEN ST","NUMSPOTS":1,"DURATION":"NTR","QUALIFIER":null,"STATUS":"INS","COMMENTS":null,"DIRECTION":"E","ADJSURFMAT":"GRASS","OBSTRUCT":"N","LOC_HILL":"N","ADDDATE":"Fri, 18 Oct 2019 16:58:21 GMT","MODDATE":"Tue, 27 May 2025 17:39:21 GMT","SDATE":"Mon, 30 Sep 2019 03:00:00 GMT","SOURCE":"Traffic Services","SACC":"IN","WINT_PLOW":"Y","WINT_MAINT":"SWZ5","WINT_ROUTE":null,"WINT_LOS":"PRI2","WINT_MAT":null,"WINT_COMM":"ACCESSIBLE PARKING - NTR - SPOT(S) = 1","GLOBALID":"0aa13046-452e-4c4e-8afd-21a71433d84d","WINT_ADDDATE":"Fri, 18 Oct 2019 03:00:00 GMT","WINT_MODDATE":"Mon, 27 Jan 2020 04:00:00 GMT"}},{"type":"Feature","id":117,"geometry":{"type":"Point","coordinates":[-63.5715560758531,44.6374594040812]},"properties":{"OBJECTID":117,"ACCPRKID":"AP360","STREET_NAME":"GREEN ST","FROM_STR":"BARRINGTON ST","TO_STR":"QUEEN ST","NUMSPOTS":2,"DURATION":"HR1","QUALIFIER":null,"STATUS":"PND","COMMENTS":null,"DIRECTION":"E","ADJSURFMAT":null,"OBSTRUCT":null,"LOC_HILL":null,"ADDDATE":"Tue, 27 May 2025 19:52:40 GMT","MODDATE":"Tue, 27 May 2025 20:17:40 GMT","SDATE":"Mon, 16 Oct 2023 16:03:29 GMT","SOURCE":"Parking Enforcement","SACC":"DG","WINT_PLOW":null,"WINT_MAINT":null,"WINT_ROUTE":null,"WINT_LOS":null,"WINT_MAT":null,"WINT_COMM":null,"GLOBALID":"59e4d956-75b3-47ae-86a1-8945147d5ef9","WINT_ADDDATE":null,"WINT_MODDATE":null}},{"type":"Feature","id":118,"geometry":{"type":"Point","coordinates":[-63.5774572993973,44.6482836496527]},"properties":{"OBJECTID":118,"ACCPRKID":"AP354","STREET_NAME":"BRUNSWICK ST","FROM_STR":"RAINNIE DR","TO_STR":"RAINNIE DR","NUMSPOTS":2,"DURATION":null,"QUALIFIER":null,"STATUS":"PND","COMMENTS":null,"DIRECTION":null,"ADJSURFMAT":null,"OBSTRUCT":null,"LOC_HILL":null,"ADDDATE":"Tue, 27 May 2025 19:52:40 GMT","MODDATE":"Tue, 27 May 2025 19:52:40 GMT","SDATE":"Mon, 16 Oct 2023 16:03:29 GMT","SOURCE":"WEB","SACC":"DG","WINT_PLOW":null,"WINT_MAINT":null,"WINT_ROUTE":null,"WINT_LOS":null,"WINT_MAT":null,"WINT_COMM":null,"GLOBALID":"73e61c5e-18ef-48e7-82ae-780bc47a3d50","WINT_ADDDATE":null,"WINT_MODDATE":null}},{"type":"Feature","id":119,"geometry":{"type":"Point","coordinates":[-63.5979327676532,44.6484525742333]},"properties":{"OBJECTID":119,"ACCPRKID":"AP324","STREET_NAME":"LAWRENCE ST","FROM_STR":"CHEBUCTO LANE","TO_STR":"HARVARD ST","NUMSPOTS":1,"DURATION":null,"QUALIFIER":null,"STATUS":"INS","COMMENTS":null,"DIRECTION":"W","ADJSURFMAT":null,"OBSTRUCT":null,"LOC_HILL":null,"ADDDATE":"Mon, 20 Nov 2023 18:34:49 GMT","MODDATE":"Tue, 27 May 2025 18:05:22 GMT","SDATE":"Mon, 20 Nov 2023 04:00:00 GMT","SOURCE":"Traffic Services","SACC":"IN","WINT_PLOW":null,"WINT_MAINT":null,"WINT_ROUTE":null,"WINT_LOS":null,"WINT_MAT":null,"WINT_COMM":null,"GLOBALID":"669a2677-edb9-41f8-8e96-5984fcd8449f","WINT_ADDDATE":null,"WINT_MODDATE":null}},{"type":"Feature","id":120,"geometry":{"type":"Point","coordinates":[-63.563808782959,44.6638446740264]},"properties":{"OBJECTID":120,"ACCPRKID":"AP368","STREET_NAME":"KINGS WHARF PL","FROM_STR":"ALDERNEY DR","TO_STR":"END","NUMSPOTS":1,"DURATION":"HR3","QUALIFIER":null,"STATUS":"PND","COMMENTS":null,"DIRECTION":null,"ADJSURFMAT":null,"OBSTRUCT":null,"LOC_HILL":null,"ADDDATE":"Tue, 27 May 2025 19:52:40 GMT","MODDATE":"Tue, 27 May 2025 20:02:58 GMT","SDATE":"Mon, 16 Oct 2023 16:03:29 GMT","SOURCE":null,"SACC":null,"WINT_PLOW":null,"WINT_MAINT":null,"WINT_ROUTE":null,"WINT_LOS":null,"WINT_MAT":null,"WINT_COMM":null,"GLOBALID":"1fa392a6-e0e5-45df-b8b8-0b975313a960","WINT_ADDDATE":null,"WINT_MODDATE":null}},{"type":"Feature","id":121,"geometry":{"type":"Point","coordinates":[-63.5677786717614,44.6722341241077]},"properties":{"OBJECTID":121,"ACCPRKID":"AP287","STREET_NAME":"TULIP ST","FROM_STR":"MAPLE ST","TO_STR":"PINE ST","NUMSPOTS":1,"DURATION":"NTR","QUALIFIER":null,"STATUS":"INS","COMMENTS":null,"DIRECTION":"SW","ADJSURFMAT":"CONCRETE","OBSTRUCT":"N","LOC_HILL":"N","ADDDATE":"Fri, 11 Feb 2022 22:16:52 GMT","MODDATE":"Fri, 11 Feb 2022 22:18:06 GMT","SDATE":null,"SOURCE":null,"SACC":null,"WINT_PLOW":null,"WINT_MAINT":null,"WINT_ROUTE":null,"WINT_LOS":null,"WINT_MAT":null,"WINT_COMM":null,"GLOBALID":"2c949dcf-b7b4-40e7-9ebb-99d931e7557e","WINT_ADDDATE":null,"WINT_MODDATE":null}},{"type":"Feature","id":122,"geometry":{"type":"Point","coordinates":[-63.5722989718132,44.6490648827298]},"properties":{"OBJECTID":122,"ACCPRKID":"AP375","STREET_NAME":"GEORGE ST","FROM_STR":null,"TO_STR":"LOWER WATER ST","NUMSPOTS":2,"DURATION":"HR3","QUALIFIER":null,"STATUS":"PND","COMMENTS":null,"DIRECTION":null,"ADJSURFMAT":null,"OBSTRUCT":null,"LOC_HILL":null,"ADDDATE":"Tue, 27 May 2025 19:52:40 GMT","MODDATE":"Thu, 05 Jun 2025 14:42:24 GMT","SDATE":"Mon, 16 Oct 2023 16:03:29 GMT","SOURCE":"Parking Enforcement","SACC":null,"WINT_PLOW":null,"WINT_MAINT":null,"WINT_ROUTE":null,"WINT_LOS":null,"WINT_MAT":null,"WINT_COMM":null,"GLOBALID":"8af0669a-6e9c-4f33-9a7d-ae09e5395195","WINT_ADDDATE":null,"WINT_MODDATE":null}},{"type":"Feature","id":123,"geometry":{"type":"Point","coordinates":[-63.5891048868122,44.6581047486159]},"properties":{"OBJECTID":123,"ACCPRKID":"AP355","STREET_NAME":"BRUNSWICK ST","FROM_STR":"HAMILTON LANE","TO_STR":"BRUNSWICK ST","NUMSPOTS":2,"DURATION":null,"QUALIFIER":null,"STATUS":"PND","COMMENTS":null,"DIRECTION":"N","ADJSURFMAT":null,"OBSTRUCT":null,"LOC_HILL":null,"ADDDATE":"Tue, 27 May 2025 19:52:40 GMT","MODDATE":"Tue, 27 May 2025 20:18:23 GMT","SDATE":"Mon, 16 Oct 2023 16:03:29 GMT","SOURCE":"WEB","SACC":"DG","WINT_PLOW":null,"WINT_MAINT":null,"WINT_ROUTE":null,"WINT_LOS":null,"WINT_MAT":null,"WINT_COMM":null,"GLOBALID":"538662cf-3bb9-432f-b193-f759c68ddedf","WINT_ADDDATE":null,"WINT_MODDATE":null}},{"type":"Feature","id":124,"geometry":{"type":"Point","coordinates":[-63.5843011269658,44.6499566063412]},"properties":{"OBJECTID":124,"ACCPRKID":"AP81","STREET_NAME":"BAUER ST","FROM_STR":"COGSWELL ST","TO_STR":"FALKLAND ST","NUMSPOTS":1,"DURATION":"NTR","QUALIFIER":null,"STATUS":"INS","COMMENTS":null,"DIRECTION":"NE","ADJSURFMAT":"CONGRAS","OBSTRUCT":"N","LOC_HILL":"N","ADDDATE":"Wed, 16 Oct 2019 21:15:12 GMT","MODDATE":"Tue, 27 May 2025 17:32:25 GMT","SDATE":"Mon, 30 Sep 2019 03:00:00 GMT","SOURCE":"Traffic Services","SACC":"IN","WINT_PLOW":"Y","WINT_MAINT":"HRM1","WINT_ROUTE":"R6","WINT_LOS":"PRI2","WINT_MAT":null,"WINT_COMM":"ACCESSIBLE PARKING - NTR - SPOT(S) = 1","GLOBALID":"5d41e160-4441-45e7-b045-15b73f04828c","WINT_ADDDATE":"Wed, 16 Oct 2019 03:00:00 GMT","WINT_MODDATE":"Mon, 27 Jan 2020 04:00:00 GMT"}},{"type":"Feature","id":125,"geometry":{"type":"Point","coordinates":[-63.5648817361242,44.6665398986994]},"properties":{"OBJECTID":125,"ACCPRKID":"AP53","STREET_NAME":"DUNDAS ST","FROM_STR":"GREEN ST","TO_STR":"PORTLAND ST","NUMSPOTS":1,"DURATION":"NTR","QUALIFIER":null,"STATUS":"INS","COMMENTS":null,"DIRECTION":"SE","ADJSURFMAT":"CONCRETE","OBSTRUCT":"N","LOC_HILL":"Y","ADDDATE":"Wed, 16 Oct 2019 19:07:55 GMT","MODDATE":"Tue, 27 May 2025 17:22:55 GMT","SDATE":"Mon, 30 Sep 2019 03:00:00 GMT","SOURCE":"Traffic Services","SACC":"IN","WINT_PLOW":"Y","WINT_MAINT":"HRM2","WINT_ROUTE":"R1","WINT_LOS":"PRI2","WINT_MAT":null,"WINT_COMM":"ACCESSIBLE PARKING - NTR - SPOT(S) = 1","GLOBALID":"09a609fe-94b7-4e1f-bd09-15e82f27c0df","WINT_ADDDATE":"Wed, 16 Oct 2019 03:00:00 GMT","WINT_MODDATE":"Mon, 27 Jan 2020 04:00:00 GMT"}},{"type":"Feature","id":126,"geometry":{"type":"Point","coordinates":[-63.5862664216185,44.6550614594152]},"properties":{"OBJECTID":126,"ACCPRKID":"AP214","STREET_NAME":"MAITLAND ST","FROM_STR":"DIVAS LANE","TO_STR":"END","NUMSPOTS":2,"DURATION":"NTR","QUALIFIER":null,"STATUS":"INS","COMMENTS":null,"DIRECTION":"S","ADJSURFMAT":"CONGRAS","OBSTRUCT":"N","LOC_HILL":"Y","ADDDATE":"Mon, 21 Oct 2019 19:29:00 GMT","MODDATE":"Tue, 27 May 2025 16:49:08 GMT","SDATE":"Mon, 30 Sep 2019 03:00:00 GMT","SOURCE":"Traffic Services","SACC":"IN","WINT_PLOW":"Y","WINT_MAINT":"SWZ6","WINT_ROUTE":"RB","WINT_LOS":"PRI2","WINT_MAT":null,"WINT_COMM":"ACCESSIBLE PARKING - NTR - SPOT(S) = 2","GLOBALID":"b21feedb-3b52-4261-9ef5-5392150108b0","WINT_ADDDATE":"Mon, 21 Oct 2019 03:00:00 GMT","WINT_MODDATE":"Mon, 27 Jan 2020 04:00:00 GMT"}},{"type":"Feature","id":127,"geometry":{"type":"Point","coordinates":[-63.5820677462862,44.6511930959177]},"properties":{"OBJECTID":127,"ACCPRKID":"AP255","STREET_NAME":"GOTTINGEN ST","FROM_STR":"COGSWELL ST","TO_STR":"PORTLAND PL","NUMSPOTS":1,"DURATION":"HR3","QUALIFIER":null,"STATUS":"INS","COMMENTS":null,"DIRECTION":"NW","ADJSURFMAT":"CONCRETE","OBSTRUCT":"N","LOC_HILL":"N","ADDDATE":"Thu, 25 Feb 2021 23:37:45 GMT","MODDATE":"Tue, 27 May 2025 18:05:22 GMT","SDATE":"Thu, 25 Feb 2021 04:00:00 GMT","SOURCE":"Traffic Services","SACC":"IN","WINT_PLOW":"Y","WINT_MAINT":"SWZ6","WINT_ROUTE":"RB","WINT_LOS":"PRI2","WINT_MAT":null,"WINT_COMM":null,"GLOBALID":"bab0ac9d-a221-49c5-a818-2b213cfb5ed0","WINT_ADDDATE":"Wed, 01 Sep 2021 03:00:00 GMT","WINT_MODDATE":null}},{"type":"Feature","id":128,"geometry":{"type":"Point","coordinates":[-63.6002511343485,44.6549021879369]},"properties":{"OBJECTID":128,"ACCPRKID":"AP343","STREET_NAME":null,"FROM_STR":null,"TO_STR":null,"NUMSPOTS":1,"DURATION":null,"QUALIFIER":null,"STATUS":"INS","COMMENTS":null,"DIRECTION":null,"ADJSURFMAT":null,"OBSTRUCT":null,"LOC_HILL":null,"ADDDATE":"Tue, 27 May 2025 16:52:04 GMT","MODDATE":"Tue, 27 May 2025 16:52:04 GMT","SDATE":null,"SOURCE":null,"SACC":null,"WINT_PLOW":null,"WINT_MAINT":null,"WINT_ROUTE":null,"WINT_LOS":null,"WINT_MAT":null,"WINT_COMM":null,"GLOBALID":"56c7ac9f-13ff-4453-a8ef-6b9cad0dbd1a","WINT_ADDDATE":null,"WINT_MODDATE":null}},{"type":"Feature","id":129,"geometry":{"type":"Point","coordinates":[-63.5871275439549,44.6384411010609]},"properties":{"OBJECTID":129,"ACCPRKID":"AP398","STREET_NAME":"EDWARD ST","FROM_STR":"UNIVERSITY AVE","TO_STR":"COBURG RD","NUMSPOTS":1,"DURATION":"HR3","QUALIFIER":null,"STATUS":"PND","COMMENTS":null,"DIRECTION":"N","ADJSURFMAT":null,"OBSTRUCT":null,"LOC_HILL":null,"ADDDATE":"Tue, 27 May 2025 19:52:40 GMT","MODDATE":"Tue, 27 May 2025 20:18:23 GMT","SDATE":null,"SOURCE":"Parking Enforcement","SACC":null,"WINT_PLOW":null,"WINT_MAINT":null,"WINT_ROUTE":null,"WINT_LOS":null,"WINT_MAT":null,"WINT_COMM":null,"GLOBALID":"8e2c37f9-f3c2-45eb-b7c8-7ea41c96103b","WINT_ADDDATE":null,"WINT_MODDATE":null}},{"type":"Feature","id":130,"geometry":{"type":"Point","coordinates":[-63.608967090495,44.6487218133831]},"properties":{"OBJECTID":130,"ACCPRKID":"AP17","STREET_NAME":"BERLIN ST","FROM_STR":"CONNAUGHT AVE","TO_STR":"SWAINE ST","NUMSPOTS":1,"DURATION":"NTR","QUALIFIER":null,"STATUS":"INS","COMMENTS":null,"DIRECTION":"NE","ADJSURFMAT":"CONCRETE","OBSTRUCT":"N","LOC_HILL":"Y","ADDDATE":"Tue, 08 Oct 2019 19:29:40 GMT","MODDATE":"Tue, 27 May 2025 16:20:13 GMT","SDATE":"Mon, 30 Sep 2019 03:00:00 GMT","SOURCE":"Traffic Services","SACC":"IN","WINT_PLOW":"Y","WINT_MAINT":"SWZ6","WINT_ROUTE":"RA","WINT_LOS":"PRI2","WINT_MAT":null,"WINT_COMM":"ACCESSIBLE PARKING - NTR - SPOT(S) = 1","GLOBALID":"dc2dff46-9f7d-45c1-add1-4ed8e1657ff6","WINT_ADDDATE":"Tue, 08 Oct 2019 03:00:00 GMT","WINT_MODDATE":"Mon, 27 Jan 2020 04:00:00 GMT"}},{"type":"Feature","id":131,"geometry":{"type":"Point","coordinates":[-63.581400252216,44.641908354253]},"properties":{"OBJECTID":131,"ACCPRKID":"AP207","STREET_NAME":"SPRING GARDEN RD","FROM_STR":"SOUTH PARK ST","TO_STR":"SUMMER ST","NUMSPOTS":3,"DURATION":"HR3","QUALIFIER":null,"STATUS":"INS","COMMENTS":null,"DIRECTION":"SW","ADJSURFMAT":"GRASS","OBSTRUCT":"N","LOC_HILL":"N","ADDDATE":"Mon, 21 Oct 2019 15:27:47 GMT","MODDATE":"Tue, 27 May 2025 17:39:21 GMT","SDATE":"Mon, 30 Sep 2019 03:00:00 GMT","SOURCE":"Traffic Services","SACC":"IN","WINT_PLOW":"Y","WINT_MAINT":"HRM1","WINT_ROUTE":"R4","WINT_LOS":"PRI2","WINT_MAT":null,"WINT_COMM":"ACCESSIBLE PARKING - HR3 - SPOT(S) = 3","GLOBALID":"57ed4dc7-57d9-497e-a1b8-59d1bc883cca","WINT_ADDDATE":"Mon, 21 Oct 2019 03:00:00 GMT","WINT_MODDATE":"Mon, 27 Jan 2020 04:00:00 GMT"}},{"type":"Feature","id":132,"geometry":{"type":"Point","coordinates":[-63.6735330802312,44.6663918930382]},"properties":{"OBJECTID":132,"ACCPRKID":"AP410","STREET_NAME":"PARKLAND DR","FROM_STR":"CARRINGTON PL","TO_STR":"FARNHAM GATE RD","NUMSPOTS":1,"DURATION":null,"QUALIFIER":null,"STATUS":"PND","COMMENTS":null,"DIRECTION":null,"ADJSURFMAT":null,"OBSTRUCT":null,"LOC_HILL":null,"ADDDATE":"Tue, 27 May 2025 19:52:40 GMT","MODDATE":"Tue, 27 May 2025 19:52:40 GMT","SDATE":"Fri, 20 Dec 2024 00:20:07 GMT","SOURCE":"Parking Enforcement","SACC":null,"WINT_PLOW":null,"WINT_MAINT":null,"WINT_ROUTE":null,"WINT_LOS":null,"WINT_MAT":null,"WINT_COMM":null,"GLOBALID":"71eba56e-e9d0-4954-9b9e-eecdb59e36e7","WINT_ADDDATE":null,"WINT_MODDATE":null}},{"type":"Feature","id":133,"geometry":{"type":"Point","coordinates":[-63.5785967296902,44.6423897348233]},"properties":{"OBJECTID":133,"ACCPRKID":"AP84","STREET_NAME":"BRENTON ST","FROM_STR":"SPRING GARDEN RD","TO_STR":"CLYDE ST","NUMSPOTS":1,"DURATION":"HR3","QUALIFIER":null,"STATUS":"INS","COMMENTS":"\u003cNull\u003e","DIRECTION":"N","ADJSURFMAT":"CONCRETE","OBSTRUCT":"N","LOC_HILL":"N","ADDDATE":"Wed, 16 Oct 2019 21:51:31 GMT","MODDATE":"Tue, 27 May 2025 17:36:43 GMT","SDATE":"Mon, 30 Sep 2019 03:00:00 GMT","SOURCE":"Traffic Services","SACC":"IN","WINT_PLOW":"Y","WINT_MAINT":"HRM1","WINT_ROUTE":"R4","WINT_LOS":"PRI2","WINT_MAT":null,"WINT_COMM":null,"GLOBALID":"a667ab24-426c-425d-9d13-df5fa43de863","WINT_ADDDATE":null,"WINT_MODDATE":null}},{"type":"Feature","id":134,"geometry":{"type":"Point","coordinates":[-63.6006581439358,44.6428389320177]},"properties":{"OBJECTID":134,"ACCPRKID":"AP40","STREET_NAME":"CAMBRIDGE ST","FROM_STR":"PEPPERELL ST","TO_STR":"NORWOOD ST","NUMSPOTS":1,"DURATION":"NTR","QUALIFIER":null,"STATUS":"INS","COMMENTS":null,"DIRECTION":"S","ADJSURFMAT":"GRASS","OBSTRUCT":"Y","LOC_HILL":"N","ADDDATE":"Thu, 10 Oct 2019 17:46:27 GMT","MODDATE":"Tue, 27 May 2025 17:44:35 GMT","SDATE":"Mon, 30 Sep 2019 03:00:00 GMT","SOURCE":"Traffic Services","SACC":"IN","WINT_PLOW":"Y","WINT_MAINT":"SWZ5","WINT_ROUTE":null,"WINT_LOS":"PRI2","WINT_MAT":null,"WINT_COMM":"ACCESSIBLE PARKING - NTR - SPOT(S) = 1","GLOBALID":"b5799e62-7509-4226-9382-f5be3fe29770","WINT_ADDDATE":"Thu, 10 Oct 2019 03:00:00 GMT","WINT_MODDATE":"Mon, 27 Jan 2020 04:00:00 GMT"}},{"type":"Feature","id":135,"geometry":{"type":"Point","coordinates":[-63.5626194260992,44.6631020575687]},"properties":{"OBJECTID":135,"ACCPRKID":"AP367","STREET_NAME":"KINGS WHARF PL","FROM_STR":"ALDERNEY DR","TO_STR":"END","NUMSPOTS":1,"DURATION":"HR3","QUALIFIER":null,"STATUS":"PND","COMMENTS":null,"DIRECTION":null,"ADJSURFMAT":null,"OBSTRUCT":null,"LOC_HILL":null,"ADDDATE":"Tue, 27 May 2025 19:52:40 GMT","MODDATE":"Tue, 27 May 2025 20:02:58 GMT","SDATE":"Mon, 16 Oct 2023 16:03:29 GMT","SOURCE":null,"SACC":null,"WINT_PLOW":null,"WINT_MAINT":null,"WINT_ROUTE":null,"WINT_LOS":null,"WINT_MAT":null,"WINT_COMM":null,"GLOBALID":"0ce60482-69dd-43fe-a993-11a66c5e5790","WINT_ADDDATE":null,"WINT_MODDATE":null}},{"type":"Feature","id":136,"geometry":{"type":"Point","coordinates":[-63.6208077761701,44.6428258472944]},"properties":{"OBJECTID":136,"ACCPRKID":"AP407","STREET_NAME":"CLINTON AVE","FROM_STR":null,"TO_STR":"JOSEPH HOWE DR","NUMSPOTS":1,"DURATION":"NTR","QUALIFIER":null,"STATUS":"PND","COMMENTS":null,"DIRECTION":null,"ADJSURFMAT":null,"OBSTRUCT":null,"LOC_HILL":null,"ADDDATE":"Tue, 27 May 2025 19:52:40 GMT","MODDATE":"Tue, 27 May 2025 19:59:44 GMT","SDATE":"Wed, 15 Jan 2025 19:48:00 GMT","SOURCE":"Parking Enforcement","SACC":null,"WINT_PLOW":null,"WINT_MAINT":null,"WINT_ROUTE":null,"WINT_LOS":null,"WINT_MAT":null,"WINT_COMM":null,"GLOBALID":"e5de0284-e12a-4ea6-a208-5c874e3a424e","WINT_ADDDATE":null,"WINT_MODDATE":null}},{"type":"Feature","id":137,"geometry":{"type":"Point","coordinates":[-63.5744246166425,44.6480573428605]},"properties":{"OBJECTID":137,"ACCPRKID":"AP77","STREET_NAME":"BARRINGTON ST","FROM_STR":"PRINCE ST","TO_STR":"GEORGE ST","NUMSPOTS":2,"DURATION":"HR3","QUALIFIER":null,"STATUS":"INS","COMMENTS":null,"DIRECTION":"N","ADJSURFMAT":"CONCRETE","OBSTRUCT":"N","LOC_HILL":"N","ADDDATE":"Wed, 16 Oct 2019 20:57:47 GMT","MODDATE":"Wed, 14 Jul 2021 20:50:36 GMT","SDATE":"Mon, 30 Sep 2019 03:00:00 GMT","SOURCE":"Traffic Services","SACC":"IN","WINT_PLOW":"Y","WINT_MAINT":"HRM1","WINT_ROUTE":"R1","WINT_LOS":"PRI2","WINT_MAT":null,"WINT_COMM":"ACCESSIBLE PARKING - HR3 - SPOT(S) = 2","GLOBALID":"a65f6e60-2c92-459b-b290-2a8eaa332623","WINT_ADDDATE":"Wed, 16 Oct 2019 03:00:00 GMT","WINT_MODDATE":"Mon, 27 Jan 2020 04:00:00 GMT"}},{"type":"Feature","id":138,"geometry":{"type":"Point","coordinates":[-63.5876502709238,44.6571159931273]},"properties":{"OBJECTID":138,"ACCPRKID":"AP409","STREET_NAME":"BRUNSWICK ST","FROM_STR":"ARTZ ST","TO_STR":"HAMILTON LANE","NUMSPOTS":1,"DURATION":null,"QUALIFIER":null,"STATUS":"PND","COMMENTS":null,"DIRECTION":null,"ADJSURFMAT":null,"OBSTRUCT":null,"LOC_HILL":null,"ADDDATE":"Tue, 27 May 2025 19:52:40 GMT","MODDATE":"Tue, 27 May 2025 19:52:40 GMT","SDATE":"Fri, 20 Dec 2024 00:34:01 GMT","SOURCE":"Parking Enforcement","SACC":null,"WINT_PLOW":null,"WINT_MAINT":null,"WINT_ROUTE":null,"WINT_LOS":null,"WINT_MAT":null,"WINT_COMM":null,"GLOBALID":"f14697b9-5f65-4c6e-8f36-901dded9ca1e","WINT_ADDDATE":null,"WINT_MODDATE":null}},{"type":"Feature","id":139,"geometry":{"type":"Point","coordinates":[-63.5753738322673,44.6406261439776]},"properties":{"OBJECTID":139,"ACCPRKID":"AP139","STREET_NAME":"MORRIS ST","FROM_STR":"QUEEN ST","TO_STR":"BIRMINGHAM ST","NUMSPOTS":1,"DURATION":"NTR","QUALIFIER":null,"STATUS":"INS","COMMENTS":null,"DIRECTION":"W","ADJSURFMAT":"CONCRETE","OBSTRUCT":"N","LOC_HILL":"N","ADDDATE":"Fri, 18 Oct 2019 16:58:21 GMT","MODDATE":"Tue, 27 May 2025 18:01:04 GMT","SDATE":"Mon, 30 Sep 2019 03:00:00 GMT","SOURCE":"Traffic Services","SACC":"IN","WINT_PLOW":"Y","WINT_MAINT":"HRM1","WINT_ROUTE":"R4","WINT_LOS":"PRI2","WINT_MAT":null,"WINT_COMM":"ACCESSIBLE PARKING - NTR - SPOT(S) = 1","GLOBALID":"cccac202-9b9a-4903-9d37-32e37109f27e","WINT_ADDDATE":"Fri, 18 Oct 2019 03:00:00 GMT","WINT_MODDATE":"Mon, 27 Jan 2020 04:00:00 GMT"}},{"type":"Feature","id":140,"geometry":{"type":"Point","coordinates":[-63.5712788279086,44.6447011938432]},"properties":{"OBJECTID":140,"ACCPRKID":"AP239","STREET_NAME":"HOLLIS ST","FROM_STR":"SALTER ST","TO_STR":"BISHOP ST","NUMSPOTS":1,"DURATION":"HR3","QUALIFIER":null,"STATUS":"INS","COMMENTS":null,"DIRECTION":"S","ADJSURFMAT":"CONCRETE","OBSTRUCT":"N","LOC_HILL":"N","ADDDATE":"Mon, 05 Oct 2020 16:50:53 GMT","MODDATE":"Tue, 27 May 2025 17:10:11 GMT","SDATE":"Mon, 05 Oct 2020 03:00:00 GMT","SOURCE":"Traffic Services","SACC":"IN","WINT_PLOW":"Y","WINT_MAINT":"HRM1","WINT_ROUTE":"R1","WINT_LOS":"PRI2","WINT_MAT":null,"WINT_COMM":null,"GLOBALID":"230212b5-2a59-46d6-a7e5-1f89f282d060","WINT_ADDDATE":null,"WINT_MODDATE":null}},{"type":"Feature","id":141,"geometry":{"type":"Point","coordinates":[-63.5892435291999,44.6381735617765]},"properties":{"OBJECTID":141,"ACCPRKID":"AP303","STREET_NAME":"SEYMOUR ST","FROM_STR":"UNIVERSITY AVE","TO_STR":"COBURG RD","NUMSPOTS":1,"DURATION":null,"QUALIFIER":null,"STATUS":"INS","COMMENTS":null,"DIRECTION":"N","ADJSURFMAT":null,"OBSTRUCT":null,"LOC_HILL":"Y","ADDDATE":"Tue, 29 Aug 2023 14:07:42 GMT","MODDATE":"Tue, 27 May 2025 16:39:49 GMT","SDATE":"Mon, 28 Aug 2023 03:00:00 GMT","SOURCE":"Traffic Services","SACC":"IN","WINT_PLOW":"Y","WINT_MAINT":"SWZ5","WINT_ROUTE":null,"WINT_LOS":"PRI2","WINT_MAT":null,"WINT_COMM":null,"GLOBALID":"dff66240-91b7-4059-8967-3870407eae8b","WINT_ADDDATE":null,"WINT_MODDATE":null}},{"type":"Feature","id":142,"geometry":{"type":"Point","coordinates":[-63.5721140006114,44.6435167718671]},"properties":{"OBJECTID":142,"ACCPRKID":"AP227","STREET_NAME":"BARRINGTON ST","FROM_STR":"BISHOP ST","TO_STR":"SPRING GARDEN RD","NUMSPOTS":1,"DURATION":"HR3","QUALIFIER":null,"STATUS":"INS","COMMENTS":null,"DIRECTION":"N","ADJSURFMAT":"CONCRETE","OBSTRUCT":"N","LOC_HILL":"N","ADDDATE":"Mon, 27 Jan 2020 19:28:53 GMT","MODDATE":"Tue, 27 May 2025 17:39:21 GMT","SDATE":"Mon, 27 Jan 2020 04:00:00 GMT","SOURCE":"Traffic Services","SACC":"IN","WINT_PLOW":"Y","WINT_MAINT":"HRM1","WINT_ROUTE":"R2","WINT_LOS":"PRI2","WINT_MAT":null,"WINT_COMM":"ACCESSIBLE PARKING - HR3 - SPOT(S) = 1","GLOBALID":"98a004da-9e1d-4a90-9964-7b04397cdd4d","WINT_ADDDATE":"Fri, 21 Feb 2020 04:00:00 GMT","WINT_MODDATE":null}},{"type":"Feature","id":143,"geometry":{"type":"Point","coordinates":[-63.5884305332065,44.6534128681515]},"properties":{"OBJECTID":143,"ACCPRKID":"AP158","STREET_NAME":"MAYNARD ST ","FROM_STR":"HARRIS ST","TO_STR":"BUDDY DAYE ST","NUMSPOTS":1,"DURATION":"NTR","QUALIFIER":null,"STATUS":"INS","COMMENTS":null,"DIRECTION":"N","ADJSURFMAT":"GRASS","OBSTRUCT":"Y","LOC_HILL":"N","ADDDATE":"Fri, 18 Oct 2019 16:58:21 GMT","MODDATE":"Wed, 14 Jul 2021 20:50:40 GMT","SDATE":"Mon, 30 Sep 2019 03:00:00 GMT","SOURCE":"Traffic Services","SACC":"IN","WINT_PLOW":"Y","WINT_MAINT":"HRM1","WINT_ROUTE":"R6","WINT_LOS":"PRI2","WINT_MAT":null,"WINT_COMM":"ACCESSIBLE PARKING - NTR - SPOT(S) = 1","GLOBALID":"a3df0286-24ca-4a39-9557-4bdf7b558cd3","WINT_ADDDATE":"Fri, 18 Oct 2019 03:00:00 GMT","WINT_MODDATE":"Mon, 27 Jan 2020 04:00:00 GMT"}},{"type":"Feature","id":144,"geometry":{"type":"Point","coordinates":[-63.6317890777489,44.6586589303059]},"properties":{"OBJECTID":144,"ACCPRKID":"AP416","STREET_NAME":"DUTCH VILLAGE RD","FROM_STR":"DUTCH VILLAGE RD","TO_STR":"DEAL ST","NUMSPOTS":1,"DURATION":"NTR","QUALIFIER":null,"STATUS":"PND","COMMENTS":null,"DIRECTION":null,"ADJSURFMAT":null,"OBSTRUCT":null,"LOC_HILL":null,"ADDDATE":"Tue, 27 May 2025 19:52:40 GMT","MODDATE":"Tue, 27 May 2025 19:59:44 GMT","SDATE":null,"SOURCE":"Parking Enforcement","SACC":null,"WINT_PLOW":null,"WINT_MAINT":null,"WINT_ROUTE":null,"WINT_LOS":null,"WINT_MAT":null,"WINT_COMM":null,"GLOBALID":"3e2319e3-70d1-4301-aad5-d8dbd577301a","WINT_ADDDATE":null,"WINT_MODDATE":null}},{"type":"Feature","id":145,"geometry":{"type":"Point","coordinates":[-63.5955199493939,44.6569331540658]},"properties":{"OBJECTID":145,"ACCPRKID":"AP347","STREET_NAME":"AGRICOLA ST","FROM_STR":"MCCULLY ST","TO_STR":"MAY ST","NUMSPOTS":1,"DURATION":"NTR","QUALIFIER":null,"STATUS":"PND","COMMENTS":null,"DIRECTION":"N","ADJSURFMAT":null,"OBSTRUCT":null,"LOC_HILL":null,"ADDDATE":"Tue, 27 May 2025 19:52:40 GMT","MODDATE":"Tue, 27 May 2025 20:18:23 GMT","SDATE":"Mon, 16 Oct 2023 16:03:29 GMT","SOURCE":"WEB","SACC":"DG","WINT_PLOW":null,"WINT_MAINT":null,"WINT_ROUTE":null,"WINT_LOS":null,"WINT_MAT":null,"WINT_COMM":null,"GLOBALID":"7e99a7b5-c187-4e2c-9298-86ef03b1704c","WINT_ADDDATE":null,"WINT_MODDATE":null}},{"type":"Feature","id":146,"geometry":{"type":"Point","coordinates":[-63.5763346056164,44.6353583556418]},"properties":{"OBJECTID":146,"ACCPRKID":"AP359","STREET_NAME":"SOUTH PARK ST","FROM_STR":"RHULAND ST","TO_STR":"VICTORIA RD","NUMSPOTS":2,"DURATION":"HR3","QUALIFIER":null,"STATUS":"PND","COMMENTS":null,"DIRECTION":"N","ADJSURFMAT":null,"OBSTRUCT":null,"LOC_HILL":null,"ADDDATE":"Tue, 27 May 2025 19:52:40 GMT","MODDATE":"Tue, 27 May 2025 20:18:23 GMT","SDATE":"Mon, 16 Oct 2023 16:03:29 GMT","SOURCE":"Parking Enforcement","SACC":"DG","WINT_PLOW":null,"WINT_MAINT":null,"WINT_ROUTE":null,"WINT_LOS":null,"WINT_MAT":null,"WINT_COMM":null,"GLOBALID":"d8efbb77-10bb-42dd-9f41-c2489b006042","WINT_ADDDATE":null,"WINT_MODDATE":null}},{"type":"Feature","id":147,"geometry":{"type":"Point","coordinates":[-63.5921706760785,44.6579873313732]},"properties":{"OBJECTID":147,"ACCPRKID":"AP19","STREET_NAME":"GOTTINGEN ST","FROM_STR":"BLACK ST","TO_STR":"NORTH ST","NUMSPOTS":1,"DURATION":"HR3","QUALIFIER":null,"STATUS":"INS","COMMENTS":null,"DIRECTION":"SE","ADJSURFMAT":"CONCRETE","OBSTRUCT":"N","LOC_HILL":"N","ADDDATE":"Wed, 09 Oct 2019 17:15:49 GMT","MODDATE":"Tue, 27 May 2025 17:28:10 GMT","SDATE":"Mon, 30 Sep 2019 03:00:00 GMT","SOURCE":"Traffic Services","SACC":"IN","WINT_PLOW":"Y","WINT_MAINT":"SWZ6","WINT_ROUTE":"RB","WINT_LOS":"PRI2","WINT_MAT":null,"WINT_COMM":"ACCESSIBLE PARKING - HR3 - SPOT(S) = 1","GLOBALID":"0c6a2dec-117c-440c-9add-e15635bb3386","WINT_ADDDATE":"Wed, 09 Oct 2019 03:00:00 GMT","WINT_MODDATE":"Mon, 27 Jan 2020 04:00:00 GMT"}},{"type":"Feature","id":148,"geometry":{"type":"Point","coordinates":[-63.5673340110857,44.6679931222313]},"properties":{"OBJECTID":148,"ACCPRKID":"AP50","STREET_NAME":"DUNDAS ST","FROM_STR":"OCHTERLONEY ST","TO_STR":"NORTH ST","NUMSPOTS":2,"DURATION":"NTR","QUALIFIER":1,"STATUS":"INS","COMMENTS":null,"DIRECTION":"W","ADJSURFMAT":"CONCRETE","OBSTRUCT":"N","LOC_HILL":"Y","ADDDATE":"Wed, 16 Oct 2019 17:30:32 GMT","MODDATE":"Tue, 27 May 2025 17:23:48 GMT","SDATE":"Mon, 30 Sep 2019 03:00:00 GMT","SOURCE":"Traffic Services","SACC":"IN","WINT_PLOW":"Y","WINT_MAINT":"HRM2","WINT_ROUTE":"R1","WINT_LOS":"PRI2","WINT_MAT":null,"WINT_COMM":"ACCESSIBLE PARKING - SPOT(S) = 2","GLOBALID":"070f66fd-a898-489f-a5b3-dd59b61e15a9","WINT_ADDDATE":"Wed, 16 Oct 2019 03:00:00 GMT","WINT_MODDATE":"Mon, 27 Jan 2020 04:00:00 GMT"}},{"type":"Feature","id":149,"geometry":{"type":"Point","coordinates":[-63.6209396838882,44.6425307940554]},"properties":{"OBJECTID":149,"ACCPRKID":"AP381","STREET_NAME":"CLINTON AVE","FROM_STR":null,"TO_STR":"JOSEPH HOWE DR","NUMSPOTS":1,"DURATION":"HR2","QUALIFIER":null,"STATUS":"PND","COMMENTS":null,"DIRECTION":null,"ADJSURFMAT":null,"OBSTRUCT":null,"LOC_HILL":null,"ADDDATE":"Tue, 27 May 2025 19:52:40 GMT","MODDATE":"Tue, 27 May 2025 20:06:25 GMT","SDATE":"Wed, 15 Jan 2025 19:50:09 GMT","SOURCE":"Parking Enforcement","SACC":null,"WINT_PLOW":null,"WINT_MAINT":null,"WINT_ROUTE":null,"WINT_LOS":null,"WINT_MAT":null,"WINT_COMM":null,"GLOBALID":"fded988e-a680-4cee-9400-66bc51176ded","WINT_ADDDATE":null,"WINT_MODDATE":null}},{"type":"Feature","id":150,"geometry":{"type":"Point","coordinates":[-63.5919241810595,44.6475804702362]},"properties":{"OBJECTID":150,"ACCPRKID":"AP225","STREET_NAME":"PARKER ST","FROM_STR":"WINDSOR ST","TO_STR":"WELSFORD ST","NUMSPOTS":3,"DURATION":"NTR","QUALIFIER":null,"STATUS":"INS","COMMENTS":"Back/Drive in spaces","DIRECTION":"N","ADJSURFMAT":null,"OBSTRUCT":null,"LOC_HILL":"N","ADDDATE":"Mon, 27 Jan 2020 19:11:12 GMT","MODDATE":"Tue, 27 May 2025 17:47:31 GMT","SDATE":"Mon, 27 Jan 2020 04:00:00 GMT","SOURCE":"Traffic Services","SACC":"IN","WINT_PLOW":"Y","WINT_MAINT":"SWZ6","WINT_ROUTE":"RB","WINT_LOS":"PRI2","WINT_MAT":null,"WINT_COMM":"ACCESSIBLE PARKING - NTR - SPOT(S) = 3","GLOBALID":"28209b79-a1d0-4625-ac8e-120580dc59a4","WINT_ADDDATE":"Fri, 21 Feb 2020 04:00:00 GMT","WINT_MODDATE":null}},{"type":"Feature","id":151,"geometry":{"type":"Point","coordinates":[-63.6206134193702,44.6266247873698]},"properties":{"OBJECTID":151,"ACCPRKID":"AP432","STREET_NAME":"RIDGE VALLEY RD","FROM_STR":"SHEPHERD RD","TO_STR":"ABBEY RD","NUMSPOTS":1,"DURATION":null,"QUALIFIER":null,"STATUS":"PND","COMMENTS":null,"DIRECTION":null,"ADJSURFMAT":null,"OBSTRUCT":null,"LOC_HILL":null,"ADDDATE":"Tue, 27 May 2025 19:52:40 GMT","MODDATE":"Tue, 27 May 2025 19:52:40 GMT","SDATE":null,"SOURCE":null,"SACC":null,"WINT_PLOW":null,"WINT_MAINT":null,"WINT_ROUTE":null,"WINT_LOS":null,"WINT_MAT":null,"WINT_COMM":null,"GLOBALID":"71910535-789a-45c6-a9f2-d0e72d9ccd09","WINT_ADDDATE":null,"WINT_MODDATE":null}},{"type":"Feature","id":152,"geometry":{"type":"Point","coordinates":[-63.6017474787785,44.6451572201034]},"properties":{"OBJECTID":152,"ACCPRKID":"AP38","STREET_NAME":"KLINE ST","FROM_STR":"OAK ST","TO_STR":"QUINPOOL RD","NUMSPOTS":1,"DURATION":"NTR","QUALIFIER":null,"STATUS":"INS","COMMENTS":null,"DIRECTION":"S","ADJSURFMAT":"GRASS","OBSTRUCT":"Y","LOC_HILL":"N","ADDDATE":"Thu, 10 Oct 2019 17:34:15 GMT","MODDATE":"Tue, 27 May 2025 17:47:31 GMT","SDATE":"Mon, 30 Sep 2019 03:00:00 GMT","SOURCE":"Traffic Services","SACC":"IN","WINT_PLOW":"Y","WINT_MAINT":"SWZ6","WINT_ROUTE":"RA","WINT_LOS":"PRI2","WINT_MAT":null,"WINT_COMM":"ACCESSIBLE PARKING - NTR - SPOT(S) = 1","GLOBALID":"cac4949e-8455-428d-b735-31bfa398249d","WINT_ADDDATE":"Thu, 10 Oct 2019 03:00:00 GMT","WINT_MODDATE":"Mon, 27 Jan 2020 04:00:00 GMT"}},{"type":"Feature","id":153,"geometry":{"type":"Point","coordinates":[-63.5755701123602,44.6446788593858]},"properties":{"OBJECTID":153,"ACCPRKID":"AP283","STREET_NAME":"BRUNSWICK ST","FROM_STR":"DOYLE ST","TO_STR":"SACKVILLE ST","NUMSPOTS":1,"DURATION":"HR2","QUALIFIER":null,"STATUS":"INS","COMMENTS":null,"DIRECTION":"NW","ADJSURFMAT":"CONCRETE","OBSTRUCT":"N","LOC_HILL":"N","ADDDATE":"Fri, 07 Jan 2022 16:37:03 GMT","MODDATE":"Tue, 27 May 2025 17:56:19 GMT","SDATE":"Fri, 14 Jan 2022 04:00:00 GMT","SOURCE":"Traffic Services","SACC":"IN","WINT_PLOW":"Y","WINT_MAINT":"HRM1","WINT_ROUTE":"R2","WINT_LOS":"PRI2","WINT_MAT":null,"WINT_COMM":null,"GLOBALID":"7b87dc77-425e-42d0-8a57-da0ce7b2b8d1","WINT_ADDDATE":"Fri, 14 Jan 2022 04:00:00 GMT","WINT_MODDATE":null}},{"type":"Feature","id":154,"geometry":{"type":"Point","coordinates":[-63.6221752788322,44.6267297302135]},"properties":{"OBJECTID":154,"ACCPRKID":"AP436","STREET_NAME":"DRUMDONALD RD","FROM_STR":"ABBEY RD","TO_STR":"RIDGE VALLEY RD","NUMSPOTS":1,"DURATION":null,"QUALIFIER":null,"STATUS":"PND","COMMENTS":null,"DIRECTION":null,"ADJSURFMAT":null,"OBSTRUCT":null,"LOC_HILL":null,"ADDDATE":"Tue, 27 May 2025 19:52:40 GMT","MODDATE":"Tue, 27 May 2025 20:28:07 GMT","SDATE":null,"SOURCE":null,"SACC":null,"WINT_PLOW":null,"WINT_MAINT":null,"WINT_ROUTE":null,"WINT_LOS":null,"WINT_MAT":null,"WINT_COMM":null,"GLOBALID":"f12d5bb1-2c1e-4fbc-846e-1b1d4096ad60","WINT_ADDDATE":null,"WINT_MODDATE":null}},{"type":"Feature","id":155,"geometry":{"type":"Point","coordinates":[-63.6207515542098,44.629585458112]},"properties":{"OBJECTID":155,"ACCPRKID":"AP433","STREET_NAME":"RIDGE VALLEY RD","FROM_STR":"BROMLEY RD","TO_STR":"CAVENDISH RD","NUMSPOTS":1,"DURATION":null,"QUALIFIER":null,"STATUS":"PND","COMMENTS":null,"DIRECTION":null,"ADJSURFMAT":null,"OBSTRUCT":null,"LOC_HILL":null,"ADDDATE":"Tue, 27 May 2025 19:52:40 GMT","MODDATE":"Tue, 27 May 2025 19:52:40 GMT","SDATE":null,"SOURCE":null,"SACC":null,"WINT_PLOW":null,"WINT_MAINT":null,"WINT_ROUTE":null,"WINT_LOS":null,"WINT_MAT":null,"WINT_COMM":null,"GLOBALID":"3e92a57e-0f48-47ff-b98d-d89adfb4359f","WINT_ADDDATE":null,"WINT_MODDATE":null}},{"type":"Feature","id":156,"geometry":{"type":"Point","coordinates":[-63.5759528889943,44.6490493836747]},"properties":{"OBJECTID":156,"ACCPRKID":"AP101","STREET_NAME":"DUKE ST","FROM_STR":"ARGYLE ST","TO_STR":"ALBEMARLE ST","NUMSPOTS":1,"DURATION":"MIN30","QUALIFIER":null,"STATUS":"INS","COMMENTS":null,"DIRECTION":"W","ADJSURFMAT":"CONCRETE","OBSTRUCT":"N","LOC_HILL":"N","ADDDATE":"Fri, 18 Oct 2019 15:30:47 GMT","MODDATE":"Tue, 27 May 2025 17:32:25 GMT","SDATE":"Mon, 30 Sep 2019 03:00:00 GMT","SOURCE":"Traffic Services","SACC":"IN","WINT_PLOW":"Y","WINT_MAINT":"HRM1","WINT_ROUTE":"R1","WINT_LOS":"PRI2","WINT_MAT":null,"WINT_COMM":"ACCESSIBLE PARKING - MIN30 - SPOT(S) = 1","GLOBALID":"bd744d1f-2add-4db5-a4f0-1f00c3eba536","WINT_ADDDATE":"Fri, 18 Oct 2019 03:00:00 GMT","WINT_MODDATE":"Mon, 27 Jan 2020 04:00:00 GMT"}},{"type":"Feature","id":157,"geometry":{"type":"Point","coordinates":[-63.5860874520611,44.6723400723843]},"properties":{"OBJECTID":157,"ACCPRKID":"AP52","STREET_NAME":"HESTER ST","FROM_STR":"JAMIESON ST","TO_STR":"HENRY ST","NUMSPOTS":1,"DURATION":"NTR","QUALIFIER":null,"STATUS":"INS","COMMENTS":null,"DIRECTION":"SE","ADJSURFMAT":"CONCRETE","OBSTRUCT":"N","LOC_HILL":"Y","ADDDATE":"Wed, 16 Oct 2019 17:59:49 GMT","MODDATE":"Tue, 27 May 2025 16:58:31 GMT","SDATE":"Mon, 30 Sep 2019 03:00:00 GMT","SOURCE":"Traffic Services","SACC":"IN","WINT_PLOW":"Y","WINT_MAINT":"HRM2","WINT_ROUTE":"R2","WINT_LOS":"PRI2","WINT_MAT":null,"WINT_COMM":"ACCESSIBLE PARKING - NTR - SPOT(S) = 1","GLOBALID":"a43f63ce-6b19-4a71-8000-445752497e86","WINT_ADDDATE":"Wed, 16 Oct 2019 03:00:00 GMT","WINT_MODDATE":"Mon, 27 Jan 2020 04:00:00 GMT"}},{"type":"Feature","id":160,"geometry":{"type":"Point","coordinates":[-63.5851208477474,44.6372848319996]},"properties":{"OBJECTID":160,"ACCPRKID":"AP302","STREET_NAME":"ROBIE ST","FROM_STR":"SOUTH ST","TO_STR":"UNIVERSITY AVE","NUMSPOTS":1,"DURATION":null,"QUALIFIER":null,"STATUS":"INS","COMMENTS":null,"DIRECTION":"N","ADJSURFMAT":null,"OBSTRUCT":null,"LOC_HILL":null,"ADDDATE":"Wed, 26 Jul 2023 18:06:57 GMT","MODDATE":"Tue, 27 May 2025 18:01:04 GMT","SDATE":"Wed, 26 Jul 2023 03:00:00 GMT","SOURCE":"Parking Services","SACC":null,"WINT_PLOW":"Y","WINT_MAINT":"W1","WINT_ROUTE":null,"WINT_LOS":"PRI1","WINT_MAT":"SALT","WINT_COMM":null,"GLOBALID":"47f444ba-5551-4433-abf8-ddaa075f4861","WINT_ADDDATE":null,"WINT_MODDATE":null}},{"type":"Feature","id":161,"geometry":{"type":"Point","coordinates":[-63.5590880445127,44.6689402388815]},"properties":{"OBJECTID":161,"ACCPRKID":"AP376","STREET_NAME":"PORTLAND ST","FROM_STR":"PLEASANT ST","TO_STR":"HAWTHORNE ST","NUMSPOTS":1,"DURATION":null,"QUALIFIER":null,"STATUS":"PND","COMMENTS":null,"DIRECTION":"W","ADJSURFMAT":null,"OBSTRUCT":null,"LOC_HILL":null,"ADDDATE":"Tue, 27 May 2025 19:52:40 GMT","MODDATE":"Tue, 27 May 2025 20:21:09 GMT","SDATE":"Mon, 16 Oct 2023 16:03:29 GMT","SOURCE":"Parking Enforcement","SACC":null,"WINT_PLOW":null,"WINT_MAINT":null,"WINT_ROUTE":null,"WINT_LOS":null,"WINT_MAT":null,"WINT_COMM":null,"GLOBALID":"415f89bb-c43d-498a-b59f-9f8986034a0f","WINT_ADDDATE":null,"WINT_MODDATE":null}},{"type":"Feature","id":162,"geometry":{"type":"Point","coordinates":[-63.5821440482881,44.6521503213728]},"properties":{"OBJECTID":162,"ACCPRKID":"AP215","STREET_NAME":"MAITLAND ST","FROM_STR":"PORTLAND PL","TO_STR":"CORNWALLIS ST","NUMSPOTS":1,"DURATION":"HR2","QUALIFIER":3,"STATUS":"INS","COMMENTS":null,"DIRECTION":"N","ADJSURFMAT":"CONCRETE","OBSTRUCT":"N","LOC_HILL":"N","ADDDATE":"Mon, 21 Oct 2019 19:59:33 GMT","MODDATE":"Tue, 27 May 2025 16:47:37 GMT","SDATE":"Mon, 30 Sep 2019 03:00:00 GMT","SOURCE":"Traffic Services","SACC":"IN","WINT_PLOW":"Y","WINT_MAINT":"SWZ6","WINT_ROUTE":"RB","WINT_LOS":"PRI2","WINT_MAT":null,"WINT_COMM":"ACCESSIBLE PARKING - HR2 - SPOT(S) = 1","GLOBALID":"f962e43f-ef93-4723-9c42-4e5068d8276a","WINT_ADDDATE":"Mon, 21 Oct 2019 03:00:00 GMT","WINT_MODDATE":"Mon, 27 Jan 2020 04:00:00 GMT"}},{"type":"Feature","id":163,"geometry":{"type":"Point","coordinates":[-63.57389634617,44.6450541397633]},"properties":{"OBJECTID":163,"ACCPRKID":"AP257","STREET_NAME":"BLOWERS ST","FROM_STR":"GRAFTON ST","TO_STR":"ARGYLE ST","NUMSPOTS":1,"DURATION":"HR3","QUALIFIER":null,"STATUS":"INS","COMMENTS":null,"DIRECTION":"SE","ADJSURFMAT":"CONCRETE","OBSTRUCT":"N","LOC_HILL":"Y","ADDDATE":"Fri, 12 Mar 2021 17:01:03 GMT","MODDATE":"Tue, 27 May 2025 17:47:31 GMT","SDATE":"Wed, 10 Mar 2021 04:00:00 GMT","SOURCE":"Traffic Services","SACC":"IN","WINT_PLOW":"Y","WINT_MAINT":"HRM1","WINT_ROUTE":"R2","WINT_LOS":"PRI2","WINT_MAT":null,"WINT_COMM":null,"GLOBALID":"4e632150-587c-4217-b47c-929028b08d8d","WINT_ADDDATE":"Wed, 01 Sep 2021 03:00:00 GMT","WINT_MODDATE":null}},{"type":"Feature","id":164,"geometry":{"type":"Point","coordinates":[-63.5873631783421,44.6544908709185]},"properties":{"OBJECTID":164,"ACCPRKID":"AP22","STREET_NAME":"BUDDY DAYE ST","FROM_STR":"CREIGHTON ST","TO_STR":"GOTTINGEN ST","NUMSPOTS":2,"DURATION":"HR3","QUALIFIER":null,"STATUS":"INS","COMMENTS":null,"DIRECTION":"NE","ADJSURFMAT":"CONCRETE","OBSTRUCT":"N","LOC_HILL":"Y","ADDDATE":"Wed, 09 Oct 2019 17:30:01 GMT","MODDATE":"Tue, 27 May 2025 16:51:29 GMT","SDATE":"Mon, 30 Sep 2019 03:00:00 GMT","SOURCE":"Traffic Services","SACC":"IN","WINT_PLOW":"Y","WINT_MAINT":"HRM1","WINT_ROUTE":"R6","WINT_LOS":"PRI2","WINT_MAT":null,"WINT_COMM":"ACCESSIBLE PARKING - HR3 - SPOT(S) = 2","GLOBALID":"f033b9be-4a1f-46fe-a58d-50f4f99cb94b","WINT_ADDDATE":"Wed, 09 Oct 2019 03:00:00 GMT","WINT_MODDATE":"Mon, 27 Jan 2020 04:00:00 GMT"}},{"type":"Feature","id":165,"geometry":{"type":"Point","coordinates":[-63.5446229927188,44.6657066243291]},"properties":{"OBJECTID":165,"ACCPRKID":"AP71","STREET_NAME":"HASTINGS DR","FROM_STR":"PRINCE ARTHUR AVE","TO_STR":"CLEMENT ST","NUMSPOTS":2,"DURATION":null,"QUALIFIER":1,"STATUS":"INS","COMMENTS":null,"DIRECTION":"SE","ADJSURFMAT":"CONGRAS","OBSTRUCT":"N","LOC_HILL":"N","ADDDATE":"Wed, 16 Oct 2019 20:03:18 GMT","MODDATE":"Wed, 14 Jul 2021 20:50:34 GMT","SDATE":"Mon, 30 Sep 2019 03:00:00 GMT","SOURCE":"Traffic Services","SACC":"IN","WINT_PLOW":"Y","WINT_MAINT":"SWZ8","WINT_ROUTE":null,"WINT_LOS":"PRI2","WINT_MAT":null,"WINT_COMM":"ACCESSIBLE PARKING - SPOT(S) = 2","GLOBALID":"379711ab-1463-4a9e-9913-0bfe7157bb04","WINT_ADDDATE":"Wed, 16 Oct 2019 03:00:00 GMT","WINT_MODDATE":"Mon, 27 Jan 2020 04:00:00 GMT"}},{"type":"Feature","id":166,"geometry":{"type":"Point","coordinates":[-63.5766885077024,44.6339626169755]},"properties":{"OBJECTID":166,"ACCPRKID":"AP344","STREET_NAME":null,"FROM_STR":null,"TO_STR":null,"NUMSPOTS":1,"DURATION":null,"QUALIFIER":null,"STATUS":"INS","COMMENTS":null,"DIRECTION":null,"ADJSURFMAT":null,"OBSTRUCT":null,"LOC_HILL":null,"ADDDATE":"Tue, 27 May 2025 16:54:28 GMT","MODDATE":"Tue, 27 May 2025 16:54:28 GMT","SDATE":null,"SOURCE":null,"SACC":null,"WINT_PLOW":null,"WINT_MAINT":null,"WINT_ROUTE":null,"WINT_LOS":null,"WINT_MAT":null,"WINT_COMM":null,"GLOBALID":"d0ec9824-6b1b-4f17-b46f-dae64e9e2a7f","WINT_ADDDATE":null,"WINT_MODDATE":null}},{"type":"Feature","id":168,"geometry":{"type":"Point","coordinates":[-63.5662197659601,44.6674482085647]},"properties":{"OBJECTID":168,"ACCPRKID":"AP54","STREET_NAME":"DUNDAS ST","FROM_STR":"OCHTERLONEY ST","TO_STR":"QUEEN ST","NUMSPOTS":1,"DURATION":"HR2","QUALIFIER":null,"STATUS":"INS","COMMENTS":null,"DIRECTION":"E","ADJSURFMAT":"CONCRETE","OBSTRUCT":"N","LOC_HILL":"Y","ADDDATE":"Wed, 16 Oct 2019 19:07:55 GMT","MODDATE":"Tue, 27 May 2025 17:23:48 GMT","SDATE":"Mon, 30 Sep 2019 03:00:00 GMT","SOURCE":"Traffic Services","SACC":"IN","WINT_PLOW":"Y","WINT_MAINT":"HRM2","WINT_ROUTE":"R1","WINT_LOS":"PRI2","WINT_MAT":null,"WINT_COMM":"ACCESSIBLE PARKING - HR2 - SPOT(S) = 1","GLOBALID":"08833212-05de-4506-8ba1-424891582d59","WINT_ADDDATE":"Wed, 16 Oct 2019 03:00:00 GMT","WINT_MODDATE":"Mon, 27 Jan 2020 04:00:00 GMT"}},{"type":"Feature","id":169,"geometry":{"type":"Point","coordinates":[-63.6062747219092,44.6617661314697]},"properties":{"OBJECTID":169,"ACCPRKID":"AP385","STREET_NAME":"STANLEY ST","FROM_STR":"ROBIE ST","TO_STR":"MASSACHUSETTS AVE","NUMSPOTS":1,"DURATION":"NTR","QUALIFIER":null,"STATUS":"PND","COMMENTS":null,"DIRECTION":null,"ADJSURFMAT":null,"OBSTRUCT":null,"LOC_HILL":null,"ADDDATE":"Tue, 27 May 2025 19:52:40 GMT","MODDATE":"Tue, 27 May 2025 19:59:44 GMT","SDATE":null,"SOURCE":"Parking Enforcement","SACC":null,"WINT_PLOW":null,"WINT_MAINT":null,"WINT_ROUTE":null,"WINT_LOS":null,"WINT_MAT":null,"WINT_COMM":null,"GLOBALID":"6058c61b-6ee3-4991-9f35-6c9507954630","WINT_ADDDATE":null,"WINT_MODDATE":null}},{"type":"Feature","id":170,"geometry":{"type":"Point","coordinates":[-63.6082109569608,44.6553238010361]},"properties":{"OBJECTID":170,"ACCPRKID":"AP322","STREET_NAME":"YOUNG ST","FROM_STR":"OXFORD CRT","TO_STR":"DUBLIN ST","NUMSPOTS":1,"DURATION":null,"QUALIFIER":null,"STATUS":"INS","COMMENTS":null,"DIRECTION":"NE","ADJSURFMAT":null,"OBSTRUCT":null,"LOC_HILL":null,"ADDDATE":"Mon, 20 Nov 2023 18:25:18 GMT","MODDATE":"Mon, 20 Nov 2023 18:25:18 GMT","SDATE":"Mon, 20 Nov 2023 04:00:00 GMT","SOURCE":"Traffic Services","SACC":"IN","WINT_PLOW":null,"WINT_MAINT":null,"WINT_ROUTE":null,"WINT_LOS":null,"WINT_MAT":null,"WINT_COMM":null,"GLOBALID":"21c1e520-1334-44d7-a6a9-7a869d8839d6","WINT_ADDDATE":null,"WINT_MODDATE":null}},{"type":"Feature","id":171,"geometry":{"type":"Point","coordinates":[-63.6685980711319,44.6841001669319]},"properties":{"OBJECTID":171,"ACCPRKID":"AP327","STREET_NAME":"CASTLE HILL DR","FROM_STR":"CRESTHAVEN DR","TO_STR":"DOWNING ST","NUMSPOTS":1,"DURATION":"NTR","QUALIFIER":null,"STATUS":"INS","COMMENTS":null,"DIRECTION":"NW","ADJSURFMAT":null,"OBSTRUCT":null,"LOC_HILL":null,"ADDDATE":"Tue, 02 Jan 2024 17:30:35 GMT","MODDATE":"Tue, 02 Jan 2024 17:31:35 GMT","SDATE":"Tue, 19 Dec 2023 04:00:00 GMT","SOURCE":"TPW","SACC":"IN","WINT_PLOW":null,"WINT_MAINT":null,"WINT_ROUTE":null,"WINT_LOS":null,"WINT_MAT":null,"WINT_COMM":null,"GLOBALID":"965d1f14-2657-480e-bc50-ef1c6a6d7f0f","WINT_ADDDATE":null,"WINT_MODDATE":null}},{"type":"Feature","id":172,"geometry":{"type":"Point","coordinates":[-63.5680481950928,44.6644706218301]},"properties":{"OBJECTID":172,"ACCPRKID":"AP67","STREET_NAME":"PORTLAND ST","FROM_STR":"ALDERNEY DR","TO_STR":null,"NUMSPOTS":1,"DURATION":"HR2","QUALIFIER":null,"STATUS":"INS","COMMENTS":null,"DIRECTION":"SW","ADJSURFMAT":"CONCRETE","OBSTRUCT":"Y","LOC_HILL":"Y","ADDDATE":"Wed, 16 Oct 2019 19:20:24 GMT","MODDATE":"Tue, 27 May 2025 17:47:31 GMT","SDATE":"Mon, 30 Sep 2019 03:00:00 GMT","SOURCE":"Traffic Services","SACC":"IN","WINT_PLOW":"Y","WINT_MAINT":"HRM2","WINT_ROUTE":"R1","WINT_LOS":"PRI2","WINT_MAT":null,"WINT_COMM":"ACCESSIBLE PARKING - HR2 - SPOT(S) = 1","GLOBALID":"0af9d2aa-5680-4b7b-8590-a4ab989e7bcc","WINT_ADDDATE":"Wed, 16 Oct 2019 03:00:00 GMT","WINT_MODDATE":"Mon, 27 Jan 2020 04:00:00 GMT"}},{"type":"Feature","id":173,"geometry":{"type":"Point","coordinates":[-63.5871648581752,44.6567903246858]},"properties":{"OBJECTID":173,"ACCPRKID":"AP87","STREET_NAME":"BRUNSWICK ST","FROM_STR":"UNIACKE ST","TO_STR":"ARTZ ST","NUMSPOTS":1,"DURATION":"NTR","QUALIFIER":null,"STATUS":"INS","COMMENTS":null,"DIRECTION":"N","ADJSURFMAT":"CONCRETE","OBSTRUCT":"N","LOC_HILL":"N","ADDDATE":"Thu, 17 Oct 2019 16:37:05 GMT","MODDATE":"Tue, 27 May 2025 18:12:16 GMT","SDATE":"Mon, 30 Sep 2019 03:00:00 GMT","SOURCE":"Traffic Services","SACC":"IN","WINT_PLOW":"Y","WINT_MAINT":"SWZ6","WINT_ROUTE":"RB","WINT_LOS":"PRI2","WINT_MAT":null,"WINT_COMM":"ACCESSIBLE PARKING - NTR - SPOT(S) = 1","GLOBALID":"57e830fe-e853-4a62-9d2d-3a49d32dbdc8","WINT_ADDDATE":"Thu, 17 Oct 2019 03:00:00 GMT","WINT_MODDATE":"Mon, 27 Jan 2020 04:00:00 GMT"}},{"type":"Feature","id":174,"geometry":{"type":"Point","coordinates":[-63.5736389366203,44.6492968254807]},"properties":{"OBJECTID":174,"ACCPRKID":"AP331","STREET_NAME":"HOLLIS ST","FROM_STR":"GEORGE ST","TO_STR":"DUKE ST","NUMSPOTS":1,"DURATION":"HR3","QUALIFIER":null,"STATUS":"INS","COMMENTS":null,"DIRECTION":"N","ADJSURFMAT":null,"OBSTRUCT":null,"LOC_HILL":"Y","ADDDATE":"Thu, 18 Jan 2024 16:08:43 GMT","MODDATE":"Tue, 27 May 2025 16:27:56 GMT","SDATE":"Wed, 17 Jan 2024 04:00:00 GMT","SOURCE":"TPW","SACC":"IN","WINT_PLOW":null,"WINT_MAINT":null,"WINT_ROUTE":null,"WINT_LOS":null,"WINT_MAT":null,"WINT_COMM":null,"GLOBALID":"ae125d99-e554-480a-97ce-7e55c344f92a","WINT_ADDDATE":null,"WINT_MODDATE":null}},{"type":"Feature","id":175,"geometry":{"type":"Point","coordinates":[-63.5662022164727,44.6660542277539]},"properties":{"OBJECTID":175,"ACCPRKID":"AP60","STREET_NAME":"PORTLAND ST","FROM_STR":"KING ST","TO_STR":"WENTWORTH ST","NUMSPOTS":2,"DURATION":"HR3","QUALIFIER":null,"STATUS":"INS","COMMENTS":null,"DIRECTION":"SW","ADJSURFMAT":"CONCRETE","OBSTRUCT":"N","LOC_HILL":"N","ADDDATE":"Wed, 16 Oct 2019 19:20:24 GMT","MODDATE":"Tue, 27 May 2025 17:22:05 GMT","SDATE":"Mon, 30 Sep 2019 03:00:00 GMT","SOURCE":"Traffic Services","SACC":"IN","WINT_PLOW":"Y","WINT_MAINT":"HRM2","WINT_ROUTE":"R1","WINT_LOS":"PRI2","WINT_MAT":null,"WINT_COMM":"ACCESSIBLE PARKING - HR3 - SPOT(S) = 2","GLOBALID":"34370a19-c344-4036-8608-1a20aee74da9","WINT_ADDDATE":"Wed, 16 Oct 2019 03:00:00 GMT","WINT_MODDATE":"Mon, 27 Jan 2020 04:00:00 GMT"}},{"type":"Feature","id":176,"geometry":{"type":"Point","coordinates":[-63.5913654936314,44.6563940804395]},"properties":{"OBJECTID":176,"ACCPRKID":"AP21","STREET_NAME":"CREIGHTON ST","FROM_STR":"NORTH ST","TO_STR":"CHARLES ST","NUMSPOTS":1,"DURATION":"NTR","QUALIFIER":null,"STATUS":"INS","COMMENTS":null,"DIRECTION":"SE","ADJSURFMAT":"GRASS","OBSTRUCT":"Y","LOC_HILL":"N","ADDDATE":"Wed, 09 Oct 2019 17:23:40 GMT","MODDATE":"Tue, 27 May 2025 17:32:25 GMT","SDATE":"Mon, 30 Sep 2019 03:00:00 GMT","SOURCE":"Traffic Services","SACC":"IN","WINT_PLOW":"Y","WINT_MAINT":"SWZ6","WINT_ROUTE":"RB","WINT_LOS":"PRI2","WINT_MAT":null,"WINT_COMM":"ACCESSIBLE PARKING - NTR - SPOT(S) = 1","GLOBALID":"27836491-e32b-4ceb-b141-f930e219dad7","WINT_ADDDATE":"Wed, 09 Oct 2019 03:00:00 GMT","WINT_MODDATE":"Mon, 27 Jan 2020 04:00:00 GMT"}},{"type":"Feature","id":177,"geometry":{"type":"Point","coordinates":[-63.5941620694852,44.6557349012734]},"properties":{"OBJECTID":177,"ACCPRKID":"AP259","STREET_NAME":"AGRICOLA ST","FROM_STR":"MCCULLY ST","TO_STR":"NORTH ST","NUMSPOTS":1,"DURATION":"HR2","QUALIFIER":null,"STATUS":"INS","COMMENTS":null,"DIRECTION":"SE","ADJSURFMAT":"CONGRAS","OBSTRUCT":"N","LOC_HILL":"N","ADDDATE":"Thu, 01 Apr 2021 18:03:18 GMT","MODDATE":"Tue, 27 May 2025 17:28:10 GMT","SDATE":null,"SOURCE":"Traffic Services","SACC":"IN","WINT_PLOW":"Y","WINT_MAINT":"SWZ6","WINT_ROUTE":"RB","WINT_LOS":"PRI2","WINT_MAT":null,"WINT_COMM":null,"GLOBALID":"1caa7642-90c4-4559-be5c-e1f7a1023ace","WINT_ADDDATE":"Wed, 01 Sep 2021 03:00:00 GMT","WINT_MODDATE":null}},{"type":"Feature","id":178,"geometry":{"type":"Point","coordinates":[-63.5756073690883,44.6488096239092]},"properties":{"OBJECTID":178,"ACCPRKID":"AP72","STREET_NAME":"ARGYLE ST","FROM_STR":"DUKE ST","TO_STR":"CARMICHAEL ST","NUMSPOTS":1,"DURATION":"HR2","QUALIFIER":null,"STATUS":"INS","COMMENTS":null,"DIRECTION":"S","ADJSURFMAT":"CONCRETE","OBSTRUCT":"N","LOC_HILL":"N","ADDDATE":"Wed, 16 Oct 2019 20:44:53 GMT","MODDATE":"Tue, 27 May 2025 17:28:10 GMT","SDATE":"Mon, 30 Sep 2019 03:00:00 GMT","SOURCE":"Traffic Services","SACC":"IN","WINT_PLOW":"Y","WINT_MAINT":"HRM1","WINT_ROUTE":"R1","WINT_LOS":"PRI2","WINT_MAT":null,"WINT_COMM":"ACCESSIBLE PARKING - HR2 - SPOT(S) = 1","GLOBALID":"0468fc1c-0b1d-456f-a1cc-1e1ff9290a56","WINT_ADDDATE":"Wed, 16 Oct 2019 03:00:00 GMT","WINT_MODDATE":"Mon, 27 Jan 2020 04:00:00 GMT"}},{"type":"Feature","id":179,"geometry":{"type":"Point","coordinates":[-63.6278125485999,44.6549161850114]},"properties":{"OBJECTID":179,"ACCPRKID":"AP380","STREET_NAME":"DESMOND AVE","FROM_STR":"RAMP BD-A RAMP","TO_STR":"SCOT ST","NUMSPOTS":1,"DURATION":"NTR","QUALIFIER":null,"STATUS":"PND","COMMENTS":null,"DIRECTION":null,"ADJSURFMAT":null,"OBSTRUCT":null,"LOC_HILL":null,"ADDDATE":"Tue, 27 May 2025 19:52:40 GMT","MODDATE":"Tue, 27 May 2025 19:59:44 GMT","SDATE":"Thu, 16 Jan 2025 22:17:55 GMT","SOURCE":"Parking Enforcement","SACC":null,"WINT_PLOW":null,"WINT_MAINT":null,"WINT_ROUTE":null,"WINT_LOS":null,"WINT_MAT":null,"WINT_COMM":null,"GLOBALID":"200d3990-05f9-4199-9457-b6ad7768331c","WINT_ADDDATE":null,"WINT_MODDATE":null}},{"type":"Feature","id":180,"geometry":{"type":"Point","coordinates":[-63.5833891680691,44.638857022892]},"properties":{"OBJECTID":180,"ACCPRKID":"AP262","STREET_NAME":"UNIVERSITY AVE","FROM_STR":"SUMMER ST","TO_STR":"ROBIE ST","NUMSPOTS":2,"DURATION":"HR3","QUALIFIER":null,"STATUS":"INS","COMMENTS":null,"DIRECTION":"W","ADJSURFMAT":"GRASS","OBSTRUCT":"N","LOC_HILL":"N","ADDDATE":"Fri, 09 Apr 2021 21:13:59 GMT","MODDATE":"Tue, 27 May 2025 17:56:19 GMT","SDATE":null,"SOURCE":"Traffic Services","SACC":"IN","WINT_PLOW":"Y","WINT_MAINT":"HRM1","WINT_ROUTE":"R4","WINT_LOS":null,"WINT_MAT":null,"WINT_COMM":"ACCESSIBLE PARKING - HR3 - SPOT(S) = 2","GLOBALID":"70ee3c9f-a103-44df-846d-d42473b5b5a8","WINT_ADDDATE":null,"WINT_MODDATE":null}},{"type":"Feature","id":181,"geometry":{"type":"Point","coordinates":[-63.5653725773921,44.6666547986466]},"properties":{"OBJECTID":181,"ACCPRKID":"AP59","STREET_NAME":"PORTLAND ST","FROM_STR":"WENTWORTH ST","TO_STR":"DUNDAS ST","NUMSPOTS":1,"DURATION":"HR2","QUALIFIER":null,"STATUS":"INS","COMMENTS":null,"DIRECTION":"NE","ADJSURFMAT":"CONCRETE","OBSTRUCT":"N","LOC_HILL":"Y","ADDDATE":"Wed, 16 Oct 2019 19:20:24 GMT","MODDATE":"Tue, 27 May 2025 17:22:05 GMT","SDATE":"Mon, 30 Sep 2019 03:00:00 GMT","SOURCE":"Traffic Services","SACC":"IN","WINT_PLOW":"Y","WINT_MAINT":"HRM2","WINT_ROUTE":"R1","WINT_LOS":"PRI2","WINT_MAT":null,"WINT_COMM":"ACCESSIBLE PARKING - HR2 - SPOT(S) = 1","GLOBALID":"e01c3d21-998e-45c0-9cce-97ea503d6f69","WINT_ADDDATE":"Wed, 16 Oct 2019 03:00:00 GMT","WINT_MODDATE":"Mon, 27 Jan 2020 04:00:00 GMT"}},{"type":"Feature","id":182,"geometry":{"type":"Point","coordinates":[-63.5804577577862,44.6438342245492]},"properties":{"OBJECTID":182,"ACCPRKID":"AP278","STREET_NAME":"SOUTH PARK ST","FROM_STR":"SPRING GARDEN RD","TO_STR":"SACKVILLE ST","NUMSPOTS":1,"DURATION":"HR3","QUALIFIER":null,"STATUS":"INS","COMMENTS":null,"DIRECTION":"NW","ADJSURFMAT":"CONCRETE","OBSTRUCT":"N","LOC_HILL":"N","ADDDATE":"Thu, 12 Aug 2021 15:45:48 GMT","MODDATE":"Tue, 27 May 2025 16:29:26 GMT","SDATE":"Fri, 06 Aug 2021 03:00:00 GMT","SOURCE":"TPW","SACC":"IN","WINT_PLOW":"Y","WINT_MAINT":"HRM1","WINT_ROUTE":"R4","WINT_LOS":"PRI2","WINT_MAT":null,"WINT_COMM":null,"GLOBALID":"a4c91c1d-f268-4cb7-83c3-eaedf1910fb7","WINT_ADDDATE":"Wed, 01 Sep 2021 03:00:00 GMT","WINT_MODDATE":null}},{"type":"Feature","id":183,"geometry":{"type":"Point","coordinates":[-63.5930811222122,44.6539183392686]},"properties":{"OBJECTID":183,"ACCPRKID":"AP91","STREET_NAME":"CHARLES ST","FROM_STR":"DAVISON ST","TO_STR":"JOHN ST","NUMSPOTS":2,"DURATION":"NTR","QUALIFIER":null,"STATUS":"INS","COMMENTS":null,"DIRECTION":"NE","ADJSURFMAT":"CONCRETE","OBSTRUCT":"Y","LOC_HILL":"N","ADDDATE":"Thu, 17 Oct 2019 18:53:00 GMT","MODDATE":"Tue, 27 May 2025 17:32:25 GMT","SDATE":"Mon, 30 Sep 2019 03:00:00 GMT","SOURCE":"Traffic Services","SACC":"IN","WINT_PLOW":"Y","WINT_MAINT":"SWZ6","WINT_ROUTE":"RB","WINT_LOS":"PRI2","WINT_MAT":null,"WINT_COMM":"ACCESSIBLE PARKING - NTR - SPOT(S) = 2","GLOBALID":"544c2bd3-9dbc-4029-beea-97aa804890ca","WINT_ADDDATE":"Thu, 17 Oct 2019 03:00:00 GMT","WINT_MODDATE":"Mon, 27 Jan 2020 04:00:00 GMT"}},{"type":"Feature","id":184,"geometry":{"type":"Point","coordinates":[-63.566939152111,44.6654192974588]},"properties":{"OBJECTID":184,"ACCPRKID":"AP61","STREET_NAME":"PORTLAND ST","FROM_STR":"KING ST","TO_STR":"PRINCE ST","NUMSPOTS":1,"DURATION":"HR1","QUALIFIER":null,"STATUS":"INS","COMMENTS":null,"DIRECTION":"SW","ADJSURFMAT":"CONCRETE","OBSTRUCT":"Y","LOC_HILL":"N","ADDDATE":"Wed, 16 Oct 2019 19:20:24 GMT","MODDATE":"Tue, 27 May 2025 17:22:55 GMT","SDATE":"Mon, 30 Sep 2019 03:00:00 GMT","SOURCE":"Traffic Services","SACC":"IN","WINT_PLOW":"Y","WINT_MAINT":"HRM2","WINT_ROUTE":"R1","WINT_LOS":"PRI2","WINT_MAT":null,"WINT_COMM":"ACCESSIBLE PARKING - HR1 - SPOT(S) = 1","GLOBALID":"ff0211e8-8120-4aad-a35c-cc23f0b61194","WINT_ADDDATE":"Wed, 16 Oct 2019 03:00:00 GMT","WINT_MODDATE":"Mon, 27 Jan 2020 04:00:00 GMT"}},{"type":"Feature","id":185,"geometry":{"type":"Point","coordinates":[-63.5896035128803,44.6361303156669]},"properties":{"OBJECTID":185,"ACCPRKID":"AP120","STREET_NAME":"LEMARCHANT ST","FROM_STR":"SOUTH ST","TO_STR":"UNIVERSITY AVE","NUMSPOTS":2,"DURATION":"HR3","QUALIFIER":null,"STATUS":"INS","COMMENTS":null,"DIRECTION":"NW","ADJSURFMAT":"GRASS","OBSTRUCT":"N","LOC_HILL":"N","ADDDATE":"Fri, 18 Oct 2019 16:58:21 GMT","MODDATE":"Tue, 27 May 2025 17:43:30 GMT","SDATE":"Mon, 30 Sep 2019 03:00:00 GMT","SOURCE":"Traffic Services","SACC":"IN","WINT_PLOW":"Y","WINT_MAINT":"SWZ5","WINT_ROUTE":null,"WINT_LOS":"PRI2","WINT_MAT":null,"WINT_COMM":"ACCESSIBLE PARKING - HR3 - SPOT(S) = 2","GLOBALID":"77c4580a-0582-4fd9-bf53-0f81a89a5bc5","WINT_ADDDATE":"Fri, 18 Oct 2019 03:00:00 GMT","WINT_MODDATE":"Mon, 27 Jan 2020 04:00:00 GMT"}},{"type":"Feature","id":186,"geometry":{"type":"Point","coordinates":[-63.5941201585856,44.6558513971535]},"properties":{"OBJECTID":186,"ACCPRKID":"AP24","STREET_NAME":"AGRICOLA ST","FROM_STR":"NORTH ST","TO_STR":"MCCULLY ST","NUMSPOTS":1,"DURATION":"HR3","QUALIFIER":null,"STATUS":"INS","COMMENTS":null,"DIRECTION":"NW","ADJSURFMAT":"GRASS","OBSTRUCT":"Y","LOC_HILL":"N","ADDDATE":"Wed, 09 Oct 2019 17:37:38 GMT","MODDATE":"Tue, 27 May 2025 17:25:56 GMT","SDATE":"Mon, 30 Sep 2019 03:00:00 GMT","SOURCE":"Traffic Services","SACC":"IN","WINT_PLOW":"Y","WINT_MAINT":"SWZ6","WINT_ROUTE":"RB","WINT_LOS":"PRI2","WINT_MAT":null,"WINT_COMM":"ACCESSIBLE PARKING - HR3 - SPOT(S) = 1","GLOBALID":"5f15e05f-4512-4b54-bf80-f2c6b8ba9859","WINT_ADDDATE":"Wed, 09 Oct 2019 03:00:00 GMT","WINT_MODDATE":"Mon, 27 Jan 2020 04:00:00 GMT"}},{"type":"Feature","id":187,"geometry":{"type":"Point","coordinates":[-63.572155313233,44.6463939634632]},"properties":{"OBJECTID":187,"ACCPRKID":"AP238","STREET_NAME":"HOLLIS ST","FROM_STR":"SACKVILLE ST","TO_STR":"SALTER ST","NUMSPOTS":1,"DURATION":"HR3","QUALIFIER":null,"STATUS":"INS","COMMENTS":null,"DIRECTION":"S","ADJSURFMAT":"CONCRETE","OBSTRUCT":"N","LOC_HILL":"N","ADDDATE":"Mon, 05 Oct 2020 16:48:49 GMT","MODDATE":"Tue, 27 May 2025 17:56:19 GMT","SDATE":"Mon, 05 Oct 2020 03:00:00 GMT","SOURCE":"Traffic Services","SACC":"IN","WINT_PLOW":"Y","WINT_MAINT":"HRM1","WINT_ROUTE":"R1","WINT_LOS":"PRI2","WINT_MAT":null,"WINT_COMM":null,"GLOBALID":"7f567853-f941-4e8c-8cdf-cb975dc9551d","WINT_ADDDATE":null,"WINT_MODDATE":null}},{"type":"Feature","id":188,"geometry":{"type":"Point","coordinates":[-63.6013073959175,44.6633540594916]},"properties":{"OBJECTID":188,"ACCPRKID":"AP216","STREET_NAME":"LIVINGSTONE PL","FROM_STR":"ISLEVILLE ST","TO_STR":"NOVALEA DR","NUMSPOTS":1,"DURATION":"HR3","QUALIFIER":null,"STATUS":"INS","COMMENTS":null,"DIRECTION":"NE","ADJSURFMAT":"CONGRAS","OBSTRUCT":"N","LOC_HILL":"N","ADDDATE":"Mon, 21 Oct 2019 20:16:12 GMT","MODDATE":"Tue, 27 May 2025 18:05:22 GMT","SDATE":"Mon, 30 Sep 2019 03:00:00 GMT","SOURCE":"Traffic Services","SACC":"IN","WINT_PLOW":"Y","WINT_MAINT":"SWZ6","WINT_ROUTE":"RB","WINT_LOS":"PRI2","WINT_MAT":null,"WINT_COMM":"ACCESSIBLE PARKING - HR3 - SPOT(S) = 1","GLOBALID":"bcbdfd8e-9503-42d9-8498-12ab65e8eff7","WINT_ADDDATE":"Mon, 21 Oct 2019 03:00:00 GMT","WINT_MODDATE":"Mon, 27 Jan 2020 04:00:00 GMT"}},{"type":"Feature","id":189,"geometry":{"type":"Point","coordinates":[-63.619982309764,44.6255772160163]},"properties":{"OBJECTID":189,"ACCPRKID":"AP429","STREET_NAME":"DRUMDONALD RD","FROM_STR":"RIDGE VALLEY RD","TO_STR":"SHEPHERD RD","NUMSPOTS":1,"DURATION":null,"QUALIFIER":null,"STATUS":"PND","COMMENTS":null,"DIRECTION":null,"ADJSURFMAT":null,"OBSTRUCT":null,"LOC_HILL":null,"ADDDATE":"Tue, 27 May 2025 19:52:40 GMT","MODDATE":"Tue, 27 May 2025 19:52:40 GMT","SDATE":null,"SOURCE":null,"SACC":null,"WINT_PLOW":null,"WINT_MAINT":null,"WINT_ROUTE":null,"WINT_LOS":null,"WINT_MAT":null,"WINT_COMM":null,"GLOBALID":"db3e6819-23aa-4e50-8816-6ad388e33695","WINT_ADDDATE":null,"WINT_MODDATE":null}},{"type":"Feature","id":190,"geometry":{"type":"Point","coordinates":[-63.6176262326913,44.6375617679376]},"properties":{"OBJECTID":190,"ACCPRKID":"AP428","STREET_NAME":"SPINNAKER DR","FROM_STR":"PURCELLS COVE RD","TO_STR":"ANCHOR DR","NUMSPOTS":1,"DURATION":"NTR","QUALIFIER":null,"STATUS":"PND","COMMENTS":null,"DIRECTION":null,"ADJSURFMAT":null,"OBSTRUCT":null,"LOC_HILL":null,"ADDDATE":"Tue, 27 May 2025 19:52:40 GMT","MODDATE":"Tue, 27 May 2025 19:59:44 GMT","SDATE":"Thu, 20 Mar 2025 21:15:48 GMT","SOURCE":"Parking Enforcement","SACC":null,"WINT_PLOW":null,"WINT_MAINT":null,"WINT_ROUTE":null,"WINT_LOS":null,"WINT_MAT":null,"WINT_COMM":null,"GLOBALID":"f2ea4c78-b50a-4733-8e91-725990537020","WINT_ADDDATE":null,"WINT_MODDATE":null}},{"type":"Feature","id":191,"geometry":{"type":"Point","coordinates":[-63.5847976024671,44.6396794890483]},"properties":{"OBJECTID":191,"ACCPRKID":"AP96","STREET_NAME":"COLLEGE ST","FROM_STR":"ROBIE ST","TO_STR":"CARLETON ST","NUMSPOTS":2,"DURATION":"HR3","QUALIFIER":null,"STATUS":"INS","COMMENTS":null,"DIRECTION":"E","ADJSURFMAT":"CONCRETE","OBSTRUCT":"Y","LOC_HILL":"N","ADDDATE":"Thu, 17 Oct 2019 20:22:44 GMT","MODDATE":"Tue, 27 May 2025 17:36:22 GMT","SDATE":"Mon, 30 Sep 2019 03:00:00 GMT","SOURCE":"Traffic Services","SACC":"IN","WINT_PLOW":"Y","WINT_MAINT":"HRM1","WINT_ROUTE":"R4","WINT_LOS":"PRI2","WINT_MAT":null,"WINT_COMM":"ACCESSIBLE PARKING - HR3 - SPOT(S) = 2","GLOBALID":"628f2382-3b7d-445e-b9ce-816e37033f0f","WINT_ADDDATE":"Thu, 17 Oct 2019 03:00:00 GMT","WINT_MODDATE":"Mon, 27 Jan 2020 04:00:00 GMT"}},{"type":"Feature","id":192,"geometry":{"type":"Point","coordinates":[-63.5972958818797,44.6519304923997]},"properties":{"OBJECTID":192,"ACCPRKID":"AP357","STREET_NAME":"WILLOW ST","FROM_STR":"GLADSTONE ST","TO_STR":"WINDSOR ST","NUMSPOTS":2,"DURATION":"NTR","QUALIFIER":null,"STATUS":"PND","COMMENTS":null,"DIRECTION":"E","ADJSURFMAT":null,"OBSTRUCT":null,"LOC_HILL":null,"ADDDATE":"Tue, 27 May 2025 19:52:40 GMT","MODDATE":"Tue, 27 May 2025 20:17:40 GMT","SDATE":"Mon, 16 Oct 2023 16:03:29 GMT","SOURCE":"WEB","SACC":"DG","WINT_PLOW":null,"WINT_MAINT":null,"WINT_ROUTE":null,"WINT_LOS":null,"WINT_MAT":null,"WINT_COMM":null,"GLOBALID":"d8934a17-5ba9-4fbd-9536-d124f0c05b8d","WINT_ADDDATE":null,"WINT_MODDATE":null}},{"type":"Feature","id":193,"geometry":{"type":"Point","coordinates":[-63.5716032383038,44.6480753046116]},"properties":{"OBJECTID":193,"ACCPRKID":"AP284","STREET_NAME":"LOWER WATER ST","FROM_STR":"PRINCE ST","TO_STR":"GEORGE ST","NUMSPOTS":2,"DURATION":"HR3","QUALIFIER":null,"STATUS":"INS","COMMENTS":null,"DIRECTION":"NW","ADJSURFMAT":"CONCRETE","OBSTRUCT":"N","LOC_HILL":"N","ADDDATE":"Fri, 07 Jan 2022 16:48:35 GMT","MODDATE":"Tue, 27 May 2025 16:26:28 GMT","SDATE":"Fri, 14 Jan 2022 04:00:00 GMT","SOURCE":"Traffic Services","SACC":"IN","WINT_PLOW":"Y","WINT_MAINT":"HRM1","WINT_ROUTE":"R1","WINT_LOS":"PRI2","WINT_MAT":null,"WINT_COMM":null,"GLOBALID":"455d6c8a-f659-49b4-9488-8296ae682f12","WINT_ADDDATE":"Fri, 14 Jan 2022 04:00:00 GMT","WINT_MODDATE":null}},{"type":"Feature","id":194,"geometry":{"type":"Point","coordinates":[-63.5921173152523,44.6482944662857]},"properties":{"OBJECTID":194,"ACCPRKID":"AP44","STREET_NAME":"PARKER ST","FROM_STR":"WINDSOR ST","TO_STR":"WELSFORD ST","NUMSPOTS":4,"DURATION":null,"QUALIFIER":null,"STATUS":"INS","COMMENTS":null,"DIRECTION":"N","ADJSURFMAT":"GRASS","OBSTRUCT":"Y","LOC_HILL":"N","ADDDATE":"Thu, 10 Oct 2019 21:04:14 GMT","MODDATE":"Tue, 27 May 2025 16:43:34 GMT","SDATE":"Mon, 30 Sep 2019 03:00:00 GMT","SOURCE":"Traffic Services","SACC":"IN","WINT_PLOW":"Y","WINT_MAINT":"SWZ6","WINT_ROUTE":"RB","WINT_LOS":"PRI2","WINT_MAT":null,"WINT_COMM":"ACCESSIBLE PARKING - SPOT(S) = 4","GLOBALID":"3f55eeb6-a568-4f05-9fd3-f64f7892c30e","WINT_ADDDATE":"Thu, 10 Oct 2019 03:00:00 GMT","WINT_MODDATE":"Mon, 27 Jan 2020 04:00:00 GMT"}},{"type":"Feature","id":195,"geometry":{"type":"Point","coordinates":[-63.5741976294382,44.6487575032014]},"properties":{"OBJECTID":195,"ACCPRKID":"AP154","STREET_NAME":"GRANVILLE ST","FROM_STR":"DUKE ST","TO_STR":"GEORGE ST","NUMSPOTS":1,"DURATION":"HR2","QUALIFIER":null,"STATUS":"INS","COMMENTS":null,"DIRECTION":"N","ADJSURFMAT":"CONCRETE","OBSTRUCT":"Y","LOC_HILL":"N","ADDDATE":"Fri, 18 Oct 2019 16:58:21 GMT","MODDATE":"Tue, 27 May 2025 18:12:16 GMT","SDATE":"Mon, 30 Sep 2019 03:00:00 GMT","SOURCE":"Traffic Services","SACC":"IN","WINT_PLOW":"Y","WINT_MAINT":"HRM1","WINT_ROUTE":"R1","WINT_LOS":"PRI2","WINT_MAT":null,"WINT_COMM":"ACCESSIBLE PARKING - HR2 - SPOT(S) = 1","GLOBALID":"d4594f64-79ac-434a-a762-e4833a01da3b","WINT_ADDDATE":"Fri, 18 Oct 2019 03:00:00 GMT","WINT_MODDATE":"Mon, 27 Jan 2020 04:00:00 GMT"}},{"type":"Feature","id":197,"geometry":{"type":"Point","coordinates":[-63.5935923992545,44.6455969585989]},"properties":{"OBJECTID":197,"ACCPRKID":"AP364","STREET_NAME":"PEPPERELL ST","FROM_STR":"VERNON ST","TO_STR":"PRESTON ST","NUMSPOTS":1,"DURATION":"HR1","QUALIFIER":null,"STATUS":"PND","COMMENTS":null,"DIRECTION":"E","ADJSURFMAT":null,"OBSTRUCT":null,"LOC_HILL":null,"ADDDATE":"Tue, 27 May 2025 19:52:40 GMT","MODDATE":"Tue, 27 May 2025 20:17:40 GMT","SDATE":"Mon, 16 Oct 2023 16:03:29 GMT","SOURCE":"WEB","SACC":"DG","WINT_PLOW":null,"WINT_MAINT":null,"WINT_ROUTE":null,"WINT_LOS":null,"WINT_MAT":null,"WINT_COMM":null,"GLOBALID":"f4e1324e-b954-4668-ab8d-1f22d0ef92f4","WINT_ADDDATE":null,"WINT_MODDATE":null}},{"type":"Feature","id":198,"geometry":{"type":"Point","coordinates":[-63.6017306461468,44.6619747180469]},"properties":{"OBJECTID":198,"ACCPRKID":"AP33","STREET_NAME":"KANE ST","FROM_STR":"AGRICOLA ST","TO_STR":"ISLEVILLE ST","NUMSPOTS":1,"DURATION":"NTR","QUALIFIER":null,"STATUS":"INS","COMMENTS":null,"DIRECTION":"NE","ADJSURFMAT":"GRASS","OBSTRUCT":"Y","LOC_HILL":"N","ADDDATE":"Wed, 09 Oct 2019 19:32:31 GMT","MODDATE":"Tue, 27 May 2025 18:05:22 GMT","SDATE":"Mon, 30 Sep 2019 03:00:00 GMT","SOURCE":"Traffic Services","SACC":"IN","WINT_PLOW":"Y","WINT_MAINT":"SWZ6","WINT_ROUTE":"RB","WINT_LOS":"PRI2","WINT_MAT":null,"WINT_COMM":"ACCESSIBLE PARKING - NTR - SPOT(S) = 1","GLOBALID":"3b00423a-fa1e-48cc-98a3-58171d45c492","WINT_ADDDATE":"Wed, 09 Oct 2019 03:00:00 GMT","WINT_MODDATE":"Mon, 27 Jan 2020 04:00:00 GMT"}},{"type":"Feature","id":199,"geometry":{"type":"Point","coordinates":[-63.5957986112866,44.6354180371016]},"properties":{"OBJECTID":199,"ACCPRKID":"AP46","STREET_NAME":"OXFORD ST","FROM_STR":"COBURG RD","TO_STR":"SOUTH ST","NUMSPOTS":1,"DURATION":"NTR","QUALIFIER":null,"STATUS":"INS","COMMENTS":null,"DIRECTION":"S","ADJSURFMAT":"GRASS","OBSTRUCT":"Y","LOC_HILL":"Y","ADDDATE":"Thu, 10 Oct 2019 21:14:57 GMT","MODDATE":"Tue, 27 May 2025 17:41:51 GMT","SDATE":"Mon, 30 Sep 2019 03:00:00 GMT","SOURCE":"Traffic Services","SACC":"IN","WINT_PLOW":"Y","WINT_MAINT":"SWZ5","WINT_ROUTE":null,"WINT_LOS":"PRI2","WINT_MAT":null,"WINT_COMM":"ACCESSIBLE PARKING - NTR - SPOT(S) = 1","GLOBALID":"eaf91e54-7a06-4736-9bb3-7eec9f2f57c9","WINT_ADDDATE":"Thu, 10 Oct 2019 03:00:00 GMT","WINT_MODDATE":"Mon, 27 Jan 2020 04:00:00 GMT"}},{"type":"Feature","id":200,"geometry":{"type":"Point","coordinates":[-63.5863346531559,44.6404345268629]},"properties":{"OBJECTID":200,"ACCPRKID":"AP258","STREET_NAME":"SPRING GARDEN RD","FROM_STR":"ROBIE ST","TO_STR":"CARLTON ST","NUMSPOTS":1,"DURATION":"HR3","QUALIFIER":null,"STATUS":"INS","COMMENTS":null,"DIRECTION":"E","ADJSURFMAT":"CONCRETE","OBSTRUCT":"N","LOC_HILL":"N","ADDDATE":"Thu, 01 Apr 2021 17:21:15 GMT","MODDATE":"Tue, 27 May 2025 16:32:02 GMT","SDATE":null,"SOURCE":"Traffic Services","SACC":"IN","WINT_PLOW":"Y","WINT_MAINT":"HRM1","WINT_ROUTE":"R4","WINT_LOS":"PRI2","WINT_MAT":null,"WINT_COMM":null,"GLOBALID":"0cf0da36-c455-4049-bd94-c9b3d0a31703","WINT_ADDDATE":"Wed, 01 Sep 2021 03:00:00 GMT","WINT_MODDATE":null}},{"type":"Feature","id":201,"geometry":{"type":"Point","coordinates":[-63.5922516088957,44.6560492313604]},"properties":{"OBJECTID":201,"ACCPRKID":"AP260","STREET_NAME":"MAYNARD ST","FROM_STR":"CHARLES ST","TO_STR":"NORTH ST","NUMSPOTS":1,"DURATION":"NTR","QUALIFIER":null,"STATUS":"INS","COMMENTS":null,"DIRECTION":"NW","ADJSURFMAT":"CONCRETE","OBSTRUCT":"N","LOC_HILL":"N","ADDDATE":"Thu, 01 Apr 2021 18:28:30 GMT","MODDATE":"Tue, 27 May 2025 17:10:11 GMT","SDATE":null,"SOURCE":"Traffic Services","SACC":"IN","WINT_PLOW":"Y","WINT_MAINT":"SWZ6","WINT_ROUTE":"RB","WINT_LOS":"PRI2","WINT_MAT":null,"WINT_COMM":null,"GLOBALID":"5c9b63c7-bc55-4553-9562-a9613a28766b","WINT_ADDDATE":"Wed, 01 Sep 2021 03:00:00 GMT","WINT_MODDATE":null}},{"type":"Feature","id":202,"geometry":{"type":"Point","coordinates":[-63.6006654831717,44.6557166108871]},"properties":{"OBJECTID":202,"ACCPRKID":"AP11","STREET_NAME":"ALMON ST","FROM_STR":"GLADSTONE ST","TO_STR":"ROBIE ST","NUMSPOTS":2,"DURATION":"HR3","QUALIFIER":null,"STATUS":"INS","COMMENTS":null,"DIRECTION":"E","ADJSURFMAT":"CONCRETE","OBSTRUCT":"N","LOC_HILL":"N","ADDDATE":"Sat, 05 Oct 2019 18:00:49 GMT","MODDATE":"Tue, 27 May 2025 17:28:10 GMT","SDATE":"Mon, 30 Sep 2019 03:00:00 GMT","SOURCE":"Traffic Services","SACC":"IN","WINT_PLOW":"Y","WINT_MAINT":"SWZ6","WINT_ROUTE":"RB","WINT_LOS":"PRI2","WINT_MAT":null,"WINT_COMM":"ACCESSIBLE PARKING - HR3 - SPOT(S) = 2","GLOBALID":"01ba37d3-aaea-4561-9da5-8cadfb3c3872","WINT_ADDDATE":"Sat, 05 Oct 2019 03:00:00 GMT","WINT_MODDATE":"Mon, 27 Jan 2020 04:00:00 GMT"}},{"type":"Feature","id":203,"geometry":{"type":"Point","coordinates":[-63.6028234736394,44.6619617513719]},"properties":{"OBJECTID":203,"ACCPRKID":"AP423","STREET_NAME":"AGRICOLA ST","FROM_STR":"KANE ST","TO_STR":"LIVINGSTONE ST","NUMSPOTS":1,"DURATION":"NTR","QUALIFIER":null,"STATUS":"PND","COMMENTS":null,"DIRECTION":"N","ADJSURFMAT":null,"OBSTRUCT":null,"LOC_HILL":null,"ADDDATE":"Tue, 27 May 2025 19:52:40 GMT","MODDATE":"Tue, 27 May 2025 20:18:23 GMT","SDATE":"Mon, 03 Mar 2025 22:00:53 GMT","SOURCE":"Parking Enforcement","SACC":null,"WINT_PLOW":null,"WINT_MAINT":null,"WINT_ROUTE":null,"WINT_LOS":null,"WINT_MAT":null,"WINT_COMM":null,"GLOBALID":"dd84700e-ee55-443e-a6ef-16be67ab72aa","WINT_ADDDATE":null,"WINT_MODDATE":null}},{"type":"Feature","id":204,"geometry":{"type":"Point","coordinates":[-63.6139059407905,44.6289013974471]},"properties":{"OBJECTID":204,"ACCPRKID":"AP328","STREET_NAME":"EASTVIEW DR","FROM_STR":"REXDALE AVE","TO_STR":"END","NUMSPOTS":1,"DURATION":null,"QUALIFIER":null,"STATUS":"INS","COMMENTS":null,"DIRECTION":"N","ADJSURFMAT":null,"OBSTRUCT":null,"LOC_HILL":null,"ADDDATE":"Tue, 02 Jan 2024 17:36:48 GMT","MODDATE":"Tue, 02 Jan 2024 17:50:03 GMT","SDATE":"Tue, 19 Dec 2023 04:00:00 GMT","SOURCE":"TPW","SACC":"IN","WINT_PLOW":null,"WINT_MAINT":null,"WINT_ROUTE":null,"WINT_LOS":null,"WINT_MAT":null,"WINT_COMM":null,"GLOBALID":"27ca142f-f07e-4a49-a3b6-dcc264c5c4b0","WINT_ADDDATE":null,"WINT_MODDATE":null}},{"type":"Feature","id":205,"geometry":{"type":"Point","coordinates":[-63.5980482999819,44.6617245777617]},"properties":{"OBJECTID":205,"ACCPRKID":"AP26","STREET_NAME":"SULLIVAN ST","FROM_STR":"ISLEVILLE ST","TO_STR":"GOTTINGEN ST","NUMSPOTS":1,"DURATION":"NTR","QUALIFIER":null,"STATUS":"INS","COMMENTS":null,"DIRECTION":"NE","ADJSURFMAT":"GRASS","OBSTRUCT":"Y","LOC_HILL":"N","ADDDATE":"Wed, 09 Oct 2019 17:55:24 GMT","MODDATE":"Tue, 27 May 2025 17:28:10 GMT","SDATE":"Mon, 30 Sep 2019 03:00:00 GMT","SOURCE":"Traffic Services","SACC":"IN","WINT_PLOW":"Y","WINT_MAINT":"SWZ6","WINT_ROUTE":"RB","WINT_LOS":"PRI2","WINT_MAT":null,"WINT_COMM":"ACCESSIBLE PARKING - NTR - SPOT(S) = 1","GLOBALID":"8fabedc7-7487-4cc2-a604-10c5cc9c485d","WINT_ADDDATE":"Wed, 09 Oct 2019 03:00:00 GMT","WINT_MODDATE":"Mon, 27 Jan 2020 04:00:00 GMT"}},{"type":"Feature","id":206,"geometry":{"type":"Point","coordinates":[-63.6278620745181,44.6546254728004]},"properties":{"OBJECTID":206,"ACCPRKID":"AP406","STREET_NAME":"DESMOND AVE","FROM_STR":"RAMP BD-A RAMP","TO_STR":"SCOT ST","NUMSPOTS":1,"DURATION":"NTR","QUALIFIER":null,"STATUS":"PND","COMMENTS":null,"DIRECTION":null,"ADJSURFMAT":null,"OBSTRUCT":null,"LOC_HILL":null,"ADDDATE":"Tue, 27 May 2025 19:52:40 GMT","MODDATE":"Tue, 27 May 2025 19:59:44 GMT","SDATE":"Thu, 16 Jan 2025 22:16:50 GMT","SOURCE":"Parking Enforcement","SACC":null,"WINT_PLOW":null,"WINT_MAINT":null,"WINT_ROUTE":null,"WINT_LOS":null,"WINT_MAT":null,"WINT_COMM":null,"GLOBALID":"5efa0f85-e051-4452-8917-7d76c5d654bf","WINT_ADDDATE":null,"WINT_MODDATE":null}},{"type":"Feature","id":207,"geometry":{"type":"Point","coordinates":[-63.578534410864,44.6503650087711]},"properties":{"OBJECTID":207,"ACCPRKID":"AP329","STREET_NAME":"BRUNSWICK ST","FROM_STR":"DUKE ST","TO_STR":"COGSWELL ST","NUMSPOTS":1,"DURATION":"HR3","QUALIFIER":null,"STATUS":"INS","COMMENTS":null,"DIRECTION":"NE","ADJSURFMAT":null,"OBSTRUCT":null,"LOC_HILL":"N","ADDDATE":"Fri, 05 Jan 2024 17:52:05 GMT","MODDATE":"Tue, 27 May 2025 17:01:50 GMT","SDATE":"Fri, 05 Jan 2024 04:00:00 GMT","SOURCE":"TPW","SACC":"IN","WINT_PLOW":null,"WINT_MAINT":null,"WINT_ROUTE":null,"WINT_LOS":null,"WINT_MAT":null,"WINT_COMM":null,"GLOBALID":"c0fe1db2-794d-49ec-ba58-5a602f6845e5","WINT_ADDDATE":null,"WINT_MODDATE":null}},{"type":"Feature","id":208,"geometry":{"type":"Point","coordinates":[-63.5876183762396,44.6373279098453]},"properties":{"OBJECTID":208,"ACCPRKID":"AP200","STREET_NAME":"HENRY ST","FROM_STR":"SOUTH ST","TO_STR":"UNIVERSITY AVE","NUMSPOTS":3,"DURATION":"HR3","QUALIFIER":null,"STATUS":"INS","COMMENTS":null,"DIRECTION":"N","ADJSURFMAT":"GRASS","OBSTRUCT":"Y","LOC_HILL":"N","ADDDATE":"Fri, 18 Oct 2019 16:58:21 GMT","MODDATE":"Tue, 27 May 2025 18:01:04 GMT","SDATE":"Mon, 30 Sep 2019 03:00:00 GMT","SOURCE":"Traffic Services","SACC":"IN","WINT_PLOW":"Y","WINT_MAINT":"SWZ5","WINT_ROUTE":null,"WINT_LOS":"PRI2","WINT_MAT":null,"WINT_COMM":"ACCESSIBLE PARKING - HR3 - SPOT(S) = 3","GLOBALID":"5991f98f-db68-497c-a87f-752b0297cec4","WINT_ADDDATE":"Fri, 18 Oct 2019 03:00:00 GMT","WINT_MODDATE":"Mon, 27 Jan 2020 04:00:00 GMT"}},{"type":"Feature","id":209,"geometry":{"type":"Point","coordinates":[-63.5731118905515,44.6387481121068]},"properties":{"OBJECTID":209,"ACCPRKID":"AP358","STREET_NAME":"TOBIN ST","FROM_STR":"BARRINGTON ST","TO_STR":"QUEEN ST","NUMSPOTS":5,"DURATION":"NTR","QUALIFIER":1,"STATUS":"PND","COMMENTS":null,"DIRECTION":"W","ADJSURFMAT":null,"OBSTRUCT":null,"LOC_HILL":null,"ADDDATE":"Tue, 27 May 2025 19:52:40 GMT","MODDATE":"Tue, 27 May 2025 20:21:09 GMT","SDATE":"Mon, 16 Oct 2023 16:03:29 GMT","SOURCE":"Parking Enforcement","SACC":"DG","WINT_PLOW":null,"WINT_MAINT":null,"WINT_ROUTE":null,"WINT_LOS":null,"WINT_MAT":null,"WINT_COMM":null,"GLOBALID":"1e0153ce-a225-4736-83e9-71c150e9ffe3","WINT_ADDDATE":null,"WINT_MODDATE":null}},{"type":"Feature","id":210,"geometry":{"type":"Point","coordinates":[-63.5857306843493,44.6530302896997]},"properties":{"OBJECTID":210,"ACCPRKID":"AP378","STREET_NAME":"CUNARD ST","FROM_STR":"GOTTINGEN ST","TO_STR":"CREIGHTON ST","NUMSPOTS":1,"DURATION":"HR3","QUALIFIER":null,"STATUS":"PND","COMMENTS":null,"DIRECTION":"E","ADJSURFMAT":null,"OBSTRUCT":null,"LOC_HILL":null,"ADDDATE":"Tue, 27 May 2025 19:52:40 GMT","MODDATE":"Tue, 27 May 2025 20:17:40 GMT","SDATE":"Mon, 16 Oct 2023 16:03:29 GMT","SOURCE":"Parking Enforcement","SACC":null,"WINT_PLOW":null,"WINT_MAINT":null,"WINT_ROUTE":null,"WINT_LOS":null,"WINT_MAT":null,"WINT_COMM":null,"GLOBALID":"36bf815e-4f03-4ba9-bcba-9f6d1c4c60ad","WINT_ADDDATE":null,"WINT_MODDATE":null}},{"type":"Feature","id":211,"geometry":{"type":"Point","coordinates":[-63.5936122223778,44.6472265471589]},"properties":{"OBJECTID":211,"ACCPRKID":"AP43","STREET_NAME":"QUINGATE PL","FROM_STR":"QUINPOOL RD","TO_STR":null,"NUMSPOTS":1,"DURATION":"NTR","QUALIFIER":null,"STATUS":"INS","COMMENTS":null,"DIRECTION":"N","ADJSURFMAT":"CONCRETE","OBSTRUCT":"N","LOC_HILL":"N","ADDDATE":"Thu, 10 Oct 2019 18:21:53 GMT","MODDATE":"Tue, 27 May 2025 17:14:09 GMT","SDATE":"Mon, 30 Sep 2019 03:00:00 GMT","SOURCE":"Traffic Services","SACC":"IN","WINT_PLOW":"Y","WINT_MAINT":"SWZ6","WINT_ROUTE":"RA","WINT_LOS":"PRI2","WINT_MAT":null,"WINT_COMM":"ACCESSIBLE PARKING - NTR - SPOT(S) = 1","GLOBALID":"f9f2c50f-5ff3-4ed5-9791-723c6f53a8f9","WINT_ADDDATE":"Thu, 10 Oct 2019 03:00:00 GMT","WINT_MODDATE":"Mon, 27 Jan 2020 04:00:00 GMT"}},{"type":"Feature","id":212,"geometry":{"type":"Point","coordinates":[-63.5696254633568,44.6655289274075]},"properties":{"OBJECTID":212,"ACCPRKID":"AP291","STREET_NAME":"OCHTERLONEY ST","FROM_STR":"ALDERNEY DR","TO_STR":"EDWARD ST","NUMSPOTS":1,"DURATION":null,"QUALIFIER":null,"STATUS":"INS","COMMENTS":null,"DIRECTION":"NE","ADJSURFMAT":null,"OBSTRUCT":null,"LOC_HILL":null,"ADDDATE":"Fri, 10 Feb 2023 23:18:27 GMT","MODDATE":"Tue, 27 May 2025 17:47:31 GMT","SDATE":"Fri, 10 Feb 2023 04:00:00 GMT","SOURCE":"Parking Services","SACC":"IN","WINT_PLOW":"Y","WINT_MAINT":"HRM2","WINT_ROUTE":"R1","WINT_LOS":"PRI1","WINT_MAT":"SALT","WINT_COMM":null,"GLOBALID":"46fbe7c5-ad96-4f49-8e25-64db2de43c3e","WINT_ADDDATE":null,"WINT_MODDATE":null}},{"type":"Feature","id":213,"geometry":{"type":"Point","coordinates":[-63.6309882844704,44.658602515569]},"properties":{"OBJECTID":213,"ACCPRKID":"AP425","STREET_NAME":"DEAL ST","FROM_STR":"DUTCH VILLAGE RD","TO_STR":"DUTCH VILLAGE RD","NUMSPOTS":1,"DURATION":null,"QUALIFIER":null,"STATUS":"PND","COMMENTS":null,"DIRECTION":null,"ADJSURFMAT":null,"OBSTRUCT":null,"LOC_HILL":null,"ADDDATE":"Tue, 27 May 2025 19:52:40 GMT","MODDATE":"Tue, 27 May 2025 19:52:40 GMT","SDATE":"Tue, 18 Feb 2025 21:10:57 GMT","SOURCE":"Parking Enforcement","SACC":null,"WINT_PLOW":null,"WINT_MAINT":null,"WINT_ROUTE":null,"WINT_LOS":null,"WINT_MAT":null,"WINT_COMM":null,"GLOBALID":"f79661fe-691e-427f-8b29-5898b1092b8a","WINT_ADDDATE":null,"WINT_MODDATE":null}},{"type":"Feature","id":214,"geometry":{"type":"Point","coordinates":[-63.5664422966223,44.6682203402033]},"properties":{"OBJECTID":214,"ACCPRKID":"AP346","STREET_NAME":"OCHTERLONEY ST","FROM_STR":"DUNDAS ST","TO_STR":"VICTORIA RD","NUMSPOTS":2,"DURATION":null,"QUALIFIER":null,"STATUS":"PND","COMMENTS":null,"DIRECTION":"E","ADJSURFMAT":null,"OBSTRUCT":null,"LOC_HILL":null,"ADDDATE":"Tue, 27 May 2025 19:52:40 GMT","MODDATE":"Tue, 27 May 2025 20:17:40 GMT","SDATE":"Mon, 16 Oct 2023 16:03:29 GMT","SOURCE":"WEB","SACC":"DG","WINT_PLOW":null,"WINT_MAINT":null,"WINT_ROUTE":null,"WINT_LOS":null,"WINT_MAT":null,"WINT_COMM":null,"GLOBALID":"3d3471e3-6506-43a2-a669-41d7830a1cb5","WINT_ADDDATE":null,"WINT_MODDATE":null}},{"type":"Feature","id":215,"geometry":{"type":"Point","coordinates":[-63.6078958450271,44.6636684741433]},"properties":{"OBJECTID":215,"ACCPRKID":"AP427","STREET_NAME":"CABOT ST","FROM_STR":"AGRICOLA ST","TO_STR":"ROBIE ST","NUMSPOTS":1,"DURATION":null,"QUALIFIER":null,"STATUS":"PND","COMMENTS":null,"DIRECTION":null,"ADJSURFMAT":null,"OBSTRUCT":null,"LOC_HILL":null,"ADDDATE":"Tue, 27 May 2025 19:52:40 GMT","MODDATE":"Tue, 27 May 2025 19:52:40 GMT","SDATE":"Wed, 05 Feb 2025 22:58:06 GMT","SOURCE":"Parking Enforcement","SACC":null,"WINT_PLOW":null,"WINT_MAINT":null,"WINT_ROUTE":null,"WINT_LOS":null,"WINT_MAT":null,"WINT_COMM":null,"GLOBALID":"62dcb157-d680-4fa4-b5c0-64f8f47c47b8","WINT_ADDDATE":null,"WINT_MODDATE":null}},{"type":"Feature","id":216,"geometry":{"type":"Point","coordinates":[-63.5693793653932,44.6402003498922]},"properties":{"OBJECTID":216,"ACCPRKID":"AP233","STREET_NAME":"SOUTH ST","FROM_STR":"HOLLIS ST","TO_STR":"BARRINGTON ST","NUMSPOTS":1,"DURATION":"NTR","QUALIFIER":null,"STATUS":"INS","COMMENTS":null,"DIRECTION":"E","ADJSURFMAT":"CONGRAS","OBSTRUCT":"N","LOC_HILL":"N","ADDDATE":"Tue, 22 Sep 2020 16:34:23 GMT","MODDATE":"Tue, 27 May 2025 17:50:54 GMT","SDATE":"Mon, 21 Sep 2020 03:00:00 GMT","SOURCE":"Traffic Services","SACC":"IN","WINT_PLOW":"Y","WINT_MAINT":"HRM1","WINT_ROUTE":"R2","WINT_LOS":"PRI2","WINT_MAT":null,"WINT_COMM":null,"GLOBALID":"bb3ba8e6-3d59-4c93-8011-6bb7b2110fbd","WINT_ADDDATE":null,"WINT_MODDATE":null}},{"type":"Feature","id":217,"geometry":{"type":"Point","coordinates":[-63.5935937233712,44.6535703039417]},"properties":{"OBJECTID":217,"ACCPRKID":"AP319","STREET_NAME":"CHARLES ST","FROM_STR":"DAVISON ST","TO_STR":"ROBIE ST","NUMSPOTS":2,"DURATION":"NTR","QUALIFIER":1,"STATUS":"INS","COMMENTS":null,"DIRECTION":"NE","ADJSURFMAT":null,"OBSTRUCT":null,"LOC_HILL":null,"ADDDATE":"Mon, 20 Nov 2023 17:18:43 GMT","MODDATE":"Tue, 27 May 2025 18:05:22 GMT","SDATE":"Mon, 20 Nov 2023 04:00:00 GMT","SOURCE":"Parking Services","SACC":"IN","WINT_PLOW":null,"WINT_MAINT":null,"WINT_ROUTE":null,"WINT_LOS":null,"WINT_MAT":null,"WINT_COMM":null,"GLOBALID":"a0f6da7b-816b-444f-ba69-1176dc7e7081","WINT_ADDDATE":null,"WINT_MODDATE":null}},{"type":"Feature","id":218,"geometry":{"type":"Point","coordinates":[-63.619547911442,44.6284969380523]},"properties":{"OBJECTID":218,"ACCPRKID":"AP430","STREET_NAME":"RIDGE VALLEY RD","FROM_STR":"CAVENDISH RD","TO_STR":"HIGHFIELD ST","NUMSPOTS":1,"DURATION":null,"QUALIFIER":null,"STATUS":"PND","COMMENTS":null,"DIRECTION":null,"ADJSURFMAT":null,"OBSTRUCT":null,"LOC_HILL":null,"ADDDATE":"Tue, 27 May 2025 19:52:40 GMT","MODDATE":"Tue, 27 May 2025 19:52:40 GMT","SDATE":null,"SOURCE":null,"SACC":null,"WINT_PLOW":null,"WINT_MAINT":null,"WINT_ROUTE":null,"WINT_LOS":null,"WINT_MAT":null,"WINT_COMM":null,"GLOBALID":"a321e9ac-2ed6-4a1c-a85f-9a91914aa4e7","WINT_ADDDATE":null,"WINT_MODDATE":null}},{"type":"Feature","id":219,"geometry":{"type":"Point","coordinates":[-63.6277734754783,44.6551393600603]},"properties":{"OBJECTID":219,"ACCPRKID":"AP405","STREET_NAME":"DESMOND AVE","FROM_STR":"RAMP BD-A RAMP","TO_STR":"SCOT ST","NUMSPOTS":1,"DURATION":null,"QUALIFIER":null,"STATUS":"PND","COMMENTS":null,"DIRECTION":"N","ADJSURFMAT":null,"OBSTRUCT":null,"LOC_HILL":null,"ADDDATE":"Tue, 27 May 2025 19:52:40 GMT","MODDATE":"Tue, 27 May 2025 20:18:23 GMT","SDATE":"Thu, 16 Jan 2025 22:18:24 GMT","SOURCE":"Parking Enforcement","SACC":null,"WINT_PLOW":null,"WINT_MAINT":null,"WINT_ROUTE":null,"WINT_LOS":null,"WINT_MAT":null,"WINT_COMM":null,"GLOBALID":"7a1d4609-cd56-4ccd-b85f-20d507eb570d","WINT_ADDDATE":null,"WINT_MODDATE":null}},{"type":"Feature","id":220,"geometry":{"type":"Point","coordinates":[-63.5878444309927,44.6377916798976]},"properties":{"OBJECTID":220,"ACCPRKID":"AP396","STREET_NAME":"UNIVERSITY AVE","FROM_STR":"EDWARD ST","TO_STR":"HENRY ST","NUMSPOTS":2,"DURATION":"HR3","QUALIFIER":null,"STATUS":"PND","COMMENTS":null,"DIRECTION":"N","ADJSURFMAT":null,"OBSTRUCT":null,"LOC_HILL":null,"ADDDATE":"Tue, 27 May 2025 19:52:40 GMT","MODDATE":"Tue, 27 May 2025 20:18:23 GMT","SDATE":null,"SOURCE":"Parking Enforcement","SACC":null,"WINT_PLOW":null,"WINT_MAINT":null,"WINT_ROUTE":null,"WINT_LOS":null,"WINT_MAT":null,"WINT_COMM":null,"GLOBALID":"749cae1a-d16f-44b6-b315-495283e3b2bf","WINT_ADDDATE":null,"WINT_MODDATE":null}},{"type":"Feature","id":221,"geometry":{"type":"Point","coordinates":[-63.6212554938128,44.6579700608791]},"properties":{"OBJECTID":221,"ACCPRKID":"AP362","STREET_NAME":"CHISHOLM AVE","FROM_STR":"MICMAC ST","TO_STR":"MCALPINE AVE","NUMSPOTS":2,"DURATION":null,"QUALIFIER":null,"STATUS":"PND","COMMENTS":null,"DIRECTION":null,"ADJSURFMAT":null,"OBSTRUCT":null,"LOC_HILL":null,"ADDDATE":"Tue, 27 May 2025 19:52:40 GMT","MODDATE":"Tue, 27 May 2025 19:52:40 GMT","SDATE":"Mon, 16 Oct 2023 16:03:29 GMT","SOURCE":"WEB","SACC":"DG","WINT_PLOW":null,"WINT_MAINT":null,"WINT_ROUTE":null,"WINT_LOS":null,"WINT_MAT":null,"WINT_COMM":null,"GLOBALID":"f8aa1314-d960-4420-b353-f2fb33ca693d","WINT_ADDDATE":null,"WINT_MODDATE":null}},{"type":"Feature","id":222,"geometry":{"type":"Point","coordinates":[-63.6854783298054,44.717761582481]},"properties":{"OBJECTID":222,"ACCPRKID":"AP276","STREET_NAME":"LAKE DR","FROM_STR":"BEDFORD HILLS RD","TO_STR":"FOREST LANE","NUMSPOTS":1,"DURATION":"NTR","QUALIFIER":null,"STATUS":"INS","COMMENTS":null,"DIRECTION":"SE","ADJSURFMAT":"GRASS","OBSTRUCT":"N","LOC_HILL":"N","ADDDATE":"Thu, 12 Aug 2021 15:37:32 GMT","MODDATE":"Wed, 03 Nov 2021 20:22:06 GMT","SDATE":"Fri, 06 Aug 2021 03:00:00 GMT","SOURCE":"TPW","SACC":"IN","WINT_PLOW":null,"WINT_MAINT":"WSZ3","WINT_ROUTE":null,"WINT_LOS":"PRI2","WINT_MAT":null,"WINT_COMM":null,"GLOBALID":"da61bd57-b677-4818-bda9-a793cb8b6e02","WINT_ADDDATE":null,"WINT_MODDATE":null}},{"type":"Feature","id":223,"geometry":{"type":"Point","coordinates":[-63.6052164463174,44.6478018060722]},"properties":{"OBJECTID":223,"ACCPRKID":"AP129","STREET_NAME":"ELM ST","FROM_STR":"CHEBUCTO RD","TO_STR":"OAK ST","NUMSPOTS":1,"DURATION":"HR1","QUALIFIER":null,"STATUS":"INS","COMMENTS":null,"DIRECTION":"S","ADJSURFMAT":"CONGRAS","OBSTRUCT":"Y","LOC_HILL":"N","ADDDATE":"Tue, 22 Oct 2019 17:09:07 GMT","MODDATE":"Tue, 27 May 2025 18:05:22 GMT","SDATE":"Mon, 30 Sep 2019 03:00:00 GMT","SOURCE":"Traffic Services","SACC":"IN","WINT_PLOW":"Y","WINT_MAINT":"SWZ6","WINT_ROUTE":"RA","WINT_LOS":"PRI2","WINT_MAT":null,"WINT_COMM":"ACCESSIBLE PARKING - HR1 - SPOT(S) = 1","GLOBALID":"820c2b51-0cd2-42ec-b491-104e3456eb7b","WINT_ADDDATE":"Tue, 22 Oct 2019 03:00:00 GMT","WINT_MODDATE":"Mon, 27 Jan 2020 04:00:00 GMT"}},{"type":"Feature","id":224,"geometry":{"type":"Point","coordinates":[-63.5871046611697,44.6534636030821]},"properties":{"OBJECTID":224,"ACCPRKID":"AP229","STREET_NAME":"CREIGHTON ST","FROM_STR":"BUDDY DAYE ST","TO_STR":"CUNARD ST","NUMSPOTS":1,"DURATION":"NTR","QUALIFIER":null,"STATUS":"INS","COMMENTS":null,"DIRECTION":"S","ADJSURFMAT":"GRASS","OBSTRUCT":"N","LOC_HILL":"N","ADDDATE":"Thu, 05 Mar 2020 19:07:20 GMT","MODDATE":"Wed, 14 Jul 2021 20:50:50 GMT","SDATE":"Mon, 04 Mar 2019 04:00:00 GMT","SOURCE":"Traffic Services","SACC":"IN","WINT_PLOW":"Y","WINT_MAINT":"HRM1","WINT_ROUTE":"R6","WINT_LOS":"PRI2","WINT_MAT":null,"WINT_COMM":null,"GLOBALID":"a7401277-eec1-4134-abed-b728214e604d","WINT_ADDDATE":null,"WINT_MODDATE":null}},{"type":"Feature","id":225,"geometry":{"type":"Point","coordinates":[-63.6173363050266,44.6433958775344]},"properties":{"OBJECTID":225,"ACCPRKID":"AP408","STREET_NAME":"JOSEPH ST","FROM_STR":"CHURCHILL DR","TO_STR":"CHEBUCTO RD","NUMSPOTS":1,"DURATION":"NTR","QUALIFIER":null,"STATUS":"PND","COMMENTS":null,"DIRECTION":"N","ADJSURFMAT":null,"OBSTRUCT":null,"LOC_HILL":null,"ADDDATE":"Tue, 27 May 2025 19:52:40 GMT","MODDATE":"Tue, 27 May 2025 20:18:23 GMT","SDATE":"Thu, 09 Jan 2025 18:46:01 GMT","SOURCE":"Parking Enforcement","SACC":null,"WINT_PLOW":null,"WINT_MAINT":null,"WINT_ROUTE":null,"WINT_LOS":null,"WINT_MAT":null,"WINT_COMM":null,"GLOBALID":"c6f3a87d-1046-40c0-8a83-a5f26a98e400","WINT_ADDDATE":null,"WINT_MODDATE":null}},{"type":"Feature","id":226,"geometry":{"type":"Point","coordinates":[-63.5733871397445,44.6488119674387]},"properties":{"OBJECTID":226,"ACCPRKID":"AP236","STREET_NAME":"HOLLIS ST","FROM_STR":"DUKE ST","TO_STR":"GEORGE ST","NUMSPOTS":1,"DURATION":"HR3","QUALIFIER":null,"STATUS":"INS","COMMENTS":null,"DIRECTION":"S","ADJSURFMAT":"CONCRETE","OBSTRUCT":"N","LOC_HILL":"N","ADDDATE":"Mon, 05 Oct 2020 16:37:51 GMT","MODDATE":"Tue, 27 May 2025 16:27:00 GMT","SDATE":"Mon, 05 Oct 2020 03:00:00 GMT","SOURCE":"Traffic Services","SACC":"IN","WINT_PLOW":"Y","WINT_MAINT":"HRM1","WINT_ROUTE":"R1","WINT_LOS":"PRI2","WINT_MAT":null,"WINT_COMM":null,"GLOBALID":"f16db62e-6a23-4e2a-b166-4b12fff1c37b","WINT_ADDDATE":null,"WINT_MODDATE":null}},{"type":"Feature","id":227,"geometry":{"type":"Point","coordinates":[-63.5924318450777,44.6571167490581]},"properties":{"OBJECTID":227,"ACCPRKID":"AP261","STREET_NAME":"NORTHWOOD TERR","FROM_STR":"BLACK ST","TO_STR":"NORTH ST","NUMSPOTS":3,"DURATION":"HR3","QUALIFIER":null,"STATUS":"INS","COMMENTS":null,"DIRECTION":"SE","ADJSURFMAT":"CONCRETE","OBSTRUCT":"N","LOC_HILL":"N","ADDDATE":"Thu, 01 Apr 2021 20:11:32 GMT","MODDATE":"Tue, 27 May 2025 17:28:10 GMT","SDATE":null,"SOURCE":"Traffic Services","SACC":"IN","WINT_PLOW":"Y","WINT_MAINT":"SWZ6","WINT_ROUTE":"RB","WINT_LOS":"PRI2","WINT_MAT":null,"WINT_COMM":null,"GLOBALID":"5e040cc2-1f7d-47d6-af32-ad21fcfd4875","WINT_ADDDATE":"Wed, 01 Sep 2021 03:00:00 GMT","WINT_MODDATE":null}},{"type":"Feature","id":229,"geometry":{"type":"Point","coordinates":[-63.5876258645958,44.6537144525471]},"properties":{"OBJECTID":229,"ACCPRKID":"AP350","STREET_NAME":"CREIGHTON ST","FROM_STR":"BUDDY DAYE ST","TO_STR":"CUNARD ST","NUMSPOTS":1,"DURATION":"NTR","QUALIFIER":null,"STATUS":"PND","COMMENTS":null,"DIRECTION":null,"ADJSURFMAT":null,"OBSTRUCT":null,"LOC_HILL":null,"ADDDATE":"Tue, 27 May 2025 19:52:40 GMT","MODDATE":"Tue, 27 May 2025 19:59:44 GMT","SDATE":"Mon, 16 Oct 2023 16:03:29 GMT","SOURCE":"WEB","SACC":"DG","WINT_PLOW":null,"WINT_MAINT":null,"WINT_ROUTE":null,"WINT_LOS":null,"WINT_MAT":null,"WINT_COMM":null,"GLOBALID":"0cd8dacd-808a-4ca9-ae36-67a2521d5636","WINT_ADDDATE":null,"WINT_MODDATE":null}},{"type":"Feature","id":230,"geometry":{"type":"Point","coordinates":[-63.5725716581127,44.6350108635273]},"properties":{"OBJECTID":230,"ACCPRKID":"AP246","STREET_NAME":"SOUTH BLAND ST","FROM_STR":"ATLANTIC ST","TO_STR":"INGLIS ST","NUMSPOTS":1,"DURATION":"HR3","QUALIFIER":null,"STATUS":"INS","COMMENTS":null,"DIRECTION":"S","ADJSURFMAT":"GRASS","OBSTRUCT":"N","LOC_HILL":"N","ADDDATE":"Sat, 07 Nov 2020 00:10:31 GMT","MODDATE":"Tue, 27 May 2025 16:37:30 GMT","SDATE":"Fri, 06 Nov 2020 04:00:00 GMT","SOURCE":"Traffic Services","SACC":"IN","WINT_PLOW":"Y","WINT_MAINT":"SWZ5","WINT_ROUTE":null,"WINT_LOS":"PRI2","WINT_MAT":null,"WINT_COMM":null,"GLOBALID":"8f619ab1-b812-4ea0-afbd-5ad4d92b1239","WINT_ADDDATE":null,"WINT_MODDATE":null}},{"type":"Feature","id":231,"geometry":{"type":"Point","coordinates":[-63.5869642176598,44.6492089332505]},"properties":{"OBJECTID":231,"ACCPRKID":"AP95","STREET_NAME":"COGSWELL ST","FROM_STR":"NORTH PARK ST","TO_STR":"ROBIE ST","NUMSPOTS":4,"DURATION":"HR2","QUALIFIER":null,"STATUS":"INS","COMMENTS":null,"DIRECTION":"W","ADJSURFMAT":"GRASS","OBSTRUCT":"Y","LOC_HILL":"N","ADDDATE":"Thu, 17 Oct 2019 20:17:51 GMT","MODDATE":"Tue, 27 May 2025 17:32:25 GMT","SDATE":"Mon, 30 Sep 2019 03:00:00 GMT","SOURCE":"Traffic Services","SACC":"IN","WINT_PLOW":"Y","WINT_MAINT":"HRM1","WINT_ROUTE":"R3","WINT_LOS":"PRI2","WINT_MAT":null,"WINT_COMM":"ACCESSIBLE PARKING - HR2 - SPOT(S) = 4","GLOBALID":"ee4a586d-52ca-4d65-96ab-c55a067fffb1","WINT_ADDDATE":"Thu, 17 Oct 2019 03:00:00 GMT","WINT_MODDATE":"Mon, 27 Jan 2020 04:00:00 GMT"}},{"type":"Feature","id":232,"geometry":{"type":"Point","coordinates":[-63.5812063553535,44.6442830980216]},"properties":{"OBJECTID":232,"ACCPRKID":"AP340","STREET_NAME":null,"FROM_STR":null,"TO_STR":null,"NUMSPOTS":1,"DURATION":null,"QUALIFIER":null,"STATUS":"INS","COMMENTS":null,"DIRECTION":null,"ADJSURFMAT":null,"OBSTRUCT":null,"LOC_HILL":null,"ADDDATE":"Tue, 27 May 2025 16:32:23 GMT","MODDATE":"Tue, 27 May 2025 16:32:23 GMT","SDATE":null,"SOURCE":null,"SACC":null,"WINT_PLOW":null,"WINT_MAINT":null,"WINT_ROUTE":null,"WINT_LOS":null,"WINT_MAT":null,"WINT_COMM":null,"GLOBALID":"cfdbe8ca-e206-43f5-bd31-fc49c16ff319","WINT_ADDDATE":null,"WINT_MODDATE":null}},{"type":"Feature","id":233,"geometry":{"type":"Point","coordinates":[-63.6005746688863,44.6477054690863]},"properties":{"OBJECTID":233,"ACCPRKID":"AP217","STREET_NAME":"LAWRENCE ST","FROM_STR":"HARVARD ST","TO_STR":"CHEBUCTO LANE","NUMSPOTS":2,"DURATION":"HR3","QUALIFIER":null,"STATUS":"INS","COMMENTS":null,"DIRECTION":"NE","ADJSURFMAT":"CONGRAS","OBSTRUCT":"N","LOC_HILL":"N","ADDDATE":"Tue, 22 Oct 2019 15:30:00 GMT","MODDATE":"Tue, 27 May 2025 18:05:00 GMT","SDATE":"Mon, 30 Sep 2019 03:00:00 GMT","SOURCE":"Traffic Services","SACC":"IN","WINT_PLOW":"Y","WINT_MAINT":"SWZ6","WINT_ROUTE":"RA","WINT_LOS":"PRI2","WINT_MAT":null,"WINT_COMM":"ACCESSIBLE PARKING - HR3 - SPOT(S) = 2","GLOBALID":"2e776855-69e4-4626-b694-fe8789e6340d","WINT_ADDDATE":"Tue, 22 Oct 2019 03:00:00 GMT","WINT_MODDATE":"Mon, 27 Jan 2020 04:00:00 GMT"}},{"type":"Feature","id":234,"geometry":{"type":"Point","coordinates":[-63.5781754207202,44.6415145643534]},"properties":{"OBJECTID":234,"ACCPRKID":"AP292","STREET_NAME":"BRENTON ST","FROM_STR":"CLYDE ST","TO_STR":"SPRING GARDEN RD","NUMSPOTS":1,"DURATION":null,"QUALIFIER":null,"STATUS":"INS","COMMENTS":null,"DIRECTION":"N","ADJSURFMAT":null,"OBSTRUCT":null,"LOC_HILL":"N","ADDDATE":"Fri, 10 Feb 2023 23:18:27 GMT","MODDATE":"Tue, 27 May 2025 17:50:54 GMT","SDATE":"Fri, 10 Feb 2023 04:00:00 GMT","SOURCE":"Traffic Services","SACC":"IN","WINT_PLOW":"Y","WINT_MAINT":"HRM1","WINT_ROUTE":"R4","WINT_LOS":"PRI2","WINT_MAT":"SALT","WINT_COMM":null,"GLOBALID":"bec73cdf-d972-466f-8e52-59256d84ad06","WINT_ADDDATE":null,"WINT_MODDATE":null}},{"type":"Feature","id":235,"geometry":{"type":"Point","coordinates":[-63.5723752657303,44.6482472028573]},"properties":{"OBJECTID":235,"ACCPRKID":"AP82","STREET_NAME":"BEDFORD ROW","FROM_STR":"PRINCE ST","TO_STR":"GEORGE ST","NUMSPOTS":2,"DURATION":"HR2","QUALIFIER":null,"STATUS":"INS","COMMENTS":null,"DIRECTION":"N","ADJSURFMAT":"CONCRETE","OBSTRUCT":"N","LOC_HILL":"N","ADDDATE":"Wed, 16 Oct 2019 21:23:35 GMT","MODDATE":"Tue, 27 May 2025 17:47:31 GMT","SDATE":"Mon, 30 Sep 2019 03:00:00 GMT","SOURCE":"Traffic Services","SACC":"IN","WINT_PLOW":"Y","WINT_MAINT":"HRM1","WINT_ROUTE":"R1","WINT_LOS":"PRI2","WINT_MAT":null,"WINT_COMM":null,"GLOBALID":"c4562a99-8ed9-4f72-aee0-3ec2e99f36c8","WINT_ADDDATE":"Wed, 16 Oct 2019 03:00:00 GMT","WINT_MODDATE":"Mon, 27 Jan 2020 04:00:00 GMT"}},{"type":"Feature","id":236,"geometry":{"type":"Point","coordinates":[-63.5770211718184,44.643367255932]},"properties":{"OBJECTID":236,"ACCPRKID":"AP250","STREET_NAME":"BIRMINGHAM ST","FROM_STR":"SPRING GARDEN RD","TO_STR":"ARTILLERY PL","NUMSPOTS":2,"DURATION":"HR3","QUALIFIER":null,"STATUS":"INS","COMMENTS":null,"DIRECTION":"N","ADJSURFMAT":"CONCRETE","OBSTRUCT":"Y","LOC_HILL":"Y","ADDDATE":"Wed, 10 Feb 2021 19:44:23 GMT","MODDATE":"Tue, 27 May 2025 16:30:22 GMT","SDATE":null,"SOURCE":"Traffic Services","SACC":"IN","WINT_PLOW":"Y","WINT_MAINT":"HRM1","WINT_ROUTE":"R4","WINT_LOS":"PRI2","WINT_MAT":null,"WINT_COMM":null,"GLOBALID":"9bcad7b2-9a18-4a8b-8d02-4dfe104a264f","WINT_ADDDATE":"Wed, 01 Sep 2021 03:00:00 GMT","WINT_MODDATE":null}},{"type":"Feature","id":238,"geometry":{"type":"Point","coordinates":[-63.6084776011916,44.6532019451239]},"properties":{"OBJECTID":238,"ACCPRKID":"AP294","STREET_NAME":"LIVERPOOL ST","FROM_STR":"OXFORD ST","TO_STR":"CONNOLLY ST","NUMSPOTS":1,"DURATION":null,"QUALIFIER":null,"STATUS":"INS","COMMENTS":null,"DIRECTION":"SW","ADJSURFMAT":null,"OBSTRUCT":null,"LOC_HILL":null,"ADDDATE":"Tue, 21 Mar 2023 18:21:29 GMT","MODDATE":"Tue, 27 May 2025 18:14:57 GMT","SDATE":"Tue, 21 Mar 2023 03:00:00 GMT","SOURCE":"Traffic Services","SACC":"IN","WINT_PLOW":null,"WINT_MAINT":null,"WINT_ROUTE":null,"WINT_LOS":null,"WINT_MAT":null,"WINT_COMM":null,"GLOBALID":"9caf2e4d-bf70-4035-ae41-fed1e72744e0","WINT_ADDDATE":null,"WINT_MODDATE":null}},{"type":"Feature","id":241,"geometry":{"type":"Point","coordinates":[-63.5801250972634,44.649548401067]},"properties":{"OBJECTID":241,"ACCPRKID":"AP219","STREET_NAME":"GOTTINGEN ST","FROM_STR":"BRUNSWICK ST","TO_STR":"COGSWELL ST","NUMSPOTS":1,"DURATION":"HR3","QUALIFIER":null,"STATUS":"INS","COMMENTS":null,"DIRECTION":"N","ADJSURFMAT":"CONCRETE","OBSTRUCT":"N","LOC_HILL":"N","ADDDATE":"Tue, 22 Oct 2019 16:51:58 GMT","MODDATE":"Tue, 27 May 2025 16:31:39 GMT","SDATE":"Mon, 30 Sep 2019 03:00:00 GMT","SOURCE":"Traffic Services","SACC":"IN","WINT_PLOW":"Y","WINT_MAINT":"HRM1","WINT_ROUTE":"R3","WINT_LOS":"PRI2","WINT_MAT":null,"WINT_COMM":"ACCESSIBLE PARKING - NTR - SPOT(S) = 1","GLOBALID":"f8ee22d9-a2ba-4563-836f-8ba8ac67975a","WINT_ADDDATE":"Tue, 22 Oct 2019 03:00:00 GMT","WINT_MODDATE":"Mon, 27 Jan 2020 04:00:00 GMT"}},{"type":"Feature","id":242,"geometry":{"type":"Point","coordinates":[-63.5865313141345,44.6560504071324]},"properties":{"OBJECTID":242,"ACCPRKID":"AP281","STREET_NAME":"UNIACKE ST","FROM_STR":"GOTTINGEN ST","TO_STR":"BRUNSWICK ST","NUMSPOTS":1,"DURATION":"HR3","QUALIFIER":null,"STATUS":"INS","COMMENTS":null,"DIRECTION":"NE","ADJSURFMAT":"CONGRAS","OBSTRUCT":"N","LOC_HILL":"N","ADDDATE":"Tue, 09 Nov 2021 18:34:04 GMT","MODDATE":"Tue, 27 May 2025 18:05:22 GMT","SDATE":"Mon, 08 Nov 2021 04:00:00 GMT","SOURCE":"Traffic Services","SACC":"IN","WINT_PLOW":"Y","WINT_MAINT":"SWZ6","WINT_ROUTE":"RB","WINT_LOS":"PRI2","WINT_MAT":null,"WINT_COMM":null,"GLOBALID":"2c8fff7a-3e0f-4deb-9825-96ed06cd21f7","WINT_ADDDATE":"Tue, 09 Nov 2021 04:00:00 GMT","WINT_MODDATE":null}},{"type":"Feature","id":243,"geometry":{"type":"Point","coordinates":[-63.5975444538036,44.6530984975736]},"properties":{"OBJECTID":243,"ACCPRKID":"AP13","STREET_NAME":"GLADSTONE ST","FROM_STR":"ALMON ST","TO_STR":"NORTH ST","NUMSPOTS":2,"DURATION":"HR3","QUALIFIER":null,"STATUS":"INS","COMMENTS":null,"DIRECTION":"SE","ADJSURFMAT":"CONCRETE","OBSTRUCT":"N","LOC_HILL":"N","ADDDATE":"Sat, 05 Oct 2019 18:10:56 GMT","MODDATE":"Tue, 27 May 2025 17:26:47 GMT","SDATE":"Mon, 30 Sep 2019 03:00:00 GMT","SOURCE":"Traffic Services","SACC":"IN","WINT_PLOW":"Y","WINT_MAINT":"SWZ6","WINT_ROUTE":"RB","WINT_LOS":"PRI2","WINT_MAT":null,"WINT_COMM":"ACCESSIBLE PARKING - HR3 - SPOT(S) = 2","GLOBALID":"daa72249-44db-4e8a-9787-5111b4470d81","WINT_ADDDATE":"Sat, 05 Oct 2019 03:00:00 GMT","WINT_MODDATE":"Mon, 27 Jan 2020 04:00:00 GMT"}},{"type":"Feature","id":245,"geometry":{"type":"Point","coordinates":[-63.5768353894379,44.6427683766138]},"properties":{"OBJECTID":245,"ACCPRKID":"AP83","STREET_NAME":"BIRMINGHAM ST","FROM_STR":"SPRING GARDEN RD","TO_STR":"CLYDE ST","NUMSPOTS":1,"DURATION":"HR2","QUALIFIER":null,"STATUS":"INS","COMMENTS":null,"DIRECTION":"S","ADJSURFMAT":"CONCRETE","OBSTRUCT":"Y","LOC_HILL":"N","ADDDATE":"Wed, 16 Oct 2019 21:33:54 GMT","MODDATE":"Thu, 05 Jun 2025 14:39:26 GMT","SDATE":"Mon, 30 Sep 2019 03:00:00 GMT","SOURCE":"Traffic Services","SACC":"IN","WINT_PLOW":"Y","WINT_MAINT":"HRM1","WINT_ROUTE":"R4","WINT_LOS":"PRI2","WINT_MAT":null,"WINT_COMM":"ACCESSIBLE PARKING - HR2 - SPOT(S) = 1","GLOBALID":"2e3ab06b-f72f-4fd0-9c51-576790c54ec5","WINT_ADDDATE":"Wed, 16 Oct 2019 03:00:00 GMT","WINT_MODDATE":"Mon, 27 Jan 2020 04:00:00 GMT"}},{"type":"Feature","id":246,"geometry":{"type":"Point","coordinates":[-63.5729308090549,44.6462797295837]},"properties":{"OBJECTID":246,"ACCPRKID":"AP411","STREET_NAME":"GRANVILLE ST","FROM_STR":"BLOWERS ST","TO_STR":"SACKVILLE ST","NUMSPOTS":2,"DURATION":"HR3","QUALIFIER":null,"STATUS":"PND","COMMENTS":null,"DIRECTION":"N","ADJSURFMAT":null,"OBSTRUCT":null,"LOC_HILL":null,"ADDDATE":"Tue, 27 May 2025 19:52:40 GMT","MODDATE":"Tue, 27 May 2025 20:18:23 GMT","SDATE":"Mon, 09 Dec 2024 18:03:54 GMT","SOURCE":"Parking Enforcement","SACC":null,"WINT_PLOW":null,"WINT_MAINT":null,"WINT_ROUTE":null,"WINT_LOS":null,"WINT_MAT":null,"WINT_COMM":null,"GLOBALID":"b12aba3a-d461-4506-b68d-38423b582c0d","WINT_ADDDATE":null,"WINT_MODDATE":null}},{"type":"Feature","id":247,"geometry":{"type":"Point","coordinates":[-63.5870856384452,44.6383620133624]},"properties":{"OBJECTID":247,"ACCPRKID":"AP397","STREET_NAME":"EDWARD ST","FROM_STR":"UNIVERSITY AVE","TO_STR":"COBURG RD","NUMSPOTS":1,"DURATION":"HR3","QUALIFIER":null,"STATUS":"PND","COMMENTS":null,"DIRECTION":"N","ADJSURFMAT":null,"OBSTRUCT":null,"LOC_HILL":null,"ADDDATE":"Tue, 27 May 2025 19:52:40 GMT","MODDATE":"Tue, 27 May 2025 20:18:23 GMT","SDATE":null,"SOURCE":"Parking Enforcement","SACC":null,"WINT_PLOW":null,"WINT_MAINT":null,"WINT_ROUTE":null,"WINT_LOS":null,"WINT_MAT":null,"WINT_COMM":null,"GLOBALID":"242b99f3-d63d-4ee8-986b-59b6d200a6ea","WINT_ADDDATE":null,"WINT_MODDATE":null}},{"type":"Feature","id":248,"geometry":{"type":"Point","coordinates":[-63.5670635544048,44.668994237598]},"properties":{"OBJECTID":248,"ACCPRKID":"AP289","STREET_NAME":"VICTORIA RD","FROM_STR":"OCHTERLONEY ST","TO_STR":"PARK AVE","NUMSPOTS":1,"DURATION":"HR2","QUALIFIER":null,"STATUS":"INS","COMMENTS":null,"DIRECTION":"NW","ADJSURFMAT":"CONCRETE","OBSTRUCT":"N","LOC_HILL":"Y","ADDDATE":"Thu, 08 Dec 2022 22:54:36 GMT","MODDATE":"Tue, 27 May 2025 17:47:31 GMT","SDATE":"Thu, 01 Dec 2022 04:00:00 GMT","SOURCE":"Traffic Services","SACC":"IN","WINT_PLOW":"Y","WINT_MAINT":"HRM2","WINT_ROUTE":"R1","WINT_LOS":"PRI2","WINT_MAT":null,"WINT_COMM":null,"GLOBALID":"66587463-1add-41fb-bb33-13e70a9938aa","WINT_ADDDATE":"Thu, 08 Dec 2022 04:00:00 GMT","WINT_MODDATE":null}},{"type":"Feature","id":249,"geometry":{"type":"Point","coordinates":[-63.6092794526856,44.6536239610338]},"properties":{"OBJECTID":249,"ACCPRKID":"AP413","STREET_NAME":"CORK ST","FROM_STR":"OXFORD ST","TO_STR":"CONNOLLY ST","NUMSPOTS":1,"DURATION":"HR3","QUALIFIER":6,"STATUS":"PND","COMMENTS":null,"DIRECTION":"W","ADJSURFMAT":null,"OBSTRUCT":null,"LOC_HILL":null,"ADDDATE":"Tue, 27 May 2025 19:52:40 GMT","MODDATE":"Tue, 27 May 2025 20:21:09 GMT","SDATE":"Wed, 04 Dec 2024 16:33:39 GMT","SOURCE":"Parking Enforcement","SACC":null,"WINT_PLOW":null,"WINT_MAINT":null,"WINT_ROUTE":null,"WINT_LOS":null,"WINT_MAT":null,"WINT_COMM":null,"GLOBALID":"ce633778-5e01-4c7b-90c9-983cb32ccb6b","WINT_ADDDATE":null,"WINT_MODDATE":null}},{"type":"Feature","id":250,"geometry":{"type":"Point","coordinates":[-63.5432705673805,44.666679600338]},"properties":{"OBJECTID":250,"ACCPRKID":"AP68","STREET_NAME":"GASTON RD","FROM_STR":"PORTLAND ST","TO_STR":"REGENCY DR","NUMSPOTS":2,"DURATION":null,"QUALIFIER":6,"STATUS":"INS","COMMENTS":null,"DIRECTION":"E","ADJSURFMAT":"CONCRETE","OBSTRUCT":"Y","LOC_HILL":"N","ADDDATE":"Wed, 16 Oct 2019 19:32:01 GMT","MODDATE":"Wed, 14 Jul 2021 20:50:34 GMT","SDATE":"Mon, 30 Sep 2019 03:00:00 GMT","SOURCE":"Traffic Services","SACC":"IN","WINT_PLOW":"Y","WINT_MAINT":"SWZ8","WINT_ROUTE":null,"WINT_LOS":"PRI2","WINT_MAT":null,"WINT_COMM":null,"GLOBALID":"532a2f46-6eee-4699-b630-3deb3cd747ee","WINT_ADDDATE":null,"WINT_MODDATE":null}},{"type":"Feature","id":251,"geometry":{"type":"Point","coordinates":[-63.5898050373379,44.6390158615937]},"properties":{"OBJECTID":251,"ACCPRKID":"AP304","STREET_NAME":"SEYMOUR ST","FROM_STR":"COBURG RD","TO_STR":"UNIVERSITY AVE","NUMSPOTS":1,"DURATION":null,"QUALIFIER":null,"STATUS":"INS","COMMENTS":null,"DIRECTION":"S","ADJSURFMAT":null,"OBSTRUCT":null,"LOC_HILL":"Y","ADDDATE":"Tue, 29 Aug 2023 14:07:42 GMT","MODDATE":"Tue, 27 May 2025 18:01:04 GMT","SDATE":"Mon, 28 Aug 2023 03:00:00 GMT","SOURCE":"Traffic Services","SACC":"IN","WINT_PLOW":"Y","WINT_MAINT":"SWZ5","WINT_ROUTE":null,"WINT_LOS":"PRI2","WINT_MAT":null,"WINT_COMM":null,"GLOBALID":"23cff6a5-d79c-4327-8e11-dbd77823e3b3","WINT_ADDDATE":null,"WINT_MODDATE":null}},{"type":"Feature","id":252,"geometry":{"type":"Point","coordinates":[-63.5866247568904,44.6575066252993]},"properties":{"OBJECTID":252,"ACCPRKID":"AP320","STREET_NAME":"ARTZ ST","FROM_STR":"HAMILTON LANE","TO_STR":"BARRINGTON ST","NUMSPOTS":1,"DURATION":null,"QUALIFIER":null,"STATUS":"INS","COMMENTS":null,"DIRECTION":"SW","ADJSURFMAT":null,"OBSTRUCT":null,"LOC_HILL":null,"ADDDATE":"Mon, 20 Nov 2023 17:45:21 GMT","MODDATE":"Tue, 27 May 2025 16:43:47 GMT","SDATE":"Mon, 20 Nov 2023 04:00:00 GMT","SOURCE":"Traffic Services","SACC":"IN","WINT_PLOW":null,"WINT_MAINT":null,"WINT_ROUTE":null,"WINT_LOS":null,"WINT_MAT":null,"WINT_COMM":null,"GLOBALID":"10eb71b4-d7f4-40fa-9908-f0dc5202fdf5","WINT_ADDDATE":null,"WINT_MODDATE":null}},{"type":"Feature","id":253,"geometry":{"type":"Point","coordinates":[-63.5958665580581,44.6569134474011]},"properties":{"OBJECTID":253,"ACCPRKID":"AP388","STREET_NAME":"MAY ST","FROM_STR":"AGRICOLA ST","TO_STR":"FERN LANE","NUMSPOTS":1,"DURATION":"HR3","QUALIFIER":null,"STATUS":"PND","COMMENTS":null,"DIRECTION":"W","ADJSURFMAT":null,"OBSTRUCT":null,"LOC_HILL":null,"ADDDATE":"Tue, 27 May 2025 19:52:40 GMT","MODDATE":"Tue, 27 May 2025 20:21:09 GMT","SDATE":null,"SOURCE":"Parking Enforcement","SACC":null,"WINT_PLOW":null,"WINT_MAINT":null,"WINT_ROUTE":null,"WINT_LOS":null,"WINT_MAT":null,"WINT_COMM":null,"GLOBALID":"f0edf145-d05a-4175-8667-63f9c3723ec4","WINT_ADDDATE":null,"WINT_MODDATE":null}},{"type":"Feature","id":254,"geometry":{"type":"Point","coordinates":[-63.5752951299669,44.6481929585768]},"properties":{"OBJECTID":254,"ACCPRKID":"AP73","STREET_NAME":"ARGYLE ST","FROM_STR":"DUKE ST","TO_STR":"CARMICHAEL ST","NUMSPOTS":1,"DURATION":"HR3","QUALIFIER":null,"STATUS":"INS","COMMENTS":null,"DIRECTION":"S","ADJSURFMAT":"CONCRETE","OBSTRUCT":"N","LOC_HILL":"N","ADDDATE":"Wed, 16 Oct 2019 20:44:53 GMT","MODDATE":"Tue, 27 May 2025 17:28:10 GMT","SDATE":"Mon, 30 Sep 2019 03:00:00 GMT","SOURCE":"Traffic Services","SACC":"IN","WINT_PLOW":"Y","WINT_MAINT":"HRM1","WINT_ROUTE":"R1","WINT_LOS":"PRI2","WINT_MAT":null,"WINT_COMM":"ACCESSIBLE PARKING - HR3 - SPOT(S) = 1","GLOBALID":"ccb172e8-20f5-4d22-b443-d52e690fd850","WINT_ADDDATE":"Wed, 16 Oct 2019 03:00:00 GMT","WINT_MODDATE":"Mon, 27 Jan 2020 04:00:00 GMT"}},{"type":"Feature","id":255,"geometry":{"type":"Point","coordinates":[-63.5861944441064,44.6378513633292]},"properties":{"OBJECTID":255,"ACCPRKID":"AP339","STREET_NAME":null,"FROM_STR":null,"TO_STR":null,"NUMSPOTS":1,"DURATION":null,"QUALIFIER":null,"STATUS":"INS","COMMENTS":null,"DIRECTION":null,"ADJSURFMAT":null,"OBSTRUCT":null,"LOC_HILL":null,"ADDDATE":"Tue, 27 May 2025 16:30:22 GMT","MODDATE":"Tue, 27 May 2025 16:30:22 GMT","SDATE":null,"SOURCE":null,"SACC":null,"WINT_PLOW":null,"WINT_MAINT":null,"WINT_ROUTE":null,"WINT_LOS":null,"WINT_MAT":null,"WINT_COMM":null,"GLOBALID":"4d3caa4f-64f0-4e2e-a9df-5061d35149d1","WINT_ADDDATE":null,"WINT_MODDATE":null}},{"type":"Feature","id":256,"geometry":{"type":"Point","coordinates":[-63.5770535866271,44.6417015925342]},"properties":{"OBJECTID":256,"ACCPRKID":"AP318","STREET_NAME":"CLYDE ST","FROM_STR":"BIRMINGHAM ST","TO_STR":"DRESDEN ROW","NUMSPOTS":1,"DURATION":null,"QUALIFIER":null,"STATUS":"INS","COMMENTS":null,"DIRECTION":"W","ADJSURFMAT":null,"OBSTRUCT":null,"LOC_HILL":"N","ADDDATE":"Tue, 14 Nov 2023 17:57:07 GMT","MODDATE":"Tue, 27 May 2025 16:29:26 GMT","SDATE":"Tue, 14 Nov 2023 04:00:00 GMT","SOURCE":"Parking Services","SACC":"IN","WINT_PLOW":"Y","WINT_MAINT":"HRM1","WINT_ROUTE":null,"WINT_LOS":null,"WINT_MAT":null,"WINT_COMM":"ACCESSIBLE PARKING - HR1 - SPOT(S) = 1","GLOBALID":"66ee3938-8cfa-46c6-a5c3-9fc422745904","WINT_ADDDATE":null,"WINT_MODDATE":null}},{"type":"Feature","id":257,"geometry":{"type":"Point","coordinates":[-63.6010031221577,44.6553086877014]},"properties":{"OBJECTID":257,"ACCPRKID":"AP14","STREET_NAME":"GLADSTONE ST","FROM_STR":"ALMON ST","TO_STR":"NORTH ST","NUMSPOTS":2,"DURATION":"HR3","QUALIFIER":null,"STATUS":"INS","COMMENTS":null,"DIRECTION":"SE","ADJSURFMAT":"GRASS","OBSTRUCT":"N","LOC_HILL":"Y","ADDDATE":"Sat, 05 Oct 2019 18:15:46 GMT","MODDATE":"Tue, 27 May 2025 16:52:25 GMT","SDATE":"Mon, 30 Sep 2019 03:00:00 GMT","SOURCE":"Traffic Services","SACC":"IN","WINT_PLOW":"Y","WINT_MAINT":"SWZ6","WINT_ROUTE":"RB","WINT_LOS":"PRI2","WINT_MAT":null,"WINT_COMM":"ACCESSIBLE PARKING - HR3 - SPOT(S) = 2","GLOBALID":"88b5eb56-f88f-4668-a813-8d00189c2f52","WINT_ADDDATE":"Sat, 05 Oct 2019 03:00:00 GMT","WINT_MODDATE":"Mon, 27 Jan 2020 04:00:00 GMT"}},{"type":"Feature","id":258,"geometry":{"type":"Point","coordinates":[-63.5790102870975,44.6376799833579]},"properties":{"OBJECTID":258,"ACCPRKID":"AP401","STREET_NAME":"TOWER RD","FROM_STR":"TOWER TERR","TO_STR":"SOUTH ST","NUMSPOTS":1,"DURATION":"NTR","QUALIFIER":null,"STATUS":"PND","COMMENTS":null,"DIRECTION":"S","ADJSURFMAT":null,"OBSTRUCT":null,"LOC_HILL":null,"ADDDATE":"Tue, 27 May 2025 19:52:40 GMT","MODDATE":"Tue, 27 May 2025 20:19:33 GMT","SDATE":null,"SOURCE":"Parking Enforcement","SACC":null,"WINT_PLOW":null,"WINT_MAINT":null,"WINT_ROUTE":null,"WINT_LOS":null,"WINT_MAT":null,"WINT_COMM":null,"GLOBALID":"2cc12e99-22f7-475e-af33-f1af408483ab","WINT_ADDDATE":null,"WINT_MODDATE":null}},{"type":"Feature","id":259,"geometry":{"type":"Point","coordinates":[-63.5782161988443,44.6493411783205]},"properties":{"OBJECTID":259,"ACCPRKID":"AP85","STREET_NAME":"BRUNSWICK ST","FROM_STR":"DUKE ST","TO_STR":"COGSWELL ST","NUMSPOTS":2,"DURATION":"HR3","QUALIFIER":null,"STATUS":"INS","COMMENTS":null,"DIRECTION":"S","ADJSURFMAT":"CONCRETE","OBSTRUCT":"N","LOC_HILL":"Y","ADDDATE":"Thu, 17 Oct 2019 15:03:06 GMT","MODDATE":"Tue, 27 May 2025 17:01:50 GMT","SDATE":"Mon, 30 Sep 2019 03:00:00 GMT","SOURCE":"Traffic Services","SACC":"IN","WINT_PLOW":"Y","WINT_MAINT":"HRM1","WINT_ROUTE":"R1","WINT_LOS":"PRI2","WINT_MAT":null,"WINT_COMM":"ACCESSIBLE PARKING - HR3 - SPOT(S) = 2","GLOBALID":"c66abe80-c689-4d11-a6b7-aeb2041f38f3","WINT_ADDDATE":"Thu, 17 Oct 2019 03:00:00 GMT","WINT_MODDATE":"Mon, 27 Jan 2020 04:00:00 GMT"}},{"type":"Feature","id":260,"geometry":{"type":"Point","coordinates":[-63.5799055921271,44.6353202815436]},"properties":{"OBJECTID":260,"ACCPRKID":"AP201","STREET_NAME":"LUNDY'S LANE","FROM_STR":"WEST OF WELLINGTON","TO_STR":null,"NUMSPOTS":1,"DURATION":"MIN30","QUALIFIER":null,"STATUS":"INS","COMMENTS":null,"DIRECTION":"W","ADJSURFMAT":"CONCRETE","OBSTRUCT":"N","LOC_HILL":"N","ADDDATE":"Fri, 18 Oct 2019 16:58:21 GMT","MODDATE":"Wed, 14 Jul 2021 20:50:46 GMT","SDATE":"Mon, 30 Sep 2019 03:00:00 GMT","SOURCE":"Traffic Services","SACC":"IN","WINT_PLOW":"Y","WINT_MAINT":"SWZ5","WINT_ROUTE":null,"WINT_LOS":"PRI2","WINT_MAT":null,"WINT_COMM":"ACCESSIBLE PARKING - MIN30 - SPOT(S) = 1","GLOBALID":"cd470b43-f6c6-49b8-aabd-dfc11e65afb2","WINT_ADDDATE":"Fri, 18 Oct 2019 03:00:00 GMT","WINT_MODDATE":"Mon, 27 Jan 2020 04:00:00 GMT"}},{"type":"Feature","id":261,"geometry":{"type":"Point","coordinates":[-63.5806869898804,44.6420965795898]},"properties":{"OBJECTID":261,"ACCPRKID":"AP134","STREET_NAME":"SPRING GARDEN RD","FROM_STR":"SOUTH PARK ST","TO_STR":"SUMMER ST","NUMSPOTS":1,"DURATION":"HR3","QUALIFIER":null,"STATUS":"INS","COMMENTS":null,"DIRECTION":"SW","ADJSURFMAT":"CONCRETE","OBSTRUCT":"Y","LOC_HILL":"N","ADDDATE":"Fri, 18 Oct 2019 16:58:21 GMT","MODDATE":"Wed, 14 Jul 2021 20:50:42 GMT","SDATE":"Mon, 30 Sep 2019 03:00:00 GMT","SOURCE":"Traffic Services","SACC":"IN","WINT_PLOW":"Y","WINT_MAINT":"HRM1","WINT_ROUTE":"R4","WINT_LOS":"PRI2","WINT_MAT":null,"WINT_COMM":"ACCESSIBLE PARKING - HR3 - SPOT(S) = 1","GLOBALID":"d3fc18a7-d9be-4546-99e5-b23bdc645161","WINT_ADDDATE":"Fri, 18 Oct 2019 03:00:00 GMT","WINT_MODDATE":"Mon, 27 Jan 2020 04:00:00 GMT"}},{"type":"Feature","id":263,"geometry":{"type":"Point","coordinates":[-63.5717563579406,44.6466798584242]},"properties":{"OBJECTID":263,"ACCPRKID":"AP156","STREET_NAME":"SACKVILLE ST","FROM_STR":"HOLLIS ST","TO_STR":"BEDFORD ROW","NUMSPOTS":1,"DURATION":"NTR","QUALIFIER":null,"STATUS":"INS","COMMENTS":null,"DIRECTION":"E","ADJSURFMAT":"CONCRETE","OBSTRUCT":"N","LOC_HILL":"Y","ADDDATE":"Fri, 18 Oct 2019 16:58:21 GMT","MODDATE":"Tue, 27 May 2025 17:02:52 GMT","SDATE":"Mon, 30 Sep 2019 03:00:00 GMT","SOURCE":"Traffic Services","SACC":"IN","WINT_PLOW":"Y","WINT_MAINT":"HRM1","WINT_ROUTE":"R2","WINT_LOS":"PRI2","WINT_MAT":null,"WINT_COMM":"ACCESSIBLE PARKING - NTR - SPOT(S) = 1","GLOBALID":"958de3dc-5059-414e-b209-4023f5bdd66e","WINT_ADDDATE":"Fri, 18 Oct 2019 03:00:00 GMT","WINT_MODDATE":"Mon, 27 Jan 2020 04:00:00 GMT"}},{"type":"Feature","id":264,"geometry":{"type":"Point","coordinates":[-63.5718835881309,44.641631363639]},"properties":{"OBJECTID":264,"ACCPRKID":"AP138","STREET_NAME":"MORRIS ST","FROM_STR":"BARRINGTON ST","TO_STR":"CHURCH ST","NUMSPOTS":1,"DURATION":"HR3","QUALIFIER":null,"STATUS":"INS","COMMENTS":null,"DIRECTION":"W","ADJSURFMAT":"CONCRETE","OBSTRUCT":"N","LOC_HILL":"Y","ADDDATE":"Fri, 18 Oct 2019 16:58:21 GMT","MODDATE":"Tue, 27 May 2025 17:34:57 GMT","SDATE":"Mon, 30 Sep 2019 03:00:00 GMT","SOURCE":"Traffic Services","SACC":"IN","WINT_PLOW":"Y","WINT_MAINT":"HRM1","WINT_ROUTE":"R2","WINT_LOS":"PRI2","WINT_MAT":null,"WINT_COMM":"ACCESSIBLE PARKING - HR3 - SPOT(S) = 1","GLOBALID":"7f55910e-64ee-4a99-be5a-f0a7b0afc367","WINT_ADDDATE":"Fri, 18 Oct 2019 03:00:00 GMT","WINT_MODDATE":"Mon, 27 Jan 2020 04:00:00 GMT"}},{"type":"Feature","id":265,"geometry":{"type":"Point","coordinates":[-63.5769145462858,44.6475704082471]},"properties":{"OBJECTID":265,"ACCPRKID":"AP89","STREET_NAME":"CARMICHAEL ST","FROM_STR":"BRUNSWICK ST","TO_STR":"MARKET ST","NUMSPOTS":4,"DURATION":null,"QUALIFIER":5,"STATUS":"INS","COMMENTS":null,"DIRECTION":"E","ADJSURFMAT":"CONCRETE","OBSTRUCT":"N","LOC_HILL":"Y","ADDDATE":"Thu, 17 Oct 2019 18:48:06 GMT","MODDATE":"Tue, 27 May 2025 17:32:25 GMT","SDATE":"Mon, 30 Sep 2019 03:00:00 GMT","SOURCE":"Traffic Services","SACC":"IN","WINT_PLOW":"Y","WINT_MAINT":"HRM1","WINT_ROUTE":"R1","WINT_LOS":"PRI2","WINT_MAT":null,"WINT_COMM":"ACCESSIBLE PARKING - SPOT(S) = 4","GLOBALID":"3f86bab1-b967-45a4-8b53-03cb04c7781e","WINT_ADDDATE":"Thu, 17 Oct 2019 03:00:00 GMT","WINT_MODDATE":"Mon, 27 Jan 2020 04:00:00 GMT"}},{"type":"Feature","id":266,"geometry":{"type":"Point","coordinates":[-63.5768738247556,44.6470736842035]},"properties":{"OBJECTID":266,"ACCPRKID":"AP351","STREET_NAME":"BRUNSWICK ST","FROM_STR":"PRINCE ST","TO_STR":"CARMICHAEL ST","NUMSPOTS":1,"DURATION":"HR1","QUALIFIER":null,"STATUS":"PND","COMMENTS":null,"DIRECTION":"N","ADJSURFMAT":null,"OBSTRUCT":null,"LOC_HILL":null,"ADDDATE":"Tue, 27 May 2025 19:52:40 GMT","MODDATE":"Tue, 27 May 2025 20:18:23 GMT","SDATE":"Mon, 16 Oct 2023 16:03:29 GMT","SOURCE":"WEB","SACC":"DG","WINT_PLOW":null,"WINT_MAINT":null,"WINT_ROUTE":null,"WINT_LOS":null,"WINT_MAT":null,"WINT_COMM":null,"GLOBALID":"a348ecc6-058c-4667-b74e-2c63e11c7454","WINT_ADDDATE":null,"WINT_MODDATE":null}},{"type":"Feature","id":267,"geometry":{"type":"Point","coordinates":[-63.6146999032796,44.6659542416776]},"properties":{"OBJECTID":267,"ACCPRKID":"AP384","STREET_NAME":"BRIGHT ST","FROM_STR":"NORMANDY DR","TO_STR":"LEEDS ST","NUMSPOTS":1,"DURATION":"NTR","QUALIFIER":null,"STATUS":"PND","COMMENTS":null,"DIRECTION":null,"ADJSURFMAT":null,"OBSTRUCT":null,"LOC_HILL":null,"ADDDATE":"Tue, 27 May 2025 19:52:40 GMT","MODDATE":"Tue, 27 May 2025 19:59:44 GMT","SDATE":null,"SOURCE":"Parking Enforcement","SACC":null,"WINT_PLOW":null,"WINT_MAINT":null,"WINT_ROUTE":null,"WINT_LOS":null,"WINT_MAT":null,"WINT_COMM":null,"GLOBALID":"b629ac88-39f0-4cba-bc09-1fb10101a000","WINT_ADDDATE":null,"WINT_MODDATE":null}},{"type":"Feature","id":268,"geometry":{"type":"Point","coordinates":[-63.5805854901348,44.6395856358808]},"properties":{"OBJECTID":268,"ACCPRKID":"AP280","STREET_NAME":"UNIVERSITY AVE","FROM_STR":"CATHEDRAL LANE","TO_STR":"SUMMER ST","NUMSPOTS":1,"DURATION":"HR2","QUALIFIER":null,"STATUS":"INS","COMMENTS":null,"DIRECTION":"W","ADJSURFMAT":"CONGRAS","OBSTRUCT":"N","LOC_HILL":"N","ADDDATE":"Fri, 27 Aug 2021 21:32:13 GMT","MODDATE":"Tue, 27 May 2025 17:56:19 GMT","SDATE":"Fri, 27 Aug 2021 03:00:00 GMT","SOURCE":"TRAFFIC","SACC":"IN","WINT_PLOW":"Y","WINT_MAINT":"HRM1","WINT_ROUTE":"R4","WINT_LOS":null,"WINT_MAT":null,"WINT_COMM":null,"GLOBALID":"3287f5b3-f638-485f-9077-bbe507dc8ab2","WINT_ADDDATE":"Fri, 27 Aug 2021 03:00:00 GMT","WINT_MODDATE":null}},{"type":"Feature","id":269,"geometry":{"type":"Point","coordinates":[-63.5698525799186,44.6418783602736]},"properties":{"OBJECTID":269,"ACCPRKID":"AP242","STREET_NAME":"HOLLIS ST","FROM_STR":"MORRIS ST","TO_STR":"TERMINAL RD","NUMSPOTS":1,"DURATION":"HR3","QUALIFIER":null,"STATUS":"INS","COMMENTS":null,"DIRECTION":"S","ADJSURFMAT":"CONCRETE","OBSTRUCT":"N","LOC_HILL":"N","ADDDATE":"Mon, 05 Oct 2020 16:56:38 GMT","MODDATE":"Tue, 27 May 2025 17:56:19 GMT","SDATE":"Mon, 05 Oct 2020 03:00:00 GMT","SOURCE":"Traffic Services","SACC":"IN","WINT_PLOW":"Y","WINT_MAINT":"HRM1","WINT_ROUTE":"R2","WINT_LOS":"PRI2","WINT_MAT":null,"WINT_COMM":null,"GLOBALID":"ff9ddcb4-c10a-4b4b-ab81-6f54db2e8e37","WINT_ADDDATE":null,"WINT_MODDATE":null}},{"type":"Feature","id":270,"geometry":{"type":"Point","coordinates":[-63.5843532957276,44.6398014157399]},"properties":{"OBJECTID":270,"ACCPRKID":"AP400","STREET_NAME":"COLLEGE ST","FROM_STR":"SUMMER ST","TO_STR":"CARLTON ST","NUMSPOTS":1,"DURATION":"HR3","QUALIFIER":null,"STATUS":"PND","COMMENTS":null,"DIRECTION":"E","ADJSURFMAT":null,"OBSTRUCT":null,"LOC_HILL":null,"ADDDATE":"Tue, 27 May 2025 19:52:40 GMT","MODDATE":"Tue, 27 May 2025 20:17:40 GMT","SDATE":null,"SOURCE":"Parking Enforcement","SACC":null,"WINT_PLOW":null,"WINT_MAINT":null,"WINT_ROUTE":null,"WINT_LOS":null,"WINT_MAT":null,"WINT_COMM":null,"GLOBALID":"a47730b8-4327-4b62-8d8d-07ee2ebad4e1","WINT_ADDDATE":null,"WINT_MODDATE":null}},{"type":"Feature","id":271,"geometry":{"type":"Point","coordinates":[-63.5755086011194,44.6472353540081]},"properties":{"OBJECTID":271,"ACCPRKID":"AP108","STREET_NAME":"GRAFTON ST","FROM_STR":"PRINCE ST","TO_STR":"CARMICHAEL ST","NUMSPOTS":1,"DURATION":"HR3","QUALIFIER":null,"STATUS":"INS","COMMENTS":null,"DIRECTION":"NW","ADJSURFMAT":"CONCRETE","OBSTRUCT":"N","LOC_HILL":"N","ADDDATE":"Fri, 18 Oct 2019 16:15:27 GMT","MODDATE":"Tue, 27 May 2025 17:50:54 GMT","SDATE":"Mon, 30 Sep 2019 03:00:00 GMT","SOURCE":"Traffic Services","SACC":"IN","WINT_PLOW":"Y","WINT_MAINT":"HRM1","WINT_ROUTE":"R5","WINT_LOS":"PRI2","WINT_MAT":null,"WINT_COMM":"ACCESSIBLE PARKING - NTR - SPOT(S) = 2","GLOBALID":"78a381ea-a040-404f-8d75-0673d34d35dc","WINT_ADDDATE":"Fri, 18 Oct 2019 03:00:00 GMT","WINT_MODDATE":"Thu, 16 Jan 2020 04:00:00 GMT"}},{"type":"Feature","id":272,"geometry":{"type":"Point","coordinates":[-63.5846436923128,44.6408941634776]},"properties":{"OBJECTID":272,"ACCPRKID":"AP394","STREET_NAME":"SPRING GARDEN RD","FROM_STR":"SUMMER ST","TO_STR":"CARLTON ST","NUMSPOTS":2,"DURATION":"HR3","QUALIFIER":null,"STATUS":"PND","COMMENTS":null,"DIRECTION":"E","ADJSURFMAT":null,"OBSTRUCT":null,"LOC_HILL":null,"ADDDATE":"Tue, 27 May 2025 19:52:40 GMT","MODDATE":"Tue, 27 May 2025 20:17:40 GMT","SDATE":null,"SOURCE":"Parking Enforcement","SACC":null,"WINT_PLOW":null,"WINT_MAINT":null,"WINT_ROUTE":null,"WINT_LOS":null,"WINT_MAT":null,"WINT_COMM":null,"GLOBALID":"e1ac658f-c802-46c6-b37d-77feffe4aef0","WINT_ADDDATE":null,"WINT_MODDATE":null}},{"type":"Feature","id":273,"geometry":{"type":"Point","coordinates":[-63.5974490015165,44.6600094963579]},"properties":{"OBJECTID":273,"ACCPRKID":"AP387","STREET_NAME":"ISLEVILLE ST","FROM_STR":"BILBY ST","TO_STR":"MACARA ST","NUMSPOTS":1,"DURATION":"HR2","QUALIFIER":null,"STATUS":"PND","COMMENTS":null,"DIRECTION":"N","ADJSURFMAT":null,"OBSTRUCT":null,"LOC_HILL":null,"ADDDATE":"Tue, 27 May 2025 19:52:40 GMT","MODDATE":"Tue, 27 May 2025 20:18:23 GMT","SDATE":null,"SOURCE":"Parking Enforcement","SACC":null,"WINT_PLOW":null,"WINT_MAINT":null,"WINT_ROUTE":null,"WINT_LOS":null,"WINT_MAT":null,"WINT_COMM":null,"GLOBALID":"68872802-2d10-41e3-8f9e-841b111e38c9","WINT_ADDDATE":null,"WINT_MODDATE":null}},{"type":"Feature","id":274,"geometry":{"type":"Point","coordinates":[-63.6217847551271,44.6269759911223]},"properties":{"OBJECTID":274,"ACCPRKID":"AP431","STREET_NAME":"DRUMDONALD RD","FROM_STR":"ABBEY RD","TO_STR":"RIDGE VALLEY RD","NUMSPOTS":1,"DURATION":null,"QUALIFIER":null,"STATUS":"PND","COMMENTS":null,"DIRECTION":null,"ADJSURFMAT":null,"OBSTRUCT":null,"LOC_HILL":null,"ADDDATE":"Tue, 27 May 2025 19:52:40 GMT","MODDATE":"Tue, 27 May 2025 19:52:40 GMT","SDATE":null,"SOURCE":null,"SACC":null,"WINT_PLOW":null,"WINT_MAINT":null,"WINT_ROUTE":null,"WINT_LOS":null,"WINT_MAT":null,"WINT_COMM":null,"GLOBALID":"ccc60bf6-5344-4947-9190-5d8b1d5a2901","WINT_ADDDATE":null,"WINT_MODDATE":null}},{"type":"Feature","id":275,"geometry":{"type":"Point","coordinates":[-63.542555174241,44.6662892983025]},"properties":{"OBJECTID":275,"ACCPRKID":"AP69","STREET_NAME":"REGENCY DR","FROM_STR":"GASTON RD","TO_STR":"END","NUMSPOTS":2,"DURATION":"NTR","QUALIFIER":null,"STATUS":"INS","COMMENTS":null,"DIRECTION":"SE","ADJSURFMAT":"GRASS","OBSTRUCT":"Y","LOC_HILL":"N","ADDDATE":"Wed, 16 Oct 2019 19:32:01 GMT","MODDATE":"Wed, 14 Jul 2021 20:50:34 GMT","SDATE":"Mon, 30 Sep 2019 03:00:00 GMT","SOURCE":"Traffic Services","SACC":"IN","WINT_PLOW":"Y","WINT_MAINT":"SWZ8","WINT_ROUTE":null,"WINT_LOS":"PRI2","WINT_MAT":null,"WINT_COMM":"ACCESSIBLE PARKING - NTR - SPOT(S) = 2","GLOBALID":"864606a0-1f7e-4495-b5fc-8858ff8b5c12","WINT_ADDDATE":"Wed, 16 Oct 2019 03:00:00 GMT","WINT_MODDATE":"Mon, 27 Jan 2020 04:00:00 GMT"}},{"type":"Feature","id":276,"geometry":{"type":"Point","coordinates":[-63.5902294652585,44.6372988020042]},"properties":{"OBJECTID":276,"ACCPRKID":"AP395","STREET_NAME":"LEMARCHANT ST","FROM_STR":"UNIVERSITY AVE","TO_STR":"COBURG RD","NUMSPOTS":2,"DURATION":"HR3","QUALIFIER":null,"STATUS":"PND","COMMENTS":null,"DIRECTION":"S","ADJSURFMAT":null,"OBSTRUCT":null,"LOC_HILL":null,"ADDDATE":"Tue, 27 May 2025 19:52:40 GMT","MODDATE":"Tue, 27 May 2025 20:19:33 GMT","SDATE":null,"SOURCE":"Parking Enforcement","SACC":null,"WINT_PLOW":null,"WINT_MAINT":null,"WINT_ROUTE":null,"WINT_LOS":null,"WINT_MAT":null,"WINT_COMM":null,"GLOBALID":"0862fcb1-31f7-450f-83bd-395591de9452","WINT_ADDDATE":null,"WINT_MODDATE":null}},{"type":"Feature","id":277,"geometry":{"type":"Point","coordinates":[-63.5748036805396,44.6471797078648]},"properties":{"OBJECTID":277,"ACCPRKID":"AP243","STREET_NAME":"ARGYLE ST","FROM_STR":"CARMICHAEL ST","TO_STR":"PRINCE ST","NUMSPOTS":1,"DURATION":"HR3","QUALIFIER":null,"STATUS":"INS","COMMENTS":null,"DIRECTION":"S","ADJSURFMAT":"CONCRETE","OBSTRUCT":"Y","LOC_HILL":"N","ADDDATE":"Mon, 05 Oct 2020 17:13:17 GMT","MODDATE":"Wed, 14 Jul 2021 20:50:52 GMT","SDATE":"Mon, 05 Oct 2020 03:00:00 GMT","SOURCE":"Traffic Services","SACC":"IN","WINT_PLOW":"Y","WINT_MAINT":"HRM1","WINT_ROUTE":"R1","WINT_LOS":"PRI2","WINT_MAT":null,"WINT_COMM":null,"GLOBALID":"d95eeb82-30ef-43ce-9ca4-87e2b15699f2","WINT_ADDDATE":null,"WINT_MODDATE":null}},{"type":"Feature","id":278,"geometry":{"type":"Point","coordinates":[-63.5720328027912,44.6433575268466]},"properties":{"OBJECTID":278,"ACCPRKID":"AP226","STREET_NAME":"BARRINGTON ST","FROM_STR":"BISHOP ST","TO_STR":"SPRING GARDEN RD","NUMSPOTS":1,"DURATION":"NTR","QUALIFIER":null,"STATUS":"INS","COMMENTS":null,"DIRECTION":"N","ADJSURFMAT":"CONCRETE","OBSTRUCT":"N","LOC_HILL":"N","ADDDATE":"Mon, 27 Jan 2020 19:24:59 GMT","MODDATE":"Tue, 27 May 2025 17:39:21 GMT","SDATE":null,"SOURCE":"Traffic Services","SACC":"IN","WINT_PLOW":"Y","WINT_MAINT":"HRM1","WINT_ROUTE":"R2","WINT_LOS":"PRI2","WINT_MAT":null,"WINT_COMM":"ACCESSIBLE PARKING - NTR - SPOT(S) = 1","GLOBALID":"72021fb0-1c5c-4ede-8a90-565200c08afd","WINT_ADDDATE":"Fri, 21 Feb 2020 04:00:00 GMT","WINT_MODDATE":null}},{"type":"Feature","id":279,"geometry":{"type":"Point","coordinates":[-63.5828796319619,44.6305771077498]},"properties":{"OBJECTID":279,"ACCPRKID":"AP211","STREET_NAME":"ROXTON RD","FROM_STR":"ROBIE ST","TO_STR":"MARLBOROUGH AVE","NUMSPOTS":1,"DURATION":"NTR","QUALIFIER":null,"STATUS":"INS","COMMENTS":null,"DIRECTION":"SW","ADJSURFMAT":"CONCRETE","OBSTRUCT":"Y","LOC_HILL":"N","ADDDATE":"Mon, 21 Oct 2019 17:37:24 GMT","MODDATE":"Tue, 27 May 2025 18:20:00 GMT","SDATE":"Mon, 30 Sep 2019 03:00:00 GMT","SOURCE":"Traffic Services","SACC":"IN","WINT_PLOW":"Y","WINT_MAINT":"SWZ5","WINT_ROUTE":null,"WINT_LOS":"PRI2","WINT_MAT":null,"WINT_COMM":"ACCESSIBLE PARKING - NTR - SPOT(S) = 1","GLOBALID":"d99cab69-3647-4585-8ed4-0f8e0ed8d14a","WINT_ADDDATE":"Mon, 21 Oct 2019 03:00:00 GMT","WINT_MODDATE":"Mon, 27 Jan 2020 04:00:00 GMT"}},{"type":"Feature","id":280,"geometry":{"type":"Point","coordinates":[-63.6058356119236,44.6513591324286]},"properties":{"OBJECTID":280,"ACCPRKID":"AP18","STREET_NAME":"OXFORD ST","FROM_STR":"ALMON ST","TO_STR":"BERLIN ST","NUMSPOTS":2,"DURATION":null,"QUALIFIER":3,"STATUS":"INS","COMMENTS":null,"DIRECTION":"SE","ADJSURFMAT":"GRASS","OBSTRUCT":"Y","LOC_HILL":"N","ADDDATE":"Tue, 08 Oct 2019 19:33:19 GMT","MODDATE":"Tue, 27 May 2025 17:47:31 GMT","SDATE":"Mon, 30 Sep 2019 03:00:00 GMT","SOURCE":"Traffic Services","SACC":"IN","WINT_PLOW":"Y","WINT_MAINT":"SWZ6","WINT_ROUTE":"RA","WINT_LOS":"PRI2","WINT_MAT":null,"WINT_COMM":"ACCESSIBLE PARKING - SPOT(S) = 2","GLOBALID":"df3644c1-6ebf-4fd7-9cff-00105d65c9de","WINT_ADDDATE":"Tue, 08 Oct 2019 03:00:00 GMT","WINT_MODDATE":"Mon, 27 Jan 2020 04:00:00 GMT"}},{"type":"Feature","id":281,"geometry":{"type":"Point","coordinates":[-63.574749805877,44.6457356427316]},"properties":{"OBJECTID":281,"ACCPRKID":"AP111","STREET_NAME":"GRAFTON ST","FROM_STR":"SACKVILLE ST","TO_STR":"BLOWERS ST","NUMSPOTS":1,"DURATION":"MIN30","QUALIFIER":null,"STATUS":"INS","COMMENTS":null,"DIRECTION":"N","ADJSURFMAT":"CONCRETE","OBSTRUCT":"N","LOC_HILL":"N","ADDDATE":"Fri, 18 Oct 2019 16:18:54 GMT","MODDATE":"Tue, 27 May 2025 17:39:21 GMT","SDATE":"Mon, 30 Sep 2019 03:00:00 GMT","SOURCE":"Traffic Services","SACC":"IN","WINT_PLOW":"Y","WINT_MAINT":"HRM1","WINT_ROUTE":"R2","WINT_LOS":"PRI2","WINT_MAT":null,"WINT_COMM":"ACCESSIBLE PARKING - MIN30 - SPOT(S) = 1","GLOBALID":"622c33bd-a44e-481c-90c9-22e636ca0dc1","WINT_ADDDATE":"Fri, 18 Oct 2019 03:00:00 GMT","WINT_MODDATE":"Mon, 27 Jan 2020 04:00:00 GMT"}},{"type":"Feature","id":282,"geometry":{"type":"Point","coordinates":[-63.5859815802149,44.637904567064]},"properties":{"OBJECTID":282,"ACCPRKID":"AP206","STREET_NAME":"UNIVERSITY AVE","FROM_STR":"ROBIE ST","TO_STR":"EDWARD ST","NUMSPOTS":3,"DURATION":"HR3","QUALIFIER":null,"STATUS":"INS","COMMENTS":null,"DIRECTION":"E","ADJSURFMAT":"GRASS","OBSTRUCT":"Y","LOC_HILL":"N","ADDDATE":"Fri, 18 Oct 2019 16:58:21 GMT","MODDATE":"Tue, 27 May 2025 18:01:04 GMT","SDATE":"Mon, 30 Sep 2019 03:00:00 GMT","SOURCE":"Traffic Services","SACC":"IN","WINT_PLOW":"Y","WINT_MAINT":"SWZ5","WINT_ROUTE":null,"WINT_LOS":"PRI2","WINT_MAT":null,"WINT_COMM":"ACCESSIBLE PARKING - HR3 - SPOT(S) = 3","GLOBALID":"81635e56-7c89-4801-baec-786359c2616d","WINT_ADDDATE":"Fri, 18 Oct 2019 03:00:00 GMT","WINT_MODDATE":"Mon, 27 Jan 2020 04:00:00 GMT"}},{"type":"Feature","id":283,"geometry":{"type":"Point","coordinates":[-63.5927851255295,44.657359356337]},"properties":{"OBJECTID":283,"ACCPRKID":"AP20","STREET_NAME":"NORTHWOOD TERR","FROM_STR":"BLACK ST","TO_STR":"NORTH ST","NUMSPOTS":5,"DURATION":"HR3","QUALIFIER":null,"STATUS":"INS","COMMENTS":null,"DIRECTION":"SE","ADJSURFMAT":"CONCRETE","OBSTRUCT":"N","LOC_HILL":"N","ADDDATE":"Wed, 09 Oct 2019 17:19:27 GMT","MODDATE":"Tue, 27 May 2025 17:28:10 GMT","SDATE":"Mon, 30 Sep 2019 03:00:00 GMT","SOURCE":"Traffic Services","SACC":"IN","WINT_PLOW":"Y","WINT_MAINT":"SWZ6","WINT_ROUTE":"RB","WINT_LOS":"PRI2","WINT_MAT":null,"WINT_COMM":"ACCESSIBLE PARKING - HR3 - SPOT(S) = 3","GLOBALID":"19c889aa-c3ce-4bac-a663-b338f76d1d27","WINT_ADDDATE":"Wed, 09 Oct 2019 03:00:00 GMT","WINT_MODDATE":"Mon, 27 Jan 2020 04:00:00 GMT"}},{"type":"Feature","id":284,"geometry":{"type":"Point","coordinates":[-63.5960315758808,44.6457002718925]},"properties":{"OBJECTID":284,"ACCPRKID":"AP365","STREET_NAME":"QUINPOOL RD","FROM_STR":"QUINGATE PL","TO_STR":"MONASTERY LANE","NUMSPOTS":1,"DURATION":"HR2","QUALIFIER":null,"STATUS":"PND","COMMENTS":null,"DIRECTION":"E","ADJSURFMAT":null,"OBSTRUCT":null,"LOC_HILL":null,"ADDDATE":"Tue, 27 May 2025 19:52:40 GMT","MODDATE":"Tue, 27 May 2025 20:17:40 GMT","SDATE":"Mon, 16 Oct 2023 16:03:29 GMT","SOURCE":"WEB","SACC":"DG","WINT_PLOW":null,"WINT_MAINT":null,"WINT_ROUTE":null,"WINT_LOS":null,"WINT_MAT":null,"WINT_COMM":null,"GLOBALID":"0d0dbde5-2b41-4b95-ba4b-e9d141e11ca9","WINT_ADDDATE":null,"WINT_MODDATE":null}},{"type":"Feature","id":285,"geometry":{"type":"Point","coordinates":[-63.5723920291919,44.6480034281756]},"properties":{"OBJECTID":285,"ACCPRKID":"AP372","STREET_NAME":"BEDFORD ROW","FROM_STR":"PRINCE ST","TO_STR":"GEORGE ST","NUMSPOTS":1,"DURATION":"HR2","QUALIFIER":null,"STATUS":"PND","COMMENTS":null,"DIRECTION":"N","ADJSURFMAT":null,"OBSTRUCT":null,"LOC_HILL":null,"ADDDATE":"Tue, 27 May 2025 19:52:40 GMT","MODDATE":"Thu, 05 Jun 2025 14:48:46 GMT","SDATE":"Mon, 16 Oct 2023 16:03:29 GMT","SOURCE":null,"SACC":null,"WINT_PLOW":null,"WINT_MAINT":null,"WINT_ROUTE":null,"WINT_LOS":null,"WINT_MAT":null,"WINT_COMM":null,"GLOBALID":"78523c58-134f-416a-a468-ac7235266aff","WINT_ADDDATE":null,"WINT_MODDATE":null}},{"type":"Feature","id":286,"geometry":{"type":"Point","coordinates":[-63.5803688173865,44.6419286380666]},"properties":{"OBJECTID":286,"ACCPRKID":"AP90","STREET_NAME":"CATHEDRAL LANE","FROM_STR":"SPRING GARDEN RD","TO_STR":"COLLEGE ST","NUMSPOTS":1,"DURATION":"HR1","QUALIFIER":null,"STATUS":"INS","COMMENTS":null,"DIRECTION":"S","ADJSURFMAT":"GRAVEL","OBSTRUCT":"Y","LOC_HILL":"N","ADDDATE":"Thu, 17 Oct 2019 18:50:56 GMT","MODDATE":"Tue, 27 May 2025 17:38:17 GMT","SDATE":"Mon, 30 Sep 2019 03:00:00 GMT","SOURCE":"Traffic Services","SACC":"IN","WINT_PLOW":"Y","WINT_MAINT":"HRM1","WINT_ROUTE":"R4","WINT_LOS":"PRI2","WINT_MAT":null,"WINT_COMM":"ACCESSIBLE PARKING - HR1 - SPOT(S) = 1","GLOBALID":"cadfcf5e-c998-47fa-a9bd-d84f614de812","WINT_ADDDATE":"Thu, 17 Oct 2019 03:00:00 GMT","WINT_MODDATE":"Mon, 27 Jan 2020 04:00:00 GMT"}},{"type":"Feature","id":288,"geometry":{"type":"Point","coordinates":[-63.5952300163393,44.6497650992897]},"properties":{"OBJECTID":288,"ACCPRKID":"AP36","STREET_NAME":"DUNCAN ST","FROM_STR":"CHEBUCTO LANE","TO_STR":"WINDSOR ST","NUMSPOTS":2,"DURATION":"HR3","QUALIFIER":null,"STATUS":"INS","COMMENTS":null,"DIRECTION":"E","ADJSURFMAT":"GRASS","OBSTRUCT":"Y","LOC_HILL":"N","ADDDATE":"Wed, 09 Oct 2019 20:30:06 GMT","MODDATE":"Tue, 27 May 2025 18:05:22 GMT","SDATE":"Mon, 30 Sep 2019 03:00:00 GMT","SOURCE":"Traffic Services","SACC":"IN","WINT_PLOW":"Y","WINT_MAINT":"SWZ6","WINT_ROUTE":"RA","WINT_LOS":"PRI2","WINT_MAT":null,"WINT_COMM":"ACCESSIBLE PARKING - HR3 - SPOT(S) = 2","GLOBALID":"ce0c864e-abe5-4a06-9d1d-b40eba96a4fc","WINT_ADDDATE":"Wed, 09 Oct 2019 03:00:00 GMT","WINT_MODDATE":"Mon, 27 Jan 2020 04:00:00 GMT"}},{"type":"Feature","id":289,"geometry":{"type":"Point","coordinates":[-63.5991264436128,44.6681823477267]},"properties":{"OBJECTID":289,"ACCPRKID":"AP382","STREET_NAME":"BARRINGTON ST","FROM_STR":"NORTH MARGINAL RD","TO_STR":"DUFFUS ST","NUMSPOTS":1,"DURATION":"NTR","QUALIFIER":null,"STATUS":"PND","COMMENTS":null,"DIRECTION":"S","ADJSURFMAT":null,"OBSTRUCT":null,"LOC_HILL":null,"ADDDATE":"Tue, 27 May 2025 19:52:40 GMT","MODDATE":"Tue, 27 May 2025 20:19:33 GMT","SDATE":null,"SOURCE":"Parking Enforcement","SACC":null,"WINT_PLOW":null,"WINT_MAINT":null,"WINT_ROUTE":null,"WINT_LOS":null,"WINT_MAT":null,"WINT_COMM":null,"GLOBALID":"4f131a6a-0433-4c19-9fe6-96edc69a571d","WINT_ADDDATE":null,"WINT_MODDATE":null}},{"type":"Feature","id":290,"geometry":{"type":"Point","coordinates":[-63.5739222688542,44.6379441837883]},"properties":{"OBJECTID":290,"ACCPRKID":"AP104","STREET_NAME":"FENWICK ST","FROM_STR":"QUEEN ST","TO_STR":"LUCKNOW ST","NUMSPOTS":2,"DURATION":"HR3","QUALIFIER":null,"STATUS":"INS","COMMENTS":null,"DIRECTION":"W","ADJSURFMAT":"GRASS","OBSTRUCT":"N","LOC_HILL":"Y","ADDDATE":"Fri, 18 Oct 2019 15:56:48 GMT","MODDATE":"Tue, 27 May 2025 17:41:51 GMT","SDATE":"Mon, 30 Sep 2019 03:00:00 GMT","SOURCE":"Traffic Services","SACC":"IN","WINT_PLOW":"Y","WINT_MAINT":"SWZ5","WINT_ROUTE":null,"WINT_LOS":"PRI2","WINT_MAT":null,"WINT_COMM":"ACCESSIBLE PARKING - HR3 - SPOT(S) = 2","GLOBALID":"a6fbcb70-222c-40b0-9dde-224be30d04b2","WINT_ADDDATE":"Fri, 18 Oct 2019 03:00:00 GMT","WINT_MODDATE":"Mon, 27 Jan 2020 04:00:00 GMT"}},{"type":"Feature","id":291,"geometry":{"type":"Point","coordinates":[-63.5876214170369,44.648668228446]},"properties":{"OBJECTID":291,"ACCPRKID":"AP94","STREET_NAME":"COGSWELL ST","FROM_STR":"ROBIE ST","TO_STR":"NORTH PARK ST","NUMSPOTS":2,"DURATION":"HR2","QUALIFIER":null,"STATUS":"INS","COMMENTS":null,"DIRECTION":"E","ADJSURFMAT":"GRASS","OBSTRUCT":"Y","LOC_HILL":"N","ADDDATE":"Thu, 17 Oct 2019 20:03:30 GMT","MODDATE":"Tue, 27 May 2025 16:13:26 GMT","SDATE":"Mon, 30 Sep 2019 03:00:00 GMT","SOURCE":"Traffic Services","SACC":"IN","WINT_PLOW":"Y","WINT_MAINT":"HRM1","WINT_ROUTE":"R3","WINT_LOS":"PRI2","WINT_MAT":null,"WINT_COMM":"ACCESSIBLE PARKING - HR2 - SPOT(S) = 2","GLOBALID":"b8dfbd21-dbc4-4681-a6cf-0d983f2afc1e","WINT_ADDDATE":"Thu, 17 Oct 2019 03:00:00 GMT","WINT_MODDATE":"Mon, 27 Jan 2020 04:00:00 GMT"}},{"type":"Feature","id":292,"geometry":{"type":"Point","coordinates":[-63.570405820861,44.6419161136834]},"properties":{"OBJECTID":292,"ACCPRKID":"AP137","STREET_NAME":"MORRIS ST","FROM_STR":"BARRINGTON ST","TO_STR":"HOLLIS ST","NUMSPOTS":1,"DURATION":"HR2","QUALIFIER":null,"STATUS":"INS","COMMENTS":null,"DIRECTION":"E","ADJSURFMAT":"CONCRETE","OBSTRUCT":"N","LOC_HILL":"Y","ADDDATE":"Fri, 18 Oct 2019 16:58:21 GMT","MODDATE":"Tue, 27 May 2025 17:39:21 GMT","SDATE":"Mon, 30 Sep 2019 03:00:00 GMT","SOURCE":"Traffic Services","SACC":"IN","WINT_PLOW":"Y","WINT_MAINT":"HRM1","WINT_ROUTE":"R2","WINT_LOS":"PRI2","WINT_MAT":null,"WINT_COMM":"ACCESSIBLE PARKING - HR2 - SPOT(S) = 1","GLOBALID":"2352499d-e3b2-4e61-ba79-dff1a50cdceb","WINT_ADDDATE":"Fri, 18 Oct 2019 03:00:00 GMT","WINT_MODDATE":"Mon, 27 Jan 2020 04:00:00 GMT"}},{"type":"Feature","id":293,"geometry":{"type":"Point","coordinates":[-63.6001774015283,44.6419817338794]},"properties":{"OBJECTID":293,"ACCPRKID":"AP275","STREET_NAME":"CAMBRIDGE ST","FROM_STR":"NORWOOD ST","TO_STR":"JUBILEE RD","NUMSPOTS":1,"DURATION":"NTR","QUALIFIER":null,"STATUS":"INS","COMMENTS":null,"DIRECTION":"S","ADJSURFMAT":"GRASS","OBSTRUCT":"Y","LOC_HILL":"N","ADDDATE":"Tue, 22 Jun 2021 16:27:19 GMT","MODDATE":"Wed, 03 Nov 2021 20:25:07 GMT","SDATE":null,"SOURCE":"Traffic Services","SACC":"IN","WINT_PLOW":"Y","WINT_MAINT":"SWZ5","WINT_ROUTE":null,"WINT_LOS":"PRI2","WINT_MAT":null,"WINT_COMM":null,"GLOBALID":"ea217078-c039-4b00-a4d2-34af4e3598c2","WINT_ADDDATE":"Wed, 01 Sep 2021 03:00:00 GMT","WINT_MODDATE":null}},{"type":"Feature","id":294,"geometry":{"type":"Point","coordinates":[-63.5890267693151,44.6377618666035]},"properties":{"OBJECTID":294,"ACCPRKID":"AP121","STREET_NAME":"SEYMOUR ST","FROM_STR":"UNIVERSITY AVE","TO_STR":"COBURG RD","NUMSPOTS":1,"DURATION":"HR3","QUALIFIER":null,"STATUS":"INS","COMMENTS":null,"DIRECTION":"N","ADJSURFMAT":"GRASS","OBSTRUCT":"Y","LOC_HILL":"Y","ADDDATE":"Fri, 18 Oct 2019 16:58:21 GMT","MODDATE":"Tue, 27 May 2025 18:01:04 GMT","SDATE":"Mon, 30 Sep 2019 03:00:00 GMT","SOURCE":"Traffic Services","SACC":"IN","WINT_PLOW":"Y","WINT_MAINT":"SWZ5","WINT_ROUTE":null,"WINT_LOS":"PRI2","WINT_MAT":null,"WINT_COMM":"ACCESSIBLE PARKING - HR3 - SPOT(S) = 1","GLOBALID":"524d528a-e821-403b-b0b3-aff3999f7532","WINT_ADDDATE":"Fri, 18 Oct 2019 03:00:00 GMT","WINT_MODDATE":"Mon, 27 Jan 2020 04:00:00 GMT"}},{"type":"Feature","id":295,"geometry":{"type":"Point","coordinates":[-63.5695827116341,44.6439349959267]},"properties":{"OBJECTID":295,"ACCPRKID":"AP332","STREET_NAME":"LOWER WATER ST","FROM_STR":"BISHOP ST","TO_STR":"SALTER ST","NUMSPOTS":1,"DURATION":null,"QUALIFIER":null,"STATUS":"INS","COMMENTS":null,"DIRECTION":"N","ADJSURFMAT":null,"OBSTRUCT":null,"LOC_HILL":"N","ADDDATE":"Tue, 02 Apr 2024 14:05:00 GMT","MODDATE":"Tue, 27 May 2025 16:55:39 GMT","SDATE":"Thu, 28 Mar 2024 03:00:00 GMT","SOURCE":"PW","SACC":"IN","WINT_PLOW":null,"WINT_MAINT":null,"WINT_ROUTE":null,"WINT_LOS":null,"WINT_MAT":null,"WINT_COMM":null,"GLOBALID":"bd4e0e32-8e87-4441-af1a-553854daa2e7","WINT_ADDDATE":null,"WINT_MODDATE":null}},{"type":"Feature","id":296,"geometry":{"type":"Point","coordinates":[-63.6006009931174,44.6559279215926]},"properties":{"OBJECTID":296,"ACCPRKID":"AP12","STREET_NAME":"ALMON ST","FROM_STR":"ROBIE ST","TO_STR":"GLADSTONE ST","NUMSPOTS":1,"DURATION":"HR3","QUALIFIER":null,"STATUS":"INS","COMMENTS":null,"DIRECTION":"W","ADJSURFMAT":"GRASS","OBSTRUCT":"Y","LOC_HILL":"N","ADDDATE":"Sat, 05 Oct 2019 18:01:23 GMT","MODDATE":"Tue, 27 May 2025 17:28:10 GMT","SDATE":"Mon, 30 Sep 2019 03:00:00 GMT","SOURCE":"Traffic Services","SACC":"IN","WINT_PLOW":"Y","WINT_MAINT":"SWZ6","WINT_ROUTE":"RB","WINT_LOS":"PRI2","WINT_MAT":null,"WINT_COMM":"ACCESSIBLE PARKING - HR3 - SPOT(S) = 1","GLOBALID":"2d38613d-234a-452f-a730-a1185ffcad4c","WINT_ADDDATE":"Sat, 05 Oct 2019 03:00:00 GMT","WINT_MODDATE":"Mon, 27 Jan 2020 04:00:00 GMT"}},{"type":"Feature","id":297,"geometry":{"type":"Point","coordinates":[-63.5956461564031,44.6350674348139]},"properties":{"OBJECTID":297,"ACCPRKID":"AP45","STREET_NAME":"OXFORD ST","FROM_STR":"COBURG RD","TO_STR":"SOUTH ST","NUMSPOTS":2,"DURATION":"NTR","QUALIFIER":null,"STATUS":"INS","COMMENTS":null,"DIRECTION":"S","ADJSURFMAT":"GRASS","OBSTRUCT":"Y","LOC_HILL":"N","ADDDATE":"Thu, 10 Oct 2019 21:13:08 GMT","MODDATE":"Tue, 27 May 2025 17:42:43 GMT","SDATE":"Mon, 30 Sep 2019 03:00:00 GMT","SOURCE":"Traffic Services","SACC":"IN","WINT_PLOW":"Y","WINT_MAINT":"SWZ5","WINT_ROUTE":null,"WINT_LOS":"PRI2","WINT_MAT":null,"WINT_COMM":"ACCESSIBLE PARKING - NTR - SPOT(S) = 2","GLOBALID":"670870d5-263d-4d45-b568-6ad2e2ffe3fa","WINT_ADDDATE":"Thu, 10 Oct 2019 03:00:00 GMT","WINT_MODDATE":"Mon, 27 Jan 2020 04:00:00 GMT"}},{"type":"Feature","id":298,"geometry":{"type":"Point","coordinates":[-63.5753857717757,44.6423136782807]},"properties":{"OBJECTID":298,"ACCPRKID":"AP132","STREET_NAME":"QUEEN ST","FROM_STR":"SPRING GARDEN RD","TO_STR":"CLYDE ST","NUMSPOTS":3,"DURATION":"HR3","QUALIFIER":null,"STATUS":"INS","COMMENTS":null,"DIRECTION":"N","ADJSURFMAT":"CONCRETE","OBSTRUCT":"N","LOC_HILL":"Y","ADDDATE":"Fri, 18 Oct 2019 16:58:21 GMT","MODDATE":"Tue, 27 May 2025 17:50:54 GMT","SDATE":"Mon, 30 Sep 2019 03:00:00 GMT","SOURCE":"Traffic Services","SACC":"IN","WINT_PLOW":"Y","WINT_MAINT":"HRM1","WINT_ROUTE":"R2","WINT_LOS":"PRI2","WINT_MAT":null,"WINT_COMM":"ACCESSIBLE PARKING - HR1 - SPOT(S) = 1","GLOBALID":"06f6d2b6-7be9-46c7-bd7f-f8338663bccb","WINT_ADDDATE":"Fri, 18 Oct 2019 03:00:00 GMT","WINT_MODDATE":"Mon, 27 Jan 2020 04:00:00 GMT"}},{"type":"Feature","id":299,"geometry":{"type":"Point","coordinates":[-63.5842376591943,44.6514076695194]},"properties":{"OBJECTID":299,"ACCPRKID":"AP23","STREET_NAME":"CREIGHTON ST","FROM_STR":"CORNWALLIS ST","TO_STR":"FALKLAND ST","NUMSPOTS":1,"DURATION":"NTR","QUALIFIER":null,"STATUS":"INS","COMMENTS":null,"DIRECTION":"SE","ADJSURFMAT":"CONGRAS","OBSTRUCT":"N","LOC_HILL":"Y","ADDDATE":"Wed, 09 Oct 2019 17:33:00 GMT","MODDATE":"Tue, 27 May 2025 17:28:10 GMT","SDATE":"Mon, 30 Sep 2019 03:00:00 GMT","SOURCE":"Traffic Services","SACC":"IN","WINT_PLOW":"Y","WINT_MAINT":"HRM1","WINT_ROUTE":"R6","WINT_LOS":"PRI2","WINT_MAT":null,"WINT_COMM":"ACCESSIBLE PARKING - NTR - SPOT(S) = 1","GLOBALID":"934bc00b-d7c5-407c-a6ba-12066ecd555f","WINT_ADDDATE":"Wed, 09 Oct 2019 03:00:00 GMT","WINT_MODDATE":"Mon, 27 Jan 2020 04:00:00 GMT"}},{"type":"Feature","id":300,"geometry":{"type":"Point","coordinates":[-63.5729608918371,44.6451913794904]},"properties":{"OBJECTID":300,"ACCPRKID":"AP80","STREET_NAME":"BARRINGTON ST","FROM_STR":"SALTER ST","TO_STR":"BLOWERS ST","NUMSPOTS":1,"DURATION":"HR2","QUALIFIER":null,"STATUS":"INS","COMMENTS":null,"DIRECTION":"N","ADJSURFMAT":"CONCRETE","OBSTRUCT":"N","LOC_HILL":"N","ADDDATE":"Wed, 16 Oct 2019 21:04:30 GMT","MODDATE":"Tue, 27 May 2025 17:02:52 GMT","SDATE":"Mon, 30 Sep 2019 03:00:00 GMT","SOURCE":"Traffic Services","SACC":"IN","WINT_PLOW":"Y","WINT_MAINT":"HRM1","WINT_ROUTE":"R2","WINT_LOS":"PRI2","WINT_MAT":null,"WINT_COMM":"ACCESSIBLE PARKING - HR2 - SPOT(S) = 1","GLOBALID":"9a7e760c-e21f-43b2-a14b-6b3218655a5d","WINT_ADDDATE":"Wed, 16 Oct 2019 03:00:00 GMT","WINT_MODDATE":"Mon, 27 Jan 2020 04:00:00 GMT"}},{"type":"Feature","id":301,"geometry":{"type":"Point","coordinates":[-63.574519058325,44.6459707860748]},"properties":{"OBJECTID":301,"ACCPRKID":"AP334","STREET_NAME":"SACKVILLE ST","FROM_STR":"GRAFTON ST","TO_STR":"ARGYLE ST","NUMSPOTS":1,"DURATION":null,"QUALIFIER":null,"STATUS":"INS","COMMENTS":null,"DIRECTION":"NE","ADJSURFMAT":null,"OBSTRUCT":null,"LOC_HILL":"N","ADDDATE":"Tue, 05 Nov 2024 16:06:29 GMT","MODDATE":"Tue, 27 May 2025 18:12:16 GMT","SDATE":"Tue, 05 Nov 2024 04:00:00 GMT","SOURCE":"Parking Planning","SACC":"IN","WINT_PLOW":"Y","WINT_MAINT":"HRM1","WINT_ROUTE":"R2","WINT_LOS":"PRI1","WINT_MAT":"SALT","WINT_COMM":null,"GLOBALID":"243668b0-826a-4028-bdc6-07f9fc4b7c5b","WINT_ADDDATE":null,"WINT_MODDATE":null}},{"type":"Feature","id":302,"geometry":{"type":"Point","coordinates":[-63.5895095949157,44.6572975772694]},"properties":{"OBJECTID":302,"ACCPRKID":"AP209","STREET_NAME":"WOOD AVE","FROM_STR":"NORTH ST","TO_STR":"END","NUMSPOTS":1,"DURATION":"NTR","QUALIFIER":null,"STATUS":"INS","COMMENTS":null,"DIRECTION":null,"ADJSURFMAT":"GRASS","OBSTRUCT":"N","LOC_HILL":"N","ADDDATE":"Mon, 21 Oct 2019 17:29:38 GMT","MODDATE":"Thu, 12 Aug 2021 15:34:56 GMT","SDATE":"Mon, 30 Sep 2019 03:00:00 GMT","SOURCE":"Traffic Services","SACC":"IN","WINT_PLOW":"Y","WINT_MAINT":"SWZ6","WINT_ROUTE":"RB","WINT_LOS":"PRI2","WINT_MAT":null,"WINT_COMM":null,"GLOBALID":"81248ff8-cd01-4175-adcb-fa82c7721a73","WINT_ADDDATE":null,"WINT_MODDATE":null}},{"type":"Feature","id":303,"geometry":{"type":"Point","coordinates":[-63.5822711733755,44.6394312858504]},"properties":{"OBJECTID":303,"ACCPRKID":"AP273","STREET_NAME":"SUMMER ST","FROM_STR":"UNIVERSITY AVE","TO_STR":"COLLEGE ST","NUMSPOTS":1,"DURATION":"HR3","QUALIFIER":null,"STATUS":"INS","COMMENTS":null,"DIRECTION":"NW","ADJSURFMAT":"GRASS","OBSTRUCT":"N","LOC_HILL":"N","ADDDATE":"Fri, 21 May 2021 17:24:20 GMT","MODDATE":"Tue, 27 May 2025 16:53:49 GMT","SDATE":"Fri, 14 May 2021 03:00:00 GMT","SOURCE":"Traffic Services","SACC":"IN","WINT_PLOW":"Y","WINT_MAINT":"HRM1","WINT_ROUTE":"R4","WINT_LOS":null,"WINT_MAT":null,"WINT_COMM":"ACCESSIBLE PARKING - HR3 - SPOT(S) = 1","GLOBALID":"eba4c9e2-3339-4984-8c4d-e2b22b178cf5","WINT_ADDDATE":null,"WINT_MODDATE":null}},{"type":"Feature","id":304,"geometry":{"type":"Point","coordinates":[-63.6123320295307,44.6664439372027]},"properties":{"OBJECTID":304,"ACCPRKID":"AP321","STREET_NAME":"ROBIE ST","FROM_STR":"HILLSIDE AVE","TO_STR":"NORMANDY DR","NUMSPOTS":1,"DURATION":null,"QUALIFIER":null,"STATUS":"INS","COMMENTS":null,"DIRECTION":"SW","ADJSURFMAT":null,"OBSTRUCT":null,"LOC_HILL":null,"ADDDATE":"Mon, 20 Nov 2023 18:22:50 GMT","MODDATE":"Mon, 20 Nov 2023 18:22:50 GMT","SDATE":"Mon, 20 Nov 2023 04:00:00 GMT","SOURCE":"Traffic Services","SACC":"IN","WINT_PLOW":null,"WINT_MAINT":null,"WINT_ROUTE":null,"WINT_LOS":null,"WINT_MAT":null,"WINT_COMM":null,"GLOBALID":"72ae1b10-253a-4944-9250-b2ed9010a848","WINT_ADDDATE":null,"WINT_MODDATE":null}},{"type":"Feature","id":305,"geometry":{"type":"Point","coordinates":[-63.5871164039471,44.6567573114644]},"properties":{"OBJECTID":305,"ACCPRKID":"AP337","STREET_NAME":null,"FROM_STR":null,"TO_STR":null,"NUMSPOTS":1,"DURATION":null,"QUALIFIER":null,"STATUS":"INS","COMMENTS":null,"DIRECTION":null,"ADJSURFMAT":null,"OBSTRUCT":null,"LOC_HILL":null,"ADDDATE":"Tue, 27 May 2025 16:14:53 GMT","MODDATE":"Tue, 27 May 2025 18:12:16 GMT","SDATE":null,"SOURCE":null,"SACC":null,"WINT_PLOW":null,"WINT_MAINT":null,"WINT_ROUTE":null,"WINT_LOS":null,"WINT_MAT":null,"WINT_COMM":null,"GLOBALID":"2a437757-bc4c-4adb-9749-4c29bd203543","WINT_ADDDATE":null,"WINT_MODDATE":null}},{"type":"Feature","id":306,"geometry":{"type":"Point","coordinates":[-63.6013677034158,44.6422863376565]},"properties":{"OBJECTID":306,"ACCPRKID":"AP39","STREET_NAME":"BEECH ST","FROM_STR":"NORWOOD ST","TO_STR":"PEPPERELL ST","NUMSPOTS":1,"DURATION":"NTR","QUALIFIER":null,"STATUS":"INS","COMMENTS":null,"DIRECTION":"S","ADJSURFMAT":"GRASS","OBSTRUCT":"Y","LOC_HILL":"N","ADDDATE":"Thu, 10 Oct 2019 17:39:29 GMT","MODDATE":"Tue, 27 May 2025 17:44:35 GMT","SDATE":"Mon, 30 Sep 2019 03:00:00 GMT","SOURCE":"Traffic Services","SACC":"IN","WINT_PLOW":"Y","WINT_MAINT":"SWZ5","WINT_ROUTE":null,"WINT_LOS":"PRI2","WINT_MAT":null,"WINT_COMM":"ACCESSIBLE PARKING - NTR - SPOT(S) = 1","GLOBALID":"a3122d17-f60e-4d63-ac90-e8b83d2387d6","WINT_ADDDATE":"Thu, 10 Oct 2019 03:00:00 GMT","WINT_MODDATE":"Mon, 27 Jan 2020 04:00:00 GMT"}},{"type":"Feature","id":307,"geometry":{"type":"Point","coordinates":[-63.5756317637382,44.6339980857444]},"properties":{"OBJECTID":307,"ACCPRKID":"AP361","STREET_NAME":"YOUNG AVE","FROM_STR":"ATLANTIC ST","TO_STR":"INGLIS ST","NUMSPOTS":2,"DURATION":"HR3","QUALIFIER":3,"STATUS":"PND","COMMENTS":null,"DIRECTION":null,"ADJSURFMAT":null,"OBSTRUCT":null,"LOC_HILL":null,"ADDDATE":"Tue, 27 May 2025 19:52:40 GMT","MODDATE":"Tue, 27 May 2025 20:03:58 GMT","SDATE":"Mon, 16 Oct 2023 16:03:29 GMT","SOURCE":"Parking Enforcement","SACC":"DG","WINT_PLOW":null,"WINT_MAINT":null,"WINT_ROUTE":null,"WINT_LOS":null,"WINT_MAT":null,"WINT_COMM":null,"GLOBALID":"9386cc29-d96e-4914-b527-bfae4e85dcb5","WINT_ADDDATE":null,"WINT_MODDATE":null}},{"type":"Feature","id":309,"geometry":{"type":"Point","coordinates":[-63.5900567497721,44.6532126860722]},"properties":{"OBJECTID":309,"ACCPRKID":"AP390","STREET_NAME":"WEST ST","FROM_STR":"MAYNARD ST","TO_STR":"AGRICOLA ST","NUMSPOTS":1,"DURATION":null,"QUALIFIER":null,"STATUS":"PND","COMMENTS":null,"DIRECTION":"W","ADJSURFMAT":null,"OBSTRUCT":null,"LOC_HILL":null,"ADDDATE":"Tue, 27 May 2025 19:52:40 GMT","MODDATE":"Tue, 27 May 2025 20:21:09 GMT","SDATE":null,"SOURCE":"Parking Enforcement","SACC":null,"WINT_PLOW":null,"WINT_MAINT":null,"WINT_ROUTE":null,"WINT_LOS":null,"WINT_MAT":null,"WINT_COMM":null,"GLOBALID":"c638b504-1f47-48aa-aff1-80020527a579","WINT_ADDDATE":null,"WINT_MODDATE":null}},{"type":"Feature","id":310,"geometry":{"type":"Point","coordinates":[-63.5912617759454,44.6392435159197]},"properties":{"OBJECTID":310,"ACCPRKID":"AP393","STREET_NAME":"LEMARCHANT ST","FROM_STR":"COBURG RD","TO_STR":"WATT ST","NUMSPOTS":1,"DURATION":"HR3","QUALIFIER":null,"STATUS":"PND","COMMENTS":null,"DIRECTION":"S","ADJSURFMAT":null,"OBSTRUCT":null,"LOC_HILL":null,"ADDDATE":"Tue, 27 May 2025 19:52:40 GMT","MODDATE":"Tue, 27 May 2025 20:19:33 GMT","SDATE":null,"SOURCE":"Parking Enforcement","SACC":null,"WINT_PLOW":null,"WINT_MAINT":null,"WINT_ROUTE":null,"WINT_LOS":null,"WINT_MAT":null,"WINT_COMM":null,"GLOBALID":"cfbd9cd0-c175-4d4d-aace-b9d44c62e850","WINT_ADDDATE":null,"WINT_MODDATE":null}},{"type":"Feature","id":311,"geometry":{"type":"Point","coordinates":[-63.5877280425695,44.6552453440564]},"properties":{"OBJECTID":311,"ACCPRKID":"AP282","STREET_NAME":"UNIACKE ST","FROM_STR":"GOTTINGEN ST","TO_STR":"BRUNSWICK ST","NUMSPOTS":1,"DURATION":"HR3","QUALIFIER":null,"STATUS":"INS","COMMENTS":null,"DIRECTION":"NE","ADJSURFMAT":"CONCRETE","OBSTRUCT":"N","LOC_HILL":"N","ADDDATE":"Tue, 09 Nov 2021 18:35:01 GMT","MODDATE":"Tue, 27 May 2025 18:05:22 GMT","SDATE":"Mon, 08 Nov 2021 04:00:00 GMT","SOURCE":"Traffic Services","SACC":"IN","WINT_PLOW":"Y","WINT_MAINT":"SWZ6","WINT_ROUTE":"RB","WINT_LOS":"PRI2","WINT_MAT":null,"WINT_COMM":null,"GLOBALID":"c38f1558-371b-4a9b-a051-6c0b141dde68","WINT_ADDDATE":"Tue, 09 Nov 2021 04:00:00 GMT","WINT_MODDATE":null}},{"type":"Feature","id":312,"geometry":{"type":"Point","coordinates":[-63.5977088769417,44.6448066920017]},"properties":{"OBJECTID":312,"ACCPRKID":"AP42","STREET_NAME":"PRESTON ST","FROM_STR":"QUINPOOL RD","TO_STR":"PEPPERELL ST","NUMSPOTS":5,"DURATION":null,"QUALIFIER":1,"STATUS":"INS","COMMENTS":null,"DIRECTION":"S","ADJSURFMAT":"CONCRETE","OBSTRUCT":"N","LOC_HILL":"N","ADDDATE":"Thu, 10 Oct 2019 18:14:12 GMT","MODDATE":"Tue, 27 May 2025 17:47:31 GMT","SDATE":"Mon, 30 Sep 2019 03:00:00 GMT","SOURCE":"Traffic Services","SACC":"IN","WINT_PLOW":"Y","WINT_MAINT":"SWZ5","WINT_ROUTE":null,"WINT_LOS":"PRI2","WINT_MAT":null,"WINT_COMM":"ACCESSIBLE PARKING - SPOT(S) = 5","GLOBALID":"4eed5c05-f7e0-4d02-aa91-74d4de1c1c15","WINT_ADDDATE":"Thu, 10 Oct 2019 03:00:00 GMT","WINT_MODDATE":"Mon, 27 Jan 2020 04:00:00 GMT"}},{"type":"Feature","id":313,"geometry":{"type":"Point","coordinates":[-63.5739677586418,44.6494166146896]},"properties":{"OBJECTID":313,"ACCPRKID":"AP307","STREET_NAME":"DUKE ST","FROM_STR":"GRANVILLE ST","TO_STR":"HOLLIS ST","NUMSPOTS":1,"DURATION":null,"QUALIFIER":null,"STATUS":"INS","COMMENTS":null,"DIRECTION":"E","ADJSURFMAT":null,"OBSTRUCT":null,"LOC_HILL":"N","ADDDATE":"Wed, 20 Sep 2023 20:30:47 GMT","MODDATE":"Thu, 26 Oct 2023 15:13:39 GMT","SDATE":"Wed, 20 Sep 2023 03:00:00 GMT","SOURCE":"Traffic Services","SACC":null,"WINT_PLOW":"Y","WINT_MAINT":"HRM1","WINT_ROUTE":"R1","WINT_LOS":"PRI1","WINT_MAT":null,"WINT_COMM":null,"GLOBALID":"e9305713-86df-4976-a01e-10301827a209","WINT_ADDDATE":"Thu, 26 Oct 2023 06:00:00 GMT","WINT_MODDATE":null}},{"type":"Feature","id":314,"geometry":{"type":"Point","coordinates":[-63.6064140434232,44.6719028224029]},"properties":{"OBJECTID":314,"ACCPRKID":"AP300","STREET_NAME":"LYNCH ST","FROM_STR":"VESTRY ST","TO_STR":"GLEBE ST","NUMSPOTS":1,"DURATION":null,"QUALIFIER":null,"STATUS":"INS","COMMENTS":null,"DIRECTION":"W","ADJSURFMAT":null,"OBSTRUCT":null,"LOC_HILL":null,"ADDDATE":"Wed, 26 Jul 2023 15:04:41 GMT","MODDATE":"Tue, 27 May 2025 18:05:22 GMT","SDATE":"Wed, 26 Jul 2023 03:00:00 GMT","SOURCE":"Traffic Services","SACC":"IN","WINT_PLOW":"Y","WINT_MAINT":"W2","WINT_ROUTE":null,"WINT_LOS":"PRI2","WINT_MAT":"SALT","WINT_COMM":null,"GLOBALID":"f8a98dcc-735a-45c3-90a1-73823f8117bd","WINT_ADDDATE":null,"WINT_MODDATE":null}},{"type":"Feature","id":315,"geometry":{"type":"Point","coordinates":[-63.5859600278346,44.6406876953612]},"properties":{"OBJECTID":315,"ACCPRKID":"AP204","STREET_NAME":"SPRING GARDEN RD","FROM_STR":"CARLTON ST","TO_STR":"ROBIE ST","NUMSPOTS":1,"DURATION":"HR2","QUALIFIER":null,"STATUS":"INS","COMMENTS":null,"DIRECTION":"W","ADJSURFMAT":"GRASS","OBSTRUCT":"Y","LOC_HILL":"N","ADDDATE":"Fri, 18 Oct 2019 16:58:21 GMT","MODDATE":"Tue, 27 May 2025 18:01:04 GMT","SDATE":"Mon, 30 Sep 2019 03:00:00 GMT","SOURCE":"Traffic Services","SACC":"IN","WINT_PLOW":"Y","WINT_MAINT":"HRM1","WINT_ROUTE":"R4","WINT_LOS":"PRI2","WINT_MAT":null,"WINT_COMM":"ACCESSIBLE PARKING - HR2 - SPOT(S) = 1","GLOBALID":"f303a63c-66b5-4a6f-a8e3-0f97f162ce1a","WINT_ADDDATE":"Fri, 18 Oct 2019 03:00:00 GMT","WINT_MODDATE":"Mon, 27 Jan 2020 04:00:00 GMT"}},{"type":"Feature","id":316,"geometry":{"type":"Point","coordinates":[-63.5767679052988,44.6339049546898]},"properties":{"OBJECTID":316,"ACCPRKID":"AP218","STREET_NAME":"IVANHOE ST","FROM_STR":"INGLIS ST","TO_STR":"ATLANTIC ST","NUMSPOTS":1,"DURATION":null,"QUALIFIER":null,"STATUS":"INS","COMMENTS":null,"DIRECTION":"S","ADJSURFMAT":"CONCRETE","OBSTRUCT":"N","LOC_HILL":"N","ADDDATE":"Tue, 22 Oct 2019 16:27:56 GMT","MODDATE":"Tue, 27 May 2025 18:01:04 GMT","SDATE":"Mon, 30 Sep 2019 03:00:00 GMT","SOURCE":"Traffic Services","SACC":"IN","WINT_PLOW":"Y","WINT_MAINT":"SWZ5","WINT_ROUTE":null,"WINT_LOS":"PRI2","WINT_MAT":null,"WINT_COMM":"ACCESSIBLE PARKING - SPOT(S) = 1","GLOBALID":"ae1af4d9-2303-46ac-b454-192cbab4937e","WINT_ADDDATE":"Tue, 22 Oct 2019 03:00:00 GMT","WINT_MODDATE":"Mon, 27 Jan 2020 04:00:00 GMT"}},{"type":"Feature","id":317,"geometry":{"type":"Point","coordinates":[-63.566879261431,44.6716646698843]},"properties":{"OBJECTID":317,"ACCPRKID":"AP422","STREET_NAME":"DAHLIA ST","FROM_STR":"PINE ST","TO_STR":"MAPLE ST","NUMSPOTS":1,"DURATION":"NTR","QUALIFIER":null,"STATUS":"PND","COMMENTS":null,"DIRECTION":"E","ADJSURFMAT":null,"OBSTRUCT":null,"LOC_HILL":null,"ADDDATE":"Tue, 27 May 2025 19:52:40 GMT","MODDATE":"Tue, 27 May 2025 20:17:40 GMT","SDATE":"Tue, 18 Mar 2025 19:36:20 GMT","SOURCE":"Parking Enforcement","SACC":null,"WINT_PLOW":null,"WINT_MAINT":null,"WINT_ROUTE":null,"WINT_LOS":null,"WINT_MAT":null,"WINT_COMM":null,"GLOBALID":"f2906127-fb9b-49bc-bf52-29799f62557a","WINT_ADDDATE":null,"WINT_MODDATE":null}},{"type":"Feature","id":318,"geometry":{"type":"Point","coordinates":[-63.6030471667215,44.6540993729964]},"properties":{"OBJECTID":318,"ACCPRKID":"AP35","STREET_NAME":"ALMON ST","FROM_STR":"WINDSOR ST","TO_STR":"DUBLIN ST","NUMSPOTS":3,"DURATION":"HR3","QUALIFIER":null,"STATUS":"INS","COMMENTS":null,"DIRECTION":"SW","ADJSURFMAT":"CONCRETE","OBSTRUCT":"Y","LOC_HILL":"N","ADDDATE":"Wed, 09 Oct 2019 20:25:37 GMT","MODDATE":"Tue, 27 May 2025 17:47:31 GMT","SDATE":"Mon, 30 Sep 2019 03:00:00 GMT","SOURCE":"Traffic Services","SACC":"IN","WINT_PLOW":"Y","WINT_MAINT":"SWZ6","WINT_ROUTE":"RA","WINT_LOS":"PRI2","WINT_MAT":null,"WINT_COMM":"ACCESSIBLE PARKING - HR3 - SPOT(S) = 4","GLOBALID":"a571762c-1099-4eaa-bc30-949c74f3b312","WINT_ADDDATE":"Wed, 09 Oct 2019 03:00:00 GMT","WINT_MODDATE":"Mon, 27 Jan 2020 04:00:00 GMT"}},{"type":"Feature","id":319,"geometry":{"type":"Point","coordinates":[-63.6005789017479,44.6528791431681]},"properties":{"OBJECTID":319,"ACCPRKID":"AP16","STREET_NAME":"SUMMIT ST","FROM_STR":"WINDSOR ST","TO_STR":"DUBLIN ST","NUMSPOTS":2,"DURATION":"NTR","QUALIFIER":null,"STATUS":"INS","COMMENTS":null,"DIRECTION":"SW","ADJSURFMAT":"GRASS","OBSTRUCT":"N","LOC_HILL":"N","ADDDATE":"Tue, 08 Oct 2019 19:24:37 GMT","MODDATE":"Tue, 27 May 2025 16:22:00 GMT","SDATE":"Mon, 30 Sep 2019 03:00:00 GMT","SOURCE":"Traffic Services","SACC":"IN","WINT_PLOW":"Y","WINT_MAINT":"SWZ6","WINT_ROUTE":"RA","WINT_LOS":"PRI2","WINT_MAT":null,"WINT_COMM":"ACCESSIBLE PARKING - NTR - SPOT(S) = 2","GLOBALID":"6f121a72-980f-44ae-bcd6-dbe449cbc583","WINT_ADDDATE":"Tue, 08 Oct 2019 03:00:00 GMT","WINT_MODDATE":"Mon, 27 Jan 2020 04:00:00 GMT"}},{"type":"Feature","id":320,"geometry":{"type":"Point","coordinates":[-63.5730075018239,44.6475496994872]},"properties":{"OBJECTID":320,"ACCPRKID":"AP373","STREET_NAME":"PRINCE ST","FROM_STR":"HOLLIS ST","TO_STR":"GRANVILLE ST","NUMSPOTS":1,"DURATION":"HR3","QUALIFIER":null,"STATUS":"PND","COMMENTS":null,"DIRECTION":"W","ADJSURFMAT":null,"OBSTRUCT":null,"LOC_HILL":null,"ADDDATE":"Tue, 27 May 2025 19:52:40 GMT","MODDATE":"Tue, 27 May 2025 20:21:09 GMT","SDATE":"Mon, 16 Oct 2023 16:03:29 GMT","SOURCE":null,"SACC":null,"WINT_PLOW":null,"WINT_MAINT":null,"WINT_ROUTE":null,"WINT_LOS":null,"WINT_MAT":null,"WINT_COMM":null,"GLOBALID":"222831f1-2a4b-4b89-8ca3-e561f0db5bcd","WINT_ADDDATE":null,"WINT_MODDATE":null}},{"type":"Feature","id":321,"geometry":{"type":"Point","coordinates":[-63.5919676119085,44.6487045011451]},"properties":{"OBJECTID":321,"ACCPRKID":"AP165","STREET_NAME":"WELSFORD ST ","FROM_STR":"PARKER ST","TO_STR":"ROBIE ST","NUMSPOTS":2,"DURATION":"NTR","QUALIFIER":null,"STATUS":"INS","COMMENTS":null,"DIRECTION":"E","ADJSURFMAT":"CONCRETE","OBSTRUCT":"Y","LOC_HILL":"N","ADDDATE":"Fri, 18 Oct 2019 16:58:21 GMT","MODDATE":"Tue, 27 May 2025 17:47:31 GMT","SDATE":"Mon, 30 Sep 2019 03:00:00 GMT","SOURCE":"Traffic Services","SACC":"IN","WINT_PLOW":"Y","WINT_MAINT":"SWZ6","WINT_ROUTE":"RB","WINT_LOS":"PRI2","WINT_MAT":null,"WINT_COMM":"ACCESSIBLE PARKING - NTR - SPOT(S) = 2","GLOBALID":"2a6f6763-401c-4c0a-8da9-8395139771ad","WINT_ADDDATE":"Fri, 18 Oct 2019 03:00:00 GMT","WINT_MODDATE":"Mon, 27 Jan 2020 04:00:00 GMT"}},{"type":"Feature","id":322,"geometry":{"type":"Point","coordinates":[-63.5739057191917,44.648188135341]},"properties":{"OBJECTID":322,"ACCPRKID":"AP153","STREET_NAME":"GRANVILLE ST","FROM_STR":"GEORGE ST","TO_STR":"PRINCE ST","NUMSPOTS":2,"DURATION":"HR2","QUALIFIER":null,"STATUS":"INS","COMMENTS":null,"DIRECTION":"N","ADJSURFMAT":"CONCRETE","OBSTRUCT":"N","LOC_HILL":"N","ADDDATE":"Fri, 18 Oct 2019 16:58:21 GMT","MODDATE":"Wed, 14 Jul 2021 20:50:44 GMT","SDATE":"Mon, 30 Sep 2019 03:00:00 GMT","SOURCE":"Traffic Services","SACC":"IN","WINT_PLOW":"Y","WINT_MAINT":"HRM1","WINT_ROUTE":"R1","WINT_LOS":"PRI2","WINT_MAT":null,"WINT_COMM":"ACCESSIBLE PARKING - HR2 - SPOT(S) = 2","GLOBALID":"2fbae44d-a53b-493f-9e4d-c75a460f0437","WINT_ADDDATE":"Fri, 18 Oct 2019 03:00:00 GMT","WINT_MODDATE":"Mon, 27 Jan 2020 04:00:00 GMT"}},{"type":"Feature","id":323,"geometry":{"type":"Point","coordinates":[-63.5745599119075,44.6464902131516]},"properties":{"OBJECTID":323,"ACCPRKID":"AP76","STREET_NAME":"ARGYLE ST","FROM_STR":"PRINCE ST","TO_STR":"SACKVILLE ST","NUMSPOTS":1,"DURATION":"HR3","QUALIFIER":null,"STATUS":"INS","COMMENTS":null,"DIRECTION":"S","ADJSURFMAT":"CONCRETE","OBSTRUCT":"N","LOC_HILL":"N","ADDDATE":"Wed, 16 Oct 2019 20:44:53 GMT","MODDATE":"Tue, 27 May 2025 17:47:31 GMT","SDATE":"Mon, 30 Sep 2019 03:00:00 GMT","SOURCE":"Traffic Services","SACC":"IN","WINT_PLOW":"Y","WINT_MAINT":"HRM1","WINT_ROUTE":"R5","WINT_LOS":"PRI2","WINT_MAT":null,"WINT_COMM":"ACCESSIBLE PARKING - HR3 - SPOT(S) = 1","GLOBALID":"78da39cb-69d0-4a29-8fd8-6aea8b5c589c","WINT_ADDDATE":"Wed, 16 Oct 2019 03:00:00 GMT","WINT_MODDATE":"Thu, 16 Jan 2020 04:00:00 GMT"}},{"type":"Feature","id":324,"geometry":{"type":"Point","coordinates":[-63.597642003657,44.6531593231963]},"properties":{"OBJECTID":324,"ACCPRKID":"AP336","STREET_NAME":null,"FROM_STR":null,"TO_STR":null,"NUMSPOTS":1,"DURATION":null,"QUALIFIER":null,"STATUS":"INS","COMMENTS":null,"DIRECTION":null,"ADJSURFMAT":null,"OBSTRUCT":null,"LOC_HILL":null,"ADDDATE":"Tue, 27 May 2025 16:10:34 GMT","MODDATE":"Tue, 27 May 2025 16:10:34 GMT","SDATE":null,"SOURCE":null,"SACC":null,"WINT_PLOW":null,"WINT_MAINT":null,"WINT_ROUTE":null,"WINT_LOS":null,"WINT_MAT":null,"WINT_COMM":null,"GLOBALID":"1e91f3cc-f8c6-400d-aa4e-41af02d25bb7","WINT_ADDDATE":null,"WINT_MODDATE":null}},{"type":"Feature","id":325,"geometry":{"type":"Point","coordinates":[-63.5741357202438,44.644499519357]},"properties":{"OBJECTID":325,"ACCPRKID":"AP338","STREET_NAME":null,"FROM_STR":null,"TO_STR":null,"NUMSPOTS":1,"DURATION":null,"QUALIFIER":null,"STATUS":"INS","COMMENTS":null,"DIRECTION":null,"ADJSURFMAT":null,"OBSTRUCT":null,"LOC_HILL":null,"ADDDATE":"Tue, 27 May 2025 16:16:29 GMT","MODDATE":"Tue, 27 May 2025 16:16:29 GMT","SDATE":null,"SOURCE":null,"SACC":null,"WINT_PLOW":null,"WINT_MAINT":null,"WINT_ROUTE":null,"WINT_LOS":null,"WINT_MAT":null,"WINT_COMM":null,"GLOBALID":"4943e316-4173-47eb-b731-1f6cfd6e7242","WINT_ADDDATE":null,"WINT_MODDATE":null}},{"type":"Feature","id":326,"geometry":{"type":"Point","coordinates":[-63.5921952512897,44.6484197671652]},"properties":{"OBJECTID":326,"ACCPRKID":"AP342","STREET_NAME":null,"FROM_STR":null,"TO_STR":null,"NUMSPOTS":1,"DURATION":null,"QUALIFIER":null,"STATUS":"INS","COMMENTS":null,"DIRECTION":null,"ADJSURFMAT":null,"OBSTRUCT":null,"LOC_HILL":null,"ADDDATE":"Tue, 27 May 2025 16:43:15 GMT","MODDATE":"Tue, 27 May 2025 16:43:15 GMT","SDATE":null,"SOURCE":null,"SACC":null,"WINT_PLOW":null,"WINT_MAINT":null,"WINT_ROUTE":null,"WINT_LOS":null,"WINT_MAT":null,"WINT_COMM":null,"GLOBALID":"5ea05279-4d1f-4b75-bfd6-d477dfbd3194","WINT_ADDDATE":null,"WINT_MODDATE":null}},{"type":"Feature","id":327,"geometry":{"type":"Point","coordinates":[-63.5672150355145,44.6648126243151]},"properties":{"OBJECTID":327,"ACCPRKID":"AP65","STREET_NAME":"PRINCE ST","FROM_STR":"PORTLAND ST","TO_STR":"ALDERNEY DR","NUMSPOTS":1,"DURATION":"HR2","QUALIFIER":null,"STATUS":"INS","COMMENTS":null,"DIRECTION":"NW","ADJSURFMAT":"CONCRETE","OBSTRUCT":"N","LOC_HILL":"N","ADDDATE":"Wed, 16 Oct 2019 19:20:24 GMT","MODDATE":"Tue, 27 May 2025 17:24:20 GMT","SDATE":"Mon, 30 Sep 2019 03:00:00 GMT","SOURCE":"Traffic Services","SACC":"IN","WINT_PLOW":"Y","WINT_MAINT":"HRM2","WINT_ROUTE":"R1","WINT_LOS":"PRI2","WINT_MAT":null,"WINT_COMM":"ACCESSIBLE PARKING - HR2 - SPOT(S) = 1","GLOBALID":"2cea91db-8b39-42eb-b24b-97bfad36c745","WINT_ADDDATE":"Wed, 16 Oct 2019 03:00:00 GMT","WINT_MODDATE":"Mon, 27 Jan 2020 04:00:00 GMT"}}]}